ID,Type,SKU,"GTIN, UPC, EAN, or ISBN",Name,Published,"Is featured?","Visibility in catalog","Short description",Description,"Date sale price starts","Date sale price ends","Tax status","Tax class","In stock?",Stock,"Low stock amount","Backorders allowed?","Sold individually?","Weight (kg)","Length (cm)","Width (cm)","Height (cm)","Allow customer reviews?","Purchase note","Sale price","Regular price",Categories,Tags,"Shipping class",Images,"Download limit","Download expiry days",Parent,"Grouped products",Upsells,Cross-sells,"External URL","Button text",Position,Brands,"Attribute 1 name","Attribute 1 value(s)","Attribute 1 visible","Attribute 1 global","Attribute 1 default"
2351123832449837,variable,RAV-RAVEDTAFEL-9300000179685230,,"Raved Rond Tafelzeil - 160 ø - PVC - Afwasbaar",1,0,visible,,"<p>Bescherm je tafel stijlvol met dit <strong>rond tafelzeil Ø 160 cm</strong> van <strong>PVC</strong>, met een <strong>vrolijke bloemenprint</strong> en <strong>eenvoudig afwasbaar</strong> oppervlak — perfect voor dagelijks gebruik én een sfeervolle tafelsetting.</p> <p>Met het <strong>rond tafelzeil Ø 160 cm</strong> uit de <strong>Bonita-collectie</strong> kies je voor stijl én praktische bescherming in één. Dit tafelzeil is vervaardigd uit <strong>PVC</strong> met een stevige vliesrug, waardoor het soepel valt én tegelijkertijd je tafel beschermt tegen vlekken, vloeistoffen en krassen. Dankzij het vrolijke <strong>gekleurde bloemen-design</strong> voeg je eenvoudig sfeer toe aan je eetkamer, tuin of veranda — een mooie basis voor zowel alledaagse maaltijden als gezellige bijeenkomsten met vrienden of familie.</p> <h3>Bescherming & onderhoud</h3> <p>Het afwasbare oppervlak maakt schoonmaken tot een fluitje van een cent: een vochtige doek volstaat om resten van etens- of drinkpartijen te verwijderen. Het tafelzeil is <strong>water- en vuilafstotend</strong>, waardoor je tafel minder snel beschadigd raakt door morsen of één potje te veel met saus. Omdat het gemaakt is van PVC, is het duurzaam, makkelijk af te vegen en behoudt het kleur en print langer.</p> <h3>Vorm en maat</h3> <p>Met een diameter van <strong>Ø 160 cm</strong> is dit ronde tafelzeil ideaal voor een ruime eettafel of tuintafel waar het hele gezin samenkomt. De ronde vorm zorgt ervoor dat het overal mooi valt en geen scherpe hoeken heeft — uitermate geschikt voor gezinnen met kinderen of voor een ontspannen buiten- of binnensituatie.</p> <h3>Design & sfeer</h3> <p>Het <strong>gekleurde bloemen-motief</strong> voegt direct een frisse, uitnodigende touch toe aan je interieur of exterieur. Of je nu een klassieke inrichting hebt of juist een moderne stijl: dit tafelzeil fungeert als sfeermaker én als beschermlaag in een. Dankzij de kleurcombinaties creëer je een vrolijke tafelsetting zonder concessies te doen aan functionaliteit.</p> <h3>Waarom deze keuze?</h3> <ul> <li> <p><strong>Gebruiksgemak</strong>: geen gekluns met tafelkleden die moeten worden gewassen of gestreken — gewoon afnemen.</p> </li> <li> <p><strong>Bescherming</strong>: je tafel blijft beschermd tegen dagelijkse slijtage, vlekken en krassen.</p> </li> <li> <p><strong>Sfeer</strong>: een goed print zorgt ervoor dat jouw tafel meteen gezellig oogt, waardoor je minder hoeft te decoreren.</p> </li> <li> <p><strong>Veelzijdigheid</strong>: geschikt voor binnen en buiten — perfect voor zonnige lunches, regenachtige dagen of sfeervolle avonden.</p> </li> </ul> <p>Mis niet de kans om jouw tafel elegant en makkelijk te verzorgen. Combineer de bescherming die je nodig hebt met het design dat je graag ziet. Voeg dit ronde tafelzeil toe aan je woonwereld en geniet direct van een verzorgde, sfeervolle tafel — bestel nu en ervaar het verschil!</p>",,,taxable,,1,999,,0,0,,,,,1,,,,Tafellaken,"Effen, Jungle, PVC, Raved, Rechthoek, Rond, Tafellaken, Tafelzeil",,https://ravedfabrics.com/wp-content/uploads/2026/02/1200x1200-30.jpg,,,,,,,,,0,Raved,Size,"140 x 160 cm, 160 x 160 cm",0,0,"140 x 160 cm"
2351123832449838,variable,RAV-RAVEDTAFEL-9300000111015932,,"Raved Zwart Tafelkleed/Tafellaken Elof - 100% katoen - Uitwasbaar",1,0,visible,,"<p>Met het <strong>uitwasbare katoenen tafelkleed</strong> van Raved in stijlvol zwart geef je direct een chique uitstraling aan je tafel, terwijl je tafel beschermd wordt tegen knoeien en kringen. Ideaal voor binnen én buiten – sfeer zonder zorgen.</p> <p><strong>Tafelkleed</strong> dat stijl en functionaliteit combineert: het zwarte <strong>Raved tafelkleed Katoen 140 × 300 cm</strong> is de slimme keuze voor iedereen die van mooi én praktisch houdt. Of je nu gaat voor een sfeervol diner met vrienden, een gezellige lunch op het terras of een feestelijke kersttafel – dit tafelkleed brengt de juiste ambiance én houdt je tafel netjes.</p> <h3>Sfeervol & veelzijdig</h3> <p>Met de royale afmeting 140 × 300 cm is dit tafelkleed geschikt voor grote gezelschappen en lange tafels, en past tegelijkertijd perfect in een standaard eetkamer. De effen zwarte kleur geeft een tijdloze, chique uitstraling – combineer met lichte servetten of juist een knallende accentkleur voor contrast. Dankzij het materiaal <strong>katoen</strong> voelt het textiel zacht en natuurlijk aan, wat warmte toevoegt in je interieur.</p> <h3>Bescherming voor jouw tafel</h3> <p>Knijp jij je ogen soms dicht bij het serveren van een warme pan? Dankzij het stevige katoenen materiaal biedt dit tafelkleed bescherming tegen kringen, hitteplekken en knoeien. Door te kiezen voor deze <strong>praktische oplossing</strong> voorkom je vervelende schade en verleng je de levensduur van je tafel. Zo kun je met een gerust hart genieten van familie- of vriendenavond.</p> <h3>Onderhoudsgemak</h3> <p>Een van de grootste voordelen is het <strong>uitwasbare karakter</strong> – simpel in de wasmachine op 30 °C (zie voorschriften) en je tafelkleed ziet er weer fris uit. Geen vlekkenstress meer na een middag knutselen met de kinderen of een barbecue op het terras. Binnen of buiten gebruikt? Geen probleem. Dankzij de degelijkheid van het materiaal is dit tafelkleed een all-round keuze.</p> <h3>Wanneer gebruik je het?</h3> <ul> <li> <p>Voor een stijlvolle eettafel binnen, bij dagelijks gebruik of speciale gelegenheden.</p> </li> <li> <p>Op het terras of balkon wanneer je buiten dineert: sfeervol én functioneel.</p> </li> <li> <p>Tijdens feestelijke momenten – kerst, verjaardag, jubileum – waarbij sfeer en bescherming samenkomen.</p> </li> </ul> <h3>Waarom deze keuze?</h3> <p>Door te kiezen voor dit tafelkleed kies je bewust voor een product dat meerdere behoeften vervult: stijl, bescherming, onderhoudsgemak én flexibiliteit. Je tafel wordt je podium: de ruimte krijgt direct sfeer, en je hoeft je minder zorgen te maken over knoeien of slijtage.</p> <h3>Call to action</h3> <p>Kies vandaag nog voor het Raved tafelkleed Katoen 140 × 300 cm in zwart en geef jouw tafel direct die complete upgrade – stijlvol, solide en zorgeloos. Bestel nu en begin direct met genieten van je maaltijd, in alle rust en comfort.</p>",,,taxable,,1,999,,0,0,,,,,1,,,,Tafellaken,"Effen, Katoen, Raved, Rechthoek, Rond, Tafelkleed, Tafellaken",,https://ravedfabrics.com/wp-content/uploads/2026/02/1200x1080.jpg,,,,,,,,,0,Raved,Size,"140 x 200 cm, 140 x 250 cm, 140 x 300 cm, 160 x 160 cm",0,0,"140 x 200 cm"
2351123832449839,variable,RAV-RAVEDTAFEL-9300000093362683,,"Raved Transparant Tafelzeil - PVC - Glashelder - Afwasbaar & Beschermend",1,0,visible,,"<p>Bescherm je tafel tegen krassen en vlekken met dit <strong>transparant tafelzeil van Raved</strong>. Gemaakt van <strong>duurzaam PVC</strong>, eenvoudig <strong>afwasbaar</strong> en ideaal voor dagelijks gebruik. Zo blijft jouw tafel stijlvol zichtbaar én goed beschermd.</p> <p>Met het <strong>Raved transparant tafelzeil</strong> combineer je de praktische voordelen van bescherming met de elegante uitstraling van jouw eigen tafel. Dit <strong>PVC tafelzeil</strong> is speciaal ontworpen om krassen, vocht en vlekken tegen te gaan, zonder dat het tafelblad uit het zicht verdwijnt. Perfect voor wie zijn interieur mooi wil houden, maar toch zorgeloos wil genieten van dagelijks gebruik.</p> <h3>Voordelen van dit transparant tafelzeil</h3> <ul> <li> <p><strong>Transparant ontwerp</strong> – laat de natuurlijke look van jouw tafel zien</p> </li> <li> <p><strong>Afwasbaar PVC</strong> – vlekken verwijder je eenvoudig met een doek</p> </li> <li> <p><strong>Waterafstotend & krasbestendig</strong> – ideale bescherming bij intensief gebruik</p> </li> <li> <p><strong>Veelzijdig</strong> – bruikbaar als <strong>tafelkleed, tafelloper of bescherming</strong> bij knutsel- en eetmomenten</p> </li> </ul> <h3>Praktisch én stijlvol</h3> <p>Veel tafelkleden verbergen het design van je tafel. Met dit <strong>doorzichtig tafelzeil</strong> blijft het originele blad zichtbaar, terwijl je toch profiteert van optimale bescherming. Van houten tafels tot design tafels: het zeil past in elk interieur. Bovendien is het geschikt voor zowel binnen als buiten.</p> <h3>Onderhoudsgemak</h3> <p>Waar stoffen tafelkleden vaak vlekken vasthouden of in de was moeten, veeg je dit <strong>afwasbare PVC tafelzeil</strong> simpelweg schoon met een vochtige doek. Geen gedoe, geen zorgen.</p> <h3>Waarom kiezen voor Raved?</h3> <p>Raved staat bekend om zijn duurzame en gebruiksvriendelijke woonproducten. Dit tafelzeil combineert <strong>kwaliteit en functionaliteit</strong>, zodat je langer plezier hebt van jouw tafel. Met duizenden tevreden gebruikers is het een bewezen oplossing voor elk huishouden.</p> <p>Bescherm je tafel slim en stijlvol – bestel vandaag nog het <strong>Raved transparant tafelzeil</strong> en geniet morgen al van zorgeloos gebruik.</p>",,,taxable,,1,999,,0,0,,,,,1,,,,Tafellaken,"Effen, PVC, Raved, Rechthoek, Tafellaken, Tafelzeil, Transparant",,https://ravedfabrics.com/wp-content/uploads/2026/02/1200x1200-536.jpg,,,,,,,,,0,Raved,Size,"140 x 100 cm, 140 x 180 cm, 140 x 220 cm, 140 x 230 cm, 140 x 240 cm, 140 x 260 cm, 140 x 270 cm, 140 x 280 cm, 140 x 290 cm, 140 x 300 cm, 140 x 320 cm",0,0,"140 x 100 cm"
2351123832449840,variable,RAV-RAVEDTAFEL-9300000077021964,,"Raved Tafelzeil 140 140 - Grijs - PVC - Afwasbaar",1,0,visible,,"<p>Geef je tafel een stijlvolle <strong>houtlook</strong> met dit <strong>afwasbare PVC tafelzeil</strong> van Raved – perfect voor dagelijks gebruik, knoeien, buiten of binnen. <strong>Beschermt je tafel tegen vlekken en slijtage</strong>, en is bovendien <strong>makkelijk schoon te maken</strong> met een vochtige doek.</p> <p><strong>Transformeer je tafel in één handomdraai met het <strong>Raved tafelzeil – houtlook grijs</strong>, een slimme combinatie van stijl en functionaliteit.</strong> Het <strong>tafelzeil</strong> is gemaakt van hoogwaardig <strong>PVC</strong>, met een onderlaag van non-woven vlies, waardoor het stevig aanvoelt en geschikt is voor intensief gebruik. Dankzij de elegante houtlook-afwerking in subtiel grijs krijgt jouw eettafel of tuinset direct een moderne, natuurlijke uitstraling. Dit maakt het ideaal voor wie graag sfeervol dineert zonder zorgen over knoeien of slijtage.</p> <h3>Waarom kiezen voor dit tafelzeil?</h3> <ul> <li> <p><strong>Stijlvolle uitstraling</strong>: Het houtlook-design geeft de tafel die warme, natuurlijke uitstraling van echt hout, zonder het onderhoud of risico op beschadiging.</p> </li> <li> <p><strong>Makkelijk schoonmaken</strong>: Omdat het materiaal afwasbaar is, hoef je niet lang te boenen — een vochtige doek volstaat.</p> </li> <li> <p><strong>Bescherming van je tafel</strong>: Of je nu kinderen hebt die knutselen en knoeien, of buiten luncht onder de veranda — dit tafelzeil beschermt tegen vlekken, kringen van hete pannen en slijtage.</p> </li> <li> <p><strong>Geschikt voor binnen én buitengebruik</strong>: Het is ontworpen voor flexibel gebruik; haal het bij regen of langdurige buitenopslag binnen om verkleuring te voorkomen. </p> </li> </ul> <h3>Materialen en onderhoud</h3> <p>Het bovenoppervlak bestaat uit <strong>PVC</strong>, wat zorgt voor waterafstotend en onderhoudsvriendelijk gebruik. De onderlaag bestaat uit non-woven vlies (polyesterbasis), wat stabiliteit geeft en voorkomt dat het zeil zomaar verschuift. Het is niet geschikt voor machinewas — gebruik een zachte doek met lauw water en mild schoonmaakmiddel, en breng het weer naar binnen als het buiten langdurig vochtig is.</p> <h3>Toepassing en sfeer</h3> <p>Dit tafelzeil past perfect in moderne, Scandinavisch geïnspireerde interieurs dankzij de neutrale grijstint en houtlook-tekening. Het laat zich goed combineren met natuurlijke materialen zoals hout, riet of steen. Zet het in voor een ontspannen brunch, een gezinsdiner of een gezellige borrel na het werk. Het is ook ideaal voor buiten: op je veranda, balkon of tuintafel — zolang regen geen permanente plek krijgt.</p> <h3>Maak je keuze vandaag</h3> <p>Met dit tafelzeil creëer je direct <strong>een stijlvolle tafel met minimale inspanning</strong>, terwijl je ook praktisch bent ingesteld. Geen stress meer over knoeien of vlekken: je tafel blijft er netjes uitzien. <strong>Bestel nu</strong> en geef jouw eet- of zithoek de uitstraling die hij verdient — tijd voor zorgeloos genieten!</p>",,,taxable,,1,999,,0,0,,,,,1,,,,Tafellaken,"Hout, Overig, PVC, Raved, Rechthoek, Tafellaken, Tafelzeil",,https://ravedfabrics.com/wp-content/uploads/2026/02/1200x1200-397.jpg,,,,,,,,,0,Raved,Size,"140 x 50 cm, 140 x 100 cm, 140 x 140 cm, 140 x 160 cm, 140 x 180 cm, 140 x 200 cm, 140 x 220 cm, 140 x 230 cm, 140 x 240 cm, 140 x 250 cm, 140 x 260 cm, 140 x 270 cm, 140 x 280 cm, 140 x 290 cm, 140 x 300 cm, 140 x 310 cm, 140 x 320 cm, 140 x 350 cm",0,0,"140 x 50 cm"
2351123832449841,simple,5603272226472,,"Raved Rond Tafelzeil - 160 cm ø - Linnen Beige - PVC - Afwasbaar",1,0,visible,,a,,,taxable,,1,999,,0,0,,,,,1,,,,Tafellaken,"Bonita, PVC, Rond, Tafellaken, Tafelzeil",,https://ravedfabrics.com/wp-content/uploads/2026/02/1200x1161.jpg,,,,,,,,,0,Bonita,,,,,
2351123832449848,simple,8720707630066,,"Raved Transparant Tafelzeil 140x110 cm - PVC - Glashelder - Afwasbaar & Beschermend",1,0,visible,,"<p>Bescherm je tafel tegen krassen en vlekken met dit <strong>transparant tafelzeil van Raved</strong>. Gemaakt van <strong>duurzaam PVC</strong>, eenvoudig <strong>afwasbaar</strong> en ideaal voor dagelijks gebruik. Zo blijft jouw tafel stijlvol zichtbaar én goed beschermd.</p> <p>Met het <strong>Raved transparant tafelzeil</strong> combineer je de praktische voordelen van bescherming met de elegante uitstraling van jouw eigen tafel. Dit <strong>PVC tafelzeil</strong> is speciaal ontworpen om krassen, vocht en vlekken tegen te gaan, zonder dat het tafelblad uit het zicht verdwijnt. Perfect voor wie zijn interieur mooi wil houden, maar toch zorgeloos wil genieten van dagelijks gebruik.</p> <h3>Voordelen van dit transparant tafelzeil</h3> <ul> <li> <p><strong>Transparant ontwerp</strong> – laat de natuurlijke look van jouw tafel zien</p> </li> <li> <p><strong>Afwasbaar PVC</strong> – vlekken verwijder je eenvoudig met een doek</p> </li> <li> <p><strong>Waterafstotend & krasbestendig</strong> – ideale bescherming bij intensief gebruik</p> </li> <li> <p><strong>Veelzijdig</strong> – bruikbaar als <strong>tafelkleed, tafelloper of bescherming</strong> bij knutsel- en eetmomenten</p> </li> </ul> <h3>Praktisch én stijlvol</h3> <p>Veel tafelkleden verbergen het design van je tafel. Met dit <strong>doorzichtig tafelzeil</strong> blijft het originele blad zichtbaar, terwijl je toch profiteert van optimale bescherming. Van houten tafels tot design tafels: het zeil past in elk interieur. Bovendien is het geschikt voor zowel binnen als buiten.</p> <h3>Onderhoudsgemak</h3> <p>Waar stoffen tafelkleden vaak vlekken vasthouden of in de was moeten, veeg je dit <strong>afwasbare PVC tafelzeil</strong> simpelweg schoon met een vochtige doek. Geen gedoe, geen zorgen.</p> <h3>Waarom kiezen voor Raved?</h3> <p>Raved staat bekend om zijn duurzame en gebruiksvriendelijke woonproducten. Dit tafelzeil combineert <strong>kwaliteit en functionaliteit</strong>, zodat je langer plezier hebt van jouw tafel. Met duizenden tevreden gebruikers is het een bewezen oplossing voor elk huishouden.</p> <p>Bescherm je tafel slim en stijlvol – bestel vandaag nog het <strong>Raved transparant tafelzeil</strong> en geniet morgen al van zorgeloos gebruik.</p>",,,taxable,,1,999,,0,0,,,,,1,,,"23,95",Tafellaken,"Effen, PVC, Raved, Rechthoek, Tafellaken, Tafelzeil, Transparant",,https://ravedfabrics.com/wp-content/uploads/2026/02/1200x1200-535.jpg,,,,,,,,,0,Raved,,,,,
2351123832449860,simple,8720707630103,,"Raved Transparant Tafelzeil 140x150 cm - PVC - Glashelder - Afwasbaar & Beschermend",1,0,visible,,"<p>Bescherm je tafel tegen krassen en vlekken met dit <strong>transparant tafelzeil van Raved</strong>. Gemaakt van <strong>duurzaam PVC</strong>, eenvoudig <strong>afwasbaar</strong> en ideaal voor dagelijks gebruik. Zo blijft jouw tafel stijlvol zichtbaar én goed beschermd.</p> <p>Met het <strong>Raved transparant tafelzeil</strong> combineer je de praktische voordelen van bescherming met de elegante uitstraling van jouw eigen tafel. Dit <strong>PVC tafelzeil</strong> is speciaal ontworpen om krassen, vocht en vlekken tegen te gaan, zonder dat het tafelblad uit het zicht verdwijnt. Perfect voor wie zijn interieur mooi wil houden, maar toch zorgeloos wil genieten van dagelijks gebruik.</p> <h3>Voordelen van dit transparant tafelzeil</h3> <ul> <li> <p><strong>Transparant ontwerp</strong> – laat de natuurlijke look van jouw tafel zien</p> </li> <li> <p><strong>Afwasbaar PVC</strong> – vlekken verwijder je eenvoudig met een doek</p> </li> <li> <p><strong>Waterafstotend & krasbestendig</strong> – ideale bescherming bij intensief gebruik</p> </li> <li> <p><strong>Veelzijdig</strong> – bruikbaar als <strong>tafelkleed, tafelloper of bescherming</strong> bij knutsel- en eetmomenten</p> </li> </ul> <h3>Praktisch én stijlvol</h3> <p>Veel tafelkleden verbergen het design van je tafel. Met dit <strong>doorzichtig tafelzeil</strong> blijft het originele blad zichtbaar, terwijl je toch profiteert van optimale bescherming. Van houten tafels tot design tafels: het zeil past in elk interieur. Bovendien is het geschikt voor zowel binnen als buiten.</p> <h3>Onderhoudsgemak</h3> <p>Waar stoffen tafelkleden vaak vlekken vasthouden of in de was moeten, veeg je dit <strong>afwasbare PVC tafelzeil</strong> simpelweg schoon met een vochtige doek. Geen gedoe, geen zorgen.</p> <h3>Waarom kiezen voor Raved?</h3> <p>Raved staat bekend om zijn duurzame en gebruiksvriendelijke woonproducten. Dit tafelzeil combineert <strong>kwaliteit en functionaliteit</strong>, zodat je langer plezier hebt van jouw tafel. Met duizenden tevreden gebruikers is het een bewezen oplossing voor elk huishouden.</p> <p>Bescherm je tafel slim en stijlvol – bestel vandaag nog het <strong>Raved transparant tafelzeil</strong> en geniet morgen al van zorgeloos gebruik.</p>",,,taxable,,1,999,,0,0,,,,,1,,,"24,95",Tafellaken,"Effen, PVC, Raved, Rechthoek, Tafellaken, Tafelzeil, Transparant",,"https://ravedfabrics.com/wp-content/uploads/2026/02/1200x1200-547.jpg, https://ravedfabrics.com/wp-content/uploads/2026/02/550x500-27.jpg, https://ravedfabrics.com/wp-content/uploads/2026/02/550x550-253.jpg, https://ravedfabrics.com/wp-content/uploads/2026/02/550x488-23.jpg, https://ravedfabrics.com/wp-content/uploads/2026/02/550x399-26.jpg, https://ravedfabrics.com/wp-content/uploads/2026/02/550x550-254.jpg",,,,,,,,,0,Raved,,,,,
2351123832449861,simple,8720707630110,,"Raved transparant tafelzeil 140 160 - 0.15 - PVC - Afwasbaar",1,0,visible,,"<p>Bescherm je tafel tegen krassen en vlekken met dit <strong>transparant tafelzeil van Raved</strong>. Gemaakt van <strong>duurzaam PVC</strong>, eenvoudig <strong>afwasbaar</strong> en ideaal voor dagelijks gebruik. Zo blijft jouw tafel stijlvol zichtbaar én goed beschermd.</p> <p>Met het <strong>Raved transparant tafelzeil</strong> combineer je de praktische voordelen van bescherming met de elegante uitstraling van jouw eigen tafel. Dit <strong>PVC tafelzeil</strong> is speciaal ontworpen om krassen, vocht en vlekken tegen te gaan, zonder dat het tafelblad uit het zicht verdwijnt. Perfect voor wie zijn interieur mooi wil houden, maar toch zorgeloos wil genieten van dagelijks gebruik.</p> <h3>Voordelen van dit transparant tafelzeil</h3> <ul> <li> <p><strong>Transparant ontwerp</strong> – laat de natuurlijke look van jouw tafel zien</p> </li> <li> <p><strong>Afwasbaar PVC</strong> – vlekken verwijder je eenvoudig met een doek</p> </li> <li> <p><strong>Waterafstotend & krasbestendig</strong> – ideale bescherming bij intensief gebruik</p> </li> <li> <p><strong>Veelzijdig</strong> – bruikbaar als <strong>tafelkleed, tafelloper of bescherming</strong> bij knutsel- en eetmomenten</p> </li> </ul> <h3>Praktisch én stijlvol</h3> <p>Veel tafelkleden verbergen het design van je tafel. Met dit <strong>doorzichtig tafelzeil</strong> blijft het originele blad zichtbaar, terwijl je toch profiteert van optimale bescherming. Van houten tafels tot design tafels: het zeil past in elk interieur. Bovendien is het geschikt voor zowel binnen als buiten.</p> <h3>Onderhoudsgemak</h3> <p>Waar stoffen tafelkleden vaak vlekken vasthouden of in de was moeten, veeg je dit <strong>afwasbare PVC tafelzeil</strong> simpelweg schoon met een vochtige doek. Geen gedoe, geen zorgen.</p> <h3>Waarom kiezen voor Raved?</h3> <p>Raved staat bekend om zijn duurzame en gebruiksvriendelijke woonproducten. Dit tafelzeil combineert <strong>kwaliteit en functionaliteit</strong>, zodat je langer plezier hebt van jouw tafel. Met duizenden tevreden gebruikers is het een bewezen oplossing voor elk huishouden.</p> <p>Bescherm je tafel slim en stijlvol – bestel vandaag nog het <strong>Raved transparant tafelzeil</strong> en geniet morgen al van zorgeloos gebruik.</p>",,,taxable,,1,999,,0,0,,,,,1,,"24,95","27,95",Tafellaken,"Effen, PVC, Raved, Rechthoek, Tafellaken, Tafelzeil, Transparant",,"https://ravedfabrics.com/wp-content/uploads/2026/02/1200x1023.jpg, https://ravedfabrics.com/wp-content/uploads/2026/02/550x550-163.jpg, https://ravedfabrics.com/wp-content/uploads/2026/02/550x488-18.jpg, https://ravedfabrics.com/wp-content/uploads/2026/02/550x500-21.jpg, https://ravedfabrics.com/wp-content/uploads/2026/02/550x399-20.jpg, https://ravedfabrics.com/wp-content/uploads/2026/02/550x550-164.jpg",,,,,,,,,0,Raved,,,,,
2351123832449862,simple,8720707630127,,"Raved Transparant Tafelzeil 140x170 cm - PVC - Glashelder - Afwasbaar & Beschermend",1,0,visible,,"<p>Bescherm je tafel tegen krassen en vlekken met dit <strong>transparant tafelzeil van Raved</strong>. Gemaakt van <strong>duurzaam PVC</strong>, eenvoudig <strong>afwasbaar</strong> en ideaal voor dagelijks gebruik. Zo blijft jouw tafel stijlvol zichtbaar én goed beschermd.</p> <p>Met het <strong>Raved transparant tafelzeil</strong> combineer je de praktische voordelen van bescherming met de elegante uitstraling van jouw eigen tafel. Dit <strong>PVC tafelzeil</strong> is speciaal ontworpen om krassen, vocht en vlekken tegen te gaan, zonder dat het tafelblad uit het zicht verdwijnt. Perfect voor wie zijn interieur mooi wil houden, maar toch zorgeloos wil genieten van dagelijks gebruik.</p> <h3>Voordelen van dit transparant tafelzeil</h3> <ul> <li> <p><strong>Transparant ontwerp</strong> – laat de natuurlijke look van jouw tafel zien</p> </li> <li> <p><strong>Afwasbaar PVC</strong> – vlekken verwijder je eenvoudig met een doek</p> </li> <li> <p><strong>Waterafstotend & krasbestendig</strong> – ideale bescherming bij intensief gebruik</p> </li> <li> <p><strong>Veelzijdig</strong> – bruikbaar als <strong>tafelkleed, tafelloper of bescherming</strong> bij knutsel- en eetmomenten</p> </li> </ul> <h3>Praktisch én stijlvol</h3> <p>Veel tafelkleden verbergen het design van je tafel. Met dit <strong>doorzichtig tafelzeil</strong> blijft het originele blad zichtbaar, terwijl je toch profiteert van optimale bescherming. Van houten tafels tot design tafels: het zeil past in elk interieur. Bovendien is het geschikt voor zowel binnen als buiten.</p> <h3>Onderhoudsgemak</h3> <p>Waar stoffen tafelkleden vaak vlekken vasthouden of in de was moeten, veeg je dit <strong>afwasbare PVC tafelzeil</strong> simpelweg schoon met een vochtige doek. Geen gedoe, geen zorgen.</p> <h3>Waarom kiezen voor Raved?</h3> <p>Raved staat bekend om zijn duurzame en gebruiksvriendelijke woonproducten. Dit tafelzeil combineert <strong>kwaliteit en functionaliteit</strong>, zodat je langer plezier hebt van jouw tafel. Met duizenden tevreden gebruikers is het een bewezen oplossing voor elk huishouden.</p> <p>Bescherm je tafel slim en stijlvol – bestel vandaag nog het <strong>Raved transparant tafelzeil</strong> en geniet morgen al van zorgeloos gebruik.</p>",,,taxable,,1,999,,0,0,,,,,1,,,"24,95",Tafellaken,"Effen, PVC, Raved, Rechthoek, Tafellaken, Tafelzeil, Transparant",,"https://ravedfabrics.com/wp-content/uploads/2026/02/1200x1200-548.jpg, https://ravedfabrics.com/wp-content/uploads/2026/02/550x469-1.jpg, https://ravedfabrics.com/wp-content/uploads/2026/02/550x488-24.jpg, https://ravedfabrics.com/wp-content/uploads/2026/02/550x500-28.jpg, https://ravedfabrics.com/wp-content/uploads/2026/02/550x399-27.jpg, https://ravedfabrics.com/wp-content/uploads/2026/02/550x550-255.jpg",,,,,,,,,0,Raved,,,,,
2351123832449863,simple,8720707630141,,"Raved Transparant Tafelzeil 140x190 cm - PVC - Glashelder - Afwasbaar & Beschermend",1,0,visible,,"<p>Bescherm je tafel tegen krassen en vlekken met dit <strong>transparant tafelzeil van Raved</strong>. Gemaakt van <strong>duurzaam PVC</strong>, eenvoudig <strong>afwasbaar</strong> en ideaal voor dagelijks gebruik. Zo blijft jouw tafel stijlvol zichtbaar én goed beschermd.</p> <p>Met het <strong>Raved transparant tafelzeil</strong> combineer je de praktische voordelen van bescherming met de elegante uitstraling van jouw eigen tafel. Dit <strong>PVC tafelzeil</strong> is speciaal ontworpen om krassen, vocht en vlekken tegen te gaan, zonder dat het tafelblad uit het zicht verdwijnt. Perfect voor wie zijn interieur mooi wil houden, maar toch zorgeloos wil genieten van dagelijks gebruik.</p> <h3>Voordelen van dit transparant tafelzeil</h3> <ul> <li> <p><strong>Transparant ontwerp</strong> – laat de natuurlijke look van jouw tafel zien</p> </li> <li> <p><strong>Afwasbaar PVC</strong> – vlekken verwijder je eenvoudig met een doek</p> </li> <li> <p><strong>Waterafstotend & krasbestendig</strong> – ideale bescherming bij intensief gebruik</p> </li> <li> <p><strong>Veelzijdig</strong> – bruikbaar als <strong>tafelkleed, tafelloper of bescherming</strong> bij knutsel- en eetmomenten</p> </li> </ul> <h3>Praktisch én stijlvol</h3> <p>Veel tafelkleden verbergen het design van je tafel. Met dit <strong>doorzichtig tafelzeil</strong> blijft het originele blad zichtbaar, terwijl je toch profiteert van optimale bescherming. Van houten tafels tot design tafels: het zeil past in elk interieur. Bovendien is het geschikt voor zowel binnen als buiten.</p> <h3>Onderhoudsgemak</h3> <p>Waar stoffen tafelkleden vaak vlekken vasthouden of in de was moeten, veeg je dit <strong>afwasbare PVC tafelzeil</strong> simpelweg schoon met een vochtige doek. Geen gedoe, geen zorgen.</p> <h3>Waarom kiezen voor Raved?</h3> <p>Raved staat bekend om zijn duurzame en gebruiksvriendelijke woonproducten. Dit tafelzeil combineert <strong>kwaliteit en functionaliteit</strong>, zodat je langer plezier hebt van jouw tafel. Met duizenden tevreden gebruikers is het een bewezen oplossing voor elk huishouden.</p> <p>Bescherm je tafel slim en stijlvol – bestel vandaag nog het <strong>Raved transparant tafelzeil</strong> en geniet morgen al van zorgeloos gebruik.</p>",,,taxable,,1,999,,0,0,,,,,1,,,"24,95",Tafellaken,"Effen, PVC, Raved, Rechthoek, Tafellaken, Tafelzeil, Transparant",,"https://ravedfabrics.com/wp-content/uploads/2026/02/1200x1200-549.jpg, https://ravedfabrics.com/wp-content/uploads/2026/02/550x488-25.jpg, https://ravedfabrics.com/wp-content/uploads/2026/02/550x399-28.jpg, https://ravedfabrics.com/wp-content/uploads/2026/02/550x500-29.jpg, https://ravedfabrics.com/wp-content/uploads/2026/02/550x550-256.jpg",,,,,,,,,0,Raved,,,,,
2351123832449864,simple,8720707630165,,"Raved Transparant Tafelzeil 140x210 cm - PVC - Glashelder - Afwasbaar & Beschermend",1,0,visible,,"<p>Bescherm je tafel tegen krassen en vlekken met dit <strong>transparant tafelzeil van Raved</strong>. Gemaakt van <strong>duurzaam PVC</strong>, eenvoudig <strong>afwasbaar</strong> en ideaal voor dagelijks gebruik. Zo blijft jouw tafel stijlvol zichtbaar én goed beschermd.</p> <p>Met het <strong>Raved transparant tafelzeil</strong> combineer je de praktische voordelen van bescherming met de elegante uitstraling van jouw eigen tafel. Dit <strong>PVC tafelzeil</strong> is speciaal ontworpen om krassen, vocht en vlekken tegen te gaan, zonder dat het tafelblad uit het zicht verdwijnt. Perfect voor wie zijn interieur mooi wil houden, maar toch zorgeloos wil genieten van dagelijks gebruik.</p> <h3>Voordelen van dit transparant tafelzeil</h3> <ul> <li> <p><strong>Transparant ontwerp</strong> – laat de natuurlijke look van jouw tafel zien</p> </li> <li> <p><strong>Afwasbaar PVC</strong> – vlekken verwijder je eenvoudig met een doek</p> </li> <li> <p><strong>Waterafstotend & krasbestendig</strong> – ideale bescherming bij intensief gebruik</p> </li> <li> <p><strong>Veelzijdig</strong> – bruikbaar als <strong>tafelkleed, tafelloper of bescherming</strong> bij knutsel- en eetmomenten</p> </li> </ul> <h3>Praktisch én stijlvol</h3> <p>Veel tafelkleden verbergen het design van je tafel. Met dit <strong>doorzichtig tafelzeil</strong> blijft het originele blad zichtbaar, terwijl je toch profiteert van optimale bescherming. Van houten tafels tot design tafels: het zeil past in elk interieur. Bovendien is het geschikt voor zowel binnen als buiten.</p> <h3>Onderhoudsgemak</h3> <p>Waar stoffen tafelkleden vaak vlekken vasthouden of in de was moeten, veeg je dit <strong>afwasbare PVC tafelzeil</strong> simpelweg schoon met een vochtige doek. Geen gedoe, geen zorgen.</p> <h3>Waarom kiezen voor Raved?</h3> <p>Raved staat bekend om zijn duurzame en gebruiksvriendelijke woonproducten. Dit tafelzeil combineert <strong>kwaliteit en functionaliteit</strong>, zodat je langer plezier hebt van jouw tafel. Met duizenden tevreden gebruikers is het een bewezen oplossing voor elk huishouden.</p> <p>Bescherm je tafel slim en stijlvol – bestel vandaag nog het <strong>Raved transparant tafelzeil</strong> en geniet morgen al van zorgeloos gebruik.</p>",,,taxable,,1,999,,0,0,,,,,1,,,"25,95",Tafellaken,"Effen, PVC, Raved, Rechthoek, Tafellaken, Tafelzeil, Transparant",,"https://ravedfabrics.com/wp-content/uploads/2026/02/1200x1200-550.jpg, https://ravedfabrics.com/wp-content/uploads/2026/02/550x469-2.jpg, https://ravedfabrics.com/wp-content/uploads/2026/02/550x488-26.jpg, https://ravedfabrics.com/wp-content/uploads/2026/02/550x500-30.jpg, https://ravedfabrics.com/wp-content/uploads/2026/02/550x399-29.jpg, https://ravedfabrics.com/wp-content/uploads/2026/02/550x550-257.jpg",,,,,,,,,0,Raved,,,,,
2351123832449867,variable,RAV-RAVEDTAFEL-9300000077021802,,"Raved Tafelzeil Boerenbont ruit Rood 140 140 - PVC - Afwasbaar",1,0,visible,,"<p>Breng direct sfeer in huis met dit <strong>afwasbare PVC tafelzeil</strong> van Raved in de klassieke <strong>Boerenbont ruit rood</strong>. Het beschermt je tafel moeiteloos en is geschikt voor gebruik <strong>binnen én buiten</strong> – ideaal voor gezinnen die stijl én gemak willen combineren. terecht!</p> <p><strong>Ontdek het veelzijdige en stijlvolle tafelzeil van Raved</strong> in de charmante Boerenbont ruit rood – perfect voor wie een gezellige en veilige eet- of knutseltafel wil creëren. Dit <strong>tafelzeil</strong> is gemaakt van <strong>duurzaam PVC-materiaal</strong>, wat zorgt voor uitstekende bescherming tegen vlekken, krassen en het knoeien van kinderen of gasten. Bovendien is het <strong>afwasbaar en onderhoudsvriendelijk</strong>, wat je iedere keer weer tijd en schoonmaakstress bespaart.</p> <h3>Waarom dit tafelzeil kiezen?</h3> <ul> <li> <p><strong>Elegant boerentraditie-design</strong>: het klassieke ruit-patroon in rood/wit brengt direct een warme, landelijke sfeer in je interieur – of je nu aan de keukentafel zit of buiten op het terras.</p> </li> <li> <p><strong>Bescherming én gebruiksgemak</strong>: dankzij het PVC-materiaal hoeft u zich geen zorgen meer te maken over gemorste koffie, knutselwerk of hete pannen – een vochtige doek volstaat voor het schoonmaken.</p> </li> <li> <p><strong>Binnen én buiten inzetbaar</strong>: goedgekeurd voor zowel binnenruimtes als buitengebruik – perfect voor zonnige dagen of een barbecue: haal het kleed simpel naar binnen wanneer het regent of ’s avonds afkoelt. </p> </li> </ul> <h3>Specificaties en aandachtspunten</h3> <p>Het tafelzeil is vervaardigd van <strong>PVC</strong>, wat zorgt voor een glad en duurzaam oppervlak. Let wel op: langdurige blootstelling aan fel zonlicht kan verkleuring of verwering veroorzaken – haal het kleed bij regen of intense zon binnen om de kleurkracht van het patroon optimaal te behouden. Het patroon is de klassieke boerenbont-ruit in rood/wit, perfect passend bij landelijke of klassieke interieurstijlen. Het is overigens ook beschikbaar in andere lengtematen én kleuren. </p> <h3>Voordelen voor jou</h3> <p>Je kiest niet alleen voor een mooie tafelbedekking, maar voor kwaliteit en gemoedsrust:</p> <ul> <li> <p>Minder stress bij knoeien of ongevallen – ideaal met kinderen of huisdieren in huis.</p> </li> <li> <p>Een tafel die er direct uitnodigend uitziet – geen afdekhoes meer nodig die afbreuk doet aan de uitstraling.</p> </li> <li> <p>Onderhoud in enkele tellen – geen tijdverlies, geen gedoe.</p> </li> <li> <p>Een product dat een stukje sfeer toevoegt aan elke maaltijd of samenkomst.</p> </li> </ul> <h3>Call-to-action</h3> <p>Kies vandaag nog voor dit stijlvolle en praktische tafelzeil – geef je tafel de uitstraling én bescherming die hij verdient. Voeg het toe aan je winkelwagen en ervaar direct het gemak én de sfeer die het met zich meebrengt!</p>",,,taxable,,1,999,,0,0,,,,,1,,,,Tafellaken,"Geruit, PVC, Raved, Rechthoek, Ruitjes, Tafellaken, Tafelzeil",,"https://ravedfabrics.com/wp-content/uploads/2026/02/1200x700.jpg, https://ravedfabrics.com/wp-content/uploads/2026/02/550x550.jpg, https://ravedfabrics.com/wp-content/uploads/2026/02/550x495.jpg, https://ravedfabrics.com/wp-content/uploads/2026/02/550x550-1.jpg, https://ravedfabrics.com/wp-content/uploads/2026/02/550x550-2.jpg, https://ravedfabrics.com/wp-content/uploads/2026/02/550x500.jpg, https://ravedfabrics.com/wp-content/uploads/2026/02/550x399.jpg, https://ravedfabrics.com/wp-content/uploads/2026/02/550x550-4.jpg, https://ravedfabrics.com/wp-content/uploads/2026/02/550x550-5.jpg, https://ravedfabrics.com/wp-content/uploads/2026/02/550x178.jpg, https://ravedfabrics.com/wp-content/uploads/2026/02/550x550-6.jpg",,,,,,,,,0,Raved,Size,"140 x 50 cm, 140 x 100 cm, 140 x 140 cm, 140 x 160 cm, 140 x 180 cm, 140 x 200 cm, 140 x 220 cm, 140 x 230 cm, 140 x 240 cm, 140 x 250 cm, 140 x 260 cm, 140 x 270 cm, 140 x 280 cm, 140 x 290 cm, 140 x 300 cm, 140 x 310 cm, 140 x 320 cm, 140 x 350 cm",0,0,"140 x 50 cm"
2351123832449897,variable,RAV-RAVEDTAFEL-9300000112564326,,"Raved Rond Tafelkleed/Tafelzeil Transparant - 0,2 dik - PVC - Afwasbaar",1,0,visible,,"<p>Bescherm je tafel stijlvol met dit <strong>transparante ronde tafelzeil van 180 cm</strong>. Gemaakt van <strong>stevig PVC (0,2 mm dik)</strong> en eenvoudig <strong>afwasbaar</strong>, zodat je tafel altijd netjes en beschermd blijft. Ideaal voor dagelijks gebruik, zonder je interieur te verbergen.</p> <h3>Bescherm je tafel zonder de uitstraling te verliezen</h3> <p>Een eettafel is vaak het middelpunt van het huis – waar je eet, werkt en samenkomt. Juist daarom verdient jouw tafel de beste bescherming. Met dit <strong>transparante tafelzeil rond 180 cm</strong> behoud je de natuurlijke uitstraling van je tafel, terwijl je hem optimaal beschermt tegen <strong>krassen, vocht en vlekken</strong>.</p> <h3>Stevig materiaal dat lang meegaat</h3> <p>Het tafelzeil is gemaakt van <strong>hoogwaardig PVC van 0,2 mm dik</strong>, waardoor het stevig op zijn plek blijft liggen en niet snel verschuift. Het materiaal is <strong>duurzaam en slijtvast</strong>, ideaal voor gezinnen met kinderen of voor intensief dagelijks gebruik. In tegenstelling tot stoffen tafelkleden hoef je je geen zorgen te maken over vlekken of wasbeurten.</p> <h3>Praktisch en hygiënisch</h3> <p>Een ongelukje met eten of drinken? Geen probleem. Dit <strong>afwasbare tafelzeil</strong> maak je eenvoudig schoon met een vochtige doek of mild sopje. Zo blijft je tafel altijd hygiënisch en fris, zonder gedoe met wassen of strijken.</p> <h3>Veelzijdig in gebruik</h3> <p>Dankzij het <strong>transparante design</strong> past dit ronde tafelzeil bij ieder interieur. Of je nu een houten, glazen of design tafel hebt: de uitstraling blijft volledig zichtbaar. Dit maakt het zeil geschikt voor zowel de keuken, eetkamer als buiten op het terras. Bovendien is het <strong>waterdicht</strong>, waardoor vocht geen kans krijgt om je tafel te beschadigen.</p> <h3>Waarom kiezen voor dit Raved tafelzeil?</h3> <ul> <li> <p><strong>Rond 180 cm</strong> – perfect passend voor standaard ronde eettafels</p> </li> <li> <p><strong>Transparant PVC van 0,2 mm dik</strong> – behoudt de look van je tafel</p> </li> <li> <p><strong>Afwasbaar & waterdicht</strong> – in een handomdraai schoon</p> </li> <li> <p><strong>Krasbestendig & duurzaam</strong> – geschikt voor dagelijks gebruik</p> </li> <li> <p><strong>Veelzijdig</strong> – binnen én buiten toepasbaar</p> </li> </ul> <p>Met dit <strong>transparante tafelzeil rond 180 cm</strong> kies je voor gemak, hygiëne en een stijlvolle bescherming van je tafel. Wacht niet tot er krassen of vlekken ontstaan – bescherm je tafel vandaag nog en geniet langer van een strak en verzorgd interieur.</p>",,,taxable,,1,999,,0,0,,,,,1,,,,Tafellaken,"Effen, PVC, Raved, Rond, Tafellaken, Tafelzeil, Transparant",,"https://ravedfabrics.com/wp-content/uploads/2026/02/1200x1200-551.jpg, https://ravedfabrics.com/wp-content/uploads/2026/02/550x550-52.jpg, https://ravedfabrics.com/wp-content/uploads/2026/02/550x550-53.jpg, https://ravedfabrics.com/wp-content/uploads/2026/02/550x550-54.jpg, https://ravedfabrics.com/wp-content/uploads/2026/02/550x550-55.jpg, https://ravedfabrics.com/wp-content/uploads/2026/02/550x271.jpg, https://ravedfabrics.com/wp-content/uploads/2026/02/550x550-56.jpg",,,,,,,,,0,Raved,Size,"140 x 140 cm, 160 x 160 cm, 180 x 180 cm",0,0,"140 x 140 cm"
2351123832449898,variable,RAV-RAVEDTAFEL-9300000116443882,,"Raved Polyester Tafelkleed - Uitwasbaar - Kreukvrij",1,0,visible,,"<p>Maak elke tafel direct feestelijk met dit <strong>kleurige en onderhoudsvriendelijke tafelkleed</strong>. Het gekleurde <strong>polyester</strong> kleed is <strong>kreukvrij</strong> en geschikt voor gebruik <strong>binnen én buiten</strong>, zodat je moeiteloos een gezellige en zorgeloze sfeer creëert.</p> <p>Geef je tafel direct een upgrade met het <strong>primair zoekwoord tafelkleed</strong>: het Raved Oranje Polyester Tafelkleed – Kreukvrij. Dit stijlvolle kleed combineert gevoel en logica: enerzijds creëer je een warme, feestelijke sfeer, anderzijds kies je voor een praktisch en duurzaam materiaal.</p> <h3>Sfeervolle uitstraling bij elk moment</h3> <p>Met de frisse <strong>oranje kleur</strong> breng je direct energie op tafel – ideaal voor de borrel, een bbq met vrienden of een sportavond waarop een sfeeraccent niet mag ontbreken. Binnen of buiten: dit kleed zorgt dat jouw tafel het middelpunt wordt van gezelligheid.</p> <h3>Duurzaam materiaal, moeiteloos onderhoud</h3> <p>Het kleed is gemaakt van <strong>100% polyester</strong>, een materiaal dat sterker is dan katoen, minder krimpt, de kleur beter houdt en makkelijker in onderhoud is. Volgens de productbeschrijving is het kleed vormvast, kleurecht, strijkbaar en wasbaar op 30 °C. Ook is het <strong>waterafstotend</strong>, waardoor een gemorste drank of hapje sneller afgeveegd kan worden. <br />Deze combinatie van eigenschappen betekent: minder zorgen over vlekken of verkleuring, meer tijd om te genieten.</p> <h3>Praktisch in gebruik</h3> <p>Het kleed is ideaal voor gebruik <strong>binnen & buiten</strong> – perfect voor een zomeravond op het terras, maar ook fijn als je gewoon binnen wilt genieten zonder het kleed iedere keer te wisselen. Dankzij de kreukvrije werking ligt het kleed strak zonder dat je veel hoeft te strijken: een groot voordeel bij haast of spontane etentjes.</p> <h3>Beschermt én verfraait je tafel</h3> <p>Een tafelkleed doet meer dan decoreren: het beschermt je tafelblad tegen krassen, vlekken en hitte van borden. Dit kleed maakt die bescherming stijlvol, zonder gedoe. Door de combinatie van kleur en materiaal lever je ook een statement – jouw tafel is klaar voor gasten, voor thema-feestjes of voor dagelijkse gezelligheid.</p> <h3>Waarom dit kleed jouw keuze moet zijn</h3> <ul> <li> <p><strong>Merk</strong>: Raved — vertrouwd merk in tafelkleden.</p> </li> <li> <p><strong>Maat</strong>: maat (laat deze invullen) zorgt voor een juiste overhang en verzorgde uitstraling.</p> </li> <li> <p><strong>Materiaal & eigenschappen</strong>: 100% polyester, waterafstotend, kreukvrij, vormvast, kleurecht.</p> </li> <li> <p><strong>Gebruikssituatie</strong>: binnen en buiten, voor gezellige momenten of thema-avonden.</p> </li> <li> <p><strong>Emotie + logica</strong>: sfeer én gemak — je kiest niet alleen voor uitstraling, maar ook voor praktisch gemak.</p> </li> </ul> <h3>Call-to-action</h3> <p>Wacht niet tot je tafel er weer saai uitziet: kies nu voor dit kleed en creëer vandaag nog een tafel vol sfeer én gemak. Klik op “in winkelwagen” en haal jouw nieuwe sfeermaker in huis!</p>",,,taxable,,1,999,,0,0,,,,,1,,,,Tafellaken,"Effen, Polyester, Raved, Rechthoek, Rond, Tafelkleed, Tafellaken",,"https://ravedfabrics.com/wp-content/uploads/2026/02/1200x1200-554.jpg, https://ravedfabrics.com/wp-content/uploads/2026/02/550x550-58.jpg, https://ravedfabrics.com/wp-content/uploads/2026/02/550x502.jpg, https://ravedfabrics.com/wp-content/uploads/2026/02/550x178-7.jpg, https://ravedfabrics.com/wp-content/uploads/2026/02/550x550-59.jpg, https://ravedfabrics.com/wp-content/uploads/2026/02/550x550-60.jpg",,,,,,,,,0,Raved,Size,"140 x 180 cm, 140 x 200 cm, 140 x 220 cm, 140 x 240 cm, 140 x 260 cm, 140 x 300 cm, 160 x 160 cm",0,0,"140 x 180 cm"
2351123832449908,simple,8720707633197,,"Raved Tafelkleed 140 cm x 200 cm - Oranje Polyester - Kreukvrij",1,0,visible,,"<p>Maak elke tafel direct feestelijk met dit <strong>kleurige en onderhoudsvriendelijke tafelkleed</strong>. Het gekleurde <strong>polyester</strong> kleed is <strong>kreukvrij</strong> en geschikt voor gebruik <strong>binnen én buiten</strong>, zodat je moeiteloos een gezellige en zorgeloze sfeer creëert.</p> <p>Geef je tafel direct een upgrade met het <strong>primair zoekwoord tafelkleed</strong>: het Raved Oranje Polyester Tafelkleed – Kreukvrij. Dit stijlvolle kleed combineert gevoel en logica: enerzijds creëer je een warme, feestelijke sfeer, anderzijds kies je voor een praktisch en duurzaam materiaal.</p> <h3>Sfeervolle uitstraling bij elk moment</h3> <p>Met de frisse <strong>oranje kleur</strong> breng je direct energie op tafel – ideaal voor de borrel, een bbq met vrienden of een sportavond waarop een sfeeraccent niet mag ontbreken. Binnen of buiten: dit kleed zorgt dat jouw tafel het middelpunt wordt van gezelligheid.</p> <h3>Duurzaam materiaal, moeiteloos onderhoud</h3> <p>Het kleed is gemaakt van <strong>100% polyester</strong>, een materiaal dat sterker is dan katoen, minder krimpt, de kleur beter houdt en makkelijker in onderhoud is. Volgens de productbeschrijving is het kleed vormvast, kleurecht, strijkbaar en wasbaar op 30 °C. Ook is het <strong>waterafstotend</strong>, waardoor een gemorste drank of hapje sneller afgeveegd kan worden. <br />Deze combinatie van eigenschappen betekent: minder zorgen over vlekken of verkleuring, meer tijd om te genieten.</p> <h3>Praktisch in gebruik</h3> <p>Het kleed is ideaal voor gebruik <strong>binnen & buiten</strong> – perfect voor een zomeravond op het terras, maar ook fijn als je gewoon binnen wilt genieten zonder het kleed iedere keer te wisselen. Dankzij de kreukvrije werking ligt het kleed strak zonder dat je veel hoeft te strijken: een groot voordeel bij haast of spontane etentjes.</p> <h3>Beschermt én verfraait je tafel</h3> <p>Een tafelkleed doet meer dan decoreren: het beschermt je tafelblad tegen krassen, vlekken en hitte van borden. Dit kleed maakt die bescherming stijlvol, zonder gedoe. Door de combinatie van kleur en materiaal lever je ook een statement – jouw tafel is klaar voor gasten, voor thema-feestjes of voor dagelijkse gezelligheid.</p> <h3>Waarom dit kleed jouw keuze moet zijn</h3> <ul> <li> <p><strong>Merk</strong>: Raved — vertrouwd merk in tafelkleden.</p> </li> <li> <p><strong>Maat</strong>: maat (laat deze invullen) zorgt voor een juiste overhang en verzorgde uitstraling.</p> </li> <li> <p><strong>Materiaal & eigenschappen</strong>: 100% polyester, waterafstotend, kreukvrij, vormvast, kleurecht.</p> </li> <li> <p><strong>Gebruikssituatie</strong>: binnen en buiten, voor gezellige momenten of thema-avonden.</p> </li> <li> <p><strong>Emotie + logica</strong>: sfeer én gemak — je kiest niet alleen voor uitstraling, maar ook voor praktisch gemak.</p> </li> </ul> <h3>Call-to-action</h3> <p>Wacht niet tot je tafel er weer saai uitziet: kies nu voor dit kleed en creëer vandaag nog een tafel vol sfeer én gemak. Klik op “in winkelwagen” en haal jouw nieuwe sfeermaker in huis!</p>",,,taxable,,1,999,,0,0,,,,,1,,,"29,99",Tafellaken,"Effen, Polyester, Raved, Rechthoek, Tafelkleed, Tafellaken",,"https://ravedfabrics.com/wp-content/uploads/2026/02/1200x1200-553.jpg, https://ravedfabrics.com/wp-content/uploads/2026/02/550x550-258.jpg, https://ravedfabrics.com/wp-content/uploads/2026/02/550x502-1.jpg, https://ravedfabrics.com/wp-content/uploads/2026/02/550x550-259.jpg, https://ravedfabrics.com/wp-content/uploads/2026/02/550x178-35.jpg, https://ravedfabrics.com/wp-content/uploads/2026/02/550x550-260.jpg",,,,,,,,,0,Raved,,,,,
2351123832449930,variable,RAV-RAVEDTAFEL-9300000130596417,,"Raved Bruin Polyester Kerst Tafelkleed 140 - Kreukvrij",1,0,visible,,"<p>Met het <strong>kreukvrije</strong>, <strong>100% polyester tafelkleed</strong> in warm <strong>bruin</strong> geef je je tafel direct een luxe uitstraling — of je nu binnen dineert of buiten geniet. <strong>Onderhoudsvriendelijk en geschikt voor binnen & buitengebruik</strong>, zodat jij onbezorgd kunt tafelen.</p> <p><strong>Ervaar de perfecte mix van stijl en functionaliteit met het <strong>Raved tafelkleed</strong>, het ideale keuze voor wie kiest voor een sfeervolle tafel zonder gedoe.</strong></p> <h3>Sfeervol & veelzijdig</h3> <p>Het effen <strong>bruin tafelkleed</strong> zorgt voor een warme, uitnodigende tafelsetting — of het nu is voor het dagelijks diner, een weekendbrunch of een gezellige tuinbijeenkomst. De neutrale kleur is eenvoudig te combineren met jouw servies, accessoires of seizoen.</p> <h3>Duurzaam materiaal</h3> <p>Gemaakt van <strong>100% polyester</strong>, dit kleed heeft een luxueuze uitstraling én is tegelijk sterk en onderhoudsvriendelijk. Polyester is minder gevoelig voor kreukjes, vervaagt minder snel en houdt zijn vorm beter dan veel natuurlijke stoffen.</p> <h3>Praktisch & zorgeloos</h3> <p>Dankzij de <strong>kreukvrij</strong> finish ziet het tafelkleed er direct netjes uit bij uitpakken. Geschikt voor zowel <strong>binnen & buitengebruik</strong> — ideaal voor zonnige lunch op het terras of een gezellig etentje in de tuin. Houd er rekening mee dat het kleed bij regen best naar binnen gehaald wordt om <strong>verkleuring of verwering</strong> te voorkomen.</p> <h3>Specificaties in één oogopslag</h3> <ul> <li> <p>Kleur: <strong>Bruin</strong></p> </li> <li> <p>Materiaal: <strong>100% polyester</strong></p> </li> <li> <p>Vorm: Rechthoek</p> </li> <li> <p>Gebruik: Voor binnen & buiten</p> </li> <li> <p>Onderhoud: Wasbaar op 30 °C normaal programma Bol</p> </li> </ul> <h3>Waarom dit kleed?</h3> <ul> <li> <p>Beschermt je tafel tegen knoeien, kringen en hits van een hete pan — ideaal voor gezinnen of buitengebruik.</p> </li> <li> <p>Geen dure tafellakens die je om elke etentje moet wisselen; dit kleed is stijlvol én functioneel.</p> </li> <li> <p>Door de neutrale kleur en eenvoudige afwerking gebruik je het jaar na jaar, seizoen na seizoen.</p> </li> </ul> <h3>Neem nu de stap</h3> <p>Laat jouw tafel stralen met een praktische en stijlvolle basis — het Raved tafelkleed maakt het mogelijk. Voeg vandaag nog toe aan je winkelwagen en geniet van een perfect gedekte tafel vanaf morgen!</p>",,,taxable,,1,999,,0,0,,,,,1,,,,Tafellaken,"Effen, Polyester, Raved, Rechthoek, Tafelkleed, Tafellaken",,https://ravedfabrics.com/wp-content/uploads/2026/02/1200x527.jpg,,,,,,,,,0,Raved,Size,"140 x 240 cm, 140 x 260 cm",0,0,"140 x 240 cm"
2351123832449931,variable,RAV-RAVEDTAFEL-9300000130596418,,"Raved Roest Bruin Polyester Kerst Tafelkleed 140 - Kreukvrij",1,0,visible,,"<p>Breng direct <strong>stijl en gemak</strong> op je tafel met dit <strong>roestbruine tafelkleed</strong> van <strong>100% polyester</strong>, dat dankzij de <strong>kreukvrije finish</strong> moeiteloos binnen én buiten gebruikt kan worden – <strong>bescherm je tafel</strong> én creëer een gezellige sfeer in één stap.</p> <p>Maak van elke maaltijd een moment om van te genieten met het <strong>primair zoekwoord</strong> <strong>tafelkleed</strong> – dit stijlvolle model van het merk Raved in <strong>kleur roest bruin</strong>, gemaakt van <strong>100% polyester</strong>. Het combineert in één keer <strong>stijl, gemak en bescherming</strong> voor jouw tafel.</p> <h3>Sfeervolle sfeer – eenvoudig gerealiseerd</h3> <p>Met de warme roestbruine tint geef je je eetkamer, keuken of terras direct een uitnodigende uitstraling. Het effen design maakt het ideaal te combineren met jouw interieurstijl – of je nu kiest voor modern, industrieel of landelijk. Dankzij de ruime maat valt het kleed mooi over je tafel en oogt de setting direct verzorgd.</p> <h3>Materiaal & gebruiksgemak</h3> <p>Het materiaal – 100 % polyester – is bewust gekozen voor zijn sterke eigenschappen: het voelt zacht aan, is duurzaam en eenvoudig in onderhoud. Het kleed is <strong>kreukvrij</strong>, wat betekent dat je geen tijd hoeft te spenderen aan strijken: het blijft netjes liggen, zelfs na gebruik of opslag. Het is geschikt voor zowel binnen als buiten – perfect dus voor je eettafel binnen of je tuintafel op zonnige dagen. Let er wel op dat je het kleed bij regen invoert om verkleuring of verwering te voorkomen.</p> <h3>Bescherming & praktische voordelen</h3> <p>Dit tafelkleed biedt meer dan alleen een mooie look: het beschermt je tafel tegen knoeien, vlekken of zelfs lichte hitte van schotels en pannen. Daarmee haal je direct stress weg: je tafel is al gedekt en klaar voor gebruik. Na afloop neem je het eenvoudige af met een vochtige doek – ideaal voor gezinnen of als je regelmatig gasten hebt. </p> <h3>Voor wie?</h3> <p>Perfect voor: gezinnen met jonge kinderen die makkelijk willen kunnen schoonmaken; mensen die graag binnen én buiten eten; wie een stijlvolle tafelsetting wil zonder grote onderhoud. Stel je voor: een zonnige middag buiten met vrienden, zonder zorgen over vlekken of verschuivend kleed.</p> <h3>Waarom kiezen voor dit kleed?</h3> <ul> <li> <p><strong>Kleur & sfeer</strong>: roestbruin geeft warmte en is trendy.</p> </li> <li> <p><strong>Materiaal</strong>: 100% polyester – stijlvol én praktisch.</p> </li> <li> <p><strong>USP’s</strong>: kreukvrij – dus direct netjes, geschikt voor binnen en buiten – dus veelzijdig.</p> </li> <li> <p><strong>Merk</strong>: Raved staat voor kwaliteit, zoals in andere producten terugkomt.</p> </li> </ul> <h3>Call-to-action</h3> <p>Wacht niet met het in huis halen van dit veelzijdige tafelkleed. Kies voor gemak, stijl én bescherming – voeg vandaag nog het Raved roestbruine polyester tafelkleed toe aan je winkelwagen en transformeer jouw tafel in een stijlvolle en relaxte plek!</p>",,,taxable,,1,999,,0,0,,,,,1,,,,Tafellaken,"Effen, Polyester, Raved, Rechthoek, Tafelkleed, Tafellaken",,https://ravedfabrics.com/wp-content/uploads/2026/02/1200x1200-562.jpg,,,,,,,,,0,Raved,Size,"140 x 220 cm, 140 x 240 cm",0,0,"140 x 220 cm"
2351123832449932,variable,RAV-RAVEDTAFEL-9300000176743569,,"Raved Rond Tafelzeil - 160 ø - PVC - Afwasbaar",1,0,visible,,"<p>Maak jouw tafel direct uitnodigend én praktisch met dit <strong>afwasbare PVC-tafelzeil</strong>, compleet met stijlvol <strong>blaadjesdesign in groen</strong> en ideaal voor <strong>ronde tafels Ø 160 cm</strong>. Snel schoon, mooi in huis én tuin.</p> <p><strong>Ben je op zoek naar een tafelkleed dat er niet alleen mooi uitziet, maar ook tegen een stootje kan?</strong> Dan is het <strong>primair zoekwoord</strong> <strong>“tafelzeil”</strong> hier volledig op z’n plaats. Het <strong>PVC-tafelzeil Ø 160 cm</strong> van het merk <strong>Raved</strong> biedt namelijk de perfecte mix van stijl en functionaliteit.</p> <h3>Elegante look + praktische bescherming</h3> <p>Met het <strong>groene kleurgebruik</strong> én het motief van <strong>blaadjes / bladeren</strong> voeg je direct een natuurlijke, frisse sfeer toe aan je eet- of tuintafel. Het ronde formaat maakt dit tafelzeil bij uitstek geschikt voor tafels met een diameter van circa 160 cm. De <strong>maat</strong> is ideaal voor 6-8 personen en zorgt ervoor dat je tafel netjes bedekt is zonder slordige randen.</p> <h3>Hoogwaardige kwaliteit en onderhoudsgemak</h3> <p>Het tafelzeil is vervaardigd van <strong>materiaal: PVC</strong> – een stevige kunststoflaag die ervoor zorgt dat vloeistoffen, etensresten of vieze vlekken geen kans krijgen. Dankzij het <strong>afwasbare</strong> oppervlak is een natte doek meestal voldoende om schoon te maken – ideaal voor gezinsgebruik of buitenopstellingen. <br />Daarnaast blijkt uit gebruikersreviews dat de kwaliteit goed ervaren wordt (“goede kwaliteit en gemakkelijk afwasbaar”). </p> <h3>Binnen én buiten inzetbaar</h3> <p>Door het onderhoudsgemak én het solide materiaal leent dit tafelzeil zich perfect voor zowel binnen (keuken of eetkamer) als buitengebruik op het terras of balkon. Dankzij het klassieke natuur-motief blijft het ook stijlvol tijdens een zomeretentje of gezellige picknick-setting.</p> <h3>Details op een rij</h3> <ul> <li> <p>Merk: <strong>Raved</strong></p> </li> <li> <p>Vorm: rond</p> </li> <li> <p>Maat: Ø 160 cm</p> </li> <li> <p>Kleur/motief: groen met blaadjes/bladeren</p> </li> <li> <p>Materiaal: <strong>PVC</strong></p> </li> <li> <p>Onderhoud: afwasbaar met vochtige doek</p> </li> <li> <p>Geschikt voor: binnen & buiten</p> </li> <li> <p>USP’s: stijlvolle print, onderhoudsgemak, maat perfect voor ronde tafels</p> </li> </ul> <h3>Vermijd teleurstellingen — kies bewust</h3> <p>Let op: aangezien het tafelzeil relatief dun kan zijn, raden we aan het netjes op te rollen bij opbergen om vouwen of scheuren op langere termijn te voorkomen. Een enkele review wijst erop dat kwaliteit na meerdere maanden licht achteruit kan gaan (“scheurt snel”). Daarom is het raadzaam het product netjes te behandelen – dan profiteer je optimaal van de voordelen.</p> <h3>Pak de kans</h3> <p>Geef je tafel in één stap een stijlvolle upgrade en bescherm ‘m tegen gemorste drankjes, hete pannen of buitengebruik. Kies voor dit <strong>afwasbare PVC tafelzeil van Raved</strong>, geniet direct van plezierig gebruik en een uitnodigend resultaat. <strong>Bestel vandaag</strong> en transformeer jouw tafel met gemak en uitstraling!</p>",,,taxable,,1,999,,0,0,,,,,1,,,,Tafellaken,"Bloemen, Gebloemd, PVC, Raved, Rond, Tafellaken, Tafelzeil",,https://ravedfabrics.com/wp-content/uploads/2026/02/1200x1200-513.jpg,,,,,,,,,0,Raved,Size,"140 x 160 cm, 160 x 160 cm",0,0,"140 x 160 cm"
2351123832449933,variable,RAV-RAVEDTAFEL-9300000157260843,,"Raved Katoen Tafelzeil 140 - Waterafstotend - Uitwasbaar Tafelzeil",1,0,visible,,"<p>Geef je tafel een tropische upgrade met dit <strong>stijlvolle jungle-motief</strong> en bescherm ‘m tegelijk moeiteloos: het <strong>gecoate katoen is waterafstotend en uitwasbaar</strong>, dus vlekken en knoeien krijgen geen kans.</p> <p>Breng direct sfeer én zekerheid aan tafel met het <strong>primair zoekwoord “tafelzeil”</strong> in een prachtige combinatie van stijl en gebruiksgemak. Dit tafelzeil van het vertrouwde merk <strong>Raved</strong> is vervaardigd uit <strong>hoogwaardig katoen</strong> dat voorzien is van een speciale coating – zo is het <strong>waterafstotend</strong> en eenvoudig met een vochtige doek af te nemen. Dankzij het levendige <strong>jungle-motief in groen en blauw</strong> creëer je in één handomdraai een frisse, natuurlijke look op je eettafel of in de tuin.</p> <h3>Waarom kiezen voor dit tafelzeil?</h3> <ul> <li> <p><strong>Bescherming tegen vlekken en morsen</strong>: Je hoeft niet meer te schrikken van rode wijn, tomatensaus of markeerstiften – het tafelzeil is uitwasbaar en blijft mooi.</p> </li> <li> <p><strong>Stijlvol motief met gemak</strong>: Het jungle-design brengt direct een moderne, botanische flair, zonder concessies op functionaliteit.</p> </li> <li> <p><strong>Materiaal & onderhoud</strong>: Het katoen is aangenaam in de look en feel, terwijl de coating zorg draagt voor praktische reiniging en langdurige bescherming.</p> </li> <li> <p><strong>Veelzijdig inzetbaar</strong>: Ideaal voor dagelijks gebruik in de keuken, eetkamer of tuin – of bij een gezellige buitenlunch.</p> </li> <li> <p><strong>Merk- en kwaliteitsvertrouwen</strong>: Raved staat bekend om goed afgewerkt tafeltextiel – dus je investeert in iets dat langer mee kan.</p> </li> </ul> <h3>Specificaties & gebruik</h3> <p>Dit tafelzeil is ontworpen om jouw tafel te beschermen én te verfraaien. Leg het op je tafel, zorg voor een nette afwerking langs de randen, en je bent klaar. Het motief blijft mooi zichtbaar dankzij de hoogwaardige print, zonder dat functionaliteit achterblijft. Dankzij de waterafstotende coating heb je minder schoonmaakstress – vlekken vormen zich minder snel en je veegt ze simpel weg.</p> <h3>Onderhoud & tips</h3> <p>Voor optimaal resultaat: haal het tafelzeil na gebruik binnen (bij buitengebruik), veeg morsen direct schoon met een zachte doek, en vermijd ruw schrobben om de coating te behouden. Zo behoud je langere tijd het frisse uiterlijk en de beschermende werking.</p> <h3>Creëer de juiste setting</h3> <p>Of je nu een snelle lunch hebt met het gezin, een uitgebreide dineravond met vrienden of gewoon lekker buiten borrelt: dit tafelzeil past perfect. Het geeft je tafel die professionele look alsof je net een lifestyle-magazine hebt opgebladerd. Tegelijkertijd biedt het je gemoedsrust – je hoeft niet continu te denken aan vlekken, kringen of beschadiging: je tafel is beschermd én prachtig.</p> <p><strong>Wacht niet langer</strong> en geef je eet- of tuinsfeer de upgrade die ‘ie verdient – investeer in dit tafelzeil voor stijl, gemak en bescherming. Plaats vandaag je bestelling en zie hoe jouw tafel transformeert.</p>",,,taxable,,1,999,,0,0,,,,,1,,,,Tafellaken,"Bloemen, Geruit, PVC, Raved, Rechthoek, Tafelkleed, Tafellaken",,"https://ravedfabrics.com/wp-content/uploads/2026/02/1200x593-1.jpg, https://ravedfabrics.com/wp-content/uploads/2026/02/550x467-13.jpg, https://ravedfabrics.com/wp-content/uploads/2026/02/550x550-94.jpg, https://ravedfabrics.com/wp-content/uploads/2026/02/550x550-95.jpg, https://ravedfabrics.com/wp-content/uploads/2026/02/550x488-12.jpg",,,,,,,,,0,Raved,Size,"140 x 160 cm, 140 x 180 cm, 140 x 200 cm, 140 x 240 cm, 140 x 300 cm",0,0,"140 x 160 cm"
2351123832449935,simple,8720707633364,,"Raved Tafelkleed – 140 cm x 220 cm – Geel Polyester – Kreukvrij",1,0,visible,,"<p>Geef je tafel direct een vrolijke en frisse uitstraling met dit <strong>kreukvrije tafelkleed van 100% polyester</strong>, speciaal ontworpen voor <strong>binnen én buitengebruik</strong>. Dankzij de <strong>onderhoudsvriendelijke kwaliteit</strong> en zonnige gele kleur zorg je eenvoudig voor een stijlvolle setting, zonder gedoe.</p> <p>Transformeer je eettafel in een sfeervol middelpunt, in deze uitvoering van het merk Raved. Dit stijlvolle en praktische kleed is vervaardigd van <strong>100% polyester</strong> en afgewerkt met een <strong>kreukvrij karakter</strong>, zodat je direct een nette, gestroomlijnde look hebt zonder strijkwerk.</p> <h3>Sfeer & kleur</h3> <p>De heldergele kleur voegt een zonnige, warme vibe toe aan je interieur of tuintafel – ideaal voor gezellige diners, zomerse BBQ-avonden of ontbijt op het balkon. Deze kleur zorgt ervoor dat je tafel er direct verzorgd uitziet en maakt het moment extra uitnodigend voor familie en vrienden.</p> <h3>Materiaal & onderhoud</h3> <p>Dankzij het hoogwaardige polyestermateriaal is het kleed <strong>onderhoudsvriendelijk</strong>: eenvoudig afnemen met een vochtige doek en klaar voor gebruik, zonder te hoeven wachten op een hele was- of droogcyclus. Het <strong>kreukvrij</strong> karakter betekent immers minder gedoe, meer gemak. Voor buitengebruik geldt wel: haal het kleed bij regen naar binnen om verkleuring of verwering te voorkomen – zo blijft de kwaliteit behouden.</p> <h3>Toepassing binnen & buiten</h3> <p>Of je nu een uitgebreid diner binnen organiseert of kiest voor een ontspannen lunch buiten, dit kleed is geschikt voor beide. biedt voldoende dekking voor veel standaard tafels. Dankzij de veelzijdigheid kun je hem ook inzetten voor kindertafels of creatieve knutselsessies, waar bescherming tegen knoeien gewenst is.</p> <h3>Waarom kiezen voor Raved?</h3> <ul> <li> <p>Het merk Raved staat bekend om praktische én stijlvolle woontextiel-oplossingen.</p> </li> <li> <p>De combinatie van kleur, materiaal en functionaliteit maakt dit kleed direct aantrekkelijk.</p> </li> <li> <p>Door te kiezen voor dit tafelkleed, vermijd je veelvoorkomende frustraties: gekreukte stoffen, moeilijk schoon te krijgen vlekken of doffe kleuren.</p> </li> </ul> <h3>Specificaties in één oogopslag</h3> <ul> <li> <p>Materiaal: <strong>100% polyester</strong></p> </li> <li> <p>Kleur: <strong>Geel</strong></p> </li> <li> <p>Kenmerk: <strong>Kreukvrij</strong></p> </li> <li> <p>Gebruik: Voor <strong>binnen & buiten</strong> (met aandachtspunt bij regen)</p> </li> </ul> <p>Wacht niet langer met het creëren van een stijlvolle tafelsetting – voeg dit tafelkleed toe aan je winkelwagen en geef iedere maaltijd of bijeenkomst dat extra vleugje klasse en gemak. <strong>Bestel vandaag nog</strong> en ervaar het verschil zelf!</p>",,,taxable,,1,999,,0,0,,,,,1,,,,Tafellaken,"Effen, Polyester, Raved, Rechthoek, Tafelkleed, Tafellaken",,https://ravedfabrics.com/wp-content/uploads/2026/02/1200x1200-559.jpg,,,,,,,,,0,Raved,,,,,
2351123832449937,simple,8720707633388,,"Raved Tafelkleed – 140 cm x 260 cm – Geel Polyester – Kreukvrij",1,0,visible,,"<p>Geef je tafel direct een vrolijke en frisse uitstraling met dit <strong>kreukvrije tafelkleed van 100% polyester</strong>, speciaal ontworpen voor <strong>binnen én buitengebruik</strong>. Dankzij de <strong>onderhoudsvriendelijke kwaliteit</strong> en zonnige gele kleur zorg je eenvoudig voor een stijlvolle setting, zonder gedoe.</p> <p>Transformeer je eettafel in een sfeervol middelpunt, in deze uitvoering van het merk Raved. Dit stijlvolle en praktische kleed is vervaardigd van <strong>100% polyester</strong> en afgewerkt met een <strong>kreukvrij karakter</strong>, zodat je direct een nette, gestroomlijnde look hebt zonder strijkwerk.</p> <h3>Sfeer & kleur</h3> <p>De heldergele kleur voegt een zonnige, warme vibe toe aan je interieur of tuintafel – ideaal voor gezellige diners, zomerse BBQ-avonden of ontbijt op het balkon. Deze kleur zorgt ervoor dat je tafel er direct verzorgd uitziet en maakt het moment extra uitnodigend voor familie en vrienden.</p> <h3>Materiaal & onderhoud</h3> <p>Dankzij het hoogwaardige polyestermateriaal is het kleed <strong>onderhoudsvriendelijk</strong>: eenvoudig afnemen met een vochtige doek en klaar voor gebruik, zonder te hoeven wachten op een hele was- of droogcyclus. Het <strong>kreukvrij</strong> karakter betekent immers minder gedoe, meer gemak. Voor buitengebruik geldt wel: haal het kleed bij regen naar binnen om verkleuring of verwering te voorkomen – zo blijft de kwaliteit behouden.</p> <h3>Toepassing binnen & buiten</h3> <p>Of je nu een uitgebreid diner binnen organiseert of kiest voor een ontspannen lunch buiten, dit kleed is geschikt voor beide. biedt voldoende dekking voor veel standaard tafels. Dankzij de veelzijdigheid kun je hem ook inzetten voor kindertafels of creatieve knutselsessies, waar bescherming tegen knoeien gewenst is.</p> <h3>Waarom kiezen voor Raved?</h3> <ul> <li> <p>Het merk Raved staat bekend om praktische én stijlvolle woontextiel-oplossingen.</p> </li> <li> <p>De combinatie van kleur, materiaal en functionaliteit maakt dit kleed direct aantrekkelijk.</p> </li> <li> <p>Door te kiezen voor dit tafelkleed, vermijd je veelvoorkomende frustraties: gekreukte stoffen, moeilijk schoon te krijgen vlekken of doffe kleuren.</p> </li> </ul> <h3>Specificaties in één oogopslag</h3> <ul> <li> <p>Materiaal: <strong>100% polyester</strong></p> </li> <li> <p>Kleur: <strong>Geel</strong></p> </li> <li> <p>Kenmerk: <strong>Kreukvrij</strong></p> </li> <li> <p>Gebruik: Voor <strong>binnen & buiten</strong> (met aandachtspunt bij regen)</p> </li> </ul> <p>Wacht niet langer met het creëren van een stijlvolle tafelsetting – voeg dit tafelkleed toe aan je winkelwagen en geef iedere maaltijd of bijeenkomst dat extra vleugje klasse en gemak. <strong>Bestel vandaag nog</strong> en ervaar het verschil zelf!</p>",,,taxable,,1,999,,0,0,,,,,1,,,"34,99",Tafellaken,"Effen, Polyester, Raved, Rechthoek, Tafelkleed, Tafellaken",,"https://ravedfabrics.com/wp-content/uploads/2026/02/1200x1200-560.jpg, https://ravedfabrics.com/wp-content/uploads/2026/02/550x550-261.jpg, https://ravedfabrics.com/wp-content/uploads/2026/02/550x445-1.jpg, https://ravedfabrics.com/wp-content/uploads/2026/02/550x550-262.jpg, https://ravedfabrics.com/wp-content/uploads/2026/02/550x550-263.jpg, https://ravedfabrics.com/wp-content/uploads/2026/02/550x178-36.jpg",,,,,,,,,0,Raved,,,,,
2351123832449947,simple,8720707633470,,"Raved Tafelkleed – 140 cm x 200 cm – Roest Bruin Polyester – Kreukvrij",1,0,visible,,"<p>Breng direct <strong>stijl en gemak</strong> op je tafel met dit <strong>roestbruine tafelkleed</strong> van <strong>100% polyester</strong>, dat dankzij de <strong>kreukvrije finish</strong> moeiteloos binnen én buiten gebruikt kan worden – <strong>bescherm je tafel</strong> én creëer een gezellige sfeer in één stap.</p> <p>Maak van elke maaltijd een moment om van te genieten met het <strong>primair zoekwoord</strong> <strong>tafelkleed</strong> – dit stijlvolle model van het merk Raved in <strong>kleur roest bruin</strong>, gemaakt van <strong>100% polyester</strong>. Het combineert in één keer <strong>stijl, gemak en bescherming</strong> voor jouw tafel.</p> <h3>Sfeervolle sfeer – eenvoudig gerealiseerd</h3> <p>Met de warme roestbruine tint geef je je eetkamer, keuken of terras direct een uitnodigende uitstraling. Het effen design maakt het ideaal te combineren met jouw interieurstijl – of je nu kiest voor modern, industrieel of landelijk. Dankzij de ruime maat valt het kleed mooi over je tafel en oogt de setting direct verzorgd.</p> <h3>Materiaal & gebruiksgemak</h3> <p>Het materiaal – 100 % polyester – is bewust gekozen voor zijn sterke eigenschappen: het voelt zacht aan, is duurzaam en eenvoudig in onderhoud. Het kleed is <strong>kreukvrij</strong>, wat betekent dat je geen tijd hoeft te spenderen aan strijken: het blijft netjes liggen, zelfs na gebruik of opslag. Het is geschikt voor zowel binnen als buiten – perfect dus voor je eettafel binnen of je tuintafel op zonnige dagen. Let er wel op dat je het kleed bij regen invoert om verkleuring of verwering te voorkomen.</p> <h3>Bescherming & praktische voordelen</h3> <p>Dit tafelkleed biedt meer dan alleen een mooie look: het beschermt je tafel tegen knoeien, vlekken of zelfs lichte hitte van schotels en pannen. Daarmee haal je direct stress weg: je tafel is al gedekt en klaar voor gebruik. Na afloop neem je het eenvoudige af met een vochtige doek – ideaal voor gezinnen of als je regelmatig gasten hebt. </p> <h3>Voor wie?</h3> <p>Perfect voor: gezinnen met jonge kinderen die makkelijk willen kunnen schoonmaken; mensen die graag binnen én buiten eten; wie een stijlvolle tafelsetting wil zonder grote onderhoud. Stel je voor: een zonnige middag buiten met vrienden, zonder zorgen over vlekken of verschuivend kleed.</p> <h3>Waarom kiezen voor dit kleed?</h3> <ul> <li> <p><strong>Kleur & sfeer</strong>: roestbruin geeft warmte en is trendy.</p> </li> <li> <p><strong>Materiaal</strong>: 100% polyester – stijlvol én praktisch.</p> </li> <li> <p><strong>USP’s</strong>: kreukvrij – dus direct netjes, geschikt voor binnen en buiten – dus veelzijdig.</p> </li> <li> <p><strong>Merk</strong>: Raved staat voor kwaliteit, zoals in andere producten terugkomt.</p> </li> </ul> <h3>Call-to-action</h3> <p>Wacht niet met het in huis halen van dit veelzijdige tafelkleed. Kies voor gemak, stijl én bescherming – voeg vandaag nog het Raved roestbruine polyester tafelkleed toe aan je winkelwagen en transformeer jouw tafel in een stijlvolle en relaxte plek!</p>",,,taxable,,1,999,,0,0,,,,,1,,,"28,95",Tafellaken,"Effen, Polyester, Raved, Rechthoek, Tafelkleed, Tafellaken",,"https://ravedfabrics.com/wp-content/uploads/2026/02/1200x1200-561.jpg, https://ravedfabrics.com/wp-content/uploads/2026/02/550x550-264.jpg, https://ravedfabrics.com/wp-content/uploads/2026/02/550x495-8.jpg, https://ravedfabrics.com/wp-content/uploads/2026/02/550x550-265.jpg, https://ravedfabrics.com/wp-content/uploads/2026/02/550x550-266.jpg, https://ravedfabrics.com/wp-content/uploads/2026/02/550x178-37.jpg",,,,,,,,,0,Raved,,,,,
2351123832449957,simple,8720707633500,,"Raved Tafelkleed – 140 cm x 260 cm – Roest Bruin Polyester – Kreukvrij",1,0,visible,,"<p>Breng direct <strong>stijl en gemak</strong> op je tafel met dit <strong>roestbruine tafelkleed</strong> van <strong>100% polyester</strong>, dat dankzij de <strong>kreukvrije finish</strong> moeiteloos binnen én buiten gebruikt kan worden – <strong>bescherm je tafel</strong> én creëer een gezellige sfeer in één stap.</p> <p>Maak van elke maaltijd een moment om van te genieten met het <strong>primair zoekwoord</strong> <strong>tafelkleed</strong> – dit stijlvolle model van het merk Raved in <strong>kleur roest bruin</strong>, gemaakt van <strong>100% polyester</strong>. Het combineert in één keer <strong>stijl, gemak en bescherming</strong> voor jouw tafel.</p> <h3>Sfeervolle sfeer – eenvoudig gerealiseerd</h3> <p>Met de warme roestbruine tint geef je je eetkamer, keuken of terras direct een uitnodigende uitstraling. Het effen design maakt het ideaal te combineren met jouw interieurstijl – of je nu kiest voor modern, industrieel of landelijk. Dankzij de ruime maat valt het kleed mooi over je tafel en oogt de setting direct verzorgd.</p> <h3>Materiaal & gebruiksgemak</h3> <p>Het materiaal – 100 % polyester – is bewust gekozen voor zijn sterke eigenschappen: het voelt zacht aan, is duurzaam en eenvoudig in onderhoud. Het kleed is <strong>kreukvrij</strong>, wat betekent dat je geen tijd hoeft te spenderen aan strijken: het blijft netjes liggen, zelfs na gebruik of opslag. Het is geschikt voor zowel binnen als buiten – perfect dus voor je eettafel binnen of je tuintafel op zonnige dagen. Let er wel op dat je het kleed bij regen invoert om verkleuring of verwering te voorkomen.</p> <h3>Bescherming & praktische voordelen</h3> <p>Dit tafelkleed biedt meer dan alleen een mooie look: het beschermt je tafel tegen knoeien, vlekken of zelfs lichte hitte van schotels en pannen. Daarmee haal je direct stress weg: je tafel is al gedekt en klaar voor gebruik. Na afloop neem je het eenvoudige af met een vochtige doek – ideaal voor gezinnen of als je regelmatig gasten hebt. </p> <h3>Voor wie?</h3> <p>Perfect voor: gezinnen met jonge kinderen die makkelijk willen kunnen schoonmaken; mensen die graag binnen én buiten eten; wie een stijlvolle tafelsetting wil zonder grote onderhoud. Stel je voor: een zonnige middag buiten met vrienden, zonder zorgen over vlekken of verschuivend kleed.</p> <h3>Waarom kiezen voor dit kleed?</h3> <ul> <li> <p><strong>Kleur & sfeer</strong>: roestbruin geeft warmte en is trendy.</p> </li> <li> <p><strong>Materiaal</strong>: 100% polyester – stijlvol én praktisch.</p> </li> <li> <p><strong>USP’s</strong>: kreukvrij – dus direct netjes, geschikt voor binnen en buiten – dus veelzijdig.</p> </li> <li> <p><strong>Merk</strong>: Raved staat voor kwaliteit, zoals in andere producten terugkomt.</p> </li> </ul> <h3>Call-to-action</h3> <p>Wacht niet met het in huis halen van dit veelzijdige tafelkleed. Kies voor gemak, stijl én bescherming – voeg vandaag nog het Raved roestbruine polyester tafelkleed toe aan je winkelwagen en transformeer jouw tafel in een stijlvolle en relaxte plek!</p>",,,taxable,,1,999,,0,0,,,,,1,,,"34,99",Tafellaken,"Effen, Polyester, Raved, Rechthoek, Tafelkleed, Tafellaken",,"https://ravedfabrics.com/wp-content/uploads/2026/02/1200x1200-563.jpg, https://ravedfabrics.com/wp-content/uploads/2026/02/550x550-267.jpg, https://ravedfabrics.com/wp-content/uploads/2026/02/550x495-9.jpg, https://ravedfabrics.com/wp-content/uploads/2026/02/550x550-268.jpg, https://ravedfabrics.com/wp-content/uploads/2026/02/550x550-269.jpg, https://ravedfabrics.com/wp-content/uploads/2026/02/550x178-38.jpg",,,,,,,,,0,Raved,,,,,
2351123832449976,simple,8720707636501,,"Raved Placemats - Set van 6 Stuks - Alice Dove - Leatherlook - Kunststof - Ovaal - Eettafel - Onderlegger - Waterafstotend",1,0,visible,,"<p>Geef je eettafel een stijlvolle upgrade met deze <strong>set van 6 ovale placemats</strong> in <strong>Dove leatherlook kunststof</strong> – <strong>waterafstotend</strong>, <strong>antislip</strong> en eenvoudig schoon te maken met een vochtige doek. De perfecte combinatie van elegantie en gebruiksgemak.</p> <h3>Bescherm je tafel met stijl</h3> <p>Met de <strong>primair zoekwoord “placemats”</strong> in gedachten presenteren wij de <strong>Raved Placemats Alice set van 6</strong> – een stijlvolle en praktische oplossing voor jouw eetkamertafel. Deze placemats zijn vervaardigd uit <strong>kunststof met een leatherlook</strong> en in de <strong>Dove-kleur</strong>, wat een elegante, moderne uitstraling geeft zonder in te boeten aan functionaliteit. Bol+1<br />Dankzij het <strong>waterafstotende</strong> en <strong>antislip</strong> oppervlak hoef je je geen zorgen meer te maken over vlekken, vocht of schuivend servies – ideaal voor gezinnen, brunches met vrienden of een chique diner. Bol</p> <h3>Premium materiaal & afwerking</h3> <p>Deze onderleggers zijn gemaakt van hoogwaardig kunststof met een leatherlook-structuur, wat zorgt voor luxe uitstraling én sterke bescherming van je tafel tegen krassen en morsen. Specificaties die je beslist wilt weten:</p> <ul> <li> <p>Materiaal: <strong>kunststof (kunstleer/leatherlook)</strong> Bol</p> </li> <li> <p>Kleur: Dove (een zachte, neutrale tint) Bol</p> </li> <li> <p>Vorm: Ovaal – wat subtiel afwijkt van standaard rechthoekige varianten en direct een gevoel van design toevoegt Bol</p> </li> <li> <p>Set: 6 stuks – perfect voor een standaard eettafel met gezinsleden of gasten</p> </li> </ul> <h3>Waarom dit product jouw tafel verdient</h3> <ul> <li> <p><strong>Bescherming en onderhoudsgemak</strong>: Het waterafstotende oppervlak zorgt ervoor dat gemorste drank of saus geen permanente vlekken vormt. Een vochtige doek is voldoende – geen gesukkel met wassen of langdurig drogen.</p> </li> <li> <p><strong>Antislip & stevig</strong>: De placemats blijven op hun plek, ook tijdens elk moment waarin geserveerd wordt of kinderen actief zijn aan tafel.</p> </li> <li> <p><strong>Toegeeflijk design</strong>: De Dove kleur en leatherlook-textuur passen moeiteloos in uiteenlopende interieurstijlen — van modern minimalistisch tot tijdloos klassiek.</p> </li> <li> <p><strong>Set van 6</strong>: Je bent voorbereid op dagelijks gebruik én gezelschappen; extra handig bij het ontvangen van gasten.</p> </li> <li> <p><strong>Verlies-aversie-trigger</strong>: “Waarom je zorgen maken over krassen of vlekken op je mooie tafel als je direct kunt kiezen voor deze bescherming?”</p> </li> <li> <p><strong>Sociale bewijskracht</strong>: Veel huishoudens kiezen al voor placemats om stress-vrij te dineren.</p> </li> <li> <p><strong>Urgentie</strong>: “Geef je tafel vandaag nog de upgrade die hij verdient.”</p> </li> </ul> <h3>Toepassing & onderhoud</h3> <p>Leg de placemats eenvoudig neer op je eettafel. Zet servies, glazen en decoratie erop; de onderleggers beschermen zonder visuele hinder. Na afloop droog je ze af met een vochtige doek — snel én efficiënt. Door het materiaal zijn ze geschikt voor alledaagse maaltijden, kids-proof gebruik of juist een stijlvolle setting bij een diner.<br />Let op: hoewel waterafstotend, zijn deze placemats niet bedoeld als hittewerende onderlaag voor extreem warme pannen direct van het vuur.</p> <h3>Maak van elke maaltijd een moment</h3> <p>Met de Raved Placemats Alice set van 6 kies je voor <strong>stijl, langdurige bescherming en moeiteloos onderhoud</strong>. Wil je een eettafel die er altijd verzorgd uitziet, zonder gedoe? Wacht dan niet langer: voeg deze placemats vandaag nog toe aan je tafelsetting en ervaar het verschil zelf. <strong>Bestel nu en geef je interieur de finishing touch.</strong></p>",,,taxable,,1,999,,0,0,,,,,1,,"34,99","35,95",Placemats,"Effen, Kunstleer, Ovaal, Placemats, Raved",,"https://ravedfabrics.com/wp-content/uploads/2026/02/1200x1200-564.jpg, https://ravedfabrics.com/wp-content/uploads/2026/02/550x442-1.jpg, https://ravedfabrics.com/wp-content/uploads/2026/02/550x460.jpg",,,,,,,,,0,Raved,,,,,
2351123832449978,simple,8720707636556,,"Raved Placemats - Set van 6 Stuks - Elsa Dove - Leatherlook - Kunststof - Eettafel - Onderlegger - Waterafstotend",1,0,visible,,"<p>Geef je eettafel een stijlvolle upgrade met <strong>6 stuks elegante placemats in dove kleur</strong> met <strong>leatherlook-kunststof</strong> finish. Deze <strong>waterafstotende en antislip onderleggers</strong> beschermen je tafel tegen vlekken en krassen én zijn eenvoudig schoon te maken — luxe én praktisch in één.</p> <p> de Raved Placemats Elsa in set van 6 bieden stijl én functionaliteit in één handomdraai. Deze placemats zijn vervaardigd uit hoogwaardig <strong>kunststof met leatherlook-structuur</strong>, in een zachte dove kleur — een subtiele, neutrale tint die moeiteloos past in uiteenlopende interieurstijlen.</p> <h3>Stijlvolle bescherming voor je tafel</h3> <p>Elke onderlegger is ontworpen om zowel visueel aantrekkelijk als praktisch te zijn. Dankzij het <strong>waterafstotende oppervlak</strong> hoef je je geen zorgen te maken over gemorste drank of saus — een simpele vochtige doek is voldoende om schoon te maken. De <strong>antislip-eigenschappen</strong> zorgen ervoor dat de placemats stevig op hun plek blijven, zelfs wanneer het servies wordt verplaatst of kinderen actief zijn aan tafel.</p> <h3>Elegant materiaal en afwerking</h3> <p>Het gebruikte kunststof materiaal in leatherlook geeft direct een luxe en duurzame uitstraling — je kiest voor de look van leer, zonder het onderhoudsintensieve karakter. De dove kleur voegt een rustige, verfijnde touch toe, ideaal voor dagelijks gebruik of gezellige diners met gasten.</p> <h3>Toepassing in jouw dagelijks leven</h3> <p>Of je nu een uitgebreid diner geeft, met het gezin aan tafel zit of gewoon je dagelijks bordje neerzet: deze set van 6 placemats is klaar voor elk moment. Leg ze eenvoudig neer op je eettafel, combineer met jouw servies en accessoires, en geniet van een verzorgde en beschermde tafelomgeving. Let op: hoewel ze goed bestand zijn tegen morsen, zijn ze niet bedoeld als hittewerende onderlaag voor zeer hete pannen direct van het vuur.</p> <h3>Waarom deze keuze slim is</h3> <ul> <li> <p><strong>Bescherming én stijl</strong>: geen compromis meer tussen mooi én praktisch.</p> </li> <li> <p><strong>Onderhoudsgemak</strong>: geen wassen of langdurig drogen — gewoon afnemen.</p> </li> <li> <p><strong>Verlies-aversie trigger</strong>: “Waarom een beschadigde of vlekkerige tafel accepteren als je nu eenvoudig opzettelijk bescherming en luxe kunt kiezen?”</p> </li> <li> <p><strong>Sociale bewijskracht</strong>: duizenden huishoudens kiezen al voor afneembare, stijlvolle placemats voor stressvrije diners.</p> </li> <li> <p><strong>Urgentie</strong>: geef je interieur vandaag nog de finishing touch — wikken of wegen is hier overbodig.</p> </li> </ul> <h3>Specificaties op een rij</h3> <ul> <li> <p>Set van 6 placemats</p> </li> <li> <p>Materiaal: kunststof met leatherlook-finish</p> </li> <li> <p>Kleur: dove</p> </li> <li> <p>Vorm: rechthoekig (45 x 30 cm) — perfect voor standaard eettafels</p> </li> <li> <p>Kenmerken: waterafstotend, antislip, eenvoudig schoon te maken</p> </li> <li> <p>Merk: Raved</p> </li> </ul> <p>Geef je eetruimte de look van een stijlvolle plek én de gebruiksvriendelijkheid die past bij jouw drukke leven. Voeg de Raved Placemats Elsa vandaag nog toe aan je tafelsetting en ervaar hoe eenvoud en elegantie hand in hand gaan. Klik op ‘In winkelwagen’ en geniet binnenkort van een tafel die er elke dag verzorgd uitziet.</p>",,,taxable,,1,999,,0,0,,,,,1,,,"34,99",Placemats,"Effen, Kunstleer, Placemats, Raved, Rechthoek",,"https://ravedfabrics.com/wp-content/uploads/2026/02/1200x1111.jpg, https://ravedfabrics.com/wp-content/uploads/2026/02/550x397.jpg, https://ravedfabrics.com/wp-content/uploads/2026/02/550x464.jpg, https://ravedfabrics.com/wp-content/uploads/2026/02/550x460-1.jpg, https://ravedfabrics.com/wp-content/uploads/2026/02/550x550-148.jpg, https://ravedfabrics.com/wp-content/uploads/2026/02/550x550-149.jpg",,,,,,,,,0,Raved,,,,,
2351123832449980,simple,8720707636655,,"Raved Placemats Maja - Set van 6 Stuks - Rond - Kunststof - Eettafel - Onderlegger - Waterafstotend",1,0,visible,,"<p>Bescherm je tafel in stijl met de <strong>Raved Placemats Maja – Set van 6</strong>. Deze <strong>rond-groene</strong>, <strong>kunststof onderleggers</strong> zijn <strong>waterafstotend</strong> en direct klaar voor zowel dagelijks gebruik als feestelijke diners — praktisch én sfeervol.</p> <p>Geef je eettafel de bescherming én uitstraling die hij verdient met de <strong>Raved Placemats Maja – Set van 6</strong>. Deze handige set combineert stijl en functionaliteit op slimme wijze. In de eerste alinea valt direct het <strong>primair zoekwoord “placemats”</strong> en de belangrijkste kenmerken op: de ronde vorm, de kleur groen, het kunststof materiaal én de waterafstotende eigenschap.</p> <h3>Bescherm en verfraai je tafel</h3> <p>De <strong>rond-groene placemats</strong> van Raved zorgen ervoor dat je eettafel niet alleen visueel aantrekkelijk is, maar ook uitstekend beschermd tegen alledaagse uitdagingen. Denk aan krassen door borden en bestek, spetters bij diners of een warme schaal die je direct op tafel zet. Dankzij het <strong>kunststof materiaal</strong> is de set sterk, onderhoudsvriendelijk en geschikt voor intensief gebruik.</p> <h3>Slim materiaal & onderhoud</h3> <p>Gemaakt van hoogwaardig kunststof, is dit tafeldecoraccessoire ontworpen met gemak voorop. Het is <strong>waterafstotend</strong>, waardoor morsen snel afgeveegd kan worden zonder vlekken te maken. Ook is de onderlegger hitte- en krasschermend — ideaal bij gezinsmaaltijden of gezellige etentjes. De ronde vorm past bij zowel klassieke als moderne tafels en maakt het eenvoudig om eenheid te creëren in je tafelsetting.</p> <h3>Voor elke gelegenheid</h3> <p>Of je nu een rustige avond meets familie hebt, of een etentje organiseert met vrienden: deze set van 6 is direct klaar. Met de kleur groen voeg je een frisse, natuurlijke touch toe aan je interieur — perfect in een Scandinavisch, botanisch of modern interieur. Door de vorm en kleur heb je direct een stijlvolle tafelsetting waar je trots op kunt zijn.</p> <h3>Waarom kiezen voor Raved Placemats Maja?</h3> <ul> <li> <p><strong>Bescherming + stijl</strong>: combineert functioneel tafelbehoud met een frisse uitstraling.</p> </li> <li> <p><strong>Set van 6</strong>: ideaal voor standaard gezelschappen zonder extra aanschaf.</p> </li> <li> <p><strong>Materialen die werken</strong>: kunststof én waterafstotend — dus minder stress, meer genieten.</p> </li> <li> <p><strong>Eenvoudig schoon te maken</strong>: vlekken of vocht snel wegvegen, geen gedoe met wasbeurten of strijkwerk.</p> </li> </ul> <h3>Call-to-action</h3> <p>Maak vandaag nog van je eettafel een plek die uitnodigt, straalt en beschermd is — kies voor de Raved Placemats Maja en bestel de set van 6 voor direct gebruik. Transformeer je eetmomenten met stijl én zekerheid.</p>",,,taxable,,1,999,,0,0,,,,,1,,,"29,95",Placemats,"Effen, Kunststof, Placemats, Raved, Rond",,https://ravedfabrics.com/wp-content/uploads/2026/02/1133x1200.jpg,,,,,,,,,0,Raved,,,,,
2351123832449982,simple,8720707636679,,"Raved Placemats - Set van 6 Stuks - Selma Groen - Ovaal - Kunststof - Eettafel - Onderlegger - Waterafstotend",1,0,visible,,"<p>Geef je eettafel direct een frisse upgrade met de <strong>Raved Placemats Selma</strong>, een <strong>set van 6 ovale kunststof onderleggers in groen</strong>. Dankzij het <strong>waterafstotende</strong> en <strong>antislip</strong> materiaal bescherm je je tafel moeiteloos tegen vlekken en morsen – stijlvol én praktisch.</p> <p>Maak van elke maaltijd een sfeermoment met de <strong>Raved Placemats Selma</strong>, de perfecte keuze wanneer je een stijlvolle én functionele tafelsetting wilt. Deze set van 6 ovale onderleggers in <strong>groen</strong> combineert direct een frisse kleur met slimme bescherming voor je tafel.</p> <h3>Bescherming én stijl</h3> <p>Met deze kunststof placemats kies je voor slimme bescherming tegen <strong>vlekken, krassen en morsen</strong> – ideaal voor gezinnen, kinderen of gezellig samen aan tafel met vrienden. Het <strong>waterafstotende materiaal</strong> maakt schoonmaken eenvoudig: een vochtige doek is vaak voldoende. Bovendien zorgen de ovale vormen ervoor dat deze onderleggers moeiteloos op diverse tafeloppervlakken passen, zonder dat de hoekjes uitsteken of in de weg zitten.</p> <h3>Hoogwaardige kwaliteit</h3> <p>Gemaakt van duurzaam kunststof, bieden deze placemats een lange levensduur. Het materiaal is stevig, behoudt zijn kleur en vorm, en is bestand tegen dagelijks gebruik. Dankzij de lichte antislip eigenschappen blijven borden en glazen mooi op hun plek – geen schuiven of verschuiven tijdens levendige diners.</p> <h3>Fris design in groen</h3> <p>De kleur groen brengt een natuurlijke, rustgevende toets aan je interieur. Of je nu een modern, Scandinavisch of landelijk interieur hebt: deze kleur werkt subtiel en stijlvol. De ovale vorm versterkt dat gevoel van elegantie zonder overdadige decoratie. Een set van 6 is perfect afgestemd op een standaard eettafel voor 4 – 6 personen, waardoor je tafel direct klaar is om gedekt te worden.</p> <h3>Veelzijdige toepassing</h3> <p>Of je nu een zondagse brunch, een doordeweekse avondmaaltijd of een spontaan diner organiseert: deze onderleggers voegen waarde toe. Ze zijn geschikt voor dagelijks gebruik én voor speciale gelegenheden. Leg ze neer, dek de tafel in een handomdraai, eet ontspannen en veeg later af – geen gedoe met tafelkleed dat verkleurt of vouwen laat.</p> <h3>Eenvoudig onderhoud</h3> <p>Dankzij het kunststof materiaal en de waterafstotende afwerking kun je eenvoudig de placemats afnemen met een natte doek. Ze zijn droog in een oogwenk, geen langdurig wassen of strijken nodig. Zo behoud je een nette tafel zonder extra werk.</p> <h3>Waarom deze set?</h3> <ul> <li> <p><strong>Bescherming + stijl</strong>, in één product.</p> </li> <li> <p><strong>Kleur groen</strong> voegt direct sfeer toe.</p> </li> <li> <p><strong>Set van 6</strong> zorgt dat je hele tafel gedekt is.</p> </li> <li> <p><strong>Ovale kunststof vorm</strong> past op vrijwel elke tafel.</p> </li> <li> <p><strong>Waterafstotend en antislip</strong> voor optimaal gebruiksgemak.</p> </li> </ul> <p>Denk niet langer dat een mooie tafelsetting of bescherming van je tafelblad veel werk hoeft te kosten. Met de Raved Placemats Selma zet je binnen een minuut een verzorgde, vrolijke en praktische tafel neer. <strong>Voeg vandaag nog deze set toe aan je winkelwagen</strong> en maak van elke maaltijd een stukje beleving.</p>",,,taxable,,1,999,,0,0,,,,,1,,"24,99","28,95",Placemats,"Effen, Kunststof, Ovaal, Placemats, Raved",,"https://ravedfabrics.com/wp-content/uploads/2026/02/1200x1200-565.jpg, https://ravedfabrics.com/wp-content/uploads/2026/02/550x483-2.jpg, https://ravedfabrics.com/wp-content/uploads/2026/02/550x471-1.jpg, https://ravedfabrics.com/wp-content/uploads/2026/02/550x550-145.jpg, https://ravedfabrics.com/wp-content/uploads/2026/02/550x550-146.jpg, https://ravedfabrics.com/wp-content/uploads/2026/02/550x550-147.jpg",,,,,,,,,0,Raved,,,,,
2351123832449984,simple,8720707636754,,"Raved Placemats Alma - Set van 4 Stuks - Grijs - Leatherlook - Kunststof - Ovaal - Eettafel - Onderlegger - Waterafstotend",1,0,visible,,"<p><strong>Raved Alma Placemats zijn dé stijlvolle onderleggers die je eettafel beschermen én verfraaien.</strong><br />Met een luxe leatherlook en waterafstotend materiaal voeg je elegantie en gemak toe aan elke maaltijd.</p> <h3>Luxe uitstraling met leatherlook</h3> <p>Het stijlvolle design in leatherlook geeft jouw tafel direct een chique uitstraling. Deze placemats passen perfect bij moderne én klassieke interieurs.</p> <h3>Waterafstotend en makkelijk schoon te maken</h3> <p>Morsen geen probleem: dankzij het waterafstotende kunststof reinig je de placemats eenvoudig met een vochtige doek. Snel schoon en weer klaar voor gebruik.</p> <h3>Antislip voor extra gemak</h3> <p>Dankzij de antislip laag blijven de placemats stevig liggen. Geen verschuivende borden of glazen tijdens het eten – wel zo prettig.</p> <h3>Ovale vorm voor moderne look</h3> <p>De ovale vorm (45 x 30 cm) geeft jouw tafelsetting een unieke touch. Combineer stijlvol met ronde of rechthoekige tafels voor een speels effect.</p> <h3>Set van 6: ideaal voor het hele gezin</h3> <p>Met zes stuks in één set heb je genoeg voor het hele gezin of een diner met gasten. Praktisch én voordelig.</p> <p><strong>Wat zit er in de doos?</strong></p> <ul> <li> <p>6x Raved Alma placemats (grijs, 45 x 30 cm, ovaal)</p> </li> </ul> <h3>Productspecificaties:</h3> <ul> <li> <p><strong>Merk:</strong> Raved</p> </li> <li> <p><strong>Serie:</strong> Alma</p> </li> <li> <p><strong>Materiaal:</strong> Kunststof met leatherlook</p> </li> <li> <p><strong>Afmetingen:</strong> 45 x 30 cm</p> </li> <li> <p><strong>Kleur:</strong> Grijs</p> </li> <li> <p><strong>Vorm:</strong> Ovaal</p> </li> <li> <p><strong>Gewicht:</strong> ca. 100 g per stuk</p> </li> <li> <p><strong>Eigenschappen:</strong> Waterafstotend, antislip, makkelijk schoon te maken</p> </li> </ul> <h3>Producttips:</h3> <ul> <li> <p>Reinig met een zachte, vochtige doek – geen agressieve schoonmaakmiddelen</p> </li> <li> <p>Perfect als onderlegger voor dagelijks gebruik én diners</p> </li> <li> <p>Combineer met bijpassende servetten voor een complete look</p> </li> <li> <p>Bewaar plat om vervorming te voorkomen</p> </li> </ul>",,,taxable,,1,999,,0,0,,,,,1,,,,Placemats,"Effen, Kunstleer, Ovaal, Placemats, Raved",,https://ravedfabrics.com/wp-content/uploads/2026/02/1200x1200-566.jpg,,,,,,,,,0,Raved,,,,,
2351123832449986,simple,8720707636761,,"Raved Placemats Alma - Set van 4 Stuks - Antraciet - Leatherlook - Kunststof - Ovaal - Eettafel - Onderlegger - Waterafstotend",1,0,visible,,"<p>De <strong>Raved</strong> Alma Placemats is dé set onderleggers die jouw eettafel een luxe en moderne uitstraling geeft. Gemaakt van kunstleer in antraciet, stijlvol én praktisch in dagelijks gebruik.</p> <p><strong>Luxe leatherlook uitstraling</strong><br />Deze placemats hebben een elegante leatherlook die direct sfeer brengt aan tafel. De antraciet kleur past perfect in zowel klassieke als moderne interieurs. Een subtiele eyecatcher bij elke maaltijd.</p> <p><strong>Ovale vorm voor een unieke tafelsetting</strong><br />De ovale vorm doorbreekt het standaard patroon en geeft je eettafel een verfijnde, eigentijdse uitstraling. Perfect voor wie nét even iets anders wil dan de traditionele rechthoek.</p> <p><strong>Waterafstotend en eenvoudig schoon te maken</strong><br />Gemorst? Geen probleem. Dankzij het waterafstotende oppervlak veeg je alles makkelijk weg met een vochtige doek. Dat bespaart tijd en zorgt voor een altijd nette tafel.</p> <p><strong>Antislip en stevig materiaal</strong><br />Deze placemats blijven goed liggen tijdens het eten, zelfs bij kinderen of drukke tafels. Het kunstleer is slijtvast en bestand tegen dagelijks gebruik, zonder snel te beschadigen.</p> <p><strong>Set van 4 – perfect voor dagelijks gebruik</strong><br />Met vier stuks heb je een complete basisset voor ontbijt, lunch of diner. Ideaal voor kleinere huishoudens of als stijlvolle aanvulling bij een grotere set.</p> <p><strong>Wat zit er in de doos?</strong><br />• 4 ovale placemats<br />• Afmetingen per stuk: 45 x 30 cm<br />• Kleur: antraciet<br />• Materiaal: kunstleer</p> <p><strong>Productspecificaties:</strong><br />• Merk: Raved<br />• Materiaal: Kunstleer<br />• Vorm: Ovaal<br />• Kleur: Antraciet<br />• Afmetingen: 45 x 30 cm<br />• Gewicht: 0.5 kg<br />• Aantal stuks: 4<br />• Waterafstotend: Ja<br />• Anti-slip: Ja<br />• Wasbaar: Nee (afnemen met vochtige doek)<br />• Patroon: Effen<br />• Ingeweven motief: Nee</p> <p><strong>Producttips:</strong><br />• Bewaar plat om vouwen te voorkomen<br />• Ideaal voor houten tafels ter bescherming tegen hitte<br />• Combineer met stoffen servetten voor extra luxe<br />• Reinig direct na gebruik voor langere levensduur</p>",,,taxable,,1,999,,0,0,,,,,1,,,,Placemats,"Effen, Kunstleer, Ovaal, Placemats, Raved",,https://ravedfabrics.com/wp-content/uploads/2026/02/1200x1200-567.jpg,,,,,,,,,0,Raved,,,,,
2351123832449987,simple,8720707636785,,"Raved Placemats - Set van 6 Stuks - Astrid - Varens - Beige - Jute - Zwart - Eettafel - Onderlegger - Waterafstotend",1,0,visible,,"<p>Geef je eettafel direct een stijlvolle én praktische upgrade met de <strong>Raved Placemats Astrid – Set van 6</strong>: <strong>rustieke jute-look</strong>, <strong>varensmotief in beige/zwart</strong> en <strong>waterafstotende afwerking</strong> zorgen voor bescherming én sfeer.</p> <p>Breng een elegante rustiek-chique uitstraling aan je eettafel met de <strong>Raved Placemats Astrid – Set van 6</strong>. Deze set is ontworpen voor wie stijl én functionaliteit waardeert: de <strong>jute-look</strong> in combinatie met een subtiel <strong>varensmotief</strong> in beige en zwart geeft iedere tafelsetting direct karakter. Dankzij het <strong>waterafstotende</strong> oppervlak bescherm je jouw tafel moeiteloos tegen morsen en vlekken — ideaal voor dagelijks gebruik én speciale gelegenheden. </p> <h3>Bescherm je tafel in stijl</h3> <p>Elke placemat is rechthoekig met een afmeting van 45 × 30 cm — groot genoeg voor borden, kommen en glazen en perfect afgestemd op standaard eettafels. Het materiaal is kunststof met een jute-look, waardoor de look natuurlijk oogt maar het onderhoud eenvoudig is: een vochtige doek is voldoende om schoon te maken. </p> <h3>Natuurlijk interieur, veelzijdig gebruik</h3> <p>De combinatie beige en zwart met varensmotief past perfect in een woonstijl waarin natuurlijke materialen, botanische prints en rustige kleuren de boventoon voeren. Of je nu een houten tafel hebt of een moderne zwarte variant: deze placemats voegen direct warmte en stijl toe. Ze zijn geschikt voor dagelijks gebruik, maar ook voor intieme diners of grote diners met vrienden of familie.</p> <h3>Praktisch & functioneel</h3> <ul> <li> <p><strong>Waterafstotend</strong>: het oppervlak laat gemorste dranken of etensresten minder snel intrekken, waardoor je tafel blijvend mooi blijft.</p> </li> <li> <p><strong>Antislip eigenschappen</strong>: hoewel niet expliciet als “antislip” vermeld, blijft de placemat stevig liggen – zo blijft alles op zijn plek, ook tijdens levendige diners.</p> </li> <li> <p><strong>Onderhoudsvriendelijk</strong>: eenvoudig schoon te maken met een vochtige doek; geen wasmachine of ingewikkeld onderhoud nodig.</p> </li> <li> <p><strong>Set van 6</strong>: ideaal voor een gezin of voor gasten zonder direct extra aan te hoeven schaffen.</p> </li> </ul> <h3>Waarom deze set kiezen?</h3> <p>Verliesaversie speelt mee: stel je voor dat je tafeloppervlak beschadigd raakt door een hete schaal of hardnekkige vlek — met deze placemats voorkom je dat. En de sociale bewijskracht? “Klanten gaven aan dat de placemats stevig liggen en de uitstraling direct luxe toevoegen.” Deze combinatie van emotie (“mijn tafel ziet er geweldig uit”) en logica (“bescherming + makkelijk onderhoud”) maakt de keuze helder.</p> <h3>Speciaal voor jou</h3> <p>Wil je jouw eettafel een update geven, zonder meteen achter een nieuw tafelkleed of dure accessoires aan te gaan? Dan is deze set de slimme keuze: betaalbaar, stijlvol en praktisch. Wacht dus niet — geef je tafel vandaag nog die stijlvolle upgrade en zorg dat hij beschermd is tegen dagelijk gebruik.</p> <p><strong>Call-to-action</strong>: Klik op ‘in winkelwagen’ en transformeer meteen je eetruimte met deze elegante, duurzame placemats!</p>",,,taxable,,1,999,,0,0,,,,,1,,,"34,99",Placemats,"Effen, Jute, Placemats, Raved, Rechthoek",,"https://ravedfabrics.com/wp-content/uploads/2026/02/1200x1171-1.jpg, https://ravedfabrics.com/wp-content/uploads/2026/02/550x428.jpg, https://ravedfabrics.com/wp-content/uploads/2026/02/550x391.jpg",,,,,,,,,0,Raved,,,,,
2351123832449990,variable,RAV-RAVEDTAFEL-9300000095463383,,"Raved Tafelzeil Design - 140 140 - PVC - Afwasbaar",1,0,visible,,"<p>Geef je tafel direct een vrolijke make-over met het <strong>afwasbare PVC-tafelzeil</strong> van Raved met print van <strong>bloemen en bijen</strong> – <strong>bescherming en sfeer in één</strong> voor binnen én buitengebruik.</p> <p>Bescherm je tafel tegen vlekken, krassen en knoeien én creëer direct een gezellige uitstraling met het <strong>primair zoekwoord “tafelzeil”</strong>. Dit stijlvolle tafelzeil van het merk Raved is uitgevoerd in hoogwaardig <strong>PVC-materiaal</strong>, waardoor vlekken eenvoudig met een vochtige doek te verwijderen zijn – ideaal voor gezinnen, hobby’s of buitengebruik. Het motief van <strong>bloemen en bijen</strong> brengt een frisse, zonnige sfeer aan tafel, terwijl je tafeloppervlak blijft stralen.</p> <h3>Waarom dit tafelzeil?</h3> <ul> <li> <p>Het <strong>materiaal PVC</strong> is zeer onderhoudsvriendelijk en beschermt effectief tegen vloeistoffen, kinderspul of hete pannen.</p> </li> <li> <p>Het <strong>motief bloemen en bijen</strong> geeft iedere eettafel of tuintafel een speels, vrolijk accent – je combineert functionaliteit met stijl.</p> </li> <li> <p>Dankzij de <strong>maat 140 cm breedte</strong> (lengte afhankelijk) is het geschikt voor de meeste standaard tafels – je hoeft niet te knutselen of te kiezen voor een te krap kleed.</p> </li> </ul> <h3>Gebruik en toepassing</h3> <p>Of je nu binnen aan de eettafel gaat, of buiten op het terras met vrienden of familie zit – dit Raved tafelzeil is geschikt voor beide. Voel je geen zorgen meer over gemorste wijn, klei of waterdruppels. Want met dit afwasbare tafelkleed kun je direct schoonmaken – geen gedoe met langdurig poetsen. Hierdoor kun je ontspannen genieten in plaats van voortdurend bezig zijn met opruimen.</p> <h3>Uitvoering & onderhoud</h3> <p>Het tafelzeil is gemaakt van stevig PVC-materiaal dat de tafel beschermt tegen slijtage, vlekken en krassen. De print van bloemen en bijen is duurzaam en blijft goed zichtbaar, zelfs bij intensief gebruik of buiten. Onderhoud is eenvoudig: afnemen met een natte doek, eventueel een mild sopje bij hardnekkige vlekken. Laat het kleed droog liggen, en je bent klaar voor het volgende moment. Tip: bij gebruik buiten even binnenhalen bij slechter weer om levensduur te verlengen.</p> <h3>Sfeer & functionaliteit combineren</h3> <p>Bij veel huishoudens is de tafel het hart van het huis – van ontbijt tot spelletjesavond. Dit tafelzeil zorgt ervoor dat je tafel er niet alleen netjes uitziet, maar ook echt gebruiksklaar blijft. Dankzij het vrolijke bloemen-en-bijendesign geef je een persoonlijke touch aan je interieur of buitenruimte. En omdat je niet bang hoeft te zijn voor knoeien of slijtage, voel je vrijheid in je dagelijkse routines.</p> <h3>Waar wacht je nog op?</h3> <p>Kies voor dit Raved tafelzeil en combineer <strong>bescherming, gemak en stijl</strong> direct. Je tafel verdient dat – en jij verdient dat ontspannen moment, zonder zorgen over vieze randen of moeilijk schoonmaken. Klik op “Toevoegen aan winkelwagen” en transformeer je eetplek vandaag nog.</p>",,,taxable,,1,999,,0,0,,,,,1,,,,Tafellaken,"Bijen, Overig, PVC, Raved, Rechthoek, Tafellaken, Tafelzeil",,"https://ravedfabrics.com/wp-content/uploads/2026/02/1200x1200-568.jpg, https://ravedfabrics.com/wp-content/uploads/2026/02/550x550-41.jpg, https://ravedfabrics.com/wp-content/uploads/2026/02/550x483.jpg, https://ravedfabrics.com/wp-content/uploads/2026/02/550x550-42.jpg, https://ravedfabrics.com/wp-content/uploads/2026/02/550x178-5.jpg, https://ravedfabrics.com/wp-content/uploads/2026/02/550x550-43.jpg, https://ravedfabrics.com/wp-content/uploads/2026/02/550x550-44.jpg",,,,,,,,,0,Raved,Size,"140 x 50 cm, 140 x 100 cm, 140 x 140 cm, 140 x 160 cm, 140 x 180 cm, 140 x 200 cm, 140 x 220 cm, 140 x 230 cm, 140 x 240 cm, 140 x 250 cm, 140 x 260 cm, 140 x 270 cm, 140 x 280 cm, 140 x 290 cm, 140 x 300 cm, 140 x 310 cm, 140 x 320 cm, 140 x 350 cm",0,0,"140 x 50 cm"
2351123832449991,variable,RAV-RAVEDTAFEL-9300000179282489,,"Raved Tafelzeil 140 140 - PVC - Afwasbaar",1,0,visible,,"<p>Breng kleur en gemak naar jouw tafel met dit <strong>afwasbare PVC-tafelzeil</strong> in vrolijk rood fruitdessin. Dankzij het <strong>duurzame materiaal</strong>, het <strong>speelse motief</strong> en de <strong>gemakkelijke schoonmaak</strong> geniet je direct van een frisse tafel zonder zorgen.</p> <h3>Bescherm en verfraai je tafel in één stap</h3> <p>Met dit <strong>tafelzeil</strong> geef je je tafel niet alleen een vrolijke, uitnodigende uitstraling dankzij het fris fruitmotief in rood-tinten, maar je zorgt ook voor optimale bescherming. Het <strong>PVC-materiaal</strong> is waterafstotend en slijtvast, waardoor gemorste drankjes en vlekken nauwelijks kans krijgen. Je verlengt de levensduur van je tafel zonder in te boeten op stijl.</p> <h3>Voor gezinnen, buiten & binnen</h3> <p>Of er nu wordt gegeten, geknutseld, gespeeld of geborreld: dit tafelzeil is ideaal voor <strong>binnen en buitengebruik</strong>. Dankzij de breedte van 140 cm bedek je een standaard tafel en creëer je direct een gastvrije setting. Het afwasbare oppervlak zorgt ervoor dat je met een vochtige doek snel klaar bent — geen gedoe met wasmachines of strijken.</p> <h3>Design met karakter</h3> <p>Het motief <strong>’Fris Fruit’</strong> geeft een speelse twist aan je interieur: denk aan appels, peren, aardbeien in een frisse opstelling tegen een rode achtergrond. Dit zorgt voor dynamiek en sfeer – perfect voor kinderfeestjes, informele diners of een zonnige tuinlunch.</p> <h3>Specificaties & gebruiksgemak</h3> <ul> <li> <p><strong>Materiaal:</strong> hoogwaardig PVC, eenvoudig afneembaar</p> </li> <li> <p><strong>Kleur:</strong> rood met fruitprint</p> </li> <li> <p><strong>Gebruik:</strong> geschikt voor binnen & buiten</p> </li> <li> <p><strong>Onderhoud:</strong> enkel afnemen met een vochtige doek; geen strijken of wassen nodig</p> </li> </ul> <h3>Waarom kiezen voor dit tafelzeil?</h3> <p>Veel mensen hebben wel eens de frustratie van een tafel die snel bevlekt is of lelijk oogt door slijtage. Door te kiezen voor dit tafelzeil voorkom je die zorg – je <strong>verliest niets meer aan uitstraling</strong> en wint tijd terug. Daarnaast voeg je met het design <strong>sociale sfeer</strong> toe: gasten merken op dat je tafel er verzorgd uitziet.</p> <h3>Call to action</h3> <p>Maak dus vandaag nog de keuze voor <strong>stijl, gemak en bescherming</strong> met dit Raved tafelzeil – bestel nu en geef je tafel direct een frisse, speelse look. Gebruik ‘m voor het dagelijkse ontbijt, een buiten-etentje of gewoon omdat je tafel wat extra aandacht verdient.</p>",,,taxable,,1,999,,0,0,,,,,1,,,,Tafellaken,"Fruit/groente, Gebloemd, PVC, Raved, Rechthoek, Tafellaken, Tafelzeil",,"https://ravedfabrics.com/wp-content/uploads/2026/02/1200x590-79.jpg, https://ravedfabrics.com/wp-content/uploads/2026/02/550x467-22.jpg, https://ravedfabrics.com/wp-content/uploads/2026/02/550x550-247.jpg, https://ravedfabrics.com/wp-content/uploads/2026/02/550x399-25.jpg, https://ravedfabrics.com/wp-content/uploads/2026/02/550x500-26.jpg, https://ravedfabrics.com/wp-content/uploads/2026/02/550x550-248.jpg, https://ravedfabrics.com/wp-content/uploads/2026/02/550x488-22.jpg",,,,,,,,,0,Raved,Size,"140 x 50 cm, 140 x 100 cm, 140 x 140 cm, 140 x 160 cm, 140 x 180 cm, 140 x 200 cm, 140 x 220 cm, 140 x 230 cm, 140 x 240 cm, 140 x 250 cm, 140 x 260 cm, 140 x 270 cm, 140 x 280 cm, 140 x 290 cm, 140 x 300 cm, 140 x 310 cm, 140 x 320 cm, 140 x 350 cm",0,0,"140 x 50 cm"
2351123832449992,simple,8720707636853,,"Raved Placemats Britt - Set van 6 Stuks - Eettafel - Onderlegger - Waterafstotend",1,0,visible,,"<p>Breng met de <strong>Set van 6 Raved Placemats Britt</strong> in <strong>wit/blauw bloemen-design</strong> direct sfeer én bescherming aan je eettafel. Dankzij het <strong>waterafstotende kunststofmateriaal</strong> zijn morsen en vlekken geen zorg meer – gewoon afnemen met een vochtige doek.</p> <h3>Elegant en functioneel: dé tafeloplossing</h3> <p>Met de <strong>Set van 6 Placemats Britt</strong> van Raved kies je voor stijl én gemak. Deze <strong>placemats</strong> combineren een fris <strong>bloemenmotief in wit en blauw</strong> met een duurzame <strong>kunststof / waterafstotende</strong> kwaliteit. Of je nu een gezellige familiediner hebt of zomaar een middag met vrienden aan tafel doorbrengt: jouw tafel oogt verzorgd en blijft rustig.</p> <h3>Waarom deze placemats?</h3> <ul> <li> <p><strong>Bescherming & onderhoud</strong>: het kunststofmateriaal is <strong>waterafstotend</strong>, waardoor gemorste drank, saus of kindersupers geen staande blijft. Slechts een vochtige doek en klaar.</p> </li> <li> <p><strong>Anti-slip & maat</strong>: met de rechthoekige afmeting van <strong>43×30 cm</strong> passen de placemats onder vrijwel elk bordservies. Ze liggen stevig op tafel en verschuiven niet bij beweging of gesprekje. </p> </li> <li> <p><strong>Design & sfeer</strong>: het bloemrijke patroon in blauw op een witte achtergrond geeft een frisse, lichte uitstraling die past bij moderne én landelijke interieurs.</p> </li> <li> <p><strong>Set van 6</strong>: ideaal voor zittende diners met het gezin of gasten – allemaal dezelfde stijl, geen mismatch.</p> </li> <li> <p><strong>Merk-kwaliteit</strong>: Raved staat voor praktische tafelaccessoires die er goed uitzien én doen wat ze beloven.</p> </li> </ul> <h3>Uitgebreid gebruik & toepassing</h3> <p>Of je nu een kindermaaltijd met saus en drinken serveert of een formeel diner organiseert: deze placemats zijn multifunctioneel. Leg ze onder je borden – wat ook helpt bij het rustiger opdienen en het makkelijker afruimen. Na afloop veeg je ze af, berg je op en de tafel is weer klaar voor de volgende keer. Dankzij het bloemenmotief wordt zelfs het dagelijks tafelen een stukje feestelijker. En geen zorgen over vlekken of kringen meer – deze placemats voorkomen ze.</p> <h3>Materialen, afwerking & onderhoud</h3> <p>Gemaakt van stevig kunststof – <strong>materiaal: kunststof</strong>. Afmeting: <strong>43×30 cm</strong>. Kleur: wit met blauw bloemenmotief. Vorm: rechthoek. Kenmerken: waterafstotend en direct schoon te maken. Zorg dat je ze niet langdurig blootstelt aan hitte boven de fabrikantindicatie (zoals hete pannen direct) – kleine panjes kunnen beter op een hittebestendige onderzetter. Voor dagelijks onderhoud: afnemen met vochtige doek, geen wasmachine nodig.</p> <h3>Waarom je dit niet wilt missen</h3> <p>Je tafel wordt niet alleen netjes gedekt, maar ook beschermd – dus minder zorgen over koffiekring of kinderstipjes van saus. Daarnaast creëer je in één stap sfeer en samenhang in je eetruimte. Voor mensen die houden van gemak én stijl is dit een slimme keus. Wacht niet tot de tafel er weer ‘slap’ en ongecoördineerd uitziet – geef ‘m direct de upgrade met deze set. <strong>Voeg de Raved Placemats Britt vandaag nog toe aan je winkelwagen</strong>, en ervaar direct het verschil.</p>",,,taxable,,1,999,,0,0,,,,,1,,,"21,95",Placemats,"Effen, Kunststof, Placemats, Raved, Rechthoek",,https://ravedfabrics.com/wp-content/uploads/2026/02/1200x1164.jpg,,,,,,,,,0,Raved,,,,,
2351123832449993,simple,8720707636891,,"Raved RVS Snijplank - Vaatwasserbestendig - Metaal - Roestvrij Staal - Titanium",1,0,visible,,"<p>Revolutionaire Roestvrijstalen Snijplank: Hygiëne en Duurzaamheid in Één</p> <h3>Waarom Kiezen voor Onze Roestvrijstalen Snijplank?</h3> <p>Zeg vaarwel tegen snel slijtende en moeilijk te reinigen houten of plastic snijplanken. Onze hoogwaardige roestvrijstalen snijplank biedt de perfecte oplossing voor zowel hobbyisten als professionele chefs.</p> <h3>Unieke Eigenschappen</h3> <ul> <li><strong>Superieur Materiaal</strong>: Vervaardigd uit premium roestvrij staal (304)</li> <li><strong>Hygiënisch Ontwerp</strong>: Glad oppervlak voorkomt ophoping van bacteriën en geuren</li> <li><strong>Duurzaamheid</strong>: Bestand tegen krassen en deuken voor langdurig gebruik</li> <li><strong>Microplasticvrij</strong>: Garandeert een gezondere kookomgeving</li> </ul> <h3>Voordelen die het Verschil Maken</h3> <ol> <li><strong>Ultieme Hygiëne</strong> <ul> <li>Antibacterieel oppervlak voor optimale voedselveiligheid</li> <li>Eenvoudig te reinigen, ook in de vaatwasser</li> </ul> </li> <li><strong>Veelzijdigheid in de Keuken</strong> <ul> <li>Geschikt voor alle soorten ingrediënten: vlees, groenten, fruit en brood</li> <li>Perfect voor elke snijklus, van fijn hakwerk tot het fileren van vis</li> </ul> </li> <li><strong>Duurzaam en Milieuvriendelijk</strong> <ul> <li>Lange levensduur vermindert afval</li> <li>Geen schadelijke microplastics in uw voedsel</li> </ul> </li> <li><strong>Stijlvol en Praktisch</strong> <ul> <li>Modern design past in elke keukenomgeving</li> <li>Ruimtebesparend en gemakkelijk op te bergen</li> </ul> </li> </ol> <h3>Voor Wie is Deze Snijplank Ideaal?</h3> <ul> <li>Thuiskoks die waarde hechten aan kwaliteit en hygiëne</li> <li>Professionele chefs op zoek naar betrouwbaar keukengereedschap</li> <li>Gezondheids- en milieubewuste consumenten</li> </ul> <h3>Conclusie: Investeer in Kwaliteit en Gemoedsrust</h3> <p>Kies voor een zorgeloze snijervaring met onze Titanium snijplank. Combineer hygiëne, duurzaamheid en stijl in één essentieel keukenhulpmiddel. Upgrade uw keuken vandaag nog en ervaar het verschil in uw dagelijkse kookavonturen.</p>",,,taxable,,1,999,,0,0,,,,,1,,,,Snijplank,"Merkloos, Rechthoek, RVS, Snijplank",,https://ravedfabrics.com/wp-content/uploads/2026/02/1090x1200.jpg,,,,,,,,,0,Merkloos,,,,,
2351123832449995,variable,RAV-RAVEDTAFEL-9300000145692848,,"Raved Tafelzeil - Paardenbloem 140 140 - PVC - Afwasbaar",1,0,visible,,"<p>Breng direct sfeer aan je tafel met het <strong>stijlvolle groene paardenbloem-motief</strong> van dit <strong>afwasbare PVC tafelzeil</strong>, dat jouw tafel optimaal <strong>beschermt tegen knoeien en vlekken</strong> – ideaal voor dagelijks gebruik binnen én buiten.</p> <p>Ontdek het veelzijdige <strong>tafelzeil van het merk Raved</strong> met een fris motief van groene paardenbloemen – een slimme combinatie van stijl én functionaliteit. Dit <strong>tafelzeil (het primair zoekwoord)</strong> is vervaardigd uit hoogwaardig <strong>PVC-materiaal</strong>, wat betekent dat uw tafel direct wordt beschermd tegen vlekken, krassen, vocht en knoeien – zonder in te boeten op uitstraling.</p> <h3>Bescherming voor iedere tafel</h3> <p>Of het nu gaat om een gezinsdiner, borrel op het terras of knutselmoment met de kinderen: dit tafelzeil biedt betrouwbare bescherming. De gladde bovenlaag is eenvoudig schoon te maken met een vochtig doekje, waardoor u kostbare tijd bespaart en uw tafel er netjes blijft uitzien. Volgens specialisten heeft PVC-tafelzeil als groot voordeel dat het “makkelijk schoon te vegen” is dankzij het gladde oppervlak. </p> <h3>Sfeervol design</h3> <p>Het motief met paardenbloemen in een groene tint brengt een natuurlijke en frisse sfeer in huis of buitenomgeving. Dankzij het subtiele patroon oogt het tafelzeil niet alleen praktisch maar ook decoratief – een perfecte match voor wie leeft in een interieur waar stijl telt.</p> <h3>Materiaal & onderhoud</h3> <p>Het materiaal is <strong>PVC</strong>, wat zorgt voor een water- en vlekbestendige bovenlaag. Het tafelzeil is geschikt voor gebruik <strong>binnen en buiten</strong>, waardoor u flexibel bent in de toepassing. Houd er wel rekening mee dat bepaalde intensieve kleurstoffen (zoals tomatensaus of kerrie) na verloop van tijd kunnen intrekken in PVC-materialen. Voor optimaal onderhoud: veeg vlekken direct weg en vermijd langdurige blootstelling aan direct zonlicht.</p> <h3>Waarom kiezen voor dit tafelzeil</h3> <ul> <li> <p><strong>Afwasbaar en onderhoudsvriendelijk</strong>: een vochtig doekje is voldoende.</p> </li> <li> <p><strong>Stijlvol motief en kleur</strong>: de paardenbloemprint en groene tint geven sfeer.</p> </li> <li> <p><strong>Veelzijdig inzetbaar</strong>: geschikt voor voorgaande tafelmomenten én buitengebruik.</p> </li> <li> <p><strong>Bescherming voor uw tafel</strong>: voorkomt schade, vlekken en slijtage – hierdoor behoudt uw meubel zijn waarde.</p> </li> </ul> <h3>Maak het compleet</h3> <p>Kies de juiste maat voor uw tafel (breedte × lengte) en knip of werk afhangende delen netjes bij. Zet misschien een schaal of plant in het midden om het design extra te accentueren. Zo combineert u gemak met stijl.</p> <p><strong>Wacht niet langer</strong>: geef uw tafel direct de bescherming én uitstraling die het verdient. Voeg dit Raved tafelzeil toe aan uw winkelmand en ervaar het gemak én de sfeer – uw tafel zal er meteen verzorgd uitzien.</p>",,,taxable,,1,999,,0,0,,,,,1,,,,Tafellaken,"Bloemen, Overig, PVC, Raved, Rechthoek, Tafellaken, Tafelzeil",,"https://ravedfabrics.com/wp-content/uploads/2026/02/1200x1200-167.jpg, https://ravedfabrics.com/wp-content/uploads/2026/02/550x486-1.jpg, https://ravedfabrics.com/wp-content/uploads/2026/02/550x550-205.jpg, https://ravedfabrics.com/wp-content/uploads/2026/02/550x550-206.jpg, https://ravedfabrics.com/wp-content/uploads/2026/02/550x550-207.jpg, https://ravedfabrics.com/wp-content/uploads/2026/02/550x178-26.jpg",,,,,,,,,0,Raved,Size,"140 x 50 cm, 140 x 100 cm, 140 x 140 cm, 140 x 160 cm, 140 x 180 cm, 140 x 200 cm, 140 x 220 cm, 140 x 230 cm, 140 x 240 cm, 140 x 250 cm, 140 x 260 cm, 140 x 270 cm, 140 x 280 cm, 140 x 300 cm, 140 x 310 cm, 140 x 320 cm, 140 x 350 cm",0,0,"140 x 50 cm"
2351123832449996,variable,RAV-RAVEDTAFEL-9300000175965561,,"Raved Tafelzeil Jungle 140 140 - PVC - Afwasbaar",1,0,visible,,"<p>Breng sfeer en gemak in huis met het <strong>Raved tafelzeil Jungle roze 140x240 cm</strong>. Gemaakt van <strong>duurzaam PVC</strong> en <strong>100% afwasbaar</strong>, zodat je tafel altijd schoon en beschermd blijft. Ideaal voor dagelijks gebruik, feestjes of buiten in de tuin.</p> <p>Een tafel is vaak het middelpunt van je huis – hier wordt gegeten, gewerkt, gelachen en geleefd. Juist daarom wil je een tafelzeil dat niet alleen beschermt, maar ook bijdraagt aan de uitstraling van je interieur. Met het <strong>Raved tafelzeil Jungle</strong> kies je voor een combinatie van stijl en praktisch gemak.</p> <h3>Waarom kiezen voor dit tafelzeil?</h3> <p>Het <strong>tafelzeil van PVC</strong> is ontworpen om je tafel optimaal te beschermen tegen vlekken, kringen en krassen. Dankzij de <strong>afwasbare laag</strong> veeg je vuil eenvoudig weg met een vochtige doek – ideaal na een drukke maaltijd of een feestje. Zo blijft je tafel langer mooi en hoef je nooit meer te stressen over hardnekkige vlekken.</p> <h3>Stijlvol design voor elke ruimte</h3> <p>De trendy <strong>jungleprint in zacht roze tinten</strong> brengt direct sfeer in je interieur. Perfect voor een gezellige eetkamer, maar ook een eyecatcher in de tuin. Of je nu een etentje organiseert of gewoon samen met je gezin dineert: dit tafelzeil maakt van ieder moment een stijlvolle gelegenheid.</p> <h3>Veelzijdig in gebruik</h3> <ul> <li> <p>Geschikt voor <strong>binnen én buiten</strong></p> </li> <li> <p>Ideaal voor gezinnen met kinderen</p> </li> <li> <p>Handig tijdens verjaardagen en feestjes</p> </li> <li> <p>Past perfect op tafels van 6 tot 8 personen</p> </li> </ul> <h3>Duurzaamheid en gemak</h3> <p>Het <strong>stevige PVC-materiaal</strong> zorgt ervoor dat het zeil lang meegaat en tegen een stootje kan. Bovendien is het licht van gewicht, waardoor je het eenvoudig kunt opbergen of meenemen naar buiten.</p> <h3>Onderhoudsvriendelijk</h3> <p>Geen gedoe met wassen of strijken – een simpele veeg is genoeg. Zo hou je meer tijd over voor de dingen die er écht toe doen.</p> <p>Met het <strong>Raved tafelzeil Jungle roze</strong> geniet je van een combinatie van gemak, stijl en bescherming. Bescherm je tafel, voeg sfeer toe aan je interieur en maak van elke maaltijd een mooi moment.</p> <p><strong>Bestel nu en ontdek hoe makkelijk én sfeervol jouw tafel kan zijn.</strong></p>",,,taxable,,1,999,,0,0,,,,,1,,,,Tafellaken,"Gebloemd, Jungle, PVC, Raved, Rechthoek, Tafellaken, Tafelzeil",,"https://ravedfabrics.com/wp-content/uploads/2026/02/1200x1200-189.jpg, https://ravedfabrics.com/wp-content/uploads/2026/02/550x550-222.jpg, https://ravedfabrics.com/wp-content/uploads/2026/02/550x494.jpg, https://ravedfabrics.com/wp-content/uploads/2026/02/550x500-24.jpg, https://ravedfabrics.com/wp-content/uploads/2026/02/550x178-29.jpg, https://ravedfabrics.com/wp-content/uploads/2026/02/550x550-223.jpg, https://ravedfabrics.com/wp-content/uploads/2026/02/550x550-224.jpg",,,,,,,,,0,Raved,Size,"140 x 50 cm, 140 x 100 cm, 140 x 140 cm, 140 x 160 cm, 140 x 180 cm, 140 x 200 cm, 140 x 220 cm, 140 x 230 cm, 140 x 240 cm, 140 x 250 cm, 140 x 260 cm, 140 x 270 cm, 140 x 280 cm, 140 x 290 cm, 140 x 300 cm, 140 x 310 cm, 140 x 320 cm, 140 x 350 cm",0,0,"140 x 50 cm"
2351123832449997,simple,9505634528711,,"Raved Badkamermat 75 45 - Antislip - Uitwasbaar - Waterabsorberend",1,0,visible,,"<p>Stap elke ochtend veilig en stijlvol uit de douche met deze <strong>comfortabele antislip badkamermat</strong> in een warm beige golvend dessin. Dankzij de <strong>uitwasbare machinemaat-vriendelijke afwerking</strong> en het <strong>waterabsorberende materiaal</strong> is hij zowel praktisch als elegant.</p> <p>Maak van uw badkamer direct een oase van comfort én veiligheid met de <strong>Raved Badkamermat Golven 75 x 45 – Beige – Antislip – Uitwasbaar</strong>. Deze badkamermat combineert stijlvolle vormgeving, slimme functionaliteit en duurzaam gebruik — een perfecte upgrade voor iedere badkamer.</p> <h3>Veiligheid boven alles</h3> <p>Met de <strong>antislip-onderlaag</strong> staat u stevig op de natte tegelvloer. Geen glibberige momenten meer na het douchen of badderen. Ideaal voor gezinnen, oudere gebruikers of gewoon voor wie veiligheid belangrijk vindt.</p> <h3>Sfeervol design in neutrale kleur</h3> <p>De warme <strong>beige kleur</strong> en het subtiele <strong>golvenpatroon</strong> geven rust en elegantie aan de ruimte. Deze mat past moeiteloos in zowel moderne als klassieke badkamerinterieurs. Dankzij de neutrale toon kunt u hem combineren met verschillende kleuren handdoeken, accessoires en tegelwerk.</p> <h3>Comfort en onderhoudsgemak</h3> <p>De <strong>toplaag is zacht en absorberend</strong>, waardoor uw voeten aangenaam warm en droog blijven. De mat is <strong>uitwasbaar in de wasmachine</strong>, behoudt zijn vorm, kleur en antisliplaag — zelfs na meerdere wasbeurten — en is daardoor zeer onderhoudsvriendelijk. U investeert in een mat die lang meegaat en er langdurig goed uitziet.</p> <h3>Ideaal formaat & toepassing</h3> <p>Met de maat <strong>75 × 45 cm</strong> is de mat stevig aanwezig, maar niet overdreven groot — perfect voor naast het bad, onder de douche of voor de wastafel. Dankzij de praktische afmeting legt u hem eenvoudig neer zonder ruimteverlies.</p> <h3>Waarom deze badkamermat kiezen?</h3> <ul> <li> <p><strong>Antislip-structuur</strong> voorkomt uitglijden: veiligheid verzekerd.</p> </li> <li> <p><strong>Uitwasbaar en vormvast</strong>: eenvoudig schoonmaken, blijvend mooi.</p> </li> <li> <p><strong>Waterabsorberend materiaal</strong> houdt de vloer droog en hygiënisch.</p> </li> <li> <p><strong>Stijlvol golven-dessin in beige</strong>: net dat beetje extra sfeer in uw badkamer.</p> </li> <li> <p><strong>Merkgarantie van Raved</strong>, gevestigd in Nederland, voor kwaliteit en service.</p> </li> </ul> <p>Sta morgen zelf op een mat die veilig, schoon en stijlvol is. Wacht niet langer en kies voor de Raved badkamermat. Klik op “In winkelwagen” en geef uw badkamer de upgrade die hij verdient — uw voeten en vloer zullen u dankbaar zijn.</p>",,,taxable,,1,999,,0,0,,,,,1,,,"26,95",Badkamermat,"Badkamermat, Effen, Polyester, Raved, Rechthoek",,"https://ravedfabrics.com/wp-content/uploads/2026/02/1200x703-1.jpg, https://ravedfabrics.com/wp-content/uploads/2026/02/550x550-209.jpg, https://ravedfabrics.com/wp-content/uploads/2026/02/550x570.jpg, https://ravedfabrics.com/wp-content/uploads/2026/02/550x550-210.jpg, https://ravedfabrics.com/wp-content/uploads/2026/02/550x399-23.jpg",,,,,,,,,0,Raved,,,,,
2351123832450026,variable,RAV-RAVEDTAFEL-9300000088017924,,"Raved Tafelzeil Design 140 140 - PVC - Afwasbaar",1,0,visible,,"<p>Breng zonnige vrolijkheid aan je tafel met dit <strong>duurzame PVC-tafelzeil met vrolijke Zonnebloem-print</strong>. Dankzij de <strong>afwasbare</strong> en makkelijk te onderhouden afwerking heb je nooit meer stress over vlekken of slijtage. Perfect voor een stijlvolle en praktische eetomgeving.</p> <p>Geef je tafel direct een frisse en zonnige make-over met het <strong>primair zoekwoord “tafelzeil”</strong>: dit prachtige model van Raved combineert stijl én functionaliteit. Het is uitgevoerd in <strong>PVC</strong> en voorzien van een vrolijke <strong>zonnebloem-print in Geel</strong> — een combinatie die sfeer creëert in zowel keuken als tuin. Door de afmeting van <strong>140 cm breed</strong> past het ideaal op de meeste tafels of als stijlvolle tafelloper op langere modellen.</p> <h3>Waarom dit tafelzeil jouw beste keuze is</h3> <ul> <li> <p><strong>Gebruiksgemak & onderhoud:</strong> Dankzij het afwasbare oppervlak trek je in een handomdraai vlekken zoals koffie, tomatensaus of kinderkringen uit het tafelzeil — ideaal voor gezinnen of als je graag gasten ontvangt.</p> </li> <li> <p><strong>Duurzaam & stevig materiaal:</strong> Het PVC-materiaal is slijtvast, gemakkelijk schoon te maken én behoudt zijn kleur, zelfs bij regelmatig gebruik. Hierdoor voorkom je dat je tafel snel gedateerd oogt of vervang moet worden. </p> </li> <li> <p><strong>Sfeervol design:</strong> De print met zonnebloemen en het warme geel zorgen voor een vakantiegevoel in je interieur of op je terras. Dat maakt deze aankoop niet alleen praktisch, maar ook emotioneel aantrekkelijk.</p> </li> <li> <p><strong>Veelzijdig binnen & buiten:</strong> Of je nu een eettafel in huis hebt of een tuintafel op het terras — dit tafelzeil is geschikt voor beide locaties. Let erop dat je het bij langdurig buitengebruik af en toe beschermt tegen extreme weersinvloeden. </p> </li> </ul> <h3>Specificaties in één oogopslag</h3> <ul> <li> <p>Merk: Raved</p> </li> <li> <p>Materiaal: PVC (afwasbaar)</p> </li> <li> <p>Kleur/patroon: Geel – Zonnebloemprint</p> </li> <li> <p>Gebruik: Binnen en buiten</p> </li> <li> <p>Onderhoud: Afnemen met een vochtige doek</p> </li> </ul> <h3>Voor wie is dit ideaal?</h3> <p>Als jij waarde hecht aan een huis dat er verzorgd uitziet, en tegelijk houdt van praktische oplossingen — dan is dit tafelzeil perfect. Geen gedoe meer met vlekken of snel slijtagegevoelige tafelkleden. In plaats daarvan een stijlvolle, duurzame tafeloplossing waar je met plezier aan plaatsneemt.</p> <h3>Waar wacht je nog op?</h3> <p>Transformeer je tafel vandaag nog en geniet van een vrolijke, gepimpte eetomgeving zonder concessies aan onderhoud of kwaliteit. Voeg dit tafelzeil toe aan je winkelwagen en ervaar zelf het verschil!</p>",,,taxable,,1,999,,0,0,,,,,1,,,,Tafellaken,"Gebloemd, Planten en bladeren, PVC, Raved, Rechthoek, Tafellaken, Tafelzeil",,"https://ravedfabrics.com/wp-content/uploads/2026/02/1200x1200-156.jpg, https://ravedfabrics.com/wp-content/uploads/2026/02/550x550-190.jpg, https://ravedfabrics.com/wp-content/uploads/2026/02/550x495-6.jpg, https://ravedfabrics.com/wp-content/uploads/2026/02/550x550-191.jpg, https://ravedfabrics.com/wp-content/uploads/2026/02/550x550-192.jpg, https://ravedfabrics.com/wp-content/uploads/2026/02/550x178-23.jpg, https://ravedfabrics.com/wp-content/uploads/2026/02/550x550-193.jpg",,,,,,,,,0,Raved,Size,"140 x 50 cm, 140 x 100 cm, 140 x 140 cm, 140 x 160 cm, 140 x 180 cm, 140 x 200 cm, 140 x 220 cm, 140 x 230 cm, 140 x 240 cm, 140 x 250 cm, 140 x 260 cm, 140 x 270 cm, 140 x 280 cm, 140 x 290 cm, 140 x 300 cm, 140 x 310 cm, 140 x 320 cm, 140 x 350 cm",0,0,"140 x 50 cm"
2351123832450027,variable,RAV-RAVEDTAFEL-9300000116894423,,"Raved Tafelzeil Boerenbont ruit Donker Blauw 140 140 - PVC - Afwasbaar",1,0,visible,,"<p>Geef je tafel direct sfeer én gemak met dit <strong>premium PVC-tafelzeil</strong> van Raved in een <strong>boerenbont ruit donkerblauw</strong> design: <strong>afwasbaar</strong>, geschikt voor binnen én buiten – stijlvol, praktisch, zorgeloos.</p> <p><strong>Productbeschrijving</strong><br />Ontdek het <strong>boerenbont ruit donkerblauw tafelzeil</strong> van Raved — een stijlvolle blend van nostalgie en modern gebruiksgemak. Dit <strong>tafelzeil</strong> is vervaardigd met een <strong>bovenlaag van PVC</strong>, wat zorgt voor een glad, water- en vlekbestendig oppervlak, en een robuuste onderlaag (non-woven vlies/polyester) die garant staat voor stabiliteit en comfort. Dankzij het klassieke boerenbont-ruit patroon in donkerblauw verandert je tafel in een warme uitnodiging voor elke maaltijd, van gezellige familiediners tot ontspannen buitenlunches.</p> <h3>Sfeer en stijl</h3> <p>Met het kenmerkende boerenbont-ruit ontwerp kies je bewust voor een tijdloos interieuraccent. De kleur <strong>donkerblauw</strong> geeft je tafelblad een elegante, rustgevende uitstraling en combineert moeiteloos met zowel natuurlijke houttinten als moderne metalen en glas. Of je nu binnen aan de eettafel zit of buiten op het terras, dit tafelzeil brengt direct karakter en een huiselijke sfeer.</p> <h3>Praktisch gemak – onderhoud zonder zorgen</h3> <p>Dankzij het duurzame <strong>PVC-materiaal</strong> is dit tafelzeil <strong>afwasbaar</strong>, wat betekent dat gemorste dranken, etensresten of vette vingers eenvoudig met een vochtige doek te verwijderen zijn. Geen wasmachine nodig — simpel en snel schoon voor dagelijks gebruik. Bovendien is het geschikt voor binnen én buitengebruik, waardoor je met één product meerdere tafels in huis of tuin kunt aankleden. </p> <h3>Bescherming én duurzaamheid</h3> <p>Dit Raved tafelzeil fungeert niet alleen als decoratie, maar beschermt ook je tafel tegen krassen, hitte van pannen, knoeien door kinderen of gasten, en UV-verlies wanneer je buiten zit. Hierdoor voelt elke maaltijd als een zorgeloze ervaring. </p> <h3>Specificaties & voordelen in één oogopslag</h3> <ul> <li> <p><strong>Patroon</strong>: klassieke boerenbont-ruit</p> </li> <li> <p><strong>Kleur</strong>: donkerblauw</p> </li> <li> <p><strong>Materiaal</strong>: PVC bovenlaag + non-woven/vlies onderlaag</p> </li> <li> <p><strong>Gebruik</strong>: binnen & buiten</p> </li> <li> <p><strong>Onderhoud</strong>: afwasbaar, eenvoudig schoon te maken</p> </li> <li> <p><strong>Sfeer</strong>: tijdloos, gezellig, uitnodigend</p> </li> <li> <p><strong>Praktisch</strong>: beschermt tafel, geschikt voor dagelijks gebruik</p> </li> </ul> <h3>Waarom kiezen voor deze variant?</h3> <p>Als je zoekt naar een tafelzeil dat net even anders is — stijlvol én slim — dan biedt deze boerenbont-ruit variant in donkerblauw precies dat. Geen concessies tussen uitstraling en functionaliteit. Met dit tafelzeil maak je snel indruk op je gasten, en kun je zonder extra inspanning genieten van je tafelsetting. Verspil geen tijd meer aan was­ of vervangingen, én geef je interieur een warme upgrade.</p> <h3>Call-to-action</h3> <p>Breng vandaag nog sfeer in huis of op het terras met dit stijlvolle en praktisch onderhoudsvriendelijke tafelzeil. Klik op bestellen en geef je tafel direct die klassieke én slimme uitstraling die je verdient!</p>",,,taxable,,1,999,,0,0,,,,,1,,,,Tafellaken,"Geruit, PVC, Raved, Rechthoek, Tafellaken, Tafelzeil, Vierkantjes",,"https://ravedfabrics.com/wp-content/uploads/2026/02/1200x598-1.jpg, https://ravedfabrics.com/wp-content/uploads/2026/02/550x467-6.jpg, https://ravedfabrics.com/wp-content/uploads/2026/02/550x550-74.jpg, https://ravedfabrics.com/wp-content/uploads/2026/02/550x488-5.jpg, https://ravedfabrics.com/wp-content/uploads/2026/02/550x500-8.jpg, https://ravedfabrics.com/wp-content/uploads/2026/02/550x399-8.jpg, https://ravedfabrics.com/wp-content/uploads/2026/02/550x550-75.jpg",,,,,,,,,0,Raved,Size,"140 x 50 cm, 140 x 100 cm, 140 x 140 cm, 140 x 160 cm, 140 x 180 cm, 140 x 200 cm, 140 x 220 cm, 140 x 230 cm, 140 x 240 cm, 140 x 250 cm, 140 x 260 cm, 140 x 270 cm, 140 x 280 cm, 140 x 290 cm, 140 x 300 cm, 140 x 310 cm, 140 x 320 cm, 140 x 350 cm",0,0,"140 x 50 cm"
2351123832450039,simple,9502182264498,,"Raved Badkamermat 75 45 - Zacht - Uitwasbaar - Waterabsorberend",1,0,visible,,"<p>Breng direct meer veiligheid en comfort in je badkamer met deze <strong>Raved badmat</strong> van <strong>donkergrijs</strong> – dankzij de <strong>antislip onderlaag</strong>, <strong>waterabsorberende toplaag</strong> en <strong>uitwasbaar materiaal</strong> heb je een stijlvolle én onderhoudsvriendelijke oplossing.</p> <p>Ontdek de nieuwe standaard voor badkamervloeren met de <strong>Raved badkamermat</strong> in <strong>donkergrijs</strong>, maat 75 × 45 cm. Deze mat is ontworpen voor wie stijl, veiligheid en gemak in één zoekt. Dankzij de <strong>antislip-onderlaag</strong> kun je direct uit de douche of bad stappen zonder uitglijden, terwijl de <strong>waterabsorberende toplaag</strong> ervoor zorgt dat je vloer sneller droog is en onaangename plassen voorkomen worden.</p> <h3>Elegant & functioneel ontwerp</h3> <p>Het tijdloze donkergrijs past moeiteloos in elke badkamerstijl — van modern minimalistisch tot warm en natuurlijk. De rechthoekige maat 75 × 45 cm is een gangbare keuze naast badkuip of douchezone, ideaal voor gezinnen, stellen of alleenstaanden die waarde hechten aan een verzorgde look én praktische oplossing.</p> <h3>Veiligheid en comfort</h3> <p>Met de antisliplaag onderop, speciaal ontworpen voor natte vloeren, stap je met zekerheid op de mat. Geen glibberige tegels meer of onstabiel gevoel: deze badmat biedt grip en rust voor jou en je gezin. Bovendien voelt de toplaag fijn aan— zacht voor je voeten, en toch sterk in vochtopname. Dankzij de <strong>waterabsorberende werking</strong> drogen natte voeten en vloer sneller, wat ook bijdraagt aan hygiëne en minder kalkplekken.</p> <h3>Onderhoud zonder gedoe</h3> <p>Wie wil er nu een badmat die moeilijk te reinigen is? De Raved badmat is <strong>uitwasbaar</strong> — eenvoudig in de wasmachine te plaatsen en weer fris terug in je badkamer. Zo blijft ‘ie jarenlang mooi, zelfs bij intensief gebruik. Voor huishoudens met kinderen of gasten is dat een groot voordeel: stijlvol blijven, zonder concessies aan gebruiksgemak.</p> <h3>Technische specificaties in het kort</h3> <ul> <li> <p>Maat: 75 × 45 cm</p> </li> <li> <p>Kleur: donkergrijs</p> </li> <li> <p>Materiaal: hoogwaardige polyester en antislip bodemplaat (volgens productdetails) </p> </li> <li> <p>Eigenschappen: antislip, waterabsorberend, uitwasbaar </p> </li> <li> <p>Geschikt voor: naast badkuip, douche of wastafelzone; ideaal voorgezinnen, senioren of iedereen die comfort en veiligheid wil.</p> </li> </ul> <h3>Waarom kiezen voor deze badmat?</h3> <p>Omdat je een upgrade wilt van alleen “een mat op de vloer” naar een slimme investering in comfort en veiligheid. Door <strong>een natte vloer</strong> kunnen ongelukken ontstaan en tegelzones kunnen er minder fris uitzien door vocht. Met deze badmat verminder je dat direct. Tegelijkertijd kies je voor een accessoire die bijdraagt aan de uitstraling van je badkamer — in plaats van iets wat snel vervangen moet worden.</p> <p><strong>Wacht niet langer</strong> — voeg de Raved badmat toe aan je winkelwagen, ervaar direct het verschil in comfort, veiligheid en stijl, en geniet van een badkamer die écht af voelt.</p>",,,taxable,,1,999,,0,0,,,,,1,,,"26,95",Badkamermat,"Badkamermat, Effen, Polyester, Raved, Rechthoek",,https://ravedfabrics.com/wp-content/uploads/2026/02/1200x635.jpg,,,,,,,,,0,Raved,,,,,
2351123832450064,variable,RAV-RAVEDTAFEL-9300000179023069,,"Raved Tafelzeil Wilde Bloemen 140 140 - Groen - PVC - Afwasbaar",1,0,visible,,"<p>Vier direct een vrolijk moment aan tafel met <strong>dit afwasbare PVC tafelzeil met een stijlvol bloemenmotief</strong>. Het beschermt je tafel tegen vlekken en krassen, én voegt een frisse, kleurrijke sfeer toe aan elke maaltijd – <strong>perfect voor binnen en buiten</strong>.</p> <p>Ontdek hoe je met <strong>dit Raved Tafelzeil Wilde Bloemen</strong> je tafel in een handomdraai transformeert in een sfeervolle ontmoetingsplek. Dit <strong>PVC-tafelzeil</strong>, uitgevoerd in een frisse groene kleur met een vrolijk bloemenmotief, combineert stijl en functionaliteit op een slimme manier.</p> <h3>Bescherming én stijl</h3> <p>Iedere maaltijd, ieder samenzijn kent zijn uitdagingen: een kleverige hand, een rode wijnvlek, of een brandpunt van een hete pan. Dit tafelzeil biedt een stevige bescherming voor je tafelblad – dankzij het duurzame PVC-materiaal, weet je zeker dat je tafel bestand is tegen dagelijkse slijtage. Het motief van wilde bloemen brengt een natuurlijke, vrolijke uitstraling in huis of tuin.</p> <h3>Geschikt voor binnen én buiten</h3> <p>Dankzij de afwasbare toplaag is het zeil eenvoudig schoon te maken met een vochtige doek – geen wasmachine of stijfsel, gewoon snel afnemen en verder genieten. Of je nu een rustige koffie doet in de ochtend of een tuinmaaltijd met vrienden hebt, dit tafelzeil past zich moeiteloos aan. Het is ontworpen om zowel binnen als buiten gebruikt te worden – ideaal voor gezinnen met kinderen of voor wie vaak aan het loungen is buiten. </p> <h3>Specificaties & voordelen</h3> <ul> <li> <p><strong>Materiaal</strong>: PVC – waterafstotend, vlekbestendig, onderhoudsvriendelijk. </p> </li> <li> <p><strong>Kleur/Design</strong>: Groen met een levendig bloemenmotief – zorgt direct voor sfeer.</p> </li> <li> <p><strong>Gebruik</strong>: Binnen én buiten, geschikt voor dagelijks gebruik en speciale gelegenheden. </p> </li> <li> <p><strong>Voordelen in één oogopslag</strong>:</p> <ul> <li> <p>Beschermt tegen vlekken, krassen en vocht</p> </li> <li> <p>Sfeervol bloemenprint versterkt de tafelsetting</p> </li> <li> <p>Eenvoudig schoon te maken – maximaal gemak</p> </li> <li> <p>Met een materiaal dat lang meegaat zonder in te boeten op uitstraling</p> </li> </ul> </li> </ul> <h3>Waarom kiezen voor dit tafelzeil?</h3> <p>Stel je voor: je hebt net een nieuwe tafel gekocht of je oude tafel wil je graag beschermen zonder saai te oogsten op stijl. Met dit tafelzeil kies je voor gemoedsrust én een vrolijke uitstraling. Veel gezinnen ervaren dat een mooi tafelkleed vaak direct verweerd, verkleurd of beschadigd is – met dit voorbeeld is dat verleden tijd. Door de combinatie van een levendig design en praktische bruikbaarheid speel je in op twee belangrijke wensen: <strong>esthetiek</strong> en <strong>functionaliteit</strong>.</p> <h3>Slot & call-to-action</h3> <p>Laat geen plek meer onbenut gaan wanneer het op sfeer en gemak aankomt: kies voor dit tafelzeil en geniet direct van een vrolijk ingerichte tafel zonder de stress van onderhoud. Klik nu op “In winkelwagen” en geef je tafel de uitstraling én bescherming die het verdient!</p>",,,taxable,,1,999,,0,0,,,,,1,,,,Tafellaken,"Gebloemd, Jungle, PVC, Raved, Rechthoek, Tafellaken, Tafelzeil",,https://ravedfabrics.com/wp-content/uploads/2026/01/1200x1200-1.jpg,,,,,,,,,0,Raved,Size,"140 x 50 cm, 140 x 100 cm, 140 x 140 cm, 140 x 160 cm, 140 x 180 cm, 140 x 200 cm, 140 x 220 cm, 140 x 230 cm, 140 x 240 cm, 140 x 250 cm, 140 x 260 cm, 140 x 270 cm, 140 x 280 cm, 140 x 290 cm, 140 x 300 cm, 140 x 310 cm, 140 x 320 cm, 140 x 350 cm",0,0,"140 x 50 cm"
2351123832450065,variable,RAV-RAVEDTAFEL-9300000040148032,,"Raved Tafelzeil Design 140 140 - PVC - Afwasbaar",1,0,visible,,"<p>Met dit <strong>afwasbare PVC­tafelzeil</strong> van Raved geef je je tafel direct een stijlvolle upgrade met een <strong>tulpenmotief in rood</strong>. Bied je tafel optimale bescherming tegen vlekken én slijtage, terwijl sfeer en gemak hand in hand gaan.</p> <p>Geef jouw eet- of tuintafel een stijlvolle én praktische upgrade met het <strong>primair zoekwoord</strong> <strong>tafelzeil</strong> en wel de <strong>Raved Tafelzeil – Tulpen Rood – PVC – Afwasbaar</strong>. Dit prachtige tafelzeil combineert design én functionaliteit: het vrolijke tulpenmotief op een diepe rood-achtergrond geeft je ruimte direct karakter, terwijl het <strong>materiaal</strong> van hoogwaardig PVC zorgt voor duurzame bescherming en gemak.</p> <h3>Waarom kiezen voor dit tafelzeil?</h3> <p>Met dit tafelzeil heb je een slimme oplossing voor veelvoorkomende tafelproblemen: vlekken van koffie, wijn of kindervoetjes, krassen of slijtage, en de constante frustratie van tafelkleden die niet goed schoon te krijgen zijn. Dankzij de <strong>afwasbare</strong> afwerking veeg je eenvoudig schoon met een doek – geen gedoe meer met wasbare stoffen of ingewikkeld onderhoud. Het resultaat: een tafel die er netjes uitziet, oudste gast of spontaan bezoek, zonder extra stress.</p> <h3>Design & sfeer</h3> <p>Het ontwerp met tulpen in rood brengt warmte en sfeer in je interieur of buitenruimte. Of je nu kiest voor een familiediner, een zomerse lunch buiten of een gezellige borrelavond – dit tafelzeil past perfect. Omdat het in één oogopslag stijl en kwaliteit uitstraalt, creëer je een gastvrije sfeer waarin je graag zit.</p> <h3>Onderhoud & kwaliteit</h3> <p>Gemaakt van robuust PVC-materiaal, dit tafelzeil is bestand tegen dagelijks gebruik. De afwasbare coating zorgt ervoor dat je simpelweg met een vochtige doek schoonmaakt – ideaal met kinderen, huisdieren of regelmatig gebruik. Het materiaal is bovendien slijtvast en behoudt kleur en print – waardoor het niet snel veroudert of gebruikt oogt. Zeg dus vaarwel tegen tafelkleden die kreuken, verkleuren of veel onderhoud vragen.</p> <h3>Het verschil maken</h3> <p>Kies voor dit tafelzeil en geniet direct van een gunstige combinatie: <strong>stijlvol motief</strong>, <strong>duurzame bescherming</strong> en <strong>eenvoudig onderhoud</strong>. Wacht niet tot je tafel opnieuw vlekken heeft of je meubels weer hun glans hebben verloren – geef je tafel nu dat praktische én stijlvolle element dat hij verdient.</p> <p><strong>Call-to-action:</strong> Voeg dit tafelzeil vandaag nog toe aan je winkelwagen en maak van elke maaltijd een ontspannen, sfeervol moment – zonder zorgen over vlekken of slijtage.</p>",,,taxable,,1,999,,0,0,,,,,1,,,,Tafellaken,"Geruit, Kerst, PVC, Raved, Rechthoek, Tafellaken, Tafelzeil",,"https://ravedfabrics.com/wp-content/uploads/2026/02/1200x656-2.jpg, https://ravedfabrics.com/wp-content/uploads/2026/02/550x468-1.jpg, https://ravedfabrics.com/wp-content/uploads/2026/02/550x550-168.jpg, https://ravedfabrics.com/wp-content/uploads/2026/02/550x488-19.jpg, https://ravedfabrics.com/wp-content/uploads/2026/02/550x500-22.jpg, https://ravedfabrics.com/wp-content/uploads/2026/02/550x399-21.jpg, https://ravedfabrics.com/wp-content/uploads/2026/02/550x550-169.jpg",,,,,,,,,0,Raved,Size,"140 x 50 cm, 140 x 100 cm, 140 x 140 cm, 140 x 160 cm, 140 x 180 cm, 140 x 200 cm, 140 x 220 cm, 140 x 230 cm, 140 x 240 cm, 140 x 250 cm, 140 x 260 cm, 140 x 270 cm, 140 x 280 cm, 140 x 290 cm, 140 x 300 cm, 140 x 310 cm, 140 x 320 cm, 140 x 350 cm",0,0,"140 x 50 cm"
2351123832450077,variable,RAV-RAVEDTAFEL-9300000179023901,,"Raved Tafelzeil Macarons 140 140 - Roze - PVC - Afwasbaar",1,0,visible,,"<p>Maak van elke maaltijd een stijl­moment met dit <strong>afwasbare PVC tafelzeil</strong> in een vrolijke <strong>roze macarons-print</strong> – eenvoudig schoon te maken en direct sfeer aan tafel.</p> <p>**Maak indruk met het <strong>Raved Tafelzeil in roze macarons-design</strong>, de slimme keuze voor wie een tafelsetting wil die zowel mooi als functioneel is. Dit <strong>tafelzeil</strong> biedt <strong>bescherming én stijl</strong>: heeft een <strong>duurzaam PVC-materiaal</strong>, is <strong>afwasbaar</strong> met een vochtige doek en zorgt ervoor dat jouw tafel er elke dag fris uitziet.</p> <h3>Bescherming en styling in één</h3> <p>Met dit tafelzeil combineer je direct twee behoeften: bescherming van je tafel tegen kringen, knoeien, vlekken en slijtage, én een vrolijk design dat je eet- of tuintafel transformeert. De zachte roze achtergrond met speelse macarons zorgt voor een uitnodigende sfeer — perfect voor gezinsmaaltijden, gezellige borrels buiten, of als subtiel accent op je interieur.</p> <h3>Materiaal en onderhoud</h3> <p>Het tafelzeil is vervaardigd van hoogwaardig <strong>PVC</strong>, waardoor het flexibel, water- en vlekbestendig is. Dankzij de handige afneembare eigenschap (met een vochtige doek) houd je het simpel en snel schoon. Let erop dat bij langdurig gebruik buiten, het motief en de kleur het best behouden blijven als je het tafelzeil beschermt tegen extreme weersinvloeden.</p> <h3>Toepassingsmogelijkheden</h3> <p>Of je nu binnen eet of buiten op het terras aanschuift — dit tafelzeil is geschikt voor meerdere situaties: van een spontane kop koffie tot een uitgebreide barbecue met vrienden. Het maakt je tafel direct sfeervoller én praktischer. Dankzij de standaardmaat past het op de meeste tafels (controleer jouw afmetingen). Het vrolijke design haalt ook het beste in je servies en tafeldecor naar boven.</p> <h3>Waarom kiezen voor dit tafelzeil?</h3> <ul> <li> <p>**Veelzijdig gebruik **: geschikt voor zowel binnen als buiten.</p> </li> <li> <p>**Onderhoudsgemak **: eenvoudig schoon te maken, geen ingewikkeld wasprogramma.</p> </li> <li> <p>**Stijlvol motief **: macarons-print voegt direct karakter toe in plaats van een standaard effen doek.</p> </li> <li> <p><strong>Hoge kwaliteit</strong> dankzij het PVC-materiaal: bestand tegen dagelijkse gebruik.</p> </li> </ul> <h3>Let op</h3> <p>Hoewel het tafelzeil buiten gebruikt kan worden, streven we naar optimale duurzaamheid door het te beschermen tegen langdurig zon- of weergebruik.<br />Verzeker je ervan dat jouw tafelvlak schoon en droog is voordat je het tafelzeil legt voor het beste resultaat.</p> <h3>Call-to-action</h3> <p>Kies nu voor bescherming én stijl aan tafel – geef jouw eet- of tuintafel direct een upgrade met het <strong>Raved tafelzeil in roze macarons-print</strong>. Bestel vandaag nog en maak van elk moment aan tafel iets bijzonders!</p>",,,taxable,,1,999,,0,0,,,,,1,,,,Tafellaken,"Gebloemd, Jungle, PVC, Raved, Rechthoek, Tafellaken, Tafelzeil",,https://ravedfabrics.com/wp-content/uploads/2026/02/1200x1200-355.jpg,,,,,,,,,0,Raved,Size,"140 x 50 cm, 140 x 100 cm, 140 x 140 cm, 140 x 160 cm, 140 x 180 cm, 140 x 200 cm, 140 x 220 cm, 140 x 230 cm, 140 x 240 cm, 140 x 250 cm, 140 x 260 cm, 140 x 270 cm, 140 x 280 cm, 140 x 290 cm, 140 x 300 cm, 140 x 310 cm, 140 x 320 cm, 140 x 350 cm",0,0,"140 x 50 cm"
2351123832450101,variable,RAV-RAVEDTAFEL-9300000167169608,,"Raved Kerst Tafelzeil - Gouden Kerst 140 140 - Beige - PVC - Afwasbaar",1,0,visible,,"<p>Maak van je kersttafel direct een sfeervol feestmoment met dit <strong>stijlvolle gouden tafelzeil</strong> van <strong>PVC</strong>, dat zowel elegant oogt als <strong>afwasbaar en onderhoudsvriendelijk</strong> is. Bescherm je tafel én creëer een warme kerstsfeer in één handomdraai.</p> <p>Breng de magie van de feestdagen naar jouw interieur met het <strong>primair zoekwoord</strong> <strong>tafelzeil kerst goud</strong> – dit elegante tafelzeil van het merk Raved combineert stijl met praktisch gemak.</p> <h3>Sfeervolle uitstraling & direct resultaat</h3> <p>Met het <strong>gouden design</strong> van dit tafelzeil geef je de tafel direct een luxe en feestelijke look – perfect voor het kerstdiner, een gezellige familiebijeenkomst of sfeervolle avond met vrienden. Het warme beige-gouden kleurpallet zorgt voor een klassieke, verfijnde uitstraling die past bij zowel moderne als traditionele tafeldecoraties.</p> <h3>Duurzaam materiaal & eenvoudig onderhoud</h3> <p>Het tafelzeil is vervaardigd uit <strong>PVC</strong>, een materiaal dat uitstekend tegen knoeien, vlekken en hitte van bord of glas bestand is. Dankzij zijn afwasbare oppervlak kun je gerust het kerstdiner loslaten – binnen enkele seconden weer schoon. Hierdoor is het niet alleen geschikt voor eenmalig gebruik, maar ook herbruikbaar – bespaar tijd én geld.</p> <h3>Perfecte maat & slimme bescherming</h3> <p>Met een breedte van <strong>140 cm</strong> (en variabele lengte) past dit tafelzeil op de meeste standaard tafels. Het zorgt voor volledige dekking en bescherming van het tafelblad – waardoor je tafel vrij blijft van kringen, vlekken en slijtage. Je hoeft je geen zorgen meer te maken over een beschadigde tafel tijdens de drukke feesten.</p> <h3>Veelzijdig toepasbaar</h3> <p>Of je nu binnen aan tafel zit of buiten op het terras in de winterse avond – dit tafelzeil is geschikt voor beide. Dankzij het onderhoudsgemak en de duurzame uitstraling kun je het jaar na jaar inzetten, voor Kerst maar ook voor andere gelegenheden waarbij een elegante basis gewenst is.</p> <h3>Waarom kiezen voor dit tafelzeil?</h3> <ul> <li> <p><strong>USP 1:</strong> Luxueus gouden kerst-design voor direct sfeer­effect.</p> </li> <li> <p><strong>USP 2:</strong> Afwasbaar PVC-materiaal: snel schoon, duurzaam in gebruik.</p> </li> <li> <p><strong>USP 3:</strong> Bescherming van je tafel én stijlvolle uitstraling tegelijk.</p> </li> <li> <p>Verliesaversie-trigger: Voorkom dat je tafel beschadigd raakt of de kerstsfeer mist door met standaard tafelbedekking te werken.</p> </li> <li> <p>Sociale bewijskracht: Veel klanten geven aan tevreden te zijn over kwaliteit en sfeer. </p> </li> <li> <p>Urgentie-trigger: De feestdagen komen snel – zorg dat je tafel er klaar voor is.</p> </li> </ul> <h3>Overtuig jezelf en actie</h3> <p>Kies vandaag nog voor dit tafelzeil en geef jouw kersttafel de aandacht die hij verdient. Klik op “In winkelwagen”, kies je gewenste lengte (maat x variabele lengte) en leg de basis voor een sfeervolle kerstervaring waar iedereen van geniet. <strong>Voeg direct toe aan je feestdecoratie-arsenaal!</strong></p>",,,taxable,,1,999,,0,0,,,,,1,,,,Tafellaken,"Overig, Print, PVC, Raved, Rechthoek, Tafellaken, Tafelzeil",,"https://ravedfabrics.com/wp-content/uploads/2026/02/1200x593-6.jpg, https://ravedfabrics.com/wp-content/uploads/2026/02/550x467-15.jpg, https://ravedfabrics.com/wp-content/uploads/2026/02/550x550-102.jpg, https://ravedfabrics.com/wp-content/uploads/2026/02/550x399-16.jpg, https://ravedfabrics.com/wp-content/uploads/2026/02/550x500-16.jpg, https://ravedfabrics.com/wp-content/uploads/2026/02/550x488-13.jpg, https://ravedfabrics.com/wp-content/uploads/2026/02/550x550-103.jpg",,,,,,,,,0,Raved,Size,"140 x 50 cm, 140 x 100 cm, 140 x 140 cm, 140 x 160 cm, 140 x 180 cm, 140 x 200 cm, 140 x 220 cm, 140 x 230 cm, 140 x 240 cm, 140 x 250 cm, 140 x 260 cm, 140 x 270 cm, 140 x 280 cm, 140 x 290 cm, 140 x 300 cm, 140 x 310 cm, 140 x 320 cm, 140 x 330 cm",0,0,"140 x 50 cm"
2351123832450142,variable,RAV-RAVEDTAFEL-9300000079087955,,"Raved Tafelzeil Beige 140 140 - PVC - Afwasbaar",1,0,visible,,"<p>Breng direct sfeer aan tafel met dit <strong>stijlvolle en praktisch afneembare</strong> tafelzeil van met authentiek <strong>Delfts Tegels-motief</strong>. Dankzij het <strong>hoogwaardige PVC-materiaal</strong> en de <strong>afwasbare kwaliteit</strong> is jouw tafel beschermd én mooi, zowel binnen als buiten.</p> <p>Maak van iedere maaltijd of bijeenkomst een moment om naar uit te kijken met het <strong>premium tafelzeil</strong> van Raved met <strong>Delfts Tegels-design</strong>. Dit tafelzeil combineert <strong>stijlvol Hollands motief</strong>, functioneel materiaalgebruik en slimme onderhoudsvriendelijkheid – precies wat je zoekt wanneer je tafel er zowel mooi uit moet zien als praktisch in gebruik moet zijn.</p> <h3>Waarom kiezen voor dit tafelzeil?</h3> <p>Met het <strong>primair zoekwoord “tafelzeil”</strong> in gedachten: dit model is ideaal voor wie een tafel al voldoende aandacht geeft en zoekt naar een oplossing voor knoeien, hitteplekken of verkleuring. Het klassieke <strong>Delfts Tegels-patroon</strong> in beige/­blauw voegt direct landelijke charme toe aan je eetkamer, serre of buitenruimte. Omdat het van <strong>materiaal PVC</strong> is gemaakt, zit je nooit met stof of vervelende stof‐nesten: vlekken neem je eenvoudig af met een vochtige doek – geen gedoe meer met grote wasbeurten of vervangingen.</p> <h3>Specificaties & toepassingen</h3> <ul> <li> <p><strong>Materiaal</strong>: sterk PVC – waterafstotend en bestand tegen knoeien, kringen en algemene slijtage.</p> </li> <li> <p><strong>Kleur/Design</strong>: beige basis met blauw Delfts Tegels-motief – passend bij zowel een landelijk interieur als een frisse buitenlook.</p> </li> <li> <p><strong>Gebruik</strong>: voor binnen en buiten – let op: bij regen of langdurig buitengebruik liever binnen opbergen om verkleuring of slijtage te voorkomen. </p> </li> <li> <p><strong>Onderhoud</strong>: eenvoudig afnemen i.p.v. wassen – zo blijft je tafel altijd uitnodigend en netjes.</p> </li> </ul> <h3>Voordelen voor jou</h3> <ul> <li> <p>Beschermt je tafel tegen hitte, vocht en kringen – zodat je je tafel behoudt in nieuwstaat.</p> </li> <li> <p>Creëert direct een sfeervol tafelbeeld – je hoeft nauwelijks extra styling toe te voegen.</p> </li> <li> <p>Gemakkelijk in gebruik – ideaal voor gezinnen, buitengebruik of als je weinig tijd hebt voor onderhoud.</p> </li> <li> <p>Duurzaam en stijlvol – het ontwerp is tijdloos genoeg om seizoen na seizoen te blijven passen.</p> </li> </ul> <h3>Verlies-aversie & sociale bewijskracht</h3> <p>Stel je voor: je kinderen spelen aan tafel, gasten schuiven aan … en binnen een minuut is er geknoeid. Met dit tafelzeil hoef jij je geen zorgen te maken. Twee tevreden klanten geven een gemiddelde score van 5,0 sterren – “Mooi design, soepel materiaal” en “Heel mooi tafelkleed en een fantastische service”. <br />Waarom wachten tot je tafel beschadigd is?</p> <h3>Call-to-action</h3> <p>Maak indruk én werk efficiënt: kies voor dit <strong>Raved tafelzeil met Delfts Tegels-print</strong> en geef je tafel direct de bescherming én uitstraling die het verdient. Voeg ‘m vandaag nog toe aan je winkelwagen – jouw tafel zal je dankbaar zijn!</p>",,,taxable,,1,999,,0,0,,,,,1,,,,Tafellaken,"Geruit, PVC, Raved, Rechthoek, Ruitjes, Tafellaken, Tafelzeil",,https://ravedfabrics.com/wp-content/uploads/2026/02/1200x1200-102.jpg,,,,,,,,,0,Raved,Size,"140 x 100 cm, 140 x 140 cm, 140 x 160 cm, 140 x 180 cm, 140 x 200 cm, 140 x 220 cm, 140 x 230 cm, 140 x 240 cm, 140 x 250 cm, 140 x 260 cm, 140 x 270 cm, 140 x 280 cm, 140 x 290 cm, 140 x 300 cm, 140 x 310 cm, 140 x 320 cm, 140 x 350 cm",0,0,"140 x 100 cm"
2351123832450186,variable,RAV-RAVEDTAFEL-9300000193285894,,"Raved Tafelzeil 140 140 - PVC - Afwasbaar",1,0,visible,,"<p>Geef je tafel direct een <strong>sfeervolle make-over</strong> met dit <strong>afwasbare PVC tafelzeil</strong> met een stijlvol <strong>gestreept beige patroon</strong> – ideaal voor binnen én buiten, voor een onderhoudsvriendelijke en toch elegante tafelopstelling.</p> <p><strong>Verander je tafel in een stijlvolle, onderhoudsvriendelijke blikvanger</strong> met dit prachtige <strong>tafelzeil</strong> van het vertrouwde merk <strong>Raved</strong>. Met een breedte van 140 cm, uitgevoerd in een elegant <strong>beige strepenpatroon</strong>, combineert dit tafelzeil design en functionaliteit op een slimme manier.</p> <h3>Gemak en bescherming in één</h3> <p>Dankzij het hoogwaardige <strong>PVC-materiaal</strong> is dit tafelzeil volledig <strong>afwasbaar</strong>, waardoor je veilig kunt genieten van familiediners, knutselmomenten met kinderen of een ontspannen buitenlunch op het terras. Geen zorgen meer over vlekken, vocht of krassen: het tafelzeil beschermt jouw tafel tegen alledaagse gevaren.</p> <h3>Stijlvolle uitstraling</h3> <p>Het subtiele strepenpatroon in beige voegt direct een warme en moderne touch toe aan elk interieur of buitenruimte. Of je nu een houten tafel hebt in de eetkamer of een kunststof buiten tafel op het balkon: dit tafelzeil sluit aan op een rustige, natuurlijke kleurstelling en verhoogt de sfeer.</p> <h3>Binnen én buiten gebruik</h3> <p>Dankzij het materiaal en het ontwerp is dit tafelzeil geschikt voor zowel <strong>binnen als buiten</strong> gebruik — ideaal voor wisselende seizoenen, buiteneten in de zomer of extra bescherming in huis. Let er wel op dat je het tafelzeil bij langdurige regen of vochtigheid indrukt naar binnen haalt om verkleuring of verwering te voorkomen.</p> <h3>Specificaties & voordelen</h3> <ul> <li> <p>Materiaal: <strong>PVC</strong>, onderhoudsvriendelijk en duurzaam.</p> </li> <li> <p>Kleur/patroon: <strong>beige strepenpatroon</strong>, stijlvol en tijdloos.</p> </li> <li> <p>Geschikt voor binnen & buiten; eenvoudig schoon te maken met een vochtige doek.</p> </li> <li> <p>Ideaal voor: gezinnen met kinderen, buitengebruik, tafels die bescherming nodig hebben.</p> </li> </ul> <h3>Waarom kiezen voor dit tafelzeil?</h3> <ul> <li> <p><strong>Rust en bescherming</strong>: Verlies de tafel niet uit het oog door knoeien of geur: je beschermt jouw investering.</p> </li> <li> <p><strong>Sfeervol interieur</strong>: Je hoeft niet te kiezen tussen praktisch en mooi — dit tafelzeil levert beiden.</p> </li> <li> <p><strong>Direct resultaat</strong>: Binnen enkele minuten transformeer je je tafel zonder stoffig of langdurig renovatieproces.</p> </li> <li> <p><strong>Veelzijdig gebruik</strong>: Van kinderactiviteit tot summer-barbecue — jouw tafel is er klaar voor.</p> </li> </ul> <p>Mis deze kans niet om jouw tafel een upgrade te geven én meteen het onderhoudsgemak te ervaren. Klik op “In winkelwagen” en breng stijl én rust terug op je eettafel of buitenplek!</p>",,,taxable,,1,999,,0,0,,,,,1,,,,Tafellaken,"Overig, Print, PVC, Raved, Rechthoek, Tafellaken, Tafelzeil",,https://ravedfabrics.com/wp-content/uploads/2026/02/1200x590-154.jpg,,,,,,,,,0,Raved,Size,"140 x 50 cm, 140 x 100 cm, 140 x 140 cm, 140 x 160 cm, 140 x 180 cm, 140 x 200 cm, 140 x 220 cm, 140 x 230 cm, 140 x 240 cm, 140 x 250 cm, 140 x 260 cm, 140 x 270 cm, 140 x 280 cm, 140 x 290 cm, 140 x 300 cm, 140 x 310 cm, 140 x 320 cm, 140 x 350 cm",0,0,"140 x 50 cm"
2351123832450188,variable,RAV-RAVEDTAFEL-9300000092104528,,"Raved Tafelzeil Blokken Design Grijs 140 140 - PVC - Afwasbaar",1,0,visible,,"<p><strong>De tafelkleden van Raved zijn veelzijdig en brengen sfeer in huis. Onze Tafelkleden/Tafelzeilen/Tafelzeilen zijn zowel verkrijgbaar in vrolijke motieven en prints, als in mooie effen kleuren. Een Toile cirée van Raved is ook nog eens erg praktisch en beschermt je tafel tegen geknoei of brandplekken door hete pannen. Zo schuift iedereen met een gerust hart aan!</strong></p> <h3>Voor binnen & buiten</h3> <p>Dit Tafelkleed/Tafelzeil/Tafelzijl is geschikt voor zowel binnen als buiten. Let er wel op dat je het kleed naar binnen haalt wanneer het regent, dit voorkomt verkleuring en verwering. Na gebruik is het kleed eenvoudig af te nemen met een vochtige doek en kan het weer de kast in voor een volgend gebruik!</p> <h3>Blokken design</h3> <p>Dit tafelkleed/tafelzeil, met een subtiele print en neutrale kleur, past perfect binnen een modern en klassiek interieur. Het ontwerp bestaat uit een stijlvolle blokken print in de kleuren grijs en wit en maakt uw eetkamer nog completer.</p> <h3>Specificaties:</h3> <p> Materiaal: PVC / plastic <br /> Afmetingen: 140 x 140 cm <br /> Kleur: Wit/Grijs <br /> Inhoud: 1 stuk<br /> Fabrikant: Wicotex / 2Lif<br /> Onze tafelzijlen zijn geschikt voor jong en oud. Of je nu gezellig een avondje met vrienden of familie aan tafel schuift of kinderen hebt die graag knutselen en knoeien, je tafel kan alles aan!</p> <p>Raved, ook wel bekend als Raved Frabrics, verkoopt zowel praktische als mooie items! Onze artikelen worden zorgvuldig geselecteerd voor de beste kwaliteit. Van prachtige tafelkleden en -zeilen tot de mooiste muurdecoratie: bij Raved kun je altijd terecht!</p>",,,taxable,,1,999,,0,0,,,,,1,,,,Tafellaken,"Geruit, PVC, Raved, Rechthoek, Tafellaken, Tafelzeil, Vierkantjes",,"https://ravedfabrics.com/wp-content/uploads/2026/02/1200x1182-2.jpg, https://ravedfabrics.com/wp-content/uploads/2026/02/550x550-199.jpg, https://ravedfabrics.com/wp-content/uploads/2026/02/550x467-20.jpg, https://ravedfabrics.com/wp-content/uploads/2026/02/550x480-2.jpg, https://ravedfabrics.com/wp-content/uploads/2026/02/550x550-200.jpg, https://ravedfabrics.com/wp-content/uploads/2026/02/550x178-25.jpg, https://ravedfabrics.com/wp-content/uploads/2026/02/550x550-201.jpg, https://ravedfabrics.com/wp-content/uploads/2026/02/550x550-202.jpg, https://ravedfabrics.com/wp-content/uploads/2026/02/550x550-203.jpg",,,,,,,,,0,Raved,Size,"140 x 50 cm, 140 x 100 cm, 140 x 140 cm, 140 x 160 cm, 140 x 180 cm, 140 x 200 cm, 140 x 220 cm, 140 x 230 cm, 140 x 240 cm, 140 x 250 cm, 140 x 260 cm, 140 x 270 cm, 140 x 280 cm, 140 x 290 cm, 140 x 300 cm, 140 x 310 cm, 140 x 320 cm, 140 x 350 cm",0,0,"140 x 50 cm"
2351123832450248,variable,RAV-RAVEDTAFEL-9300000167169634,,"Raved Kerst Tafelzeil - Kersthulst 140 140 - Beige - PVC - Afwasbaar",1,0,visible,,"<p>Breng <strong>direct kerstsfeer</strong> op tafel met dit <strong>praktische en stijlvolle tafelzeil</strong> van PVC dat eenvoudig schoon te maken is. Het elegante <strong>hulst-motief in warm beige</strong> geeft uw eettafel een feestelijke uitstraling zonder zorgen — <strong>beschermt tegen knoeien, vlekken en brandplekken</strong>.</p> <p>Met het <strong>primair zoekwoord</strong> <strong>tafelzeil kersthulst</strong> stel ik onderstaande tekst op.</p> <p>Maak van uw eettafel dé sfeerpunt tijdens de feestdagen met dit prachtige <strong>tafelzeil kersthulst</strong> van <strong>Raved</strong>. Het subtiele beige ontwerp met sfeervolle hulstprint past perfect in een warme kerstatmosfeer én is vervaardigd van <strong>PVC</strong>, wat betekent dat u zich geen zorgen hoeft te maken over knoeien tijdens het diner of de borrel.<br />Het <strong>materiaal</strong> is duurzaam, slijtvast en dankzij de <strong>afwasbare afwerking</strong> veegt u een glas rode wijn of een gemorst dessert eenvoudig weg met een doek — geen stress, alleen genieten.</p> <h3>Waarom dit tafelzeil?</h3> <ul> <li> <p><strong>Bescherming én decoratie</strong>: dit tafelzeil biedt bescherming tegen vlekken, kringen en zelfs brandplekken door warme pannen, en zorgt tegelijk voor een stijlvolle uitstraling van uw tafel.</p> </li> <li> <p><strong>Feestelijke uitstraling</strong>: het classic hulst-motief brengt het kerstgevoel direct naar binnen, of het nu gaat om een avondje met familie, een kerstontbijt of een gezellige borrel.</p> </li> <li> <p><strong>Eenvoudig in onderhoud</strong>: dankzij het PVC-materiaal en afwasbare laag is schoonmaken kinderspel, wat rust geeft tijdens drukke dagen.</p> </li> <li> <p><strong>Flexibel gebruik</strong>: geschikt voor zowel dagelijks gebruik in de winterperiode als voor het hoogtepunt van de kerstdagen.</p> </li> </ul> <h3>Specificaties & praktische details</h3> <ul> <li> <p>Merk: Raved</p> </li> <li> <p>Materiaal: <strong>PVC</strong> — stevig, slijtvast en makkelijk te reinigen</p> </li> <li> <p>Kleur: <strong>Beige</strong> met hulst-print (groen/rood accenten)</p> </li> <li> <p>Gebruik: binnen én buiten (op veranda of tuinfeest), perfect voor tafels tijdens feestelijke momenten</p> </li> <li> <p>Onderhoud: eenvoudig afnemen met vochtige doek; geen machinewas vereist</p> </li> </ul> <h3>Voor wie?</h3> <p>Of u nu een feestelijk diner organiseert met vrienden of ervoor wilt zorgen dat het kerstontbijt voor de kinderen zo soepel mogelijk verloopt: dit tafelzeil is ideaal. Het combineert stijl, gemak en functionaliteit — een zeldzame combinatie die indruk maakt én ontzorgt.</p> <h3>Letselvrij en zorgeloos genieten</h3> <p>Wacht niet tot er een vlek is gemorst of een brandplekje is ontstaan — met dit tafelzeil neemt u de stress weg vóórdat het begint. Een kleine investering in uw kerstsfeer levert veel ontspanning op tijdens het diner.</p> <p><strong>Call-to-action</strong>: Maak uw tafel feestklaar en bestel dit stijlvolle tafelzeil vandaag nog zodat u met een gerust hart aan de kerstdagen begint!</p>",,,taxable,,1,999,,0,0,,,,,1,,,,Tafellaken,"Overig, Print, PVC, Raved, Rechthoek, Tafellaken, Tafelzeil",,"https://ravedfabrics.com/wp-content/uploads/2026/02/1200x1200-307.jpg, https://ravedfabrics.com/wp-content/uploads/2026/02/550x550-212.jpg, https://ravedfabrics.com/wp-content/uploads/2026/02/550x503.jpg, https://ravedfabrics.com/wp-content/uploads/2026/02/550x178-27.jpg, https://ravedfabrics.com/wp-content/uploads/2026/02/550x550-213.jpg, https://ravedfabrics.com/wp-content/uploads/2026/02/550x550-214.jpg, https://ravedfabrics.com/wp-content/uploads/2026/02/550x550-215.jpg",,,,,,,,,0,Raved,Size,"140 x 50 cm, 140 x 100 cm, 140 x 140 cm, 140 x 160 cm, 140 x 180 cm, 140 x 200 cm, 140 x 220 cm, 140 x 230 cm, 140 x 240 cm, 140 x 250 cm, 140 x 260 cm, 140 x 270 cm, 140 x 280 cm, 140 x 290 cm, 140 x 300 cm, 140 x 310 cm, 140 x 320 cm, 140 x 330 cm",0,0,"140 x 50 cm"
2351123832450250,variable,RAV-RAVEDTAFEL-9300000179181220,,"Raved Tafelzeil 140 140 - PVC - Afwasbaar",1,0,visible,,"<p>Til je eetplek naar een tropisch niveau met dit <strong>jungle-patroon tafelzeil in paars</strong> van <strong>PVC</strong> dat direct bescherming biedt én stijl toevoegt. Dankzij de <strong>afwasbare coating</strong> maak je hem in een handomdraai schoon – ideaal voor gezellig binnen én ontspannen buiten.</p> <p><strong>Transformeer je tafel in een stijlvolle oase met het <strong>primair zoekwoord</strong>: tafelzeil</strong>.<br />Welkom in jouw nieuwe favoriete tafelkleed: het <strong>Raved Tafelzeil Jungle</strong> is gedrukt met een levendig jungle-motief op een diepe paarse achtergrond en vervaardigd uit duurzaam <strong>PVC</strong>. Dit tafelzeil combineert <strong>bescherming</strong>, <strong>stijl</strong> en <strong>practiciteit</strong> in één.</p> <h3>Bescherming die je ziet én voelt</h3> <p>Dagelijks gebruik, etentjes met vrienden of een relaxte middag buiten — jouw tafel krijgt heel wat te verduren. Dit tafelzeil pakt die uitdaging stevig aan: het PVC-materiaal is <strong>afwasbaar</strong>, waardoor gemorste dranken, vlekken of kringen verleden tijd worden. Zo blijft jouw tafel fris, mooi en uitnodigend.</p> <h3>Design met karakter</h3> <p>Met de jungle-print krijgt je eetplek direct een karaktervolle draai: tropische bladeren, grafische patronen en de warme paarse kleur maken van een simpele tafel een sfeervol middelpunt. Of je ’m gebruikt in de woonkamer, keuken of op het terras — het is een statement stuk dat zowel binnen als buiten tot z’n recht komt (controleer bij blootstelling aan zon).</p> <h3>Praktisch in gebruik</h3> <ul> <li> <p>Materiaal: stevig PVC, geschikt voor intensief gebruik.</p> </li> <li> <p>Kleuren: paars met jungle-motief — een frisse variant die niet in het interieur verdwijnt.</p> </li> <li> <p>Onderhoud: afvegen met vochtige doek, geen gedoe met wassen of strijken.</p> </li> </ul> <h3>Waarom kiezen voor deze versie?</h3> <ul> <li> <p><strong>USP 1</strong>: Afwasbaar PVC — direct resultaat, geen vlekkenstress.</p> </li> <li> <p><strong>USP 2</strong>: Jungle-design in paars — onderscheidend, stijlvol en vrolijk.</p> </li> <li> <p><strong>USP 3</strong>: Geschikt voor dagelijks gebruik én bijzondere gelegenheden.<br />Stel je voor: je serveert koffie met vrienden, de kinderen kleuren aan tafel, buiten schijnt de zon — en je tafel ziet er perfect uit zonder dat je je zorgen hoeft te maken.</p> </li> </ul> <h3>Eenvoudig combineren</h3> <p>Dankzij de unieke paars-jungle print combineert dit tafelzeil makkelijk met andere accessoires: neutrale stoelen, houten tafelblad, planten in de omgeving. Het versterkt een moderne of bohemian stijl, maar past ook bij buiten meubels.</p> <h3>Call-to-action</h3> <p>Wacht niet langer: geef je eet- of tuintafel de bescherming én uitstraling die hij verdient. Klik op “In winkelwagen” en kies bewust voor stijl én gemak met dit afwasbare tafelzeil.</p>",,,taxable,,1,999,,0,0,,,,,1,,,,Tafellaken,"citroen, Gebloemd, PVC, Raved, Rechthoek, Tafellaken, Tafelzeil",,"https://ravedfabrics.com/wp-content/uploads/2026/02/1200x590-118.jpg, https://ravedfabrics.com/wp-content/uploads/2026/02/550x467-21.jpg, https://ravedfabrics.com/wp-content/uploads/2026/02/550x550-245.jpg, https://ravedfabrics.com/wp-content/uploads/2026/02/550x550-246.jpg, https://ravedfabrics.com/wp-content/uploads/2026/02/550x500-25.jpg, https://ravedfabrics.com/wp-content/uploads/2026/02/550x488-21.jpg, https://ravedfabrics.com/wp-content/uploads/2026/02/550x399-24.jpg",,,,,,,,,0,Raved,Size,"140 x 50 cm, 140 x 100 cm, 140 x 140 cm, 140 x 160 cm, 140 x 180 cm, 140 x 200 cm, 140 x 220 cm, 140 x 230 cm, 140 x 240 cm, 140 x 250 cm, 140 x 260 cm, 140 x 270 cm, 140 x 280 cm, 140 x 290 cm, 140 x 300 cm, 140 x 310 cm, 140 x 320 cm, 140 x 350 cm",0,0,"140 x 50 cm"
2351123832450261,variable,RAV-RAVEDTAFEL-9300000179187883,,"Raved Tafelzeil 140 140 - PVC - Afwasbaar",1,0,visible,,"<p>Laat je tafel stralen én beschermen met <strong>een stijlvol motief in wit met takkenprint</strong>, <strong>duurzaam PVC-materiaal</strong>, en <strong>afwasbaar oppervlak</strong> — perfect voor dagelijks gebruik én gezellige samenkomsten, binnen of buiten.</p> <p>Breng rust en stijl naar je tafel met het **Raved Tafelzeil Takken. Dit tafelzeil combineert een <strong>elegant takkenmotief op een witte achtergrond</strong> met het praktische gemak van <strong>afwasbaar PVC-materiaal</strong> — een slimme keuze voor jouw huis.</p> <h3>Een frisse uitstraling en slimme bescherming</h3> <p>Met het subtiele <strong>takkenmotief in wit</strong> creëer je direct een natuurlijke en serene sfeer rond je tafel. Het oogt rustig, fris en stijlvol — perfect voor een moderne eettafel of een zonnig terras. Tegelijkertijd biedt het tafelzeil bescherming: dankzij het <strong>PVC-materiaal</strong> is je tafel bestand tegen dagelijks gebruik, speelse kleintjes, koffie-vlekken of onvoorzichtige aanrakingen.</p> <h3>Ideaal voor dagelijks gebruik én bijzondere momenten</h3> <p>Of je nu een ontbijt met het gezin hebt, een middagbuitentafel opzet of een etentje organiseert: dit tafelzeil is geschikt voor zowel binnen als buiten. Het is direct klaar voor gebruik, eenvoudig schoon te maken met een vochtige doek en het behoudt zijn frisse uitstraling. Dankzij de maat past het ideaal op standaard tafels — waardoor je tafel veilig is, zonder concessies te doen aan stijl.</p> <h3>Materiaal & onderhoud</h3> <p>Het tafelzeil is vervaardigd uit <strong>PVC</strong>, wat staat voor:</p> <ul> <li> <p><strong>Duurzaamheid</strong>: bestand tegen krassen, vocht en vlekken.</p> </li> <li> <p><strong>Onderhoudsgemak</strong>: veeg schoon met een natte doek, geen gesjouw met zware wasprogramma’s.</p> </li> <li> <p><strong>Gebruiksgemak</strong>: geen strijken, geen speciale schoonmaakmiddelen nodig.</p> </li> </ul> <h3>Waarom kiezen voor dit tafelzeil?</h3> <ul> <li> <p><strong>Bescherming</strong> voor je tafel tegen vlekken, krassen en slijtage.</p> </li> <li> <p><strong>Verbluffend eenvoudig in onderhoud</strong>, bespaart je tijd en moeite.</p> </li> <li> <p><strong>Stijlvol ontwerp</strong> dat past bij interieur én buitenruimte.</p> </li> <li> <p><strong>Merkvertrouwen</strong> van Raved, specialist in kwaliteits-tafeloplossingen.</p> </li> <li> <p><strong>Binnen & buiten gebruik</strong>, verhoogt de flexibiliteit in je woning.</p> </li> </ul> <p>Laat de zorgen over een beschadigde tafel achter je en geniet van het moment — of je nu werkt, eet, leest of ontspant. Voeg vandaag dit tafelzeil toe aan je interieur en creëer direct een stijlvolle en beschermde tafelsetting. <strong>Bestel nu en ervaar het gemak van een afwasbaar, stijlvol tafelzeil!</strong></p>",,,taxable,,1,999,,0,0,,,,,1,,,,Tafellaken,"Bloemen, Geruit, PVC, Raved, Rechthoek, Tafellaken, Tafelzeil",,https://ravedfabrics.com/wp-content/uploads/2026/02/1200x590-140.jpg,,,,,,,,,0,Raved,Size,"140 x 50 cm, 140 x 100 cm, 140 x 140 cm, 140 x 160 cm, 140 x 180 cm, 140 x 200 cm, 140 x 220 cm, 140 x 230 cm, 140 x 240 cm, 140 x 250 cm, 140 x 260 cm, 140 x 270 cm, 140 x 280 cm, 140 x 290 cm, 140 x 300 cm, 140 x 310 cm, 140 x 320 cm, 140 x 350 cm",0,0,"140 x 50 cm"
2351123832449842,variation,9504721868174,,"Raved Rond Tafelzeil - 160 ø - PVC - Afwasbaar - 140 x 160 cm",1,0,visible,,,,,taxable,parent,1,999,,0,0,,,,,0,,,"27,95",,,,https://ravedfabrics.com/wp-content/uploads/2026/02/1200x1200-533.jpg,,,RAV-RAVEDTAFEL-9300000179685230,,,,,,0,Raved,Size,"140 x 160 cm",,0,
2351123832449843,variation,5603272226557,,"Raved Rond Tafelzeil - 160 ø - PVC - Afwasbaar - 160 x 160 cm",1,0,visible,,,,,taxable,parent,1,999,,0,0,,,,,0,,,"27,95",,,,https://ravedfabrics.com/wp-content/uploads/2026/02/1200x1200-534.jpg,,,RAV-RAVEDTAFEL-9300000179685230,,,,,,1,Raved,Size,"160 x 160 cm",,0,
2351123832449844,variation,8720387517725,,"Raved Zwart Tafelkleed/Tafellaken Elof - 100% katoen - Uitwasbaar - 140 x 200 cm",1,0,visible,,,,,taxable,parent,1,999,,0,0,,,,,0,,"24,99","37,99",,,,https://ravedfabrics.com/wp-content/uploads/2026/01/1200x1080.jpg,,,RAV-RAVEDTAFEL-9300000111015932,,,,,,0,Raved,Size,"140 x 200 cm",,0,
2351123832449845,variation,8720387517718,,"Raved Zwart Tafelkleed/Tafellaken Elof - 100% katoen - Uitwasbaar - 140 x 250 cm",1,0,visible,,,,,taxable,parent,1,999,,0,0,,,,,0,,"24,99","37,99",,,,https://ravedfabrics.com/wp-content/uploads/2026/02/1200x1080-1.jpg,,,RAV-RAVEDTAFEL-9300000111015932,,,,,,1,Raved,Size,"140 x 250 cm",,0,
2351123832449846,variation,8720387517732,,"Raved Zwart Tafelkleed/Tafellaken Elof - 100% katoen - Uitwasbaar - 140 x 300 cm",1,0,visible,,,,,taxable,parent,1,999,,0,0,,,,,0,,"24,99","37,99",,,,https://ravedfabrics.com/wp-content/uploads/2026/02/1200x1080.jpg,,,RAV-RAVEDTAFEL-9300000111015932,,,,,,2,Raved,Size,"140 x 300 cm",,0,
2351123832449847,variation,8720387517749,,"Raved Zwart Tafelkleed/Tafellaken Elof - 100% katoen - Uitwasbaar - 160 x 160 cm",1,0,visible,,,,,taxable,parent,1,999,,0,0,,,,,0,,"24,99","37,99",,,,https://ravedfabrics.com/wp-content/uploads/2026/02/1200x1200-12.jpg,,,RAV-RAVEDTAFEL-9300000111015932,,,,,,3,Raved,Size,"160 x 160 cm",,0,
2351123832449859,variation,8720707630271,,"Raved Transparant Tafelzeil - PVC - Glashelder - Afwasbaar & Beschermend - 140 x 320 cm",1,0,visible,,,,,taxable,parent,1,999,,0,0,,,,,0,,"15,49","39,38",,,,https://ravedfabrics.com/wp-content/uploads/2026/02/1200x1200-546.jpg,,,RAV-RAVEDTAFEL-9300000093362683,,,,,,10,Raved,Size,"140 x 320 cm",,0,
2351123832449849,variation,8720707630059,,"Raved Transparant Tafelzeil - PVC - Glashelder - Afwasbaar & Beschermend - 140 x 100 cm",1,0,visible,,,,,taxable,parent,1,999,,0,0,,,,,0,,"15,49","39,38",,,,https://ravedfabrics.com/wp-content/uploads/2026/02/1200x1200-537.jpg,,,RAV-RAVEDTAFEL-9300000093362683,,,,,,0,Raved,Size,"140 x 100 cm",,0,
2351123832449850,variation,8720707630134,,"Raved Transparant Tafelzeil - PVC - Glashelder - Afwasbaar & Beschermend - 140 x 180 cm",1,0,visible,,,,,taxable,parent,1,999,,0,0,,,,,0,,"15,49","39,38",,,,https://ravedfabrics.com/wp-content/uploads/2026/02/1200x1200-538.jpg,,,RAV-RAVEDTAFEL-9300000093362683,,,,,,1,Raved,Size,"140 x 180 cm",,0,
2351123832449851,variation,8720707630172,,"Raved Transparant Tafelzeil - PVC - Glashelder - Afwasbaar & Beschermend - 140 x 220 cm",1,0,visible,,,,,taxable,parent,1,999,,0,0,,,,,0,,"15,49","39,38",,,,https://ravedfabrics.com/wp-content/uploads/2026/02/1200x1200-539.jpg,,,RAV-RAVEDTAFEL-9300000093362683,,,,,,2,Raved,Size,"140 x 220 cm",,0,
2351123832449852,variation,8720707630189,,"Raved Transparant Tafelzeil - PVC - Glashelder - Afwasbaar & Beschermend - 140 x 230 cm",1,0,visible,,,,,taxable,parent,1,999,,0,0,,,,,0,,"15,49","39,38",,,,https://ravedfabrics.com/wp-content/uploads/2026/02/1200x1200-7.jpg,,,RAV-RAVEDTAFEL-9300000093362683,,,,,,3,Raved,Size,"140 x 230 cm",,0,
2351123832449853,variation,8720707630196,,"Raved Transparant Tafelzeil - PVC - Glashelder - Afwasbaar & Beschermend - 140 x 240 cm",1,0,visible,,,,,taxable,parent,1,999,,0,0,,,,,0,,"15,49","39,38",,,,https://ravedfabrics.com/wp-content/uploads/2026/02/1200x1200-540.jpg,,,RAV-RAVEDTAFEL-9300000093362683,,,,,,4,Raved,Size,"140 x 240 cm",,0,
2351123832449854,variation,8720707630219,,"Raved Transparant Tafelzeil - PVC - Glashelder - Afwasbaar & Beschermend - 140 x 260 cm",1,0,visible,,,,,taxable,parent,1,999,,0,0,,,,,0,,"15,49","39,38",,,,https://ravedfabrics.com/wp-content/uploads/2026/02/1200x1200-541.jpg,,,RAV-RAVEDTAFEL-9300000093362683,,,,,,5,Raved,Size,"140 x 260 cm",,0,
2351123832449855,variation,8720707630226,,"Raved Transparant Tafelzeil - PVC - Glashelder - Afwasbaar & Beschermend - 140 x 270 cm",1,0,visible,,,,,taxable,parent,1,999,,0,0,,,,,0,,"15,49","39,38",,,,https://ravedfabrics.com/wp-content/uploads/2026/02/1200x1200-542.jpg,,,RAV-RAVEDTAFEL-9300000093362683,,,,,,6,Raved,Size,"140 x 270 cm",,0,
2351123832449856,variation,8720707630233,,"Raved Transparant Tafelzeil - PVC - Glashelder - Afwasbaar & Beschermend - 140 x 280 cm",1,0,visible,,,,,taxable,parent,1,999,,0,0,,,,,0,,"15,49","39,38",,,,https://ravedfabrics.com/wp-content/uploads/2026/02/1200x1200-543.jpg,,,RAV-RAVEDTAFEL-9300000093362683,,,,,,7,Raved,Size,"140 x 280 cm",,0,
2351123832449857,variation,8720707630240,,"Raved Transparant Tafelzeil - PVC - Glashelder - Afwasbaar & Beschermend - 140 x 290 cm",1,0,visible,,,,,taxable,parent,1,999,,0,0,,,,,0,,"15,49","39,38",,,,https://ravedfabrics.com/wp-content/uploads/2026/02/1200x1200-544.jpg,,,RAV-RAVEDTAFEL-9300000093362683,,,,,,8,Raved,Size,"140 x 290 cm",,0,
2351123832449858,variation,8720707630257,,"Raved Transparant Tafelzeil - PVC - Glashelder - Afwasbaar & Beschermend - 140 x 300 cm",1,0,visible,,,,,taxable,parent,1,999,,0,0,,,,,0,,"15,49","39,38",,,,https://ravedfabrics.com/wp-content/uploads/2026/02/1200x1200-545.jpg,,,RAV-RAVEDTAFEL-9300000093362683,,,,,,9,Raved,Size,"140 x 300 cm",,0,
2351123832449879,variation,8720707630820,,"Raved Tafelzeil 140 140 - Grijs - PVC - Afwasbaar - 140 x 290 cm",1,0,visible,,,,,taxable,parent,1,999,,0,0,,,,,0,,"23,95","37,99",,,,https://ravedfabrics.com/wp-content/uploads/2026/02/1200x1200-394.jpg,,,RAV-RAVEDTAFEL-9300000077021964,,,,,,13,Raved,Size,"140 x 290 cm",,0,
2351123832449880,variation,8720707630837,,"Raved Tafelzeil 140 140 - Grijs - PVC - Afwasbaar - 140 x 300 cm",1,0,visible,,,,,taxable,parent,1,999,,0,0,,,,,0,,"23,95","37,99",,,,https://ravedfabrics.com/wp-content/uploads/2026/02/1200x1200-395.jpg,,,RAV-RAVEDTAFEL-9300000077021964,,,,,,14,Raved,Size,"140 x 300 cm",,0,
2351123832449881,variation,8720707630844,,"Raved Tafelzeil 140 140 - Grijs - PVC - Afwasbaar - 140 x 310 cm",1,0,visible,,,,,taxable,parent,1,999,,0,0,,,,,0,,"23,95","37,99",,,,https://ravedfabrics.com/wp-content/uploads/2026/02/1200x1200-396.jpg,,,RAV-RAVEDTAFEL-9300000077021964,,,,,,15,Raved,Size,"140 x 310 cm",,0,
2351123832449882,variation,8720707630851,,"Raved Tafelzeil 140 140 - Grijs - PVC - Afwasbaar - 140 x 320 cm",1,0,visible,,,,,taxable,parent,1,999,,0,0,,,,,0,,"23,95","37,99",,,,https://ravedfabrics.com/wp-content/uploads/2026/02/1200x1200-397.jpg,,,RAV-RAVEDTAFEL-9300000077021964,,,,,,16,Raved,Size,"140 x 320 cm",,0,
2351123832449883,variation,8720707630868,,"Raved Tafelzeil 140 140 - Grijs - PVC - Afwasbaar - 140 x 350 cm",1,0,visible,,,,,taxable,parent,1,999,,0,0,,,,,0,,"23,95","37,99",,,,https://ravedfabrics.com/wp-content/uploads/2026/02/1200x1200-398.jpg,,,RAV-RAVEDTAFEL-9300000077021964,,,,,,17,Raved,Size,"140 x 350 cm",,0,
2351123832449868,variation,8720707630677,,"Raved Tafelzeil 140 140 - Grijs - PVC - Afwasbaar - 140 x 140 cm",1,0,visible,,,,,taxable,parent,1,999,,0,0,,,,,0,,"23,95","37,99",,,,https://ravedfabrics.com/wp-content/uploads/2026/02/1200x1200-384.jpg,,,RAV-RAVEDTAFEL-9300000077021964,,,,,,2,Raved,Size,"140 x 140 cm",,0,
2351123832449869,variation,8720707630691,,"Raved Tafelzeil 140 140 - Grijs - PVC - Afwasbaar - 140 x 160 cm",1,0,visible,,,,,taxable,parent,1,999,,0,0,,,,,0,,"23,95","37,99",,,,https://ravedfabrics.com/wp-content/uploads/2026/02/1200x1200-385.jpg,,,RAV-RAVEDTAFEL-9300000077021964,,,,,,3,Raved,Size,"140 x 160 cm",,0,
2351123832449870,variation,8720707630714,,"Raved Tafelzeil 140 140 - Grijs - PVC - Afwasbaar - 140 x 180 cm",1,0,visible,,,,,taxable,parent,1,999,,0,0,,,,,0,,"23,95","37,99",,,,https://ravedfabrics.com/wp-content/uploads/2026/02/1200x1200-386.jpg,,,RAV-RAVEDTAFEL-9300000077021964,,,,,,4,Raved,Size,"140 x 180 cm",,0,
2351123832449871,variation,8720707630738,,"Raved Tafelzeil 140 140 - Grijs - PVC - Afwasbaar - 140 x 200 cm",1,0,visible,,,,,taxable,parent,1,999,,0,0,,,,,0,,"23,95","37,99",,,,https://ravedfabrics.com/wp-content/uploads/2026/02/1200x1200-387.jpg,,,RAV-RAVEDTAFEL-9300000077021964,,,,,,5,Raved,Size,"140 x 200 cm",,0,
2351123832449872,variation,8720707630752,,"Raved Tafelzeil 140 140 - Grijs - PVC - Afwasbaar - 140 x 220 cm",1,0,visible,,,,,taxable,parent,1,999,,0,0,,,,,0,,"23,95","37,99",,,,https://ravedfabrics.com/wp-content/uploads/2026/02/1200x1200-388.jpg,,,RAV-RAVEDTAFEL-9300000077021964,,,,,,6,Raved,Size,"140 x 220 cm",,0,
2351123832449873,variation,8720707630769,,"Raved Tafelzeil 140 140 - Grijs - PVC - Afwasbaar - 140 x 230 cm",1,0,visible,,,,,taxable,parent,1,999,,0,0,,,,,0,,"23,95","37,99",,,,https://ravedfabrics.com/wp-content/uploads/2026/02/1200x1200-389.jpg,,,RAV-RAVEDTAFEL-9300000077021964,,,,,,7,Raved,Size,"140 x 230 cm",,0,
2351123832449874,variation,8720707630776,,"Raved Tafelzeil 140 140 - Grijs - PVC - Afwasbaar - 140 x 240 cm",1,0,visible,,,,,taxable,parent,1,999,,0,0,,,,,0,,"23,95","37,99",,,,https://ravedfabrics.com/wp-content/uploads/2026/02/1200x1200-397.jpg,,,RAV-RAVEDTAFEL-9300000077021964,,,,,,8,Raved,Size,"140 x 240 cm",,0,
2351123832449875,variation,8720707630783,,"Raved Tafelzeil 140 140 - Grijs - PVC - Afwasbaar - 140 x 250 cm",1,0,visible,,,,,taxable,parent,1,999,,0,0,,,,,0,,"23,95","37,99",,,,https://ravedfabrics.com/wp-content/uploads/2026/02/1200x1200-390.jpg,,,RAV-RAVEDTAFEL-9300000077021964,,,,,,9,Raved,Size,"140 x 250 cm",,0,
2351123832449876,variation,8720707630790,,"Raved Tafelzeil 140 140 - Grijs - PVC - Afwasbaar - 140 x 260 cm",1,0,visible,,,,,taxable,parent,1,999,,0,0,,,,,0,,"23,95","37,99",,,,https://ravedfabrics.com/wp-content/uploads/2026/02/1200x1200-391.jpg,,,RAV-RAVEDTAFEL-9300000077021964,,,,,,10,Raved,Size,"140 x 260 cm",,0,
2351123832449877,variation,8720707630806,,"Raved Tafelzeil 140 140 - Grijs - PVC - Afwasbaar - 140 x 270 cm",1,0,visible,,,,,taxable,parent,1,999,,0,0,,,,,0,,"23,95","37,99",,,,https://ravedfabrics.com/wp-content/uploads/2026/02/1200x1200-392.jpg,,,RAV-RAVEDTAFEL-9300000077021964,,,,,,11,Raved,Size,"140 x 270 cm",,0,
2351123832449878,variation,8720707630813,,"Raved Tafelzeil 140 140 - Grijs - PVC - Afwasbaar - 140 x 280 cm",1,0,visible,,,,,taxable,parent,1,999,,0,0,,,,,0,,"23,95","37,99",,,,https://ravedfabrics.com/wp-content/uploads/2026/02/1200x1200-393.jpg,,,RAV-RAVEDTAFEL-9300000077021964,,,,,,12,Raved,Size,"140 x 280 cm",,0,
2351123832449865,variation,9501789982361,,"Raved Tafelzeil 140 140 - Grijs - PVC - Afwasbaar - 140 x 50 cm",1,0,visible,,,,,taxable,parent,1,999,,0,0,,,,,0,,"23,95","37,99",,,,https://ravedfabrics.com/wp-content/uploads/2026/02/1200x1200-383.jpg,,,RAV-RAVEDTAFEL-9300000077021964,,,,,,0,Raved,Size,"140 x 50 cm",,0,
2351123832449866,variation,8720707630639,,"Raved Tafelzeil 140 140 - Grijs - PVC - Afwasbaar - 140 x 100 cm",1,0,visible,,,,,taxable,parent,1,999,,0,0,,,,,0,,"23,95","37,99",,,,https://ravedfabrics.com/wp-content/uploads/2026/02/1200x870-1.jpg,,,RAV-RAVEDTAFEL-9300000077021964,,,,,,1,Raved,Size,"140 x 100 cm",,0,
2351123832449903,variation,8720707632022,,"Raved Tafelzeil Boerenbont ruit Rood 140 140 - PVC - Afwasbaar - 140 x 350 cm",1,0,visible,,,,,taxable,parent,1,999,,0,0,,,,,0,,"23,95","37,99",,,,https://ravedfabrics.com/wp-content/uploads/2026/02/1200x659-15.jpg,,,RAV-RAVEDTAFEL-9300000077021802,,,,,,17,Raved,Size,"140 x 350 cm",,0,
2351123832449899,variation,8720707631988,,"Raved Tafelzeil Boerenbont ruit Rood 140 140 - PVC - Afwasbaar - 140 x 290 cm",1,0,visible,,,,,taxable,parent,1,999,,0,0,,,,,0,,"23,95","37,99",,,,https://ravedfabrics.com/wp-content/uploads/2026/02/1200x659-11.jpg,,,RAV-RAVEDTAFEL-9300000077021802,,,,,,13,Raved,Size,"140 x 290 cm",,0,
2351123832449900,variation,8720707631995,,"Raved Tafelzeil Boerenbont ruit Rood 140 140 - PVC - Afwasbaar - 140 x 300 cm",1,0,visible,,,,,taxable,parent,1,999,,0,0,,,,,0,,"23,95","37,99",,,,https://ravedfabrics.com/wp-content/uploads/2026/02/1200x659-12.jpg,,,RAV-RAVEDTAFEL-9300000077021802,,,,,,14,Raved,Size,"140 x 300 cm",,0,
2351123832449901,variation,8720707632008,,"Raved Tafelzeil Boerenbont ruit Rood 140 140 - PVC - Afwasbaar - 140 x 310 cm",1,0,visible,,,,,taxable,parent,1,999,,0,0,,,,,0,,"23,95","37,99",,,,https://ravedfabrics.com/wp-content/uploads/2026/02/1200x659-13.jpg,,,RAV-RAVEDTAFEL-9300000077021802,,,,,,15,Raved,Size,"140 x 310 cm",,0,
2351123832449902,variation,8720707632015,,"Raved Tafelzeil Boerenbont ruit Rood 140 140 - PVC - Afwasbaar - 140 x 320 cm",1,0,visible,,,,,taxable,parent,1,999,,0,0,,,,,0,,"23,95","37,99",,,,https://ravedfabrics.com/wp-content/uploads/2026/02/1200x659-14.jpg,,,RAV-RAVEDTAFEL-9300000077021802,,,,,,16,Raved,Size,"140 x 320 cm",,0,
2351123832449886,variation,8720707631834,,"Raved Tafelzeil Boerenbont ruit Rood 140 140 - PVC - Afwasbaar - 140 x 140 cm",1,0,visible,,,,,taxable,parent,1,999,,0,0,,,,,0,,"23,95","37,99",,,,https://ravedfabrics.com/wp-content/uploads/2026/02/1200x659-1.jpg,,,RAV-RAVEDTAFEL-9300000077021802,,,,,,2,Raved,Size,"140 x 140 cm",,0,
2351123832449887,variation,8720707631858,,"Raved Tafelzeil Boerenbont ruit Rood 140 140 - PVC - Afwasbaar - 140 x 160 cm",1,0,visible,,,,,taxable,parent,1,999,,0,0,,,,,0,,"23,95","37,99",,,,https://ravedfabrics.com/wp-content/uploads/2026/02/1200x659-2.jpg,,,RAV-RAVEDTAFEL-9300000077021802,,,,,,3,Raved,Size,"140 x 160 cm",,0,
2351123832449888,variation,8720707631872,,"Raved Tafelzeil Boerenbont ruit Rood 140 140 - PVC - Afwasbaar - 140 x 180 cm",1,0,visible,,,,,taxable,parent,1,999,,0,0,,,,,0,,"23,95","37,99",,,,https://ravedfabrics.com/wp-content/uploads/2026/02/1200x659-3.jpg,,,RAV-RAVEDTAFEL-9300000077021802,,,,,,4,Raved,Size,"140 x 180 cm",,0,
2351123832449889,variation,8720707631896,,"Raved Tafelzeil Boerenbont ruit Rood 140 140 - PVC - Afwasbaar - 140 x 200 cm",1,0,visible,,,,,taxable,parent,1,999,,0,0,,,,,0,,"23,95","37,99",,,,https://ravedfabrics.com/wp-content/uploads/2026/02/1200x659-4.jpg,,,RAV-RAVEDTAFEL-9300000077021802,,,,,,5,Raved,Size,"140 x 200 cm",,0,
2351123832449890,variation,8720707631919,,"Raved Tafelzeil Boerenbont ruit Rood 140 140 - PVC - Afwasbaar - 140 x 220 cm",1,0,visible,,,,,taxable,parent,1,999,,0,0,,,,,0,,"23,95","37,99",,,,https://ravedfabrics.com/wp-content/uploads/2026/02/1200x659-5.jpg,,,RAV-RAVEDTAFEL-9300000077021802,,,,,,6,Raved,Size,"140 x 220 cm",,0,
2351123832449891,variation,8720707631926,,"Raved Tafelzeil Boerenbont ruit Rood 140 140 - PVC - Afwasbaar - 140 x 230 cm",1,0,visible,,,,,taxable,parent,1,999,,0,0,,,,,0,,"23,95","37,99",,,,https://ravedfabrics.com/wp-content/uploads/2026/02/1200x659-6.jpg,,,RAV-RAVEDTAFEL-9300000077021802,,,,,,7,Raved,Size,"140 x 230 cm",,0,
2351123832449892,variation,8720707631933,,"Raved Tafelzeil Boerenbont ruit Rood 140 140 - PVC - Afwasbaar - 140 x 240 cm",1,0,visible,,,,,taxable,parent,1,999,,0,0,,,,,0,,"23,95","37,99",,,,https://ravedfabrics.com/wp-content/uploads/2026/02/1200x1200-382.jpg,,,RAV-RAVEDTAFEL-9300000077021802,,,,,,8,Raved,Size,"140 x 240 cm",,0,
2351123832449893,variation,8720707631940,,"Raved Tafelzeil Boerenbont ruit Rood 140 140 - PVC - Afwasbaar - 140 x 250 cm",1,0,visible,,,,,taxable,parent,1,999,,0,0,,,,,0,,"23,95","37,99",,,,https://ravedfabrics.com/wp-content/uploads/2026/02/1200x659-7.jpg,,,RAV-RAVEDTAFEL-9300000077021802,,,,,,9,Raved,Size,"140 x 250 cm",,0,
2351123832449894,variation,8720707631957,,"Raved Tafelzeil Boerenbont ruit Rood 140 140 - PVC - Afwasbaar - 140 x 260 cm",1,0,visible,,,,,taxable,parent,1,999,,0,0,,,,,0,,"23,95","37,99",,,,https://ravedfabrics.com/wp-content/uploads/2026/02/1200x659-8.jpg,,,RAV-RAVEDTAFEL-9300000077021802,,,,,,10,Raved,Size,"140 x 260 cm",,0,
2351123832449895,variation,8720707631964,,"Raved Tafelzeil Boerenbont ruit Rood 140 140 - PVC - Afwasbaar - 140 x 270 cm",1,0,visible,,,,,taxable,parent,1,999,,0,0,,,,,0,,"23,95","37,99",,,,https://ravedfabrics.com/wp-content/uploads/2026/02/1200x659-9.jpg,,,RAV-RAVEDTAFEL-9300000077021802,,,,,,11,Raved,Size,"140 x 270 cm",,0,
2351123832449896,variation,8720707631971,,"Raved Tafelzeil Boerenbont ruit Rood 140 140 - PVC - Afwasbaar - 140 x 280 cm",1,0,visible,,,,,taxable,parent,1,999,,0,0,,,,,0,,"23,95","37,99",,,,https://ravedfabrics.com/wp-content/uploads/2026/02/1200x659-10.jpg,,,RAV-RAVEDTAFEL-9300000077021802,,,,,,12,Raved,Size,"140 x 280 cm",,0,
2351123832449884,variation,9501412518936,,"Raved Tafelzeil Boerenbont ruit Rood 140 140 - PVC - Afwasbaar - 140 x 50 cm",1,0,visible,,,,,taxable,parent,1,999,,0,0,,,,,0,,"23,95","37,99",,,,https://ravedfabrics.com/wp-content/uploads/2026/02/1200x1200-381.jpg,,,RAV-RAVEDTAFEL-9300000077021802,,,,,,0,Raved,Size,"140 x 50 cm",,0,
2351123832449885,variation,8720707631797,,"Raved Tafelzeil Boerenbont ruit Rood 140 140 - PVC - Afwasbaar - 140 x 100 cm",1,0,visible,,,,,taxable,parent,1,999,,0,0,,,,,0,,"23,95","37,99",,,,https://ravedfabrics.com/wp-content/uploads/2026/02/1200x659.jpg,,,RAV-RAVEDTAFEL-9300000077021802,,,,,,1,Raved,Size,"140 x 100 cm",,0,
2351123832449904,variation,8720707632602,,"Raved Rond Tafelkleed/Tafelzeil Transparant - 0,2 dik - PVC - Afwasbaar - 140 x 140 cm",1,0,visible,,,,,taxable,parent,1,999,,0,0,,,,,0,,"19,99","25,95",,,,https://ravedfabrics.com/wp-content/uploads/2026/02/1200x1200-13.jpg,,,RAV-RAVEDTAFEL-9300000112564326,,,,,,0,Raved,Size,"140 x 140 cm",,0,
2351123832449905,variation,8720707632619,,"Raved Rond Tafelkleed/Tafelzeil Transparant - 0,2 dik - PVC - Afwasbaar - 160 x 160 cm",1,0,visible,,,,,taxable,parent,1,999,,0,0,,,,,0,,"19,99","25,95",,,,https://ravedfabrics.com/wp-content/uploads/2026/02/1200x1200-552.jpg,,,RAV-RAVEDTAFEL-9300000112564326,,,,,,1,Raved,Size,"160 x 160 cm",,0,
2351123832449906,variation,8720707632626,,"Raved Rond Tafelkleed/Tafelzeil Transparant - 0,2 dik - PVC - Afwasbaar - 180 x 180 cm",1,0,visible,,,,,taxable,parent,1,999,,0,0,,,,,0,,"19,99","25,95",,,,https://ravedfabrics.com/wp-content/uploads/2026/02/1200x1200-551.jpg,,,RAV-RAVEDTAFEL-9300000112564326,,,,,,2,Raved,Size,"180 x 180 cm",,0,
2351123832449928,variation,8720707632671,,"Raved Polyester Tafelkleed - Uitwasbaar - Kreukvrij - 160 x 160 cm",1,0,visible,,,,,taxable,parent,1,999,,0,0,,,,,0,,"28,95","39,99",,,,https://ravedfabrics.com/wp-content/uploads/2026/02/1200x1200-558.jpg,,,RAV-RAVEDTAFEL-9300000116443882,,,,,,6,Raved,Size,"160 x 160 cm",,0,
2351123832449926,variation,8720707634279,,"Raved Polyester Tafelkleed - Uitwasbaar - Kreukvrij - 140 x 300 cm",1,0,visible,,,,,taxable,parent,1,999,,0,0,,,,,0,,"28,95","39,99",,,,https://ravedfabrics.com/wp-content/uploads/2026/02/1200x1200-557.jpg,,,RAV-RAVEDTAFEL-9300000116443882,,,,,,5,Raved,Size,"140 x 300 cm",,0,
2351123832449924,variation,8720707632879,,"Raved Polyester Tafelkleed - Uitwasbaar - Kreukvrij - 140 x 260 cm",1,0,visible,,,,,taxable,parent,1,999,,0,0,,,,,0,,"28,95","39,99",,,,https://ravedfabrics.com/wp-content/uploads/2026/02/1200x527-3.jpg,,,RAV-RAVEDTAFEL-9300000116443882,,,,,,4,Raved,Size,"140 x 260 cm",,0,
2351123832449922,variation,8720707632862,,"Raved Polyester Tafelkleed - Uitwasbaar - Kreukvrij - 140 x 240 cm",1,0,visible,,,,,taxable,parent,1,999,,0,0,,,,,0,,"28,95","39,99",,,,https://ravedfabrics.com/wp-content/uploads/2026/02/1200x527-2.jpg,,,RAV-RAVEDTAFEL-9300000116443882,,,,,,3,Raved,Size,"140 x 240 cm",,0,
2351123832449920,variation,8720707632855,,"Raved Polyester Tafelkleed - Uitwasbaar - Kreukvrij - 140 x 220 cm",1,0,visible,,,,,taxable,parent,1,999,,0,0,,,,,0,,"28,95","39,99",,,,https://ravedfabrics.com/wp-content/uploads/2026/02/1200x1200-556.jpg,,,RAV-RAVEDTAFEL-9300000116443882,,,,,,2,Raved,Size,"140 x 220 cm",,0,
2351123832449918,variation,8720707632848,,"Raved Polyester Tafelkleed - Uitwasbaar - Kreukvrij - 140 x 200 cm",1,0,visible,,,,,taxable,parent,1,999,,0,0,,,,,0,,"28,95","39,99",,,,https://ravedfabrics.com/wp-content/uploads/2026/02/1200x527-1.jpg,,,RAV-RAVEDTAFEL-9300000116443882,,,,,,1,Raved,Size,"140 x 200 cm",,0,
2351123832449916,variation,8720707634262,,"Raved Polyester Tafelkleed - Uitwasbaar - Kreukvrij - 140 x 180 cm",1,0,visible,,,,,taxable,parent,1,999,,0,0,,,,,0,,"28,95","39,99",,,,https://ravedfabrics.com/wp-content/uploads/2026/02/1200x1200-555.jpg,,,RAV-RAVEDTAFEL-9300000116443882,,,,,,0,Raved,Size,"140 x 180 cm",,0,
2351123832449945,variation,8720707633425,,"Raved Bruin Polyester Kerst Tafelkleed 140 - Kreukvrij - 140 x 260 cm",1,0,visible,,,,,taxable,parent,1,999,,0,0,,,,,0,,,"34,99",,,,https://ravedfabrics.com/wp-content/uploads/2026/02/1200x527-4.jpg,,,RAV-RAVEDTAFEL-9300000130596417,,,,,,1,Raved,Size,"140 x 260 cm",,0,
2351123832449943,variation,8720707633418,,"Raved Bruin Polyester Kerst Tafelkleed 140 - Kreukvrij - 140 x 240 cm",1,0,visible,,,,,taxable,parent,1,999,,0,0,,,,,0,,,"34,99",,,,https://ravedfabrics.com/wp-content/uploads/2026/02/1200x527.jpg,,,RAV-RAVEDTAFEL-9300000130596417,,,,,,0,Raved,Size,"140 x 240 cm",,0,
2351123832449954,variation,8720707633487,,"Raved Roest Bruin Polyester Kerst Tafelkleed 140 - Kreukvrij - 140 x 220 cm",1,0,visible,,,,,taxable,parent,1,999,,0,0,,,,,0,,,"32,99",,,,https://ravedfabrics.com/wp-content/uploads/2026/02/1200x1200-562.jpg,,,RAV-RAVEDTAFEL-9300000130596418,,,,,,0,Raved,Size,"140 x 220 cm",,0,
2351123832449955,variation,8720707633494,,"Raved Roest Bruin Polyester Kerst Tafelkleed 140 - Kreukvrij - 140 x 240 cm",1,0,visible,,,,,taxable,parent,1,999,,0,0,,,,,0,,,"32,99",,,,https://ravedfabrics.com/wp-content/uploads/2026/02/1200x1200-562.jpg,,,RAV-RAVEDTAFEL-9300000130596418,,,,,,1,Raved,Size,"140 x 240 cm",,0,
2351123832449963,variation,8720707635795,,"Raved Rond Tafelzeil - 160 ø - PVC - Afwasbaar - 140 x 160 cm",1,0,visible,,,,,taxable,parent,1,999,,0,0,,,,,0,,,"29,95",,,,https://ravedfabrics.com/wp-content/uploads/2026/02/1200x1200-514.jpg,,,RAV-RAVEDTAFEL-9300000176743569,,,,,,0,Raved,Size,"140 x 160 cm",,0,
2351123832449964,variation,8720707633135,,"Raved Rond Tafelzeil - 160 ø - PVC - Afwasbaar - 160 x 160 cm",1,0,visible,,,,,taxable,parent,1,999,,0,0,,,,,0,,,"29,95",,,,https://ravedfabrics.com/wp-content/uploads/2026/02/1200x1200-515.jpg,,,RAV-RAVEDTAFEL-9300000176743569,,,,,,1,Raved,Size,"160 x 160 cm",,0,
2351123832449974,variation,8720707636167,,"Raved Katoen Tafelzeil 140 - Waterafstotend - Uitwasbaar Tafelzeil - 140 x 300 cm",1,0,visible,,,,,taxable,parent,1,999,,0,0,,,,,0,,"27,95","66,69",,,,https://ravedfabrics.com/wp-content/uploads/2026/02/1200x593-5.jpg,,,RAV-RAVEDTAFEL-9300000157260843,,,,,,4,Raved,Size,"140 x 300 cm",,0,
2351123832449971,variation,8720707636143,,"Raved Katoen Tafelzeil 140 - Waterafstotend - Uitwasbaar Tafelzeil - 140 x 200 cm",1,0,visible,,,,,taxable,parent,1,999,,0,0,,,,,0,,"27,95","66,69",,,,https://ravedfabrics.com/wp-content/uploads/2026/02/1200x593-4.jpg,,,RAV-RAVEDTAFEL-9300000157260843,,,,,,2,Raved,Size,"140 x 200 cm",,0,
2351123832449972,variation,8720707636150,,"Raved Katoen Tafelzeil 140 - Waterafstotend - Uitwasbaar Tafelzeil - 140 x 240 cm",1,0,visible,,,,,taxable,parent,1,999,,0,0,,,,,0,,"27,95","66,69",,,,https://ravedfabrics.com/wp-content/uploads/2026/02/1200x593-1.jpg,,,RAV-RAVEDTAFEL-9300000157260843,,,,,,3,Raved,Size,"140 x 240 cm",,0,
2351123832449969,variation,8720707636136,,"Raved Katoen Tafelzeil 140 - Waterafstotend - Uitwasbaar Tafelzeil - 140 x 180 cm",1,0,visible,,,,,taxable,parent,1,999,,0,0,,,,,0,,"27,95","66,69",,,,https://ravedfabrics.com/wp-content/uploads/2026/02/1200x593-3.jpg,,,RAV-RAVEDTAFEL-9300000157260843,,,,,,1,Raved,Size,"140 x 180 cm",,0,
2351123832449967,variation,8720707636129,,"Raved Katoen Tafelzeil 140 - Waterafstotend - Uitwasbaar Tafelzeil - 140 x 160 cm",1,0,visible,,,,,taxable,parent,1,999,,0,0,,,,,0,,"27,95","66,69",,,,https://ravedfabrics.com/wp-content/uploads/2026/02/1200x593-2.jpg,,,RAV-RAVEDTAFEL-9300000157260843,,,,,,0,Raved,Size,"140 x 160 cm",,0,
2351123832450359,variation,9505343665516,,"Raved Tafelzeil Design - 140 140 - PVC - Afwasbaar - 140 x 350 cm",1,0,visible,,,,,taxable,parent,1,999,,0,0,,,,,0,,"23,95","43,89",,,,https://ravedfabrics.com/wp-content/uploads/2026/02/1200x1200-582.jpg,,,RAV-RAVEDTAFEL-9300000095463383,,,,,,17,Raved,Size,"140 x 350 cm",,0,
2351123832450318,variation,9508182571383,,"Raved Tafelzeil Design - 140 140 - PVC - Afwasbaar - 140 x 320 cm",1,0,visible,,,,,taxable,parent,1,999,,0,0,,,,,0,,"23,95","43,89",,,,https://ravedfabrics.com/wp-content/uploads/2026/02/1200x1200-581.jpg,,,RAV-RAVEDTAFEL-9300000095463383,,,,,,16,Raved,Size,"140 x 320 cm",,0,
2351123832450258,variation,9502494867868,,"Raved Tafelzeil Design - 140 140 - PVC - Afwasbaar - 140 x 310 cm",1,0,visible,,,,,taxable,parent,1,999,,0,0,,,,,0,,"23,95","43,89",,,,https://ravedfabrics.com/wp-content/uploads/2026/02/1200x1200-580.jpg,,,RAV-RAVEDTAFEL-9300000095463383,,,,,,15,Raved,Size,"140 x 310 cm",,0,
2351123832450193,variation,9509456738846,,"Raved Tafelzeil Design - 140 140 - PVC - Afwasbaar - 140 x 290 cm",1,0,visible,,,,,taxable,parent,1,999,,0,0,,,,,0,,"23,95","43,89",,,,https://ravedfabrics.com/wp-content/uploads/2026/02/1200x1200-579.jpg,,,RAV-RAVEDTAFEL-9300000095463383,,,,,,13,Raved,Size,"140 x 290 cm",,0,
2351123832450195,variation,9501243951858,,"Raved Tafelzeil Design - 140 140 - PVC - Afwasbaar - 140 x 300 cm",1,0,visible,,,,,taxable,parent,1,999,,0,0,,,,,0,,"23,95","43,89",,,,https://ravedfabrics.com/wp-content/uploads/2026/02/1200x1200-568.jpg,,,RAV-RAVEDTAFEL-9300000095463383,,,,,,14,Raved,Size,"140 x 300 cm",,0,
2351123832450175,variation,9501529413995,,"Raved Tafelzeil Design - 140 140 - PVC - Afwasbaar - 140 x 280 cm",1,0,visible,,,,,taxable,parent,1,999,,0,0,,,,,0,,"23,95","43,89",,,,https://ravedfabrics.com/wp-content/uploads/2026/02/1200x1200-578.jpg,,,RAV-RAVEDTAFEL-9300000095463383,,,,,,12,Raved,Size,"140 x 280 cm",,0,
2351123832450166,variation,9507425972536,,"Raved Tafelzeil Design - 140 140 - PVC - Afwasbaar - 140 x 270 cm",1,0,visible,,,,,taxable,parent,1,999,,0,0,,,,,0,,"23,95","43,89",,,,https://ravedfabrics.com/wp-content/uploads/2026/02/1200x1200-577.jpg,,,RAV-RAVEDTAFEL-9300000095463383,,,,,,11,Raved,Size,"140 x 270 cm",,0,
2351123832450155,variation,9504677319652,,"Raved Tafelzeil Design - 140 140 - PVC - Afwasbaar - 140 x 260 cm",1,0,visible,,,,,taxable,parent,1,999,,0,0,,,,,0,,"23,95","43,89",,,,https://ravedfabrics.com/wp-content/uploads/2026/02/1200x1200-576.jpg,,,RAV-RAVEDTAFEL-9300000095463383,,,,,,10,Raved,Size,"140 x 260 cm",,0,
2351123832450148,variation,9503793675482,,"Raved Tafelzeil Design - 140 140 - PVC - Afwasbaar - 140 x 250 cm",1,0,visible,,,,,taxable,parent,1,999,,0,0,,,,,0,,"23,95","43,89",,,,https://ravedfabrics.com/wp-content/uploads/2026/02/1200x1200-575.jpg,,,RAV-RAVEDTAFEL-9300000095463383,,,,,,9,Raved,Size,"140 x 250 cm",,0,
2351123832450140,variation,9508813213132,,"Raved Tafelzeil Design - 140 140 - PVC - Afwasbaar - 140 x 240 cm",1,0,visible,,,,,taxable,parent,1,999,,0,0,,,,,0,,"23,95","43,89",,,,https://ravedfabrics.com/wp-content/uploads/2026/02/1200x1200-568.jpg,,,RAV-RAVEDTAFEL-9300000095463383,,,,,,8,Raved,Size,"140 x 240 cm",,0,
2351123832450136,variation,9506392999942,,"Raved Tafelzeil Design - 140 140 - PVC - Afwasbaar - 140 x 230 cm",1,0,visible,,,,,taxable,parent,1,999,,0,0,,,,,0,,"23,95","43,89",,,,https://ravedfabrics.com/wp-content/uploads/2026/02/1200x1200-574.jpg,,,RAV-RAVEDTAFEL-9300000095463383,,,,,,7,Raved,Size,"140 x 230 cm",,0,
2351123832450125,variation,9509126198451,,"Raved Tafelzeil Design - 140 140 - PVC - Afwasbaar - 140 x 200 cm",1,0,visible,,,,,taxable,parent,1,999,,0,0,,,,,0,,"23,95","43,89",,,,https://ravedfabrics.com/wp-content/uploads/2026/02/1200x1200-573.jpg,,,RAV-RAVEDTAFEL-9300000095463383,,,,,,5,Raved,Size,"140 x 200 cm",,0,
2351123832450126,variation,9503363752797,,"Raved Tafelzeil Design - 140 140 - PVC - Afwasbaar - 140 x 220 cm",1,0,visible,,,,,taxable,parent,1,999,,0,0,,,,,0,,"23,95","43,89",,,,https://ravedfabrics.com/wp-content/uploads/2026/02/1200x1200-10.jpg,,,RAV-RAVEDTAFEL-9300000095463383,,,,,,6,Raved,Size,"140 x 220 cm",,0,
2351123832450115,variation,9502155542486,,"Raved Tafelzeil Design - 140 140 - PVC - Afwasbaar - 140 x 180 cm",1,0,visible,,,,,taxable,parent,1,999,,0,0,,,,,0,,"23,95","43,89",,,,https://ravedfabrics.com/wp-content/uploads/2026/02/1200x1200-572.jpg,,,RAV-RAVEDTAFEL-9300000095463383,,,,,,4,Raved,Size,"140 x 180 cm",,0,
2351123832450099,variation,9508437246417,,"Raved Tafelzeil Design - 140 140 - PVC - Afwasbaar - 140 x 160 cm",1,0,visible,,,,,taxable,parent,1,999,,0,0,,,,,0,,"23,95","43,89",,,,https://ravedfabrics.com/wp-content/uploads/2026/02/1200x1200-571.jpg,,,RAV-RAVEDTAFEL-9300000095463383,,,,,,3,Raved,Size,"140 x 160 cm",,0,
2351123832450063,variation,9502631936211,,"Raved Tafelzeil Design - 140 140 - PVC - Afwasbaar - 140 x 140 cm",1,0,visible,,,,,taxable,parent,1,999,,0,0,,,,,0,,"23,95","43,89",,,,https://ravedfabrics.com/wp-content/uploads/2026/02/1200x1200-570.jpg,,,RAV-RAVEDTAFEL-9300000095463383,,,,,,2,Raved,Size,"140 x 140 cm",,0,
2351123832450059,variation,9506335159815,,"Raved Tafelzeil Design - 140 140 - PVC - Afwasbaar - 140 x 100 cm",1,0,visible,,,,,taxable,parent,1,999,,0,0,,,,,0,,"23,95","43,89",,,,https://ravedfabrics.com/wp-content/uploads/2026/02/1200x1200-569.jpg,,,RAV-RAVEDTAFEL-9300000095463383,,,,,,1,Raved,Size,"140 x 100 cm",,0,
2351123832450037,variation,9507554324480,,"Raved Tafelzeil Design - 140 140 - PVC - Afwasbaar - 140 x 50 cm",1,0,visible,,,,,taxable,parent,1,999,,0,0,,,,,0,,"23,95","43,89",,,,https://ravedfabrics.com/wp-content/uploads/2026/02/1200x1020-11.jpg,,,RAV-RAVEDTAFEL-9300000095463383,,,,,,0,Raved,Size,"140 x 50 cm",,0,
2351123832450393,variation,9507185865833,,"Raved Tafelzeil 140 140 - PVC - Afwasbaar - 140 x 280 cm",1,0,visible,,,,,taxable,parent,1,999,,0,0,,,,,0,,"23,95","37,99",,,,https://ravedfabrics.com/wp-content/uploads/2026/02/1200x1200-258.jpg,,,RAV-RAVEDTAFEL-9300000179282489,,,,,,12,Raved,Size,"140 x 280 cm",,0,
2351123832450394,variation,9506993171464,,"Raved Tafelzeil 140 140 - PVC - Afwasbaar - 140 x 290 cm",1,0,visible,,,,,taxable,parent,1,999,,0,0,,,,,0,,"23,95","37,99",,,,https://ravedfabrics.com/wp-content/uploads/2026/02/1200x1200-259.jpg,,,RAV-RAVEDTAFEL-9300000179282489,,,,,,13,Raved,Size,"140 x 290 cm",,0,
2351123832450395,variation,9503895327999,,"Raved Tafelzeil 140 140 - PVC - Afwasbaar - 140 x 300 cm",1,0,visible,,,,,taxable,parent,1,999,,0,0,,,,,0,,"23,95","37,99",,,,https://ravedfabrics.com/wp-content/uploads/2026/02/1200x1200-260.jpg,,,RAV-RAVEDTAFEL-9300000179282489,,,,,,14,Raved,Size,"140 x 300 cm",,0,
2351123832450396,variation,9502573513884,,"Raved Tafelzeil 140 140 - PVC - Afwasbaar - 140 x 310 cm",1,0,visible,,,,,taxable,parent,1,999,,0,0,,,,,0,,"23,95","37,99",,,,https://ravedfabrics.com/wp-content/uploads/2026/02/1200x1200-261.jpg,,,RAV-RAVEDTAFEL-9300000179282489,,,,,,15,Raved,Size,"140 x 310 cm",,0,
2351123832450398,variation,9501512631757,,"Raved Tafelzeil 140 140 - PVC - Afwasbaar - 140 x 320 cm",1,0,visible,,,,,taxable,parent,1,999,,0,0,,,,,0,,"23,95","37,99",,,,https://ravedfabrics.com/wp-content/uploads/2026/02/1200x1200-262.jpg,,,RAV-RAVEDTAFEL-9300000179282489,,,,,,16,Raved,Size,"140 x 320 cm",,0,
2351123832450400,variation,9508419428121,,"Raved Tafelzeil 140 140 - PVC - Afwasbaar - 140 x 350 cm",1,0,visible,,,,,taxable,parent,1,999,,0,0,,,,,0,,"23,95","37,99",,,,https://ravedfabrics.com/wp-content/uploads/2026/02/1200x1200-263.jpg,,,RAV-RAVEDTAFEL-9300000179282489,,,,,,17,Raved,Size,"140 x 350 cm",,0,
2351123832450380,variation,9503327785526,,"Raved Tafelzeil 140 140 - PVC - Afwasbaar - 140 x 50 cm",1,0,visible,,,,,taxable,parent,1,999,,0,0,,,,,0,,"23,95","37,99",,,,https://ravedfabrics.com/wp-content/uploads/2026/02/1200x1200-246.jpg,,,RAV-RAVEDTAFEL-9300000179282489,,,,,,0,Raved,Size,"140 x 50 cm",,0,
2351123832450381,variation,9503561463976,,"Raved Tafelzeil 140 140 - PVC - Afwasbaar - 140 x 100 cm",1,0,visible,,,,,taxable,parent,1,999,,0,0,,,,,0,,"23,95","37,99",,,,https://ravedfabrics.com/wp-content/uploads/2026/02/1200x1200-247.jpg,,,RAV-RAVEDTAFEL-9300000179282489,,,,,,1,Raved,Size,"140 x 100 cm",,0,
2351123832450382,variation,9506883651861,,"Raved Tafelzeil 140 140 - PVC - Afwasbaar - 140 x 140 cm",1,0,visible,,,,,taxable,parent,1,999,,0,0,,,,,0,,"23,95","37,99",,,,https://ravedfabrics.com/wp-content/uploads/2026/02/1200x1200-248.jpg,,,RAV-RAVEDTAFEL-9300000179282489,,,,,,2,Raved,Size,"140 x 140 cm",,0,
2351123832450383,variation,9503715968364,,"Raved Tafelzeil 140 140 - PVC - Afwasbaar - 140 x 160 cm",1,0,visible,,,,,taxable,parent,1,999,,0,0,,,,,0,,"23,95","37,99",,,,https://ravedfabrics.com/wp-content/uploads/2026/02/1200x1200-249.jpg,,,RAV-RAVEDTAFEL-9300000179282489,,,,,,3,Raved,Size,"140 x 160 cm",,0,
2351123832450384,variation,9504768585133,,"Raved Tafelzeil 140 140 - PVC - Afwasbaar - 140 x 180 cm",1,0,visible,,,,,taxable,parent,1,999,,0,0,,,,,0,,"23,95","37,99",,,,https://ravedfabrics.com/wp-content/uploads/2026/02/1200x1200-250.jpg,,,RAV-RAVEDTAFEL-9300000179282489,,,,,,4,Raved,Size,"140 x 180 cm",,0,
2351123832450386,variation,9507562862172,,"Raved Tafelzeil 140 140 - PVC - Afwasbaar - 140 x 200 cm",1,0,visible,,,,,taxable,parent,1,999,,0,0,,,,,0,,"23,95","37,99",,,,https://ravedfabrics.com/wp-content/uploads/2026/02/1200x1200-251.jpg,,,RAV-RAVEDTAFEL-9300000179282489,,,,,,5,Raved,Size,"140 x 200 cm",,0,
2351123832450387,variation,9505371532538,,"Raved Tafelzeil 140 140 - PVC - Afwasbaar - 140 x 220 cm",1,0,visible,,,,,taxable,parent,1,999,,0,0,,,,,0,,"23,95","37,99",,,,https://ravedfabrics.com/wp-content/uploads/2026/02/1200x1200-252.jpg,,,RAV-RAVEDTAFEL-9300000179282489,,,,,,6,Raved,Size,"140 x 220 cm",,0,
2351123832450388,variation,9503162321392,,"Raved Tafelzeil 140 140 - PVC - Afwasbaar - 140 x 230 cm",1,0,visible,,,,,taxable,parent,1,999,,0,0,,,,,0,,"23,95","37,99",,,,https://ravedfabrics.com/wp-content/uploads/2026/02/1200x1200-253.jpg,,,RAV-RAVEDTAFEL-9300000179282489,,,,,,7,Raved,Size,"140 x 230 cm",,0,
2351123832450389,variation,9504444661854,,"Raved Tafelzeil 140 140 - PVC - Afwasbaar - 140 x 240 cm",1,0,visible,,,,,taxable,parent,1,999,,0,0,,,,,0,,"23,95","37,99",,,,https://ravedfabrics.com/wp-content/uploads/2026/02/1200x1200-254.jpg,,,RAV-RAVEDTAFEL-9300000179282489,,,,,,8,Raved,Size,"140 x 240 cm",,0,
2351123832450390,variation,9501393592642,,"Raved Tafelzeil 140 140 - PVC - Afwasbaar - 140 x 250 cm",1,0,visible,,,,,taxable,parent,1,999,,0,0,,,,,0,,"23,95","37,99",,,,https://ravedfabrics.com/wp-content/uploads/2026/02/1200x1200-255.jpg,,,RAV-RAVEDTAFEL-9300000179282489,,,,,,9,Raved,Size,"140 x 250 cm",,0,
2351123832450391,variation,9507784829298,,"Raved Tafelzeil 140 140 - PVC - Afwasbaar - 140 x 260 cm",1,0,visible,,,,,taxable,parent,1,999,,0,0,,,,,0,,"23,95","37,99",,,,https://ravedfabrics.com/wp-content/uploads/2026/02/1200x1200-256.jpg,,,RAV-RAVEDTAFEL-9300000179282489,,,,,,10,Raved,Size,"140 x 260 cm",,0,
2351123832450392,variation,9505694143961,,"Raved Tafelzeil 140 140 - PVC - Afwasbaar - 140 x 270 cm",1,0,visible,,,,,taxable,parent,1,999,,0,0,,,,,0,,"23,95","37,99",,,,https://ravedfabrics.com/wp-content/uploads/2026/02/1200x1200-257.jpg,,,RAV-RAVEDTAFEL-9300000179282489,,,,,,11,Raved,Size,"140 x 270 cm",,0,
2351123832450006,variation,9503862343588,,"Raved Tafelzeil - Paardenbloem 140 140 - PVC - Afwasbaar - 140 x 240 cm",1,0,visible,,,,,taxable,parent,1,999,,0,0,,,,,0,,"23,95","37,99",,,,https://ravedfabrics.com/wp-content/uploads/2026/02/1200x1200-175.jpg,,,RAV-RAVEDTAFEL-9300000145692848,,,,,,8,Raved,Size,"140 x 240 cm",,0,
2351123832450007,variation,9509181194184,,"Raved Tafelzeil - Paardenbloem 140 140 - PVC - Afwasbaar - 140 x 250 cm",1,0,visible,,,,,taxable,parent,1,999,,0,0,,,,,0,,"23,95","37,99",,,,https://ravedfabrics.com/wp-content/uploads/2026/02/1200x1200-176.jpg,,,RAV-RAVEDTAFEL-9300000145692848,,,,,,9,Raved,Size,"140 x 250 cm",,0,
2351123832450008,variation,9509223567655,,"Raved Tafelzeil - Paardenbloem 140 140 - PVC - Afwasbaar - 140 x 260 cm",1,0,visible,,,,,taxable,parent,1,999,,0,0,,,,,0,,"23,95","37,99",,,,https://ravedfabrics.com/wp-content/uploads/2026/02/1200x1200-177.jpg,,,RAV-RAVEDTAFEL-9300000145692848,,,,,,10,Raved,Size,"140 x 260 cm",,0,
2351123832450009,variation,9509532874550,,"Raved Tafelzeil - Paardenbloem 140 140 - PVC - Afwasbaar - 140 x 270 cm",1,0,visible,,,,,taxable,parent,1,999,,0,0,,,,,0,,"23,95","37,99",,,,https://ravedfabrics.com/wp-content/uploads/2026/02/1200x1200-178.jpg,,,RAV-RAVEDTAFEL-9300000145692848,,,,,,11,Raved,Size,"140 x 270 cm",,0,
2351123832450010,variation,9505169289170,,"Raved Tafelzeil - Paardenbloem 140 140 - PVC - Afwasbaar - 140 x 280 cm",1,0,visible,,,,,taxable,parent,1,999,,0,0,,,,,0,,"23,95","37,99",,,,https://ravedfabrics.com/wp-content/uploads/2026/02/1200x1200-179.jpg,,,RAV-RAVEDTAFEL-9300000145692848,,,,,,12,Raved,Size,"140 x 280 cm",,0,
2351123832450011,variation,9508135697856,,"Raved Tafelzeil - Paardenbloem 140 140 - PVC - Afwasbaar - 140 x 300 cm",1,0,visible,,,,,taxable,parent,1,999,,0,0,,,,,0,,"23,95","37,99",,,,https://ravedfabrics.com/wp-content/uploads/2026/02/1200x1200-180.jpg,,,RAV-RAVEDTAFEL-9300000145692848,,,,,,13,Raved,Size,"140 x 300 cm",,0,
2351123832450012,variation,9507485625656,,"Raved Tafelzeil - Paardenbloem 140 140 - PVC - Afwasbaar - 140 x 310 cm",1,0,visible,,,,,taxable,parent,1,999,,0,0,,,,,0,,"23,95","37,99",,,,https://ravedfabrics.com/wp-content/uploads/2026/02/1200x1200-181.jpg,,,RAV-RAVEDTAFEL-9300000145692848,,,,,,14,Raved,Size,"140 x 310 cm",,0,
2351123832450013,variation,9502598369343,,"Raved Tafelzeil - Paardenbloem 140 140 - PVC - Afwasbaar - 140 x 320 cm",1,0,visible,,,,,taxable,parent,1,999,,0,0,,,,,0,,"23,95","37,99",,,,https://ravedfabrics.com/wp-content/uploads/2026/02/1200x1200-182.jpg,,,RAV-RAVEDTAFEL-9300000145692848,,,,,,15,Raved,Size,"140 x 320 cm",,0,
2351123832450014,variation,9504665786473,,"Raved Tafelzeil - Paardenbloem 140 140 - PVC - Afwasbaar - 140 x 350 cm",1,0,visible,,,,,taxable,parent,1,999,,0,0,,,,,0,,"23,95","37,99",,,,https://ravedfabrics.com/wp-content/uploads/2026/02/1200x1200-183.jpg,,,RAV-RAVEDTAFEL-9300000145692848,,,,,,16,Raved,Size,"140 x 350 cm",,0,
2351123832449998,variation,9502553786437,,"Raved Tafelzeil - Paardenbloem 140 140 - PVC - Afwasbaar - 140 x 50 cm",1,0,visible,,,,,taxable,parent,1,999,,0,0,,,,,0,,"23,95","37,99",,,,https://ravedfabrics.com/wp-content/uploads/2026/02/1200x1200-167.jpg,,,RAV-RAVEDTAFEL-9300000145692848,,,,,,0,Raved,Size,"140 x 50 cm",,0,
2351123832449999,variation,9502264541622,,"Raved Tafelzeil - Paardenbloem 140 140 - PVC - Afwasbaar - 140 x 100 cm",1,0,visible,,,,,taxable,parent,1,999,,0,0,,,,,0,,"23,95","37,99",,,,https://ravedfabrics.com/wp-content/uploads/2026/02/1200x1200-168.jpg,,,RAV-RAVEDTAFEL-9300000145692848,,,,,,1,Raved,Size,"140 x 100 cm",,0,
2351123832450000,variation,9508539959383,,"Raved Tafelzeil - Paardenbloem 140 140 - PVC - Afwasbaar - 140 x 140 cm",1,0,visible,,,,,taxable,parent,1,999,,0,0,,,,,0,,"23,95","37,99",,,,https://ravedfabrics.com/wp-content/uploads/2026/02/1200x1200-169.jpg,,,RAV-RAVEDTAFEL-9300000145692848,,,,,,2,Raved,Size,"140 x 140 cm",,0,
2351123832450001,variation,9509245751490,,"Raved Tafelzeil - Paardenbloem 140 140 - PVC - Afwasbaar - 140 x 160 cm",1,0,visible,,,,,taxable,parent,1,999,,0,0,,,,,0,,"23,95","37,99",,,,https://ravedfabrics.com/wp-content/uploads/2026/02/1200x1200-170.jpg,,,RAV-RAVEDTAFEL-9300000145692848,,,,,,3,Raved,Size,"140 x 160 cm",,0,
2351123832450002,variation,9504171735613,,"Raved Tafelzeil - Paardenbloem 140 140 - PVC - Afwasbaar - 140 x 180 cm",1,0,visible,,,,,taxable,parent,1,999,,0,0,,,,,0,,"23,95","37,99",,,,https://ravedfabrics.com/wp-content/uploads/2026/02/1200x1200-171.jpg,,,RAV-RAVEDTAFEL-9300000145692848,,,,,,4,Raved,Size,"140 x 180 cm",,0,
2351123832450003,variation,9501549567432,,"Raved Tafelzeil - Paardenbloem 140 140 - PVC - Afwasbaar - 140 x 200 cm",1,0,visible,,,,,taxable,parent,1,999,,0,0,,,,,0,,"23,95","37,99",,,,https://ravedfabrics.com/wp-content/uploads/2026/02/1200x1200-172.jpg,,,RAV-RAVEDTAFEL-9300000145692848,,,,,,5,Raved,Size,"140 x 200 cm",,0,
2351123832450004,variation,9507513791162,,"Raved Tafelzeil - Paardenbloem 140 140 - PVC - Afwasbaar - 140 x 220 cm",1,0,visible,,,,,taxable,parent,1,999,,0,0,,,,,0,,"23,95","37,99",,,,https://ravedfabrics.com/wp-content/uploads/2026/02/1200x1200-173.jpg,,,RAV-RAVEDTAFEL-9300000145692848,,,,,,6,Raved,Size,"140 x 220 cm",,0,
2351123832450005,variation,9505781134186,,"Raved Tafelzeil - Paardenbloem 140 140 - PVC - Afwasbaar - 140 x 230 cm",1,0,visible,,,,,taxable,parent,1,999,,0,0,,,,,0,,"23,95","37,99",,,,https://ravedfabrics.com/wp-content/uploads/2026/02/1200x1200-174.jpg,,,RAV-RAVEDTAFEL-9300000145692848,,,,,,7,Raved,Size,"140 x 230 cm",,0,
2351123832450028,variation,9501932679537,,"Raved Tafelzeil Jungle 140 140 - PVC - Afwasbaar - 140 x 260 cm",1,0,visible,,,,,taxable,parent,1,999,,0,0,,,,,0,,"23,95","37,99",,,,https://ravedfabrics.com/wp-content/uploads/2026/02/1200x600-1.jpg,,,RAV-RAVEDTAFEL-9300000175965561,,,,,,10,Raved,Size,"140 x 260 cm",,0,
2351123832450029,variation,9501842491823,,"Raved Tafelzeil Jungle 140 140 - PVC - Afwasbaar - 140 x 270 cm",1,0,visible,,,,,taxable,parent,1,999,,0,0,,,,,0,,"23,95","37,99",,,,https://ravedfabrics.com/wp-content/uploads/2026/02/1200x600-2.jpg,,,RAV-RAVEDTAFEL-9300000175965561,,,,,,11,Raved,Size,"140 x 270 cm",,0,
2351123832450030,variation,9509631475771,,"Raved Tafelzeil Jungle 140 140 - PVC - Afwasbaar - 140 x 280 cm",1,0,visible,,,,,taxable,parent,1,999,,0,0,,,,,0,,"23,95","37,99",,,,https://ravedfabrics.com/wp-content/uploads/2026/02/1200x1200-194.jpg,,,RAV-RAVEDTAFEL-9300000175965561,,,,,,12,Raved,Size,"140 x 280 cm",,0,
2351123832450031,variation,9503444524510,,"Raved Tafelzeil Jungle 140 140 - PVC - Afwasbaar - 140 x 290 cm",1,0,visible,,,,,taxable,parent,1,999,,0,0,,,,,0,,"23,95","37,99",,,,https://ravedfabrics.com/wp-content/uploads/2026/02/1200x600-3.jpg,,,RAV-RAVEDTAFEL-9300000175965561,,,,,,13,Raved,Size,"140 x 290 cm",,0,
2351123832450032,variation,9501594934340,,"Raved Tafelzeil Jungle 140 140 - PVC - Afwasbaar - 140 x 300 cm",1,0,visible,,,,,taxable,parent,1,999,,0,0,,,,,0,,"23,95","37,99",,,,https://ravedfabrics.com/wp-content/uploads/2026/02/1200x1200-195.jpg,,,RAV-RAVEDTAFEL-9300000175965561,,,,,,14,Raved,Size,"140 x 300 cm",,0,
2351123832450033,variation,9508891629887,,"Raved Tafelzeil Jungle 140 140 - PVC - Afwasbaar - 140 x 310 cm",1,0,visible,,,,,taxable,parent,1,999,,0,0,,,,,0,,"23,95","37,99",,,,https://ravedfabrics.com/wp-content/uploads/2026/02/1200x1200-196.jpg,,,RAV-RAVEDTAFEL-9300000175965561,,,,,,15,Raved,Size,"140 x 310 cm",,0,
2351123832450034,variation,9502437359399,,"Raved Tafelzeil Jungle 140 140 - PVC - Afwasbaar - 140 x 320 cm",1,0,visible,,,,,taxable,parent,1,999,,0,0,,,,,0,,"23,95","37,99",,,,https://ravedfabrics.com/wp-content/uploads/2026/02/1200x1200-197.jpg,,,RAV-RAVEDTAFEL-9300000175965561,,,,,,16,Raved,Size,"140 x 320 cm",,0,
2351123832450035,variation,9509175613363,,"Raved Tafelzeil Jungle 140 140 - PVC - Afwasbaar - 140 x 350 cm",1,0,visible,,,,,taxable,parent,1,999,,0,0,,,,,0,,"23,95","37,99",,,,https://ravedfabrics.com/wp-content/uploads/2026/02/1200x1200-198.jpg,,,RAV-RAVEDTAFEL-9300000175965561,,,,,,17,Raved,Size,"140 x 350 cm",,0,
2351123832450019,variation,9505574641822,,"Raved Tafelzeil Jungle 140 140 - PVC - Afwasbaar - 140 x 160 cm",1,0,visible,,,,,taxable,parent,1,999,,0,0,,,,,0,,"23,95","37,99",,,,https://ravedfabrics.com/wp-content/uploads/2026/02/1200x1200-188.jpg,,,RAV-RAVEDTAFEL-9300000175965561,,,,,,3,Raved,Size,"140 x 160 cm",,0,
2351123832450020,variation,9502878586347,,"Raved Tafelzeil Jungle 140 140 - PVC - Afwasbaar - 140 x 180 cm",1,0,visible,,,,,taxable,parent,1,999,,0,0,,,,,0,,"23,95","37,99",,,,https://ravedfabrics.com/wp-content/uploads/2026/02/1200x1200-189.jpg,,,RAV-RAVEDTAFEL-9300000175965561,,,,,,4,Raved,Size,"140 x 180 cm",,0,
2351123832450021,variation,9506238718423,,"Raved Tafelzeil Jungle 140 140 - PVC - Afwasbaar - 140 x 200 cm",1,0,visible,,,,,taxable,parent,1,999,,0,0,,,,,0,,"23,95","37,99",,,,https://ravedfabrics.com/wp-content/uploads/2026/02/1200x1200-190.jpg,,,RAV-RAVEDTAFEL-9300000175965561,,,,,,5,Raved,Size,"140 x 200 cm",,0,
2351123832450022,variation,9506342644212,,"Raved Tafelzeil Jungle 140 140 - PVC - Afwasbaar - 140 x 220 cm",1,0,visible,,,,,taxable,parent,1,999,,0,0,,,,,0,,"23,95","37,99",,,,https://ravedfabrics.com/wp-content/uploads/2026/02/1200x1200-191.jpg,,,RAV-RAVEDTAFEL-9300000175965561,,,,,,6,Raved,Size,"140 x 220 cm",,0,
2351123832450023,variation,9501567451638,,"Raved Tafelzeil Jungle 140 140 - PVC - Afwasbaar - 140 x 230 cm",1,0,visible,,,,,taxable,parent,1,999,,0,0,,,,,0,,"23,95","37,99",,,,https://ravedfabrics.com/wp-content/uploads/2026/02/1200x1200-192.jpg,,,RAV-RAVEDTAFEL-9300000175965561,,,,,,7,Raved,Size,"140 x 230 cm",,0,
2351123832450024,variation,9506878974272,,"Raved Tafelzeil Jungle 140 140 - PVC - Afwasbaar - 140 x 240 cm",1,0,visible,,,,,taxable,parent,1,999,,0,0,,,,,0,,"23,95","37,99",,,,https://ravedfabrics.com/wp-content/uploads/2026/02/1200x1200-193.jpg,,,RAV-RAVEDTAFEL-9300000175965561,,,,,,8,Raved,Size,"140 x 240 cm",,0,
2351123832450025,variation,9501468843297,,"Raved Tafelzeil Jungle 140 140 - PVC - Afwasbaar - 140 x 250 cm",1,0,visible,,,,,taxable,parent,1,999,,0,0,,,,,0,,"23,95","37,99",,,,https://ravedfabrics.com/wp-content/uploads/2026/02/1200x600.jpg,,,RAV-RAVEDTAFEL-9300000175965561,,,,,,9,Raved,Size,"140 x 250 cm",,0,
2351123832450015,variation,9505745458433,,"Raved Tafelzeil Jungle 140 140 - PVC - Afwasbaar - 140 x 50 cm",1,0,visible,,,,,taxable,parent,1,999,,0,0,,,,,0,,"23,95","37,99",,,,https://ravedfabrics.com/wp-content/uploads/2026/02/1200x1200-185.jpg,,,RAV-RAVEDTAFEL-9300000175965561,,,,,,0,Raved,Size,"140 x 50 cm",,0,
2351123832450016,variation,9509455416448,,"Raved Tafelzeil Jungle 140 140 - PVC - Afwasbaar - 140 x 100 cm",1,0,visible,,,,,taxable,parent,1,999,,0,0,,,,,0,,"23,95","37,99",,,,https://ravedfabrics.com/wp-content/uploads/2026/02/1200x1200-186.jpg,,,RAV-RAVEDTAFEL-9300000175965561,,,,,,1,Raved,Size,"140 x 100 cm",,0,
2351123832450018,variation,9509581889284,,"Raved Tafelzeil Jungle 140 140 - PVC - Afwasbaar - 140 x 140 cm",1,0,visible,,,,,taxable,parent,1,999,,0,0,,,,,0,,"23,95","37,99",,,,https://ravedfabrics.com/wp-content/uploads/2026/02/1200x1200-187.jpg,,,RAV-RAVEDTAFEL-9300000175965561,,,,,,2,Raved,Size,"140 x 140 cm",,0,
2351123832450053,variation,9507528538493,,"Raved Tafelzeil Design 140 140 - PVC - Afwasbaar - 140 x 280 cm",1,0,visible,,,,,taxable,parent,1,999,,0,0,,,,,0,,"23,95","37,99",,,,https://ravedfabrics.com/wp-content/uploads/2026/02/1200x1200-160.jpg,,,RAV-RAVEDTAFEL-9300000088017924,,,,,,12,Raved,Size,"140 x 280 cm",,0,
2351123832450054,variation,9509362646891,,"Raved Tafelzeil Design 140 140 - PVC - Afwasbaar - 140 x 290 cm",1,0,visible,,,,,taxable,parent,1,999,,0,0,,,,,0,,"23,95","37,99",,,,https://ravedfabrics.com/wp-content/uploads/2026/02/1200x1200-161.jpg,,,RAV-RAVEDTAFEL-9300000088017924,,,,,,13,Raved,Size,"140 x 290 cm",,0,
2351123832450055,variation,9501717313496,,"Raved Tafelzeil Design 140 140 - PVC - Afwasbaar - 140 x 300 cm",1,0,visible,,,,,taxable,parent,1,999,,0,0,,,,,0,,"23,95","37,99",,,,https://ravedfabrics.com/wp-content/uploads/2026/02/1200x1200-162.jpg,,,RAV-RAVEDTAFEL-9300000088017924,,,,,,14,Raved,Size,"140 x 300 cm",,0,
2351123832450056,variation,9507646833586,,"Raved Tafelzeil Design 140 140 - PVC - Afwasbaar - 140 x 310 cm",1,0,visible,,,,,taxable,parent,1,999,,0,0,,,,,0,,"23,95","37,99",,,,https://ravedfabrics.com/wp-content/uploads/2026/02/1200x1200-163.jpg,,,RAV-RAVEDTAFEL-9300000088017924,,,,,,15,Raved,Size,"140 x 310 cm",,0,
2351123832450057,variation,9505416743790,,"Raved Tafelzeil Design 140 140 - PVC - Afwasbaar - 140 x 320 cm",1,0,visible,,,,,taxable,parent,1,999,,0,0,,,,,0,,"23,95","37,99",,,,https://ravedfabrics.com/wp-content/uploads/2026/02/1200x1200-164.jpg,,,RAV-RAVEDTAFEL-9300000088017924,,,,,,16,Raved,Size,"140 x 320 cm",,0,
2351123832450058,variation,9504449251166,,"Raved Tafelzeil Design 140 140 - PVC - Afwasbaar - 140 x 350 cm",1,0,visible,,,,,taxable,parent,1,999,,0,0,,,,,0,,"23,95","37,99",,,,https://ravedfabrics.com/wp-content/uploads/2026/02/1200x1200-165.jpg,,,RAV-RAVEDTAFEL-9300000088017924,,,,,,17,Raved,Size,"140 x 350 cm",,0,
2351123832450048,variation,9503896772736,,"Raved Tafelzeil Design 140 140 - PVC - Afwasbaar - 140 x 230 cm",1,0,visible,,,,,taxable,parent,1,999,,0,0,,,,,0,,"23,95","37,99",,,,https://ravedfabrics.com/wp-content/uploads/2026/02/1200x1200-155.jpg,,,RAV-RAVEDTAFEL-9300000088017924,,,,,,7,Raved,Size,"140 x 230 cm",,0,
2351123832450049,variation,9502971651546,,"Raved Tafelzeil Design 140 140 - PVC - Afwasbaar - 140 x 240 cm",1,0,visible,,,,,taxable,parent,1,999,,0,0,,,,,0,,"23,95","37,99",,,,https://ravedfabrics.com/wp-content/uploads/2026/02/1200x1200-156.jpg,,,RAV-RAVEDTAFEL-9300000088017924,,,,,,8,Raved,Size,"140 x 240 cm",,0,
2351123832450050,variation,9509296517946,,"Raved Tafelzeil Design 140 140 - PVC - Afwasbaar - 140 x 250 cm",1,0,visible,,,,,taxable,parent,1,999,,0,0,,,,,0,,"23,95","37,99",,,,https://ravedfabrics.com/wp-content/uploads/2026/02/1200x1200-157.jpg,,,RAV-RAVEDTAFEL-9300000088017924,,,,,,9,Raved,Size,"140 x 250 cm",,0,
2351123832450051,variation,9503155164296,,"Raved Tafelzeil Design 140 140 - PVC - Afwasbaar - 140 x 260 cm",1,0,visible,,,,,taxable,parent,1,999,,0,0,,,,,0,,"23,95","37,99",,,,https://ravedfabrics.com/wp-content/uploads/2026/02/1200x1200-158.jpg,,,RAV-RAVEDTAFEL-9300000088017924,,,,,,10,Raved,Size,"140 x 260 cm",,0,
2351123832450052,variation,9506658616637,,"Raved Tafelzeil Design 140 140 - PVC - Afwasbaar - 140 x 270 cm",1,0,visible,,,,,taxable,parent,1,999,,0,0,,,,,0,,"23,95","37,99",,,,https://ravedfabrics.com/wp-content/uploads/2026/02/1200x1200-159.jpg,,,RAV-RAVEDTAFEL-9300000088017924,,,,,,11,Raved,Size,"140 x 270 cm",,0,
2351123832450044,variation,9509996819722,,"Raved Tafelzeil Design 140 140 - PVC - Afwasbaar - 140 x 160 cm",1,0,visible,,,,,taxable,parent,1,999,,0,0,,,,,0,,"23,95","37,99",,,,https://ravedfabrics.com/wp-content/uploads/2026/02/1200x1200-151.jpg,,,RAV-RAVEDTAFEL-9300000088017924,,,,,,3,Raved,Size,"140 x 160 cm",,0,
2351123832450045,variation,9503763145977,,"Raved Tafelzeil Design 140 140 - PVC - Afwasbaar - 140 x 180 cm",1,0,visible,,,,,taxable,parent,1,999,,0,0,,,,,0,,"23,95","37,99",,,,https://ravedfabrics.com/wp-content/uploads/2026/02/1200x1200-152.jpg,,,RAV-RAVEDTAFEL-9300000088017924,,,,,,4,Raved,Size,"140 x 180 cm",,0,
2351123832450046,variation,9503454874124,,"Raved Tafelzeil Design 140 140 - PVC - Afwasbaar - 140 x 200 cm",1,0,visible,,,,,taxable,parent,1,999,,0,0,,,,,0,,"23,95","37,99",,,,https://ravedfabrics.com/wp-content/uploads/2026/02/1200x1200-153.jpg,,,RAV-RAVEDTAFEL-9300000088017924,,,,,,5,Raved,Size,"140 x 200 cm",,0,
2351123832450047,variation,9507843281555,,"Raved Tafelzeil Design 140 140 - PVC - Afwasbaar - 140 x 220 cm",1,0,visible,,,,,taxable,parent,1,999,,0,0,,,,,0,,"23,95","37,99",,,,https://ravedfabrics.com/wp-content/uploads/2026/02/1200x1200-154.jpg,,,RAV-RAVEDTAFEL-9300000088017924,,,,,,6,Raved,Size,"140 x 220 cm",,0,
2351123832450041,variation,9504599611766,,"Raved Tafelzeil Design 140 140 - PVC - Afwasbaar - 140 x 50 cm",1,0,visible,,,,,taxable,parent,1,999,,0,0,,,,,0,,"23,95","37,99",,,,https://ravedfabrics.com/wp-content/uploads/2026/02/1200x1200-149.jpg,,,RAV-RAVEDTAFEL-9300000088017924,,,,,,0,Raved,Size,"140 x 50 cm",,0,
2351123832450042,variation,9502383354592,,"Raved Tafelzeil Design 140 140 - PVC - Afwasbaar - 140 x 100 cm",1,0,visible,,,,,taxable,parent,1,999,,0,0,,,,,0,,"23,95","37,99",,,,https://ravedfabrics.com/wp-content/uploads/2026/02/1200x1022-2.jpg,,,RAV-RAVEDTAFEL-9300000088017924,,,,,,1,Raved,Size,"140 x 100 cm",,0,
2351123832450043,variation,9506881218226,,"Raved Tafelzeil Design 140 140 - PVC - Afwasbaar - 140 x 140 cm",1,0,visible,,,,,taxable,parent,1,999,,0,0,,,,,0,,"23,95","37,99",,,,https://ravedfabrics.com/wp-content/uploads/2026/02/1200x1200-150.jpg,,,RAV-RAVEDTAFEL-9300000088017924,,,,,,2,Raved,Size,"140 x 140 cm",,0,
2351123832450185,variation,9504179587825,,"Raved Tafelzeil Boerenbont ruit Donker Blauw 140 140 - PVC - Afwasbaar - 140 x 350 cm",1,0,visible,,,,,taxable,parent,1,999,,0,0,,,,,0,,"23,95","43,89",,,,https://ravedfabrics.com/wp-content/uploads/2026/02/1200x598-17.jpg,,,RAV-RAVEDTAFEL-9300000116894423,,,,,,17,Raved,Size,"140 x 350 cm",,0,
2351123832450180,variation,9503232165345,,"Raved Tafelzeil Boerenbont ruit Donker Blauw 140 140 - PVC - Afwasbaar - 140 x 320 cm",1,0,visible,,,,,taxable,parent,1,999,,0,0,,,,,0,,"23,95","43,89",,,,https://ravedfabrics.com/wp-content/uploads/2026/02/1200x598-16.jpg,,,RAV-RAVEDTAFEL-9300000116894423,,,,,,16,Raved,Size,"140 x 320 cm",,0,
2351123832450172,variation,9509527691537,,"Raved Tafelzeil Boerenbont ruit Donker Blauw 140 140 - PVC - Afwasbaar - 140 x 310 cm",1,0,visible,,,,,taxable,parent,1,999,,0,0,,,,,0,,"23,95","43,89",,,,https://ravedfabrics.com/wp-content/uploads/2026/02/1200x598-15.jpg,,,RAV-RAVEDTAFEL-9300000116894423,,,,,,15,Raved,Size,"140 x 310 cm",,0,
2351123832450168,variation,9502925598521,,"Raved Tafelzeil Boerenbont ruit Donker Blauw 140 140 - PVC - Afwasbaar - 140 x 300 cm",1,0,visible,,,,,taxable,parent,1,999,,0,0,,,,,0,,"23,95","43,89",,,,https://ravedfabrics.com/wp-content/uploads/2026/02/1200x598-14.jpg,,,RAV-RAVEDTAFEL-9300000116894423,,,,,,14,Raved,Size,"140 x 300 cm",,0,
2351123832450160,variation,9506488557933,,"Raved Tafelzeil Boerenbont ruit Donker Blauw 140 140 - PVC - Afwasbaar - 140 x 280 cm",1,0,visible,,,,,taxable,parent,1,999,,0,0,,,,,0,,"23,95","43,89",,,,https://ravedfabrics.com/wp-content/uploads/2026/02/1200x598-13.jpg,,,RAV-RAVEDTAFEL-9300000116894423,,,,,,12,Raved,Size,"140 x 280 cm",,0,
2351123832450161,variation,9508126523676,,"Raved Tafelzeil Boerenbont ruit Donker Blauw 140 140 - PVC - Afwasbaar - 140 x 290 cm",1,0,visible,,,,,taxable,parent,1,999,,0,0,,,,,0,,"23,95","43,89",,,,https://ravedfabrics.com/wp-content/uploads/2026/02/1200x598.jpg,,,RAV-RAVEDTAFEL-9300000116894423,,,,,,13,Raved,Size,"140 x 290 cm",,0,
2351123832450154,variation,9502513666625,,"Raved Tafelzeil Boerenbont ruit Donker Blauw 140 140 - PVC - Afwasbaar - 140 x 270 cm",1,0,visible,,,,,taxable,parent,1,999,,0,0,,,,,0,,"23,95","43,89",,,,https://ravedfabrics.com/wp-content/uploads/2026/02/1200x598-12.jpg,,,RAV-RAVEDTAFEL-9300000116894423,,,,,,11,Raved,Size,"140 x 270 cm",,0,
2351123832450150,variation,9505824456916,,"Raved Tafelzeil Boerenbont ruit Donker Blauw 140 140 - PVC - Afwasbaar - 140 x 260 cm",1,0,visible,,,,,taxable,parent,1,999,,0,0,,,,,0,,"23,95","43,89",,,,https://ravedfabrics.com/wp-content/uploads/2026/02/1200x598-11.jpg,,,RAV-RAVEDTAFEL-9300000116894423,,,,,,10,Raved,Size,"140 x 260 cm",,0,
2351123832450145,variation,9506363655563,,"Raved Tafelzeil Boerenbont ruit Donker Blauw 140 140 - PVC - Afwasbaar - 140 x 250 cm",1,0,visible,,,,,taxable,parent,1,999,,0,0,,,,,0,,"23,95","43,89",,,,https://ravedfabrics.com/wp-content/uploads/2026/02/1200x598-10.jpg,,,RAV-RAVEDTAFEL-9300000116894423,,,,,,9,Raved,Size,"140 x 250 cm",,0,
2351123832450139,variation,9502519233616,,"Raved Tafelzeil Boerenbont ruit Donker Blauw 140 140 - PVC - Afwasbaar - 140 x 240 cm",1,0,visible,,,,,taxable,parent,1,999,,0,0,,,,,0,,"23,95","43,89",,,,https://ravedfabrics.com/wp-content/uploads/2026/02/1200x598-9.jpg,,,RAV-RAVEDTAFEL-9300000116894423,,,,,,8,Raved,Size,"140 x 240 cm",,0,
2351123832450134,variation,9501473762637,,"Raved Tafelzeil Boerenbont ruit Donker Blauw 140 140 - PVC - Afwasbaar - 140 x 230 cm",1,0,visible,,,,,taxable,parent,1,999,,0,0,,,,,0,,"23,95","43,89",,,,https://ravedfabrics.com/wp-content/uploads/2026/02/1200x598-8.jpg,,,RAV-RAVEDTAFEL-9300000116894423,,,,,,7,Raved,Size,"140 x 230 cm",,0,
2351123832450130,variation,9502497167514,,"Raved Tafelzeil Boerenbont ruit Donker Blauw 140 140 - PVC - Afwasbaar - 140 x 220 cm",1,0,visible,,,,,taxable,parent,1,999,,0,0,,,,,0,,"23,95","43,89",,,,https://ravedfabrics.com/wp-content/uploads/2026/02/1200x598-7.jpg,,,RAV-RAVEDTAFEL-9300000116894423,,,,,,6,Raved,Size,"140 x 220 cm",,0,
2351123832450123,variation,9508557661862,,"Raved Tafelzeil Boerenbont ruit Donker Blauw 140 140 - PVC - Afwasbaar - 140 x 200 cm",1,0,visible,,,,,taxable,parent,1,999,,0,0,,,,,0,,"23,95","43,89",,,,https://ravedfabrics.com/wp-content/uploads/2026/02/1200x598-6.jpg,,,RAV-RAVEDTAFEL-9300000116894423,,,,,,5,Raved,Size,"140 x 200 cm",,0,
2351123832450118,variation,9509384691947,,"Raved Tafelzeil Boerenbont ruit Donker Blauw 140 140 - PVC - Afwasbaar - 140 x 160 cm",1,0,visible,,,,,taxable,parent,1,999,,0,0,,,,,0,,"23,95","43,89",,,,https://ravedfabrics.com/wp-content/uploads/2026/02/1200x598-5.jpg,,,RAV-RAVEDTAFEL-9300000116894423,,,,,,3,Raved,Size,"140 x 160 cm",,0,
2351123832450119,variation,9503925742341,,"Raved Tafelzeil Boerenbont ruit Donker Blauw 140 140 - PVC - Afwasbaar - 140 x 180 cm",1,0,visible,,,,,taxable,parent,1,999,,0,0,,,,,0,,"23,95","43,89",,,,https://ravedfabrics.com/wp-content/uploads/2026/02/1200x598-1.jpg,,,RAV-RAVEDTAFEL-9300000116894423,,,,,,4,Raved,Size,"140 x 180 cm",,0,
2351123832450113,variation,9501413449185,,"Raved Tafelzeil Boerenbont ruit Donker Blauw 140 140 - PVC - Afwasbaar - 140 x 140 cm",1,0,visible,,,,,taxable,parent,1,999,,0,0,,,,,0,,"23,95","43,89",,,,https://ravedfabrics.com/wp-content/uploads/2026/02/1200x598-4.jpg,,,RAV-RAVEDTAFEL-9300000116894423,,,,,,2,Raved,Size,"140 x 140 cm",,0,
2351123832450098,variation,9506994315287,,"Raved Tafelzeil Boerenbont ruit Donker Blauw 140 140 - PVC - Afwasbaar - 140 x 100 cm",1,0,visible,,,,,taxable,parent,1,999,,0,0,,,,,0,,"23,95","43,89",,,,https://ravedfabrics.com/wp-content/uploads/2026/02/1200x598-3.jpg,,,RAV-RAVEDTAFEL-9300000116894423,,,,,,1,Raved,Size,"140 x 100 cm",,0,
2351123832450067,variation,9501725691272,,"Raved Tafelzeil Boerenbont ruit Donker Blauw 140 140 - PVC - Afwasbaar - 140 x 50 cm",1,0,visible,,,,,taxable,parent,1,999,,0,0,,,,,0,,"23,95","43,89",,,,https://ravedfabrics.com/wp-content/uploads/2026/02/1200x598-2.jpg,,,RAV-RAVEDTAFEL-9300000116894423,,,,,,0,Raved,Size,"140 x 50 cm",,0,
2351123832450083,variation,9503681498964,,"Raved Tafelzeil Wilde Bloemen 140 140 - Groen - PVC - Afwasbaar - 140 x 300 cm",1,0,visible,,,,,taxable,parent,1,999,,0,0,,,,,0,,,,,,,https://ravedfabrics.com/wp-content/uploads/2026/02/1200x1200-344.jpg,,,RAV-RAVEDTAFEL-9300000179023069,,,,,,14,Raved,Size,"140 x 300 cm",,0,
2351123832450084,variation,9504246333843,,"Raved Tafelzeil Wilde Bloemen 140 140 - Groen - PVC - Afwasbaar - 140 x 310 cm",1,0,visible,,,,,taxable,parent,1,999,,0,0,,,,,0,,,,,,,https://ravedfabrics.com/wp-content/uploads/2026/02/1200x1200-345.jpg,,,RAV-RAVEDTAFEL-9300000179023069,,,,,,15,Raved,Size,"140 x 310 cm",,0,
2351123832450086,variation,9506727166919,,"Raved Tafelzeil Wilde Bloemen 140 140 - Groen - PVC - Afwasbaar - 140 x 320 cm",1,0,visible,,,,,taxable,parent,1,999,,0,0,,,,,0,,,,,,,https://ravedfabrics.com/wp-content/uploads/2026/02/1200x1200-346.jpg,,,RAV-RAVEDTAFEL-9300000179023069,,,,,,16,Raved,Size,"140 x 320 cm",,0,
2351123832450087,variation,9507938259117,,"Raved Tafelzeil Wilde Bloemen 140 140 - Groen - PVC - Afwasbaar - 140 x 350 cm",1,0,visible,,,,,taxable,parent,1,999,,0,0,,,,,0,,,,,,,https://ravedfabrics.com/wp-content/uploads/2026/02/1200x590-111.jpg,,,RAV-RAVEDTAFEL-9300000179023069,,,,,,17,Raved,Size,"140 x 350 cm",,0,
2351123832450071,variation,9502677766810,,"Raved Tafelzeil Wilde Bloemen 140 140 - Groen - PVC - Afwasbaar - 140 x 160 cm",1,0,visible,,,,,taxable,parent,1,999,,0,0,,,,,0,,,,,,,https://ravedfabrics.com/wp-content/uploads/2026/02/1200x1200-337.jpg,,,RAV-RAVEDTAFEL-9300000179023069,,,,,,3,Raved,Size,"140 x 160 cm",,0,
2351123832450072,variation,9509351252928,,"Raved Tafelzeil Wilde Bloemen 140 140 - Groen - PVC - Afwasbaar - 140 x 180 cm",1,0,visible,,,,,taxable,parent,1,999,,0,0,,,,,0,,,,,,,https://ravedfabrics.com/wp-content/uploads/2026/02/1200x1200-338.jpg,,,RAV-RAVEDTAFEL-9300000179023069,,,,,,4,Raved,Size,"140 x 180 cm",,0,
2351123832450073,variation,9504773826375,,"Raved Tafelzeil Wilde Bloemen 140 140 - Groen - PVC - Afwasbaar - 140 x 200 cm",1,0,visible,,,,,taxable,parent,1,999,,0,0,,,,,0,,,,,,,https://ravedfabrics.com/wp-content/uploads/2026/01/1200x1200-1.jpg,,,RAV-RAVEDTAFEL-9300000179023069,,,,,,5,Raved,Size,"140 x 200 cm",,0,
2351123832450074,variation,9505814565765,,"Raved Tafelzeil Wilde Bloemen 140 140 - Groen - PVC - Afwasbaar - 140 x 220 cm",1,0,visible,,,,,taxable,parent,1,999,,0,0,,,,,0,,,,,,,https://ravedfabrics.com/wp-content/uploads/2026/02/1200x590-108.jpg,,,RAV-RAVEDTAFEL-9300000179023069,,,,,,6,Raved,Size,"140 x 220 cm",,0,
2351123832450075,variation,9504972733467,,"Raved Tafelzeil Wilde Bloemen 140 140 - Groen - PVC - Afwasbaar - 140 x 230 cm",1,0,visible,,,,,taxable,parent,1,999,,0,0,,,,,0,,,,,,,https://ravedfabrics.com/wp-content/uploads/2026/02/1200x1200-339.jpg,,,RAV-RAVEDTAFEL-9300000179023069,,,,,,7,Raved,Size,"140 x 230 cm",,0,
2351123832450076,variation,9509182228949,,"Raved Tafelzeil Wilde Bloemen 140 140 - Groen - PVC - Afwasbaar - 140 x 240 cm",1,0,visible,,,,,taxable,parent,1,999,,0,0,,,,,0,,,,,,,https://ravedfabrics.com/wp-content/uploads/2026/02/1200x1200-340.jpg,,,RAV-RAVEDTAFEL-9300000179023069,,,,,,8,Raved,Size,"140 x 240 cm",,0,
2351123832450078,variation,9507627336440,,"Raved Tafelzeil Wilde Bloemen 140 140 - Groen - PVC - Afwasbaar - 140 x 250 cm",1,0,visible,,,,,taxable,parent,1,999,,0,0,,,,,0,,,,,,,https://ravedfabrics.com/wp-content/uploads/2026/02/1200x1200-341.jpg,,,RAV-RAVEDTAFEL-9300000179023069,,,,,,9,Raved,Size,"140 x 250 cm",,0,
2351123832450079,variation,9501872458896,,"Raved Tafelzeil Wilde Bloemen 140 140 - Groen - PVC - Afwasbaar - 140 x 260 cm",1,0,visible,,,,,taxable,parent,1,999,,0,0,,,,,0,,,,,,,https://ravedfabrics.com/wp-content/uploads/2026/02/1200x590-109.jpg,,,RAV-RAVEDTAFEL-9300000179023069,,,,,,10,Raved,Size,"140 x 260 cm",,0,
2351123832450080,variation,9507736668654,,"Raved Tafelzeil Wilde Bloemen 140 140 - Groen - PVC - Afwasbaar - 140 x 270 cm",1,0,visible,,,,,taxable,parent,1,999,,0,0,,,,,0,,,,,,,https://ravedfabrics.com/wp-content/uploads/2026/02/1200x1200-342.jpg,,,RAV-RAVEDTAFEL-9300000179023069,,,,,,11,Raved,Size,"140 x 270 cm",,0,
2351123832450081,variation,9504633328827,,"Raved Tafelzeil Wilde Bloemen 140 140 - Groen - PVC - Afwasbaar - 140 x 280 cm",1,0,visible,,,,,taxable,parent,1,999,,0,0,,,,,0,,,,,,,https://ravedfabrics.com/wp-content/uploads/2026/02/1200x1200-343.jpg,,,RAV-RAVEDTAFEL-9300000179023069,,,,,,12,Raved,Size,"140 x 280 cm",,0,
2351123832450082,variation,9508191288814,,"Raved Tafelzeil Wilde Bloemen 140 140 - Groen - PVC - Afwasbaar - 140 x 290 cm",1,0,visible,,,,,taxable,parent,1,999,,0,0,,,,,0,,,,,,,https://ravedfabrics.com/wp-content/uploads/2026/02/1200x590-110.jpg,,,RAV-RAVEDTAFEL-9300000179023069,,,,,,13,Raved,Size,"140 x 290 cm",,0,
2351123832450068,variation,9504847517673,,"Raved Tafelzeil Wilde Bloemen 140 140 - Groen - PVC - Afwasbaar - 140 x 50 cm",1,0,visible,,,,,taxable,parent,1,999,,0,0,,,,,0,,,,,,,https://ravedfabrics.com/wp-content/uploads/2026/02/1200x590-107.jpg,,,RAV-RAVEDTAFEL-9300000179023069,,,,,,0,Raved,Size,"140 x 50 cm",,0,
2351123832450069,variation,9506919927311,,"Raved Tafelzeil Wilde Bloemen 140 140 - Groen - PVC - Afwasbaar - 140 x 100 cm",1,0,visible,,,,,taxable,parent,1,999,,0,0,,,,,0,,,,,,,https://ravedfabrics.com/wp-content/uploads/2026/02/1200x1200-335.jpg,,,RAV-RAVEDTAFEL-9300000179023069,,,,,,1,Raved,Size,"140 x 100 cm",,0,
2351123832450070,variation,9507146937418,,"Raved Tafelzeil Wilde Bloemen 140 140 - Groen - PVC - Afwasbaar - 140 x 140 cm",1,0,visible,,,,,taxable,parent,1,999,,0,0,,,,,0,,,,,,,https://ravedfabrics.com/wp-content/uploads/2026/02/1200x1200-336.jpg,,,RAV-RAVEDTAFEL-9300000179023069,,,,,,2,Raved,Size,"140 x 140 cm",,0,
2351123832450106,variation,9502827273595,,"Raved Tafelzeil Design 140 140 - PVC - Afwasbaar - 140 x 280 cm",1,0,visible,,,,,taxable,parent,1,999,,0,0,,,,,0,,"23,95","37,99",,,,https://ravedfabrics.com/wp-content/uploads/2026/02/1200x1022-1.jpg,,,RAV-RAVEDTAFEL-9300000040148032,,,,,,12,Raved,Size,"140 x 280 cm",,0,
2351123832450107,variation,9504875155489,,"Raved Tafelzeil Design 140 140 - PVC - Afwasbaar - 140 x 290 cm",1,0,visible,,,,,taxable,parent,1,999,,0,0,,,,,0,,"23,95","37,99",,,,https://ravedfabrics.com/wp-content/uploads/2026/02/1200x656-11.jpg,,,RAV-RAVEDTAFEL-9300000040148032,,,,,,13,Raved,Size,"140 x 290 cm",,0,
2351123832450108,variation,9502678172641,,"Raved Tafelzeil Design 140 140 - PVC - Afwasbaar - 140 x 300 cm",1,0,visible,,,,,taxable,parent,1,999,,0,0,,,,,0,,"23,95","37,99",,,,https://ravedfabrics.com/wp-content/uploads/2026/02/1200x656-12.jpg,,,RAV-RAVEDTAFEL-9300000040148032,,,,,,14,Raved,Size,"140 x 300 cm",,0,
2351123832450109,variation,9501346569790,,"Raved Tafelzeil Design 140 140 - PVC - Afwasbaar - 140 x 310 cm",1,0,visible,,,,,taxable,parent,1,999,,0,0,,,,,0,,"23,95","37,99",,,,https://ravedfabrics.com/wp-content/uploads/2026/02/1200x656-13.jpg,,,RAV-RAVEDTAFEL-9300000040148032,,,,,,15,Raved,Size,"140 x 310 cm",,0,
2351123832450110,variation,9506265389283,,"Raved Tafelzeil Design 140 140 - PVC - Afwasbaar - 140 x 320 cm",1,0,visible,,,,,taxable,parent,1,999,,0,0,,,,,0,,"23,95","37,99",,,,https://ravedfabrics.com/wp-content/uploads/2026/02/1200x656-14.jpg,,,RAV-RAVEDTAFEL-9300000040148032,,,,,,16,Raved,Size,"140 x 320 cm",,0,
2351123832450111,variation,9501511562847,,"Raved Tafelzeil Design 140 140 - PVC - Afwasbaar - 140 x 350 cm",1,0,visible,,,,,taxable,parent,1,999,,0,0,,,,,0,,"23,95","37,99",,,,https://ravedfabrics.com/wp-content/uploads/2026/02/1200x656-15.jpg,,,RAV-RAVEDTAFEL-9300000040148032,,,,,,17,Raved,Size,"140 x 350 cm",,0,
2351123832450104,variation,9504863771844,,"Raved Tafelzeil Design 140 140 - PVC - Afwasbaar - 140 x 260 cm",1,0,visible,,,,,taxable,parent,1,999,,0,0,,,,,0,,"23,95","37,99",,,,https://ravedfabrics.com/wp-content/uploads/2026/02/1200x656-9.jpg,,,RAV-RAVEDTAFEL-9300000040148032,,,,,,10,Raved,Size,"140 x 260 cm",,0,
2351123832450105,variation,9509123299120,,"Raved Tafelzeil Design 140 140 - PVC - Afwasbaar - 140 x 270 cm",1,0,visible,,,,,taxable,parent,1,999,,0,0,,,,,0,,"23,95","37,99",,,,https://ravedfabrics.com/wp-content/uploads/2026/02/1200x656-10.jpg,,,RAV-RAVEDTAFEL-9300000040148032,,,,,,11,Raved,Size,"140 x 270 cm",,0,
2351123832450096,variation,9503866431625,,"Raved Tafelzeil Design 140 140 - PVC - Afwasbaar - 140 x 240 cm",1,0,visible,,,,,taxable,parent,1,999,,0,0,,,,,0,,"23,95","37,99",,,,https://ravedfabrics.com/wp-content/uploads/2026/02/1200x656-7.jpg,,,RAV-RAVEDTAFEL-9300000040148032,,,,,,8,Raved,Size,"140 x 240 cm",,0,
2351123832450097,variation,9504462462297,,"Raved Tafelzeil Design 140 140 - PVC - Afwasbaar - 140 x 250 cm",1,0,visible,,,,,taxable,parent,1,999,,0,0,,,,,0,,"23,95","37,99",,,,https://ravedfabrics.com/wp-content/uploads/2026/02/1200x656-8.jpg,,,RAV-RAVEDTAFEL-9300000040148032,,,,,,9,Raved,Size,"140 x 250 cm",,0,
2351123832450088,variation,9502499481380,,"Raved Tafelzeil Design 140 140 - PVC - Afwasbaar - 140 x 50 cm",1,0,visible,,,,,taxable,parent,1,999,,0,0,,,,,0,,"23,95","37,99",,,,https://ravedfabrics.com/wp-content/uploads/2026/02/1200x656.jpg,,,RAV-RAVEDTAFEL-9300000040148032,,,,,,0,Raved,Size,"140 x 50 cm",,0,
2351123832450089,variation,9508656926671,,"Raved Tafelzeil Design 140 140 - PVC - Afwasbaar - 140 x 100 cm",1,0,visible,,,,,taxable,parent,1,999,,0,0,,,,,0,,"23,95","37,99",,,,https://ravedfabrics.com/wp-content/uploads/2026/02/1200x656-1.jpg,,,RAV-RAVEDTAFEL-9300000040148032,,,,,,1,Raved,Size,"140 x 100 cm",,0,
2351123832450090,variation,9504895951429,,"Raved Tafelzeil Design 140 140 - PVC - Afwasbaar - 140 x 140 cm",1,0,visible,,,,,taxable,parent,1,999,,0,0,,,,,0,,"23,95","37,99",,,,https://ravedfabrics.com/wp-content/uploads/2026/02/1200x656-2.jpg,,,RAV-RAVEDTAFEL-9300000040148032,,,,,,2,Raved,Size,"140 x 140 cm",,0,
2351123832450091,variation,9507313255338,,"Raved Tafelzeil Design 140 140 - PVC - Afwasbaar - 140 x 160 cm",1,0,visible,,,,,taxable,parent,1,999,,0,0,,,,,0,,"23,95","37,99",,,,https://ravedfabrics.com/wp-content/uploads/2026/02/1200x656-3.jpg,,,RAV-RAVEDTAFEL-9300000040148032,,,,,,3,Raved,Size,"140 x 160 cm",,0,
2351123832450092,variation,9508849488290,,"Raved Tafelzeil Design 140 140 - PVC - Afwasbaar - 140 x 180 cm",1,0,visible,,,,,taxable,parent,1,999,,0,0,,,,,0,,"23,95","37,99",,,,https://ravedfabrics.com/wp-content/uploads/2026/02/1200x1022.jpg,,,RAV-RAVEDTAFEL-9300000040148032,,,,,,4,Raved,Size,"140 x 180 cm",,0,
2351123832450093,variation,9508266577126,,"Raved Tafelzeil Design 140 140 - PVC - Afwasbaar - 140 x 200 cm",1,0,visible,,,,,taxable,parent,1,999,,0,0,,,,,0,,"23,95","37,99",,,,https://ravedfabrics.com/wp-content/uploads/2026/02/1200x656-4.jpg,,,RAV-RAVEDTAFEL-9300000040148032,,,,,,5,Raved,Size,"140 x 200 cm",,0,
2351123832450094,variation,9509654292959,,"Raved Tafelzeil Design 140 140 - PVC - Afwasbaar - 140 x 220 cm",1,0,visible,,,,,taxable,parent,1,999,,0,0,,,,,0,,"23,95","37,99",,,,https://ravedfabrics.com/wp-content/uploads/2026/02/1200x656-5.jpg,,,RAV-RAVEDTAFEL-9300000040148032,,,,,,6,Raved,Size,"140 x 220 cm",,0,
2351123832450095,variation,9504614433793,,"Raved Tafelzeil Design 140 140 - PVC - Afwasbaar - 140 x 230 cm",1,0,visible,,,,,taxable,parent,1,999,,0,0,,,,,0,,"23,95","37,99",,,,https://ravedfabrics.com/wp-content/uploads/2026/02/1200x656-6.jpg,,,RAV-RAVEDTAFEL-9300000040148032,,,,,,7,Raved,Size,"140 x 230 cm",,0,
2351123832450212,variation,9503746495228,,"Raved Tafelzeil Macarons 140 140 - Roze - PVC - Afwasbaar - 140 x 310 cm",1,0,visible,,,,,taxable,parent,1,999,,0,0,,,,,0,,,,,,,https://ravedfabrics.com/wp-content/uploads/2026/02/1200x1200-361.jpg,,,RAV-RAVEDTAFEL-9300000179023901,,,,,,15,Raved,Size,"140 x 310 cm",,0,
2351123832450214,variation,9507146155157,,"Raved Tafelzeil Macarons 140 140 - Roze - PVC - Afwasbaar - 140 x 320 cm",1,0,visible,,,,,taxable,parent,1,999,,0,0,,,,,0,,,,,,,https://ravedfabrics.com/wp-content/uploads/2026/02/1200x1200-362.jpg,,,RAV-RAVEDTAFEL-9300000179023901,,,,,,16,Raved,Size,"140 x 320 cm",,0,
2351123832450216,variation,9505563475933,,"Raved Tafelzeil Macarons 140 140 - Roze - PVC - Afwasbaar - 140 x 350 cm",1,0,visible,,,,,taxable,parent,1,999,,0,0,,,,,0,,,,,,,https://ravedfabrics.com/wp-content/uploads/2026/02/1200x1200-363.jpg,,,RAV-RAVEDTAFEL-9300000179023901,,,,,,17,Raved,Size,"140 x 350 cm",,0,
2351123832450192,variation,9503771925387,,"Raved Tafelzeil Macarons 140 140 - Roze - PVC - Afwasbaar - 140 x 160 cm",1,0,visible,,,,,taxable,parent,1,999,,0,0,,,,,0,,,,,,,https://ravedfabrics.com/wp-content/uploads/2026/02/1200x1200-350.jpg,,,RAV-RAVEDTAFEL-9300000179023901,,,,,,3,Raved,Size,"140 x 160 cm",,0,
2351123832450194,variation,9507789692958,,"Raved Tafelzeil Macarons 140 140 - Roze - PVC - Afwasbaar - 140 x 180 cm",1,0,visible,,,,,taxable,parent,1,999,,0,0,,,,,0,,,,,,,https://ravedfabrics.com/wp-content/uploads/2026/02/1200x1200-351.jpg,,,RAV-RAVEDTAFEL-9300000179023901,,,,,,4,Raved,Size,"140 x 180 cm",,0,
2351123832450196,variation,9507994577750,,"Raved Tafelzeil Macarons 140 140 - Roze - PVC - Afwasbaar - 140 x 200 cm",1,0,visible,,,,,taxable,parent,1,999,,0,0,,,,,0,,,,,,,https://ravedfabrics.com/wp-content/uploads/2026/02/1200x1200-352.jpg,,,RAV-RAVEDTAFEL-9300000179023901,,,,,,5,Raved,Size,"140 x 200 cm",,0,
2351123832450197,variation,9503435869521,,"Raved Tafelzeil Macarons 140 140 - Roze - PVC - Afwasbaar - 140 x 220 cm",1,0,visible,,,,,taxable,parent,1,999,,0,0,,,,,0,,,,,,,https://ravedfabrics.com/wp-content/uploads/2026/02/1200x1200-353.jpg,,,RAV-RAVEDTAFEL-9300000179023901,,,,,,6,Raved,Size,"140 x 220 cm",,0,
2351123832450198,variation,9508483686342,,"Raved Tafelzeil Macarons 140 140 - Roze - PVC - Afwasbaar - 140 x 230 cm",1,0,visible,,,,,taxable,parent,1,999,,0,0,,,,,0,,,,,,,https://ravedfabrics.com/wp-content/uploads/2026/02/1200x1200-354.jpg,,,RAV-RAVEDTAFEL-9300000179023901,,,,,,7,Raved,Size,"140 x 230 cm",,0,
2351123832450199,variation,9509232995319,,"Raved Tafelzeil Macarons 140 140 - Roze - PVC - Afwasbaar - 140 x 240 cm",1,0,visible,,,,,taxable,parent,1,999,,0,0,,,,,0,,,,,,,https://ravedfabrics.com/wp-content/uploads/2026/02/1200x1200-355.jpg,,,RAV-RAVEDTAFEL-9300000179023901,,,,,,8,Raved,Size,"140 x 240 cm",,0,
2351123832450201,variation,9503958889297,,"Raved Tafelzeil Macarons 140 140 - Roze - PVC - Afwasbaar - 140 x 250 cm",1,0,visible,,,,,taxable,parent,1,999,,0,0,,,,,0,,,,,,,https://ravedfabrics.com/wp-content/uploads/2026/02/1200x1200-355.jpg,,,RAV-RAVEDTAFEL-9300000179023901,,,,,,9,Raved,Size,"140 x 250 cm",,0,
2351123832450202,variation,9502345254243,,"Raved Tafelzeil Macarons 140 140 - Roze - PVC - Afwasbaar - 140 x 260 cm",1,0,visible,,,,,taxable,parent,1,999,,0,0,,,,,0,,,,,,,https://ravedfabrics.com/wp-content/uploads/2026/02/1200x1200-356.jpg,,,RAV-RAVEDTAFEL-9300000179023901,,,,,,10,Raved,Size,"140 x 260 cm",,0,
2351123832450204,variation,9502675578941,,"Raved Tafelzeil Macarons 140 140 - Roze - PVC - Afwasbaar - 140 x 270 cm",1,0,visible,,,,,taxable,parent,1,999,,0,0,,,,,0,,,,,,,https://ravedfabrics.com/wp-content/uploads/2026/02/1200x1200-357.jpg,,,RAV-RAVEDTAFEL-9300000179023901,,,,,,11,Raved,Size,"140 x 270 cm",,0,
2351123832450206,variation,9509416126577,,"Raved Tafelzeil Macarons 140 140 - Roze - PVC - Afwasbaar - 140 x 280 cm",1,0,visible,,,,,taxable,parent,1,999,,0,0,,,,,0,,,,,,,https://ravedfabrics.com/wp-content/uploads/2026/02/1200x1200-358.jpg,,,RAV-RAVEDTAFEL-9300000179023901,,,,,,12,Raved,Size,"140 x 280 cm",,0,
2351123832450208,variation,9505658541697,,"Raved Tafelzeil Macarons 140 140 - Roze - PVC - Afwasbaar - 140 x 290 cm",1,0,visible,,,,,taxable,parent,1,999,,0,0,,,,,0,,,,,,,https://ravedfabrics.com/wp-content/uploads/2026/02/1200x1200-359.jpg,,,RAV-RAVEDTAFEL-9300000179023901,,,,,,13,Raved,Size,"140 x 290 cm",,0,
2351123832450210,variation,9505471776924,,"Raved Tafelzeil Macarons 140 140 - Roze - PVC - Afwasbaar - 140 x 300 cm",1,0,visible,,,,,taxable,parent,1,999,,0,0,,,,,0,,,,,,,https://ravedfabrics.com/wp-content/uploads/2026/02/1200x1200-360.jpg,,,RAV-RAVEDTAFEL-9300000179023901,,,,,,14,Raved,Size,"140 x 300 cm",,0,
2351123832450187,variation,9507746685696,,"Raved Tafelzeil Macarons 140 140 - Roze - PVC - Afwasbaar - 140 x 50 cm",1,0,visible,,,,,taxable,parent,1,999,,0,0,,,,,0,,,,,,,https://ravedfabrics.com/wp-content/uploads/2026/02/1200x1200-348.jpg,,,RAV-RAVEDTAFEL-9300000179023901,,,,,,0,Raved,Size,"140 x 50 cm",,0,
2351123832450189,variation,9508946424412,,"Raved Tafelzeil Macarons 140 140 - Roze - PVC - Afwasbaar - 140 x 100 cm",1,0,visible,,,,,taxable,parent,1,999,,0,0,,,,,0,,,,,,,https://ravedfabrics.com/wp-content/uploads/2026/02/1200x1200-347.jpg,,,RAV-RAVEDTAFEL-9300000179023901,,,,,,1,Raved,Size,"140 x 100 cm",,0,
2351123832450190,variation,9503122128450,,"Raved Tafelzeil Macarons 140 140 - Roze - PVC - Afwasbaar - 140 x 140 cm",1,0,visible,,,,,taxable,parent,1,999,,0,0,,,,,0,,,,,,,https://ravedfabrics.com/wp-content/uploads/2026/02/1200x1200-349.jpg,,,RAV-RAVEDTAFEL-9300000179023901,,,,,,2,Raved,Size,"140 x 140 cm",,0,
2351123832450347,variation,9505273697755,,"Raved Kerst Tafelzeil - Gouden Kerst 140 140 - Beige - PVC - Afwasbaar - 140 x 330 cm",1,0,visible,,,,,taxable,parent,1,999,,0,0,,,,,0,,"23,95","43,89",,,,https://ravedfabrics.com/wp-content/uploads/2026/02/1200x593-21.jpg,,,RAV-RAVEDTAFEL-9300000167169608,,,,,,17,Raved,Size,"140 x 330 cm",,0,
2351123832450313,variation,9507553267559,,"Raved Kerst Tafelzeil - Gouden Kerst 140 140 - Beige - PVC - Afwasbaar - 140 x 320 cm",1,0,visible,,,,,taxable,parent,1,999,,0,0,,,,,0,,"23,95","43,89",,,,https://ravedfabrics.com/wp-content/uploads/2026/02/1200x593.jpg,,,RAV-RAVEDTAFEL-9300000167169608,,,,,,16,Raved,Size,"140 x 320 cm",,0,
2351123832450312,variation,9506893966955,,"Raved Kerst Tafelzeil - Gouden Kerst 140 140 - Beige - PVC - Afwasbaar - 140 x 310 cm",1,0,visible,,,,,taxable,parent,1,999,,0,0,,,,,0,,"23,95","43,89",,,,https://ravedfabrics.com/wp-content/uploads/2026/02/1200x593-20.jpg,,,RAV-RAVEDTAFEL-9300000167169608,,,,,,15,Raved,Size,"140 x 310 cm",,0,
2351123832450267,variation,9508667187313,,"Raved Kerst Tafelzeil - Gouden Kerst 140 140 - Beige - PVC - Afwasbaar - 140 x 300 cm",1,0,visible,,,,,taxable,parent,1,999,,0,0,,,,,0,,"23,95","43,89",,,,https://ravedfabrics.com/wp-content/uploads/2026/02/1200x593-19.jpg,,,RAV-RAVEDTAFEL-9300000167169608,,,,,,14,Raved,Size,"140 x 300 cm",,0,
2351123832450237,variation,9509163541173,,"Raved Kerst Tafelzeil - Gouden Kerst 140 140 - Beige - PVC - Afwasbaar - 140 x 290 cm",1,0,visible,,,,,taxable,parent,1,999,,0,0,,,,,0,,"23,95","43,89",,,,https://ravedfabrics.com/wp-content/uploads/2026/02/1200x593-18.jpg,,,RAV-RAVEDTAFEL-9300000167169608,,,,,,13,Raved,Size,"140 x 290 cm",,0,
2351123832450191,variation,9508792325635,,"Raved Kerst Tafelzeil - Gouden Kerst 140 140 - Beige - PVC - Afwasbaar - 140 x 280 cm",1,0,visible,,,,,taxable,parent,1,999,,0,0,,,,,0,,"23,95","43,89",,,,https://ravedfabrics.com/wp-content/uploads/2026/02/1200x593-17.jpg,,,RAV-RAVEDTAFEL-9300000167169608,,,,,,12,Raved,Size,"140 x 280 cm",,0,
2351123832450183,variation,9505248653694,,"Raved Kerst Tafelzeil - Gouden Kerst 140 140 - Beige - PVC - Afwasbaar - 140 x 270 cm",1,0,visible,,,,,taxable,parent,1,999,,0,0,,,,,0,,"23,95","43,89",,,,https://ravedfabrics.com/wp-content/uploads/2026/02/1200x593-6.jpg,,,RAV-RAVEDTAFEL-9300000167169608,,,,,,11,Raved,Size,"140 x 270 cm",,0,
2351123832450179,variation,9509473661677,,"Raved Kerst Tafelzeil - Gouden Kerst 140 140 - Beige - PVC - Afwasbaar - 140 x 260 cm",1,0,visible,,,,,taxable,parent,1,999,,0,0,,,,,0,,"23,95","43,89",,,,https://ravedfabrics.com/wp-content/uploads/2026/02/1200x593-16.jpg,,,RAV-RAVEDTAFEL-9300000167169608,,,,,,10,Raved,Size,"140 x 260 cm",,0,
2351123832450173,variation,9504353282218,,"Raved Kerst Tafelzeil - Gouden Kerst 140 140 - Beige - PVC - Afwasbaar - 140 x 250 cm",1,0,visible,,,,,taxable,parent,1,999,,0,0,,,,,0,,"23,95","43,89",,,,https://ravedfabrics.com/wp-content/uploads/2026/02/1200x593-15.jpg,,,RAV-RAVEDTAFEL-9300000167169608,,,,,,9,Raved,Size,"140 x 250 cm",,0,
2351123832450170,variation,9508448768496,,"Raved Kerst Tafelzeil - Gouden Kerst 140 140 - Beige - PVC - Afwasbaar - 140 x 240 cm",1,0,visible,,,,,taxable,parent,1,999,,0,0,,,,,0,,"23,95","43,89",,,,https://ravedfabrics.com/wp-content/uploads/2026/02/1200x593-14.jpg,,,RAV-RAVEDTAFEL-9300000167169608,,,,,,8,Raved,Size,"140 x 240 cm",,0,
2351123832450163,variation,9505545974614,,"Raved Kerst Tafelzeil - Gouden Kerst 140 140 - Beige - PVC - Afwasbaar - 140 x 230 cm",1,0,visible,,,,,taxable,parent,1,999,,0,0,,,,,0,,"23,95","43,89",,,,https://ravedfabrics.com/wp-content/uploads/2026/02/1200x593-13.jpg,,,RAV-RAVEDTAFEL-9300000167169608,,,,,,7,Raved,Size,"140 x 230 cm",,0,
2351123832450158,variation,9508456365625,,"Raved Kerst Tafelzeil - Gouden Kerst 140 140 - Beige - PVC - Afwasbaar - 140 x 220 cm",1,0,visible,,,,,taxable,parent,1,999,,0,0,,,,,0,,"23,95","43,89",,,,https://ravedfabrics.com/wp-content/uploads/2026/02/1200x593-12.jpg,,,RAV-RAVEDTAFEL-9300000167169608,,,,,,6,Raved,Size,"140 x 220 cm",,0,
2351123832450152,variation,9509979951531,,"Raved Kerst Tafelzeil - Gouden Kerst 140 140 - Beige - PVC - Afwasbaar - 140 x 200 cm",1,0,visible,,,,,taxable,parent,1,999,,0,0,,,,,0,,"23,95","43,89",,,,https://ravedfabrics.com/wp-content/uploads/2026/02/1200x593-11.jpg,,,RAV-RAVEDTAFEL-9300000167169608,,,,,,5,Raved,Size,"140 x 200 cm",,0,
2351123832450144,variation,9506993967197,,"Raved Kerst Tafelzeil - Gouden Kerst 140 140 - Beige - PVC - Afwasbaar - 140 x 180 cm",1,0,visible,,,,,taxable,parent,1,999,,0,0,,,,,0,,"23,95","43,89",,,,https://ravedfabrics.com/wp-content/uploads/2026/02/1200x1019-20.jpg,,,RAV-RAVEDTAFEL-9300000167169608,,,,,,4,Raved,Size,"140 x 180 cm",,0,
2351123832450137,variation,9507678371964,,"Raved Kerst Tafelzeil - Gouden Kerst 140 140 - Beige - PVC - Afwasbaar - 140 x 160 cm",1,0,visible,,,,,taxable,parent,1,999,,0,0,,,,,0,,"23,95","43,89",,,,https://ravedfabrics.com/wp-content/uploads/2026/02/1200x593-10.jpg,,,RAV-RAVEDTAFEL-9300000167169608,,,,,,3,Raved,Size,"140 x 160 cm",,0,
2351123832450132,variation,9506448187972,,"Raved Kerst Tafelzeil - Gouden Kerst 140 140 - Beige - PVC - Afwasbaar - 140 x 140 cm",1,0,visible,,,,,taxable,parent,1,999,,0,0,,,,,0,,"23,95","43,89",,,,https://ravedfabrics.com/wp-content/uploads/2026/02/1200x593-9.jpg,,,RAV-RAVEDTAFEL-9300000167169608,,,,,,2,Raved,Size,"140 x 140 cm",,0,
2351123832450127,variation,9506444137186,,"Raved Kerst Tafelzeil - Gouden Kerst 140 140 - Beige - PVC - Afwasbaar - 140 x 100 cm",1,0,visible,,,,,taxable,parent,1,999,,0,0,,,,,0,,"23,95","43,89",,,,https://ravedfabrics.com/wp-content/uploads/2026/02/1200x593-8.jpg,,,RAV-RAVEDTAFEL-9300000167169608,,,,,,1,Raved,Size,"140 x 100 cm",,0,
2351123832450121,variation,9501854515760,,"Raved Kerst Tafelzeil - Gouden Kerst 140 140 - Beige - PVC - Afwasbaar - 140 x 50 cm",1,0,visible,,,,,taxable,parent,1,999,,0,0,,,,,0,,"23,95","43,89",,,,https://ravedfabrics.com/wp-content/uploads/2026/02/1200x593-7.jpg,,,RAV-RAVEDTAFEL-9300000167169608,,,,,,0,Raved,Size,"140 x 50 cm",,0,
2351123832450251,variation,9507693323412,,"Raved Tafelzeil Beige 140 140 - PVC - Afwasbaar - 140 x 250 cm",1,0,visible,,,,,taxable,parent,1,999,,0,0,,,,,0,,,,,,,https://ravedfabrics.com/wp-content/uploads/2026/02/1200x1200-98.jpg,,,RAV-RAVEDTAFEL-9300000079087955,,,,,,8,Raved,Size,"140 x 250 cm",,0,
2351123832450252,variation,9505494462668,,"Raved Tafelzeil Beige 140 140 - PVC - Afwasbaar - 140 x 260 cm",1,0,visible,,,,,taxable,parent,1,999,,0,0,,,,,0,,,,,,,https://ravedfabrics.com/wp-content/uploads/2026/02/1200x1200-99.jpg,,,RAV-RAVEDTAFEL-9300000079087955,,,,,,9,Raved,Size,"140 x 260 cm",,0,
2351123832450253,variation,9504717288825,,"Raved Tafelzeil Beige 140 140 - PVC - Afwasbaar - 140 x 270 cm",1,0,visible,,,,,taxable,parent,1,999,,0,0,,,,,0,,,,,,,https://ravedfabrics.com/wp-content/uploads/2026/02/1200x1200-100.jpg,,,RAV-RAVEDTAFEL-9300000079087955,,,,,,10,Raved,Size,"140 x 270 cm",,0,
2351123832450254,variation,9509253364521,,"Raved Tafelzeil Beige 140 140 - PVC - Afwasbaar - 140 x 280 cm",1,0,visible,,,,,taxable,parent,1,999,,0,0,,,,,0,,,,,,,https://ravedfabrics.com/wp-content/uploads/2026/02/1200x1200-101.jpg,,,RAV-RAVEDTAFEL-9300000079087955,,,,,,11,Raved,Size,"140 x 280 cm",,0,
2351123832450255,variation,9504378145413,,"Raved Tafelzeil Beige 140 140 - PVC - Afwasbaar - 140 x 290 cm",1,0,visible,,,,,taxable,parent,1,999,,0,0,,,,,0,,,,,,,https://ravedfabrics.com/wp-content/uploads/2026/02/1200x1200-102.jpg,,,RAV-RAVEDTAFEL-9300000079087955,,,,,,12,Raved,Size,"140 x 290 cm",,0,
2351123832450256,variation,9502597786448,,"Raved Tafelzeil Beige 140 140 - PVC - Afwasbaar - 140 x 300 cm",1,0,visible,,,,,taxable,parent,1,999,,0,0,,,,,0,,,,,,,https://ravedfabrics.com/wp-content/uploads/2026/02/1200x1200-103.jpg,,,RAV-RAVEDTAFEL-9300000079087955,,,,,,13,Raved,Size,"140 x 300 cm",,0,
2351123832450257,variation,9509718314542,,"Raved Tafelzeil Beige 140 140 - PVC - Afwasbaar - 140 x 310 cm",1,0,visible,,,,,taxable,parent,1,999,,0,0,,,,,0,,,,,,,https://ravedfabrics.com/wp-content/uploads/2026/02/1200x1200-104.jpg,,,RAV-RAVEDTAFEL-9300000079087955,,,,,,14,Raved,Size,"140 x 310 cm",,0,
2351123832450259,variation,9507379184184,,"Raved Tafelzeil Beige 140 140 - PVC - Afwasbaar - 140 x 320 cm",1,0,visible,,,,,taxable,parent,1,999,,0,0,,,,,0,,,,,,,https://ravedfabrics.com/wp-content/uploads/2026/02/1200x1200-105.jpg,,,RAV-RAVEDTAFEL-9300000079087955,,,,,,15,Raved,Size,"140 x 320 cm",,0,
2351123832450260,variation,9509323578629,,"Raved Tafelzeil Beige 140 140 - PVC - Afwasbaar - 140 x 350 cm",1,0,visible,,,,,taxable,parent,1,999,,0,0,,,,,0,,,,,,,https://ravedfabrics.com/wp-content/uploads/2026/02/1200x1200-106.jpg,,,RAV-RAVEDTAFEL-9300000079087955,,,,,,16,Raved,Size,"140 x 350 cm",,0,
2351123832450225,variation,9504563361734,,"Raved Tafelzeil Beige 140 140 - PVC - Afwasbaar - 140 x 100 cm",1,0,visible,,,,,taxable,parent,1,999,,0,0,,,,,0,,,,,,,https://ravedfabrics.com/wp-content/uploads/2026/02/1200x1200-90.jpg,,,RAV-RAVEDTAFEL-9300000079087955,,,,,,0,Raved,Size,"140 x 100 cm",,0,
2351123832450227,variation,9507714352186,,"Raved Tafelzeil Beige 140 140 - PVC - Afwasbaar - 140 x 140 cm",1,0,visible,,,,,taxable,parent,1,999,,0,0,,,,,0,,,,,,,https://ravedfabrics.com/wp-content/uploads/2026/02/1200x1200-91.jpg,,,RAV-RAVEDTAFEL-9300000079087955,,,,,,1,Raved,Size,"140 x 140 cm",,0,
2351123832450229,variation,9506338449968,,"Raved Tafelzeil Beige 140 140 - PVC - Afwasbaar - 140 x 160 cm",1,0,visible,,,,,taxable,parent,1,999,,0,0,,,,,0,,,,,,,https://ravedfabrics.com/wp-content/uploads/2026/02/1200x1200-92.jpg,,,RAV-RAVEDTAFEL-9300000079087955,,,,,,2,Raved,Size,"140 x 160 cm",,0,
2351123832450231,variation,9507129233582,,"Raved Tafelzeil Beige 140 140 - PVC - Afwasbaar - 140 x 180 cm",1,0,visible,,,,,taxable,parent,1,999,,0,0,,,,,0,,,,,,,https://ravedfabrics.com/wp-content/uploads/2026/02/1200x1200-93.jpg,,,RAV-RAVEDTAFEL-9300000079087955,,,,,,3,Raved,Size,"140 x 180 cm",,0,
2351123832450233,variation,9504472753651,,"Raved Tafelzeil Beige 140 140 - PVC - Afwasbaar - 140 x 200 cm",1,0,visible,,,,,taxable,parent,1,999,,0,0,,,,,0,,,,,,,https://ravedfabrics.com/wp-content/uploads/2026/02/1200x1200-94.jpg,,,RAV-RAVEDTAFEL-9300000079087955,,,,,,4,Raved,Size,"140 x 200 cm",,0,
2351123832450234,variation,9505576399486,,"Raved Tafelzeil Beige 140 140 - PVC - Afwasbaar - 140 x 220 cm",1,0,visible,,,,,taxable,parent,1,999,,0,0,,,,,0,,,,,,,https://ravedfabrics.com/wp-content/uploads/2026/02/1200x1200-95.jpg,,,RAV-RAVEDTAFEL-9300000079087955,,,,,,5,Raved,Size,"140 x 220 cm",,0,
2351123832450235,variation,9504542418220,,"Raved Tafelzeil Beige 140 140 - PVC - Afwasbaar - 140 x 230 cm",1,0,visible,,,,,taxable,parent,1,999,,0,0,,,,,0,,,,,,,https://ravedfabrics.com/wp-content/uploads/2026/02/1200x1200-96.jpg,,,RAV-RAVEDTAFEL-9300000079087955,,,,,,6,Raved,Size,"140 x 230 cm",,0,
2351123832450236,variation,9505951182764,,"Raved Tafelzeil Beige 140 140 - PVC - Afwasbaar - 140 x 240 cm",1,0,visible,,,,,taxable,parent,1,999,,0,0,,,,,0,,,,,,,https://ravedfabrics.com/wp-content/uploads/2026/02/1200x1200-97.jpg,,,RAV-RAVEDTAFEL-9300000079087955,,,,,,7,Raved,Size,"140 x 240 cm",,0,
2351123832450226,variation,9508126238662,,"Raved Tafelzeil 140 140 - PVC - Afwasbaar - 140 x 300 cm",1,0,visible,,,,,taxable,parent,1,999,,0,0,,,,,0,,"26,95","38,59",,,,https://ravedfabrics.com/wp-content/uploads/2026/02/1200x1200-497.jpg,,,RAV-RAVEDTAFEL-9300000193285894,,,,,,14,Raved,Size,"140 x 300 cm",,0,
2351123832450228,variation,9506773959152,,"Raved Tafelzeil 140 140 - PVC - Afwasbaar - 140 x 310 cm",1,0,visible,,,,,taxable,parent,1,999,,0,0,,,,,0,,"26,95","38,59",,,,https://ravedfabrics.com/wp-content/uploads/2026/02/1200x1200-498.jpg,,,RAV-RAVEDTAFEL-9300000193285894,,,,,,15,Raved,Size,"140 x 310 cm",,0,
2351123832450230,variation,9504419888873,,"Raved Tafelzeil 140 140 - PVC - Afwasbaar - 140 x 320 cm",1,0,visible,,,,,taxable,parent,1,999,,0,0,,,,,0,,"26,95","38,59",,,,https://ravedfabrics.com/wp-content/uploads/2026/02/1200x1200-499.jpg,,,RAV-RAVEDTAFEL-9300000193285894,,,,,,16,Raved,Size,"140 x 320 cm",,0,
2351123832450232,variation,9504211475769,,"Raved Tafelzeil 140 140 - PVC - Afwasbaar - 140 x 350 cm",1,0,visible,,,,,taxable,parent,1,999,,0,0,,,,,0,,"26,95","38,59",,,,https://ravedfabrics.com/wp-content/uploads/2026/02/1200x589-2.jpg,,,RAV-RAVEDTAFEL-9300000193285894,,,,,,17,Raved,Size,"140 x 350 cm",,0,
2351123832450211,variation,9507323593574,,"Raved Tafelzeil 140 140 - PVC - Afwasbaar - 140 x 160 cm",1,0,visible,,,,,taxable,parent,1,999,,0,0,,,,,0,,"26,95","38,59",,,,https://ravedfabrics.com/wp-content/uploads/2026/02/1200x590-154.jpg,,,RAV-RAVEDTAFEL-9300000193285894,,,,,,3,Raved,Size,"140 x 160 cm",,0,
2351123832450213,variation,9503356788567,,"Raved Tafelzeil 140 140 - PVC - Afwasbaar - 140 x 180 cm",1,0,visible,,,,,taxable,parent,1,999,,0,0,,,,,0,,"26,95","38,59",,,,https://ravedfabrics.com/wp-content/uploads/2026/02/1200x590-158.jpg,,,RAV-RAVEDTAFEL-9300000193285894,,,,,,4,Raved,Size,"140 x 180 cm",,0,
2351123832450215,variation,9508384461819,,"Raved Tafelzeil 140 140 - PVC - Afwasbaar - 140 x 200 cm",1,0,visible,,,,,taxable,parent,1,999,,0,0,,,,,0,,"26,95","38,59",,,,https://ravedfabrics.com/wp-content/uploads/2026/02/1200x590-159.jpg,,,RAV-RAVEDTAFEL-9300000193285894,,,,,,5,Raved,Size,"140 x 200 cm",,0,
2351123832450217,variation,9509852881276,,"Raved Tafelzeil 140 140 - PVC - Afwasbaar - 140 x 220 cm",1,0,visible,,,,,taxable,parent,1,999,,0,0,,,,,0,,"26,95","38,59",,,,https://ravedfabrics.com/wp-content/uploads/2026/02/1200x1200-491.jpg,,,RAV-RAVEDTAFEL-9300000193285894,,,,,,6,Raved,Size,"140 x 220 cm",,0,
2351123832450218,variation,9506127991982,,"Raved Tafelzeil 140 140 - PVC - Afwasbaar - 140 x 230 cm",1,0,visible,,,,,taxable,parent,1,999,,0,0,,,,,0,,"26,95","38,59",,,,https://ravedfabrics.com/wp-content/uploads/2026/02/1200x590-161.jpg,,,RAV-RAVEDTAFEL-9300000193285894,,,,,,7,Raved,Size,"140 x 230 cm",,0,
2351123832450219,variation,9504672282685,,"Raved Tafelzeil 140 140 - PVC - Afwasbaar - 140 x 240 cm",1,0,visible,,,,,taxable,parent,1,999,,0,0,,,,,0,,"26,95","38,59",,,,https://ravedfabrics.com/wp-content/uploads/2026/02/1200x590-2.jpg,,,RAV-RAVEDTAFEL-9300000193285894,,,,,,8,Raved,Size,"140 x 240 cm",,0,
2351123832450220,variation,9502455755364,,"Raved Tafelzeil 140 140 - PVC - Afwasbaar - 140 x 250 cm",1,0,visible,,,,,taxable,parent,1,999,,0,0,,,,,0,,"26,95","38,59",,,,https://ravedfabrics.com/wp-content/uploads/2026/02/1200x590-162.jpg,,,RAV-RAVEDTAFEL-9300000193285894,,,,,,9,Raved,Size,"140 x 250 cm",,0,
2351123832450221,variation,9501794333967,,"Raved Tafelzeil 140 140 - PVC - Afwasbaar - 140 x 260 cm",1,0,visible,,,,,taxable,parent,1,999,,0,0,,,,,0,,"26,95","38,59",,,,https://ravedfabrics.com/wp-content/uploads/2026/02/1200x1200-493.jpg,,,RAV-RAVEDTAFEL-9300000193285894,,,,,,10,Raved,Size,"140 x 260 cm",,0,
2351123832450222,variation,9509557598127,,"Raved Tafelzeil 140 140 - PVC - Afwasbaar - 140 x 270 cm",1,0,visible,,,,,taxable,parent,1,999,,0,0,,,,,0,,"26,95","38,59",,,,https://ravedfabrics.com/wp-content/uploads/2026/02/1200x590-163.jpg,,,RAV-RAVEDTAFEL-9300000193285894,,,,,,11,Raved,Size,"140 x 270 cm",,0,
2351123832450223,variation,9502886331557,,"Raved Tafelzeil 140 140 - PVC - Afwasbaar - 140 x 280 cm",1,0,visible,,,,,taxable,parent,1,999,,0,0,,,,,0,,"26,95","38,59",,,,https://ravedfabrics.com/wp-content/uploads/2026/02/1200x590-164.jpg,,,RAV-RAVEDTAFEL-9300000193285894,,,,,,12,Raved,Size,"140 x 280 cm",,0,
2351123832450224,variation,9501498561611,,"Raved Tafelzeil 140 140 - PVC - Afwasbaar - 140 x 290 cm",1,0,visible,,,,,taxable,parent,1,999,,0,0,,,,,0,,"26,95","38,59",,,,https://ravedfabrics.com/wp-content/uploads/2026/02/1200x590-165.jpg,,,RAV-RAVEDTAFEL-9300000193285894,,,,,,13,Raved,Size,"140 x 290 cm",,0,
2351123832450205,variation,9501169262120,,"Raved Tafelzeil 140 140 - PVC - Afwasbaar - 140 x 50 cm",1,0,visible,,,,,taxable,parent,1,999,,0,0,,,,,0,,"26,95","38,59",,,,https://ravedfabrics.com/wp-content/uploads/2026/02/1200x589.jpg,,,RAV-RAVEDTAFEL-9300000193285894,,,,,,0,Raved,Size,"140 x 50 cm",,0,
2351123832450207,variation,9509288533183,,"Raved Tafelzeil 140 140 - PVC - Afwasbaar - 140 x 100 cm",1,0,visible,,,,,taxable,parent,1,999,,0,0,,,,,0,,"26,95","38,59",,,,https://ravedfabrics.com/wp-content/uploads/2026/02/1200x590-156.jpg,,,RAV-RAVEDTAFEL-9300000193285894,,,,,,1,Raved,Size,"140 x 100 cm",,0,
2351123832450209,variation,9508797895317,,"Raved Tafelzeil 140 140 - PVC - Afwasbaar - 140 x 140 cm",1,0,visible,,,,,taxable,parent,1,999,,0,0,,,,,0,,"26,95","38,59",,,,https://ravedfabrics.com/wp-content/uploads/2026/02/1200x1200-487.jpg,,,RAV-RAVEDTAFEL-9300000193285894,,,,,,2,Raved,Size,"140 x 140 cm",,0,
2351123832450265,variation,9503996441358,,"Raved Tafelzeil Blokken Design Grijs 140 140 - PVC - Afwasbaar - 140 x 260 cm",1,0,visible,,,,,taxable,parent,1,999,,0,0,,,,,0,,"23,95","43,89",,,,https://ravedfabrics.com/wp-content/uploads/2026/02/1200x1182-10.jpg,,,RAV-RAVEDTAFEL-9300000092104528,,,,,,10,Raved,Size,"140 x 260 cm",,0,
2351123832450266,variation,9506864223117,,"Raved Tafelzeil Blokken Design Grijs 140 140 - PVC - Afwasbaar - 140 x 270 cm",1,0,visible,,,,,taxable,parent,1,999,,0,0,,,,,0,,"23,95","43,89",,,,https://ravedfabrics.com/wp-content/uploads/2026/02/1200x1182-11.jpg,,,RAV-RAVEDTAFEL-9300000092104528,,,,,,11,Raved,Size,"140 x 270 cm",,0,
2351123832450268,variation,9506491227281,,"Raved Tafelzeil Blokken Design Grijs 140 140 - PVC - Afwasbaar - 140 x 280 cm",1,0,visible,,,,,taxable,parent,1,999,,0,0,,,,,0,,"23,95","43,89",,,,https://ravedfabrics.com/wp-content/uploads/2026/02/1200x1182-12.jpg,,,RAV-RAVEDTAFEL-9300000092104528,,,,,,12,Raved,Size,"140 x 280 cm",,0,
2351123832450269,variation,9502437619622,,"Raved Tafelzeil Blokken Design Grijs 140 140 - PVC - Afwasbaar - 140 x 290 cm",1,0,visible,,,,,taxable,parent,1,999,,0,0,,,,,0,,"23,95","43,89",,,,https://ravedfabrics.com/wp-content/uploads/2026/02/1200x1182-13.jpg,,,RAV-RAVEDTAFEL-9300000092104528,,,,,,13,Raved,Size,"140 x 290 cm",,0,
2351123832450270,variation,9507683377920,,"Raved Tafelzeil Blokken Design Grijs 140 140 - PVC - Afwasbaar - 140 x 300 cm",1,0,visible,,,,,taxable,parent,1,999,,0,0,,,,,0,,"23,95","43,89",,,,https://ravedfabrics.com/wp-content/uploads/2026/02/1200x1182-14.jpg,,,RAV-RAVEDTAFEL-9300000092104528,,,,,,14,Raved,Size,"140 x 300 cm",,0,
2351123832450271,variation,9507884559545,,"Raved Tafelzeil Blokken Design Grijs 140 140 - PVC - Afwasbaar - 140 x 310 cm",1,0,visible,,,,,taxable,parent,1,999,,0,0,,,,,0,,"23,95","43,89",,,,https://ravedfabrics.com/wp-content/uploads/2026/02/1200x1182-15.jpg,,,RAV-RAVEDTAFEL-9300000092104528,,,,,,15,Raved,Size,"140 x 310 cm",,0,
2351123832450273,variation,9505469783248,,"Raved Tafelzeil Blokken Design Grijs 140 140 - PVC - Afwasbaar - 140 x 320 cm",1,0,visible,,,,,taxable,parent,1,999,,0,0,,,,,0,,"23,95","43,89",,,,https://ravedfabrics.com/wp-content/uploads/2026/02/1200x1182-16.jpg,,,RAV-RAVEDTAFEL-9300000092104528,,,,,,16,Raved,Size,"140 x 320 cm",,0,
2351123832450275,variation,9501627676995,,"Raved Tafelzeil Blokken Design Grijs 140 140 - PVC - Afwasbaar - 140 x 350 cm",1,0,visible,,,,,taxable,parent,1,999,,0,0,,,,,0,,"23,95","43,89",,,,https://ravedfabrics.com/wp-content/uploads/2026/02/1200x1182-17.jpg,,,RAV-RAVEDTAFEL-9300000092104528,,,,,,17,Raved,Size,"140 x 350 cm",,0,
2351123832450239,variation,9507334322392,,"Raved Tafelzeil Blokken Design Grijs 140 140 - PVC - Afwasbaar - 140 x 50 cm",1,0,visible,,,,,taxable,parent,1,999,,0,0,,,,,0,,"23,95","43,89",,,,https://ravedfabrics.com/wp-content/uploads/2026/02/1200x1182-2.jpg,,,RAV-RAVEDTAFEL-9300000092104528,,,,,,0,Raved,Size,"140 x 50 cm",,0,
2351123832450240,variation,9503652492533,,"Raved Tafelzeil Blokken Design Grijs 140 140 - PVC - Afwasbaar - 140 x 100 cm",1,0,visible,,,,,taxable,parent,1,999,,0,0,,,,,0,,"23,95","43,89",,,,https://ravedfabrics.com/wp-content/uploads/2026/02/1200x1182-3.jpg,,,RAV-RAVEDTAFEL-9300000092104528,,,,,,1,Raved,Size,"140 x 100 cm",,0,
2351123832450241,variation,9504269167999,,"Raved Tafelzeil Blokken Design Grijs 140 140 - PVC - Afwasbaar - 140 x 140 cm",1,0,visible,,,,,taxable,parent,1,999,,0,0,,,,,0,,"23,95","43,89",,,,https://ravedfabrics.com/wp-content/uploads/2026/02/1200x1182-1.jpg,,,RAV-RAVEDTAFEL-9300000092104528,,,,,,2,Raved,Size,"140 x 140 cm",,0,
2351123832450242,variation,9502957948677,,"Raved Tafelzeil Blokken Design Grijs 140 140 - PVC - Afwasbaar - 140 x 160 cm",1,0,visible,,,,,taxable,parent,1,999,,0,0,,,,,0,,"23,95","43,89",,,,https://ravedfabrics.com/wp-content/uploads/2026/02/1200x1182-4.jpg,,,RAV-RAVEDTAFEL-9300000092104528,,,,,,3,Raved,Size,"140 x 160 cm",,0,
2351123832450243,variation,9503861999496,,"Raved Tafelzeil Blokken Design Grijs 140 140 - PVC - Afwasbaar - 140 x 180 cm",1,0,visible,,,,,taxable,parent,1,999,,0,0,,,,,0,,"23,95","43,89",,,,https://ravedfabrics.com/wp-content/uploads/2026/02/1200x1182-5.jpg,,,RAV-RAVEDTAFEL-9300000092104528,,,,,,4,Raved,Size,"140 x 180 cm",,0,
2351123832450244,variation,9508925215888,,"Raved Tafelzeil Blokken Design Grijs 140 140 - PVC - Afwasbaar - 140 x 200 cm",1,0,visible,,,,,taxable,parent,1,999,,0,0,,,,,0,,"23,95","43,89",,,,https://ravedfabrics.com/wp-content/uploads/2026/02/1200x1182-6.jpg,,,RAV-RAVEDTAFEL-9300000092104528,,,,,,5,Raved,Size,"140 x 200 cm",,0,
2351123832450245,variation,9508793572687,,"Raved Tafelzeil Blokken Design Grijs 140 140 - PVC - Afwasbaar - 140 x 220 cm",1,0,visible,,,,,taxable,parent,1,999,,0,0,,,,,0,,"23,95","43,89",,,,https://ravedfabrics.com/wp-content/uploads/2026/02/1200x1182-7.jpg,,,RAV-RAVEDTAFEL-9300000092104528,,,,,,6,Raved,Size,"140 x 220 cm",,0,
2351123832450246,variation,9507421872519,,"Raved Tafelzeil Blokken Design Grijs 140 140 - PVC - Afwasbaar - 140 x 230 cm",1,0,visible,,,,,taxable,parent,1,999,,0,0,,,,,0,,"23,95","43,89",,,,https://ravedfabrics.com/wp-content/uploads/2026/02/1200x1182-8.jpg,,,RAV-RAVEDTAFEL-9300000092104528,,,,,,7,Raved,Size,"140 x 230 cm",,0,
2351123832450247,variation,9502596173492,,"Raved Tafelzeil Blokken Design Grijs 140 140 - PVC - Afwasbaar - 140 x 240 cm",1,0,visible,,,,,taxable,parent,1,999,,0,0,,,,,0,,"23,95","43,89",,,,https://ravedfabrics.com/wp-content/uploads/2026/02/1200x1182-2.jpg,,,RAV-RAVEDTAFEL-9300000092104528,,,,,,8,Raved,Size,"140 x 240 cm",,0,
2351123832450249,variation,9504896968631,,"Raved Tafelzeil Blokken Design Grijs 140 140 - PVC - Afwasbaar - 140 x 250 cm",1,0,visible,,,,,taxable,parent,1,999,,0,0,,,,,0,,"23,95","43,89",,,,https://ravedfabrics.com/wp-content/uploads/2026/02/1200x1182-9.jpg,,,RAV-RAVEDTAFEL-9300000092104528,,,,,,9,Raved,Size,"140 x 250 cm",,0,
2351123832450284,variation,9503155328384,,"Raved Kerst Tafelzeil - Kersthulst 140 140 - Beige - PVC - Afwasbaar - 140 x 250 cm",1,0,visible,,,,,taxable,parent,1,999,,0,0,,,,,0,,"23,95","43,89",,,,https://ravedfabrics.com/wp-content/uploads/2026/02/1200x1200-302.jpg,,,RAV-RAVEDTAFEL-9300000167169634,,,,,,9,Raved,Size,"140 x 250 cm",,0,
2351123832450285,variation,9506547468514,,"Raved Kerst Tafelzeil - Kersthulst 140 140 - Beige - PVC - Afwasbaar - 140 x 260 cm",1,0,visible,,,,,taxable,parent,1,999,,0,0,,,,,0,,"23,95","43,89",,,,https://ravedfabrics.com/wp-content/uploads/2026/02/1200x1200-303.jpg,,,RAV-RAVEDTAFEL-9300000167169634,,,,,,10,Raved,Size,"140 x 260 cm",,0,
2351123832450286,variation,9503444596524,,"Raved Kerst Tafelzeil - Kersthulst 140 140 - Beige - PVC - Afwasbaar - 140 x 270 cm",1,0,visible,,,,,taxable,parent,1,999,,0,0,,,,,0,,"23,95","43,89",,,,https://ravedfabrics.com/wp-content/uploads/2026/02/1200x1200-304.jpg,,,RAV-RAVEDTAFEL-9300000167169634,,,,,,11,Raved,Size,"140 x 270 cm",,0,
2351123832450288,variation,9502588776311,,"Raved Kerst Tafelzeil - Kersthulst 140 140 - Beige - PVC - Afwasbaar - 140 x 280 cm",1,0,visible,,,,,taxable,parent,1,999,,0,0,,,,,0,,"23,95","43,89",,,,https://ravedfabrics.com/wp-content/uploads/2026/02/1200x1200-305.jpg,,,RAV-RAVEDTAFEL-9300000167169634,,,,,,12,Raved,Size,"140 x 280 cm",,0,
2351123832450290,variation,9507462976627,,"Raved Kerst Tafelzeil - Kersthulst 140 140 - Beige - PVC - Afwasbaar - 140 x 290 cm",1,0,visible,,,,,taxable,parent,1,999,,0,0,,,,,0,,"23,95","43,89",,,,https://ravedfabrics.com/wp-content/uploads/2026/02/1200x1200-306.jpg,,,RAV-RAVEDTAFEL-9300000167169634,,,,,,13,Raved,Size,"140 x 290 cm",,0,
2351123832450292,variation,9504388347289,,"Raved Kerst Tafelzeil - Kersthulst 140 140 - Beige - PVC - Afwasbaar - 140 x 300 cm",1,0,visible,,,,,taxable,parent,1,999,,0,0,,,,,0,,"23,95","43,89",,,,https://ravedfabrics.com/wp-content/uploads/2026/02/1200x1200-307.jpg,,,RAV-RAVEDTAFEL-9300000167169634,,,,,,14,Raved,Size,"140 x 300 cm",,0,
2351123832450294,variation,9506336188340,,"Raved Kerst Tafelzeil - Kersthulst 140 140 - Beige - PVC - Afwasbaar - 140 x 310 cm",1,0,visible,,,,,taxable,parent,1,999,,0,0,,,,,0,,"23,95","43,89",,,,https://ravedfabrics.com/wp-content/uploads/2026/02/1200x1200-308.jpg,,,RAV-RAVEDTAFEL-9300000167169634,,,,,,15,Raved,Size,"140 x 310 cm",,0,
2351123832450296,variation,9508386457377,,"Raved Kerst Tafelzeil - Kersthulst 140 140 - Beige - PVC - Afwasbaar - 140 x 320 cm",1,0,visible,,,,,taxable,parent,1,999,,0,0,,,,,0,,"23,95","43,89",,,,https://ravedfabrics.com/wp-content/uploads/2026/02/1200x1200-293.jpg,,,RAV-RAVEDTAFEL-9300000167169634,,,,,,16,Raved,Size,"140 x 320 cm",,0,
2351123832450297,variation,9501399614713,,"Raved Kerst Tafelzeil - Kersthulst 140 140 - Beige - PVC - Afwasbaar - 140 x 330 cm",1,0,visible,,,,,taxable,parent,1,999,,0,0,,,,,0,,"23,95","43,89",,,,https://ravedfabrics.com/wp-content/uploads/2026/02/1200x1200-309.jpg,,,RAV-RAVEDTAFEL-9300000167169634,,,,,,17,Raved,Size,"140 x 330 cm",,0,
2351123832450272,variation,9501629813183,,"Raved Kerst Tafelzeil - Kersthulst 140 140 - Beige - PVC - Afwasbaar - 140 x 50 cm",1,0,visible,,,,,taxable,parent,1,999,,0,0,,,,,0,,"23,95","43,89",,,,https://ravedfabrics.com/wp-content/uploads/2026/02/1200x1200-294.jpg,,,RAV-RAVEDTAFEL-9300000167169634,,,,,,0,Raved,Size,"140 x 50 cm",,0,
2351123832450274,variation,9505583732719,,"Raved Kerst Tafelzeil - Kersthulst 140 140 - Beige - PVC - Afwasbaar - 140 x 100 cm",1,0,visible,,,,,taxable,parent,1,999,,0,0,,,,,0,,"23,95","43,89",,,,https://ravedfabrics.com/wp-content/uploads/2026/02/1200x1200-295.jpg,,,RAV-RAVEDTAFEL-9300000167169634,,,,,,1,Raved,Size,"140 x 100 cm",,0,
2351123832450276,variation,9502161951982,,"Raved Kerst Tafelzeil - Kersthulst 140 140 - Beige - PVC - Afwasbaar - 140 x 140 cm",1,0,visible,,,,,taxable,parent,1,999,,0,0,,,,,0,,"23,95","43,89",,,,https://ravedfabrics.com/wp-content/uploads/2026/02/1200x1200-296.jpg,,,RAV-RAVEDTAFEL-9300000167169634,,,,,,2,Raved,Size,"140 x 140 cm",,0,
2351123832450278,variation,9505853332731,,"Raved Kerst Tafelzeil - Kersthulst 140 140 - Beige - PVC - Afwasbaar - 140 x 160 cm",1,0,visible,,,,,taxable,parent,1,999,,0,0,,,,,0,,"23,95","43,89",,,,https://ravedfabrics.com/wp-content/uploads/2026/02/1200x1019-8.jpg,,,RAV-RAVEDTAFEL-9300000167169634,,,,,,3,Raved,Size,"140 x 160 cm",,0,
2351123832450279,variation,9507928447579,,"Raved Kerst Tafelzeil - Kersthulst 140 140 - Beige - PVC - Afwasbaar - 140 x 180 cm",1,0,visible,,,,,taxable,parent,1,999,,0,0,,,,,0,,"23,95","43,89",,,,https://ravedfabrics.com/wp-content/uploads/2026/02/1200x1200-297.jpg,,,RAV-RAVEDTAFEL-9300000167169634,,,,,,4,Raved,Size,"140 x 180 cm",,0,
2351123832450280,variation,9505158632758,,"Raved Kerst Tafelzeil - Kersthulst 140 140 - Beige - PVC - Afwasbaar - 140 x 200 cm",1,0,visible,,,,,taxable,parent,1,999,,0,0,,,,,0,,"23,95","43,89",,,,https://ravedfabrics.com/wp-content/uploads/2026/02/1200x1200-298.jpg,,,RAV-RAVEDTAFEL-9300000167169634,,,,,,5,Raved,Size,"140 x 200 cm",,0,
2351123832450281,variation,9501949522154,,"Raved Kerst Tafelzeil - Kersthulst 140 140 - Beige - PVC - Afwasbaar - 140 x 220 cm",1,0,visible,,,,,taxable,parent,1,999,,0,0,,,,,0,,"23,95","43,89",,,,https://ravedfabrics.com/wp-content/uploads/2026/02/1200x1200-299.jpg,,,RAV-RAVEDTAFEL-9300000167169634,,,,,,6,Raved,Size,"140 x 220 cm",,0,
2351123832450282,variation,9507858486518,,"Raved Kerst Tafelzeil - Kersthulst 140 140 - Beige - PVC - Afwasbaar - 140 x 230 cm",1,0,visible,,,,,taxable,parent,1,999,,0,0,,,,,0,,"23,95","43,89",,,,https://ravedfabrics.com/wp-content/uploads/2026/02/1200x1200-300.jpg,,,RAV-RAVEDTAFEL-9300000167169634,,,,,,7,Raved,Size,"140 x 230 cm",,0,
2351123832450283,variation,9502833478854,,"Raved Kerst Tafelzeil - Kersthulst 140 140 - Beige - PVC - Afwasbaar - 140 x 240 cm",1,0,visible,,,,,taxable,parent,1,999,,0,0,,,,,0,,"23,95","43,89",,,,https://ravedfabrics.com/wp-content/uploads/2026/02/1200x1200-301.jpg,,,RAV-RAVEDTAFEL-9300000167169634,,,,,,8,Raved,Size,"140 x 240 cm",,0,
2351123832450332,variation,9506887176872,,"Raved Tafelzeil 140 140 - PVC - Afwasbaar - 140 x 270 cm",1,0,visible,,,,,taxable,parent,1,999,,0,0,,,,,0,,"23,95","43,89",,,,https://ravedfabrics.com/wp-content/uploads/2026/02/1200x1030-12.jpg,,,RAV-RAVEDTAFEL-9300000179181220,,,,,,11,Raved,Size,"140 x 270 cm",,0,
2351123832450334,variation,9506229386624,,"Raved Tafelzeil 140 140 - PVC - Afwasbaar - 140 x 280 cm",1,0,visible,,,,,taxable,parent,1,999,,0,0,,,,,0,,"23,95","43,89",,,,https://ravedfabrics.com/wp-content/uploads/2026/02/1200x590-129.jpg,,,RAV-RAVEDTAFEL-9300000179181220,,,,,,12,Raved,Size,"140 x 280 cm",,0,
2351123832450336,variation,9508977272839,,"Raved Tafelzeil 140 140 - PVC - Afwasbaar - 140 x 290 cm",1,0,visible,,,,,taxable,parent,1,999,,0,0,,,,,0,,"23,95","43,89",,,,https://ravedfabrics.com/wp-content/uploads/2026/02/1200x1030-13.jpg,,,RAV-RAVEDTAFEL-9300000179181220,,,,,,13,Raved,Size,"140 x 290 cm",,0,
2351123832450338,variation,9509438933443,,"Raved Tafelzeil 140 140 - PVC - Afwasbaar - 140 x 300 cm",1,0,visible,,,,,taxable,parent,1,999,,0,0,,,,,0,,"23,95","43,89",,,,https://ravedfabrics.com/wp-content/uploads/2026/02/1200x1030-14.jpg,,,RAV-RAVEDTAFEL-9300000179181220,,,,,,14,Raved,Size,"140 x 300 cm",,0,
2351123832450340,variation,9504755672730,,"Raved Tafelzeil 140 140 - PVC - Afwasbaar - 140 x 310 cm",1,0,visible,,,,,taxable,parent,1,999,,0,0,,,,,0,,"23,95","43,89",,,,https://ravedfabrics.com/wp-content/uploads/2026/02/1200x1030.jpg,,,RAV-RAVEDTAFEL-9300000179181220,,,,,,15,Raved,Size,"140 x 310 cm",,0,
2351123832450342,variation,9505988313452,,"Raved Tafelzeil 140 140 - PVC - Afwasbaar - 140 x 320 cm",1,0,visible,,,,,taxable,parent,1,999,,0,0,,,,,0,,"23,95","43,89",,,,https://ravedfabrics.com/wp-content/uploads/2026/02/1200x1030-15.jpg,,,RAV-RAVEDTAFEL-9300000179181220,,,,,,16,Raved,Size,"140 x 320 cm",,0,
2351123832450344,variation,9505953376840,,"Raved Tafelzeil 140 140 - PVC - Afwasbaar - 140 x 350 cm",1,0,visible,,,,,taxable,parent,1,999,,0,0,,,,,0,,"23,95","43,89",,,,https://ravedfabrics.com/wp-content/uploads/2026/02/1200x1030-16.jpg,,,RAV-RAVEDTAFEL-9300000179181220,,,,,,17,Raved,Size,"140 x 350 cm",,0,
2351123832450319,variation,9505597888761,,"Raved Tafelzeil 140 140 - PVC - Afwasbaar - 140 x 100 cm",1,0,visible,,,,,taxable,parent,1,999,,0,0,,,,,0,,"23,95","43,89",,,,https://ravedfabrics.com/wp-content/uploads/2026/02/1200x1030-2.jpg,,,RAV-RAVEDTAFEL-9300000179181220,,,,,,1,Raved,Size,"140 x 100 cm",,0,
2351123832450320,variation,9505443994882,,"Raved Tafelzeil 140 140 - PVC - Afwasbaar - 140 x 140 cm",1,0,visible,,,,,taxable,parent,1,999,,0,0,,,,,0,,"23,95","43,89",,,,https://ravedfabrics.com/wp-content/uploads/2026/02/1200x1030-3.jpg,,,RAV-RAVEDTAFEL-9300000179181220,,,,,,2,Raved,Size,"140 x 140 cm",,0,
2351123832450321,variation,9504185447380,,"Raved Tafelzeil 140 140 - PVC - Afwasbaar - 140 x 160 cm",1,0,visible,,,,,taxable,parent,1,999,,0,0,,,,,0,,"23,95","43,89",,,,https://ravedfabrics.com/wp-content/uploads/2026/02/1200x1030-4.jpg,,,RAV-RAVEDTAFEL-9300000179181220,,,,,,3,Raved,Size,"140 x 160 cm",,0,
2351123832450322,variation,9502974773146,,"Raved Tafelzeil 140 140 - PVC - Afwasbaar - 140 x 180 cm",1,0,visible,,,,,taxable,parent,1,999,,0,0,,,,,0,,"23,95","43,89",,,,https://ravedfabrics.com/wp-content/uploads/2026/02/1200x1030-5.jpg,,,RAV-RAVEDTAFEL-9300000179181220,,,,,,4,Raved,Size,"140 x 180 cm",,0,
2351123832450323,variation,9508278711457,,"Raved Tafelzeil 140 140 - PVC - Afwasbaar - 140 x 200 cm",1,0,visible,,,,,taxable,parent,1,999,,0,0,,,,,0,,"23,95","43,89",,,,https://ravedfabrics.com/wp-content/uploads/2026/02/1200x1030-6.jpg,,,RAV-RAVEDTAFEL-9300000179181220,,,,,,5,Raved,Size,"140 x 200 cm",,0,
2351123832450325,variation,9502861576560,,"Raved Tafelzeil 140 140 - PVC - Afwasbaar - 140 x 220 cm",1,0,visible,,,,,taxable,parent,1,999,,0,0,,,,,0,,"23,95","43,89",,,,https://ravedfabrics.com/wp-content/uploads/2026/02/1200x1030-7.jpg,,,RAV-RAVEDTAFEL-9300000179181220,,,,,,6,Raved,Size,"140 x 220 cm",,0,
2351123832450326,variation,9504167248752,,"Raved Tafelzeil 140 140 - PVC - Afwasbaar - 140 x 230 cm",1,0,visible,,,,,taxable,parent,1,999,,0,0,,,,,0,,"23,95","43,89",,,,https://ravedfabrics.com/wp-content/uploads/2026/02/1200x1030-8.jpg,,,RAV-RAVEDTAFEL-9300000179181220,,,,,,7,Raved,Size,"140 x 230 cm",,0,
2351123832450327,variation,9503983254534,,"Raved Tafelzeil 140 140 - PVC - Afwasbaar - 140 x 240 cm",1,0,visible,,,,,taxable,parent,1,999,,0,0,,,,,0,,"23,95","43,89",,,,https://ravedfabrics.com/wp-content/uploads/2026/02/1200x1030-9.jpg,,,RAV-RAVEDTAFEL-9300000179181220,,,,,,8,Raved,Size,"140 x 240 cm",,0,
2351123832450329,variation,9507879314562,,"Raved Tafelzeil 140 140 - PVC - Afwasbaar - 140 x 250 cm",1,0,visible,,,,,taxable,parent,1,999,,0,0,,,,,0,,"23,95","43,89",,,,https://ravedfabrics.com/wp-content/uploads/2026/02/1200x1030-10.jpg,,,RAV-RAVEDTAFEL-9300000179181220,,,,,,9,Raved,Size,"140 x 250 cm",,0,
2351123832450330,variation,9506581666266,,"Raved Tafelzeil 140 140 - PVC - Afwasbaar - 140 x 260 cm",1,0,visible,,,,,taxable,parent,1,999,,0,0,,,,,0,,"23,95","43,89",,,,https://ravedfabrics.com/wp-content/uploads/2026/02/1200x1030-11.jpg,,,RAV-RAVEDTAFEL-9300000179181220,,,,,,10,Raved,Size,"140 x 260 cm",,0,
2351123832450309,variation,9508289557624,,"Raved Tafelzeil 140 140 - PVC - Afwasbaar - 140 x 50 cm",1,0,visible,,,,,taxable,parent,1,999,,0,0,,,,,0,,"23,95","43,89",,,,https://ravedfabrics.com/wp-content/uploads/2026/02/1200x1030-1.jpg,,,RAV-RAVEDTAFEL-9300000179181220,,,,,,0,Raved,Size,"140 x 50 cm",,0,
2351123832450304,variation,9501411295869,,"Raved Tafelzeil 140 140 - PVC - Afwasbaar - 140 x 270 cm",1,0,visible,,,,,taxable,parent,1,999,,0,0,,,,,0,,,,,,,https://ravedfabrics.com/wp-content/uploads/2026/02/1200x590-58.jpg,,,RAV-RAVEDTAFEL-9300000179187883,,,,,,11,Raved,Size,"140 x 270 cm",,0,
2351123832450305,variation,9507312957592,,"Raved Tafelzeil 140 140 - PVC - Afwasbaar - 140 x 280 cm",1,0,visible,,,,,taxable,parent,1,999,,0,0,,,,,0,,,,,,,https://ravedfabrics.com/wp-content/uploads/2026/02/1200x590-148.jpg,,,RAV-RAVEDTAFEL-9300000179187883,,,,,,12,Raved,Size,"140 x 280 cm",,0,
2351123832450306,variation,9504486274111,,"Raved Tafelzeil 140 140 - PVC - Afwasbaar - 140 x 290 cm",1,0,visible,,,,,taxable,parent,1,999,,0,0,,,,,0,,,,,,,https://ravedfabrics.com/wp-content/uploads/2026/02/1200x590-59.jpg,,,RAV-RAVEDTAFEL-9300000179187883,,,,,,13,Raved,Size,"140 x 290 cm",,0,
2351123832450307,variation,9502226411611,,"Raved Tafelzeil 140 140 - PVC - Afwasbaar - 140 x 300 cm",1,0,visible,,,,,taxable,parent,1,999,,0,0,,,,,0,,,,,,,https://ravedfabrics.com/wp-content/uploads/2026/02/1200x590-60.jpg,,,RAV-RAVEDTAFEL-9300000179187883,,,,,,14,Raved,Size,"140 x 300 cm",,0,
2351123832450308,variation,9507258541541,,"Raved Tafelzeil 140 140 - PVC - Afwasbaar - 140 x 310 cm",1,0,visible,,,,,taxable,parent,1,999,,0,0,,,,,0,,,,,,,https://ravedfabrics.com/wp-content/uploads/2026/02/1200x590-61.jpg,,,RAV-RAVEDTAFEL-9300000179187883,,,,,,15,Raved,Size,"140 x 310 cm",,0,
2351123832450310,variation,9509579316952,,"Raved Tafelzeil 140 140 - PVC - Afwasbaar - 140 x 320 cm",1,0,visible,,,,,taxable,parent,1,999,,0,0,,,,,0,,,,,,,https://ravedfabrics.com/wp-content/uploads/2026/02/1200x590-62.jpg,,,RAV-RAVEDTAFEL-9300000179187883,,,,,,16,Raved,Size,"140 x 320 cm",,0,
2351123832450311,variation,9504245525232,,"Raved Tafelzeil 140 140 - PVC - Afwasbaar - 140 x 350 cm",1,0,visible,,,,,taxable,parent,1,999,,0,0,,,,,0,,,,,,,https://ravedfabrics.com/wp-content/uploads/2026/02/1200x590-63.jpg,,,RAV-RAVEDTAFEL-9300000179187883,,,,,,17,Raved,Size,"140 x 350 cm",,0,
2351123832450287,variation,9505639594292,,"Raved Tafelzeil 140 140 - PVC - Afwasbaar - 140 x 50 cm",1,0,visible,,,,,taxable,parent,1,999,,0,0,,,,,0,,,,,,,https://ravedfabrics.com/wp-content/uploads/2026/02/1200x590-47.jpg,,,RAV-RAVEDTAFEL-9300000179187883,,,,,,0,Raved,Size,"140 x 50 cm",,0,
2351123832450289,variation,9501419569139,,"Raved Tafelzeil 140 140 - PVC - Afwasbaar - 140 x 100 cm",1,0,visible,,,,,taxable,parent,1,999,,0,0,,,,,0,,,,,,,https://ravedfabrics.com/wp-content/uploads/2026/02/1200x590-48.jpg,,,RAV-RAVEDTAFEL-9300000179187883,,,,,,1,Raved,Size,"140 x 100 cm",,0,
2351123832450291,variation,9502412818491,,"Raved Tafelzeil 140 140 - PVC - Afwasbaar - 140 x 140 cm",1,0,visible,,,,,taxable,parent,1,999,,0,0,,,,,0,,,,,,,https://ravedfabrics.com/wp-content/uploads/2026/02/1200x590-49.jpg,,,RAV-RAVEDTAFEL-9300000179187883,,,,,,2,Raved,Size,"140 x 140 cm",,0,
2351123832450293,variation,9504419994765,,"Raved Tafelzeil 140 140 - PVC - Afwasbaar - 140 x 160 cm",1,0,visible,,,,,taxable,parent,1,999,,0,0,,,,,0,,,,,,,https://ravedfabrics.com/wp-content/uploads/2026/02/1200x590-50.jpg,,,RAV-RAVEDTAFEL-9300000179187883,,,,,,3,Raved,Size,"140 x 160 cm",,0,
2351123832450295,variation,9505753876267,,"Raved Tafelzeil 140 140 - PVC - Afwasbaar - 140 x 180 cm",1,0,visible,,,,,taxable,parent,1,999,,0,0,,,,,0,,,,,,,https://ravedfabrics.com/wp-content/uploads/2026/02/1200x590-51.jpg,,,RAV-RAVEDTAFEL-9300000179187883,,,,,,4,Raved,Size,"140 x 180 cm",,0,
2351123832450298,variation,9502463415311,,"Raved Tafelzeil 140 140 - PVC - Afwasbaar - 140 x 200 cm",1,0,visible,,,,,taxable,parent,1,999,,0,0,,,,,0,,,,,,,https://ravedfabrics.com/wp-content/uploads/2026/02/1200x590-52.jpg,,,RAV-RAVEDTAFEL-9300000179187883,,,,,,5,Raved,Size,"140 x 200 cm",,0,
2351123832450299,variation,9501483233929,,"Raved Tafelzeil 140 140 - PVC - Afwasbaar - 140 x 220 cm",1,0,visible,,,,,taxable,parent,1,999,,0,0,,,,,0,,,,,,,https://ravedfabrics.com/wp-content/uploads/2026/02/1200x590-53.jpg,,,RAV-RAVEDTAFEL-9300000179187883,,,,,,6,Raved,Size,"140 x 220 cm",,0,
2351123832450300,variation,9508677975139,,"Raved Tafelzeil 140 140 - PVC - Afwasbaar - 140 x 230 cm",1,0,visible,,,,,taxable,parent,1,999,,0,0,,,,,0,,,,,,,https://ravedfabrics.com/wp-content/uploads/2026/02/1200x590-54.jpg,,,RAV-RAVEDTAFEL-9300000179187883,,,,,,7,Raved,Size,"140 x 230 cm",,0,
2351123832450301,variation,9507676669889,,"Raved Tafelzeil 140 140 - PVC - Afwasbaar - 140 x 240 cm",1,0,visible,,,,,taxable,parent,1,999,,0,0,,,,,0,,,,,,,https://ravedfabrics.com/wp-content/uploads/2026/02/1200x590-55.jpg,,,RAV-RAVEDTAFEL-9300000179187883,,,,,,8,Raved,Size,"140 x 240 cm",,0,
2351123832450302,variation,9506779856288,,"Raved Tafelzeil 140 140 - PVC - Afwasbaar - 140 x 250 cm",1,0,visible,,,,,taxable,parent,1,999,,0,0,,,,,0,,,,,,,https://ravedfabrics.com/wp-content/uploads/2026/02/1200x590-56.jpg,,,RAV-RAVEDTAFEL-9300000179187883,,,,,,9,Raved,Size,"140 x 250 cm",,0,
2351123832450303,variation,9503646248689,,"Raved Tafelzeil 140 140 - PVC - Afwasbaar - 140 x 260 cm",1,0,visible,,,,,taxable,parent,1,999,,0,0,,,,,0,,,,,,,https://ravedfabrics.com/wp-content/uploads/2026/02/1200x590-57.jpg,,,RAV-RAVEDTAFEL-9300000179187883,,,,,,10,Raved,Size,"140 x 260 cm",,0,
2351123832450262,variable,RAV-RAVEDTAFEL-9300000179131040,,"Raved Tafelzeil 140 140 - PVC - Afwasbaar",1,0,visible,,"<p>Geef je eetplek direct een frisse, natuurlijke uitstraling met dit <strong>afwasbare PVC-tafelzeil</strong> in een mooi <strong>groen bladmotief</strong>. Dankzij de <strong>grote bladerenprint</strong> en de eenvoudige reiniging ben je binnen én buiten verzekerd van stijl zonder concessies.</p> <p>Ontdek het stijlvolle en praktische tafeltextiel — het <strong>primair zoekwoord</strong> hier is <strong>tafelzeil</strong> — van Raved: het prachtige tafelzeil met <strong>grote bladerenprint</strong> in <strong>groen</strong>, uitgevoerd in <strong>PVC</strong> waardoor hij eenvoudig schoon te maken is en geschikt voor zowel binnen als buiten.</p> <h3>Sfeervolle bladprint voor elke tafel</h3> <p>Met het Raved tafelzeil creëer je een uitnodigende tafelsetting: het levendige bladmotief brengt meteen de natuur binnen of verbindt je terras met de buitenlucht. De combinatie van de <strong>groene kleur</strong> en het uitgesproken bladerdessin geeft een speels én stijlvol accent aan jouw interieur of buitenplek. Wil je een gezellige brunch, een zonovergoten lunch op het balkon of een ontspannen avondeten buiten? Dit tafelzeil past daar perfect bij.</p> <h3>Bescherming én gemak in één</h3> <p>Het tafelzeil is vervaardigd van <strong>PVC</strong>, wat zorgt voor een glad en robuust oppervlak dat tegen een stootje kan. Gemorst? Geen probleem: je neemt het simpel met een vochtige doek af — dit onderhoudsgemak is een belangrijk <strong>USP</strong>. Bovendien verloopt het motief door tot aan de rand, wat zorgt voor een verzorgde en complete uitstraling.</p> <h3>Voor binnen én buiten</h3> <p>Kies je voor een eetkamer, keuken, tuintafel of veranda? Dankzij de veelzijdigheid is dit tafelzeil geschikt voor verschillende gebruikssituaties. Houd er wel rekening mee dat voor langdurige buitenstelling (intensieve zon, harde wind) enige bescherming van de kleur kan helpen — de rijke groen­tinten blijven het mooist als ze niet continu vol in de zon liggen.</p> <h3>Specificaties op een rij</h3> <ul> <li> <p>Materiaal: PVC (duurzaam, water- en vlekresistent)</p> </li> <li> <p>Kleur: groen met grote bladerenmotief</p> </li> <li> <p>Onderhoud: afnemen met een vochtige doek, niet in de wasmachine</p> </li> <li> <p>Gebruik: geschikt voor tafelbescherming, binnen & buiten</p> </li> <li> <p>Brandmerk: Raved</p> </li> </ul> <h3>Waarom kiezen voor dit tafelzeil?</h3> <ul> <li> <p><strong>Stijlvol motief</strong>: grote bladeren zorgen voor een natuurlijke, frisse look.</p> </li> <li> <p><strong>Onderhoudsgemak</strong>: PVC + afwasbaar oppervlak zorgt voor zorgeloos gebruik, juist handig bij gezinnen met kinderen of buitenmaaltijden.</p> </li> <li> <p><strong>Veelzijdigheid</strong>: geschikt voor diverse tafels, binnen of onder de pergola.</p> </li> <li> <p><strong>Bescherming</strong>: je tafel is beschermd tegen vlekken, vocht en lichte slijtage — verlies het risico op beschadiging niet.</p> </li> </ul> <h3>Call to action</h3> <p>Verander je tafel in een sfeervolle blikvanger en geniet iedere dag opnieuw van een frisse uitstraling. Bestel vandaag het Raved tafelzeil met groene grote bladerenprint en ervaar direct de perfecte combinatie van design én praktisch gemak! Klik op de knop en maak van iedere maaltijd een moment vol stijl.</p>",,,taxable,,1,999,,0,0,,,,,1,,,,Tafellaken,"Bloemen, Gebloemd, PVC, Raved, Rechthoek, Tafellaken, Tafelzeil",,"https://ravedfabrics.com/wp-content/uploads/2026/02/1200x1200-238.jpg, https://ravedfabrics.com/wp-content/uploads/2026/02/550x550-238.jpg, https://ravedfabrics.com/wp-content/uploads/2026/02/550x495-7.jpg, https://ravedfabrics.com/wp-content/uploads/2026/02/550x550-239.jpg, https://ravedfabrics.com/wp-content/uploads/2026/02/550x550-240.jpg, https://ravedfabrics.com/wp-content/uploads/2026/02/550x178-32.jpg",,,,,,,,,0,Raved,Size,"140 x 50 cm, 140 x 100 cm, 140 x 140 cm, 140 x 160 cm, 140 x 180 cm, 140 x 200 cm, 140 x 220 cm, 140 x 230 cm, 140 x 240 cm, 140 x 250 cm, 140 x 260 cm, 140 x 270 cm, 140 x 280 cm, 140 x 290 cm, 140 x 300 cm, 140 x 310 cm, 140 x 320 cm, 140 x 350 cm",0,0,"140 x 50 cm"
2351123832450328,variable,RAV-RAVEDTAFEL-9300000133865809,,"Raved Kerst Tafelzeil - 140 140 - PVC - Afwasbaar",1,0,visible,,"<p>Breng direct <strong>kerstsfeer</strong> in huis met dit <strong>sfeervolle tafelzeil</strong> van Raved, voorzien van een warme kerstballenprint en <strong>duurzaam PVC-materiaal</strong>. Dankzij de <strong>afwasbare laag</strong> leg je met een gerust hart de feesttafel klaar—lekker, veilig en stijlvol.</p> <p>Geef jouw kersttafel deze winter een blikvanger met het <strong>kerst tafelzeil</strong> van Raved. Dit stijlvolle tafelzeil is speciaal ontworpen om jouw interieur feestelijk én praktisch te maken tijdens de decemberdagen.</p> <h3>Sfeervolle uitstraling</h3> <p>Met een mooie <strong>kerstballenprint</strong> tegen een elegante beige achtergrond creëer je meteen een warme, gezellige tafelsetting waar familie en vrienden zich welkom voelen. Of je nu een uitgebreid kerstdiner organiseert of een knusse brunch op eerste kerstdag: het tafelzeil past perfect bij jouw kerstmoment.</p> <h3>Praktisch en beschermd</h3> <p>Het <strong>PVC-materiaal</strong> biedt niet alleen een luxe uitstraling, maar ook eenvoudige onderhoudsmogelijkheden: gemorste drankjes, restjes na het diner of zelfs spelende kinderen? Geen probleem. Het tafelzeil is <strong>afwasbaar</strong> en veeg je moeiteloos schoon met een vochtige doek—zodat je tafel beschermd blijft tegen vlekken en brandplekjes door hete pannen. (Tip: gebruik onderzetters voor extra veiligheid.)</p> <h3>Geschikt voor jouw tafel</h3> <p>Met een standaard breedte van 140 cm zie je het product meteen goed terugkomen in advertenties. De lengte varieert (zie variantspecificatie), zodat je kiest wat past bij jouw tafel—rechthoekig of langer uitlopend. Kies voor een variant die past bij jouw salon of eetkamer. Dankzij het materiaal is het tafelzeil zowel mooi als functioneel.</p> <h3>Waarom kiezen voor Raved?</h3> <p>Brand & burn-out van je interieur? Niet met dit tafelzeil. Raved heeft een stevig tafelzeil ontwikkeld dat de kerstsfeer combineert met gemak. Geen stress meer over rondslingerende servetten of onverwachte wijnvlekken—met dit tafelzeil zit je goed. Andere gebruikers gingen je voor en waarderen de combinatie van print + kwaliteit.<br />Voel je uitgeblust na het opruimen? Met dit afwasbare tafelzeil ben je sneller klaar en kun je écht genieten van je maaltijd en gezelschap.</p> <h3>Gebruik & onderhoud</h3> <ul> <li> <p>Leg het tafelzeil vlak op je tafel; indien te lang kun je overtollig materiaal aan de zijkant wegsnijden of omvouwen.</p> </li> <li> <p>Veeg vuil direct weg met een vochtige doek; het PVC-materiaal behoudt zijn kwaliteit en print.</p> </li> <li> <p>Berg het tafelzeil schoon en droog op voor hergebruik komende jaren—zo is jouw aankoop een slimme investering in jouw kerstsfeer.</p> </li> </ul> <h3>Call-to-action</h3> <p>Maak jouw kersttafel af met dit stijlvolle én praktische tafelzeil—klik op ‘Toevoegen aan winkelwagen’ en leg vandaag nog de basis voor een zorgeloze en sfeervolle feestmaaltijd.</p>",,,taxable,,1,999,,0,0,,,,,1,,,,Tafellaken,"Overig, Print, PVC, Raved, Rechthoek, Tafellaken, Tafelzeil",,"https://ravedfabrics.com/wp-content/uploads/2026/02/1200x594-1.jpg, https://ravedfabrics.com/wp-content/uploads/2026/02/550x467-9.jpg, https://ravedfabrics.com/wp-content/uploads/2026/02/550x550-81.jpg, https://ravedfabrics.com/wp-content/uploads/2026/02/550x399-11.jpg, https://ravedfabrics.com/wp-content/uploads/2026/02/550x500-11.jpg, https://ravedfabrics.com/wp-content/uploads/2026/02/550x488-8.jpg, https://ravedfabrics.com/wp-content/uploads/2026/02/550x550-82.jpg",,,,,,,,,0,Raved,Size,"140 x 50 cm, 140 x 100 cm, 140 x 140 cm, 140 x 160 cm, 140 x 180 cm, 140 x 200 cm, 140 x 220 cm, 140 x 230 cm, 140 x 240 cm, 140 x 250 cm, 140 x 260 cm, 140 x 270 cm, 140 x 280 cm, 140 x 290 cm, 140 x 300 cm, 140 x 310 cm, 140 x 320 cm, 140 x 330 cm",0,0,"140 x 50 cm"
2351123832450358,variable,RAV-RAVEDTAFEL-9300000087599396,,"Raved Tafelkleed/Tafelzeil Vierkant Hout Print Bruin/Beige ↔ 140 ↕ 140 - PVC - Afwasbaar",1,0,visible,,"<p><strong>De tafelkleden van Raved zijn veelzijdig en brengen sfeer in huis. Onze Tafelkleed/Tafelzeilen zijn zowel verkrijgbaar in vrolijke motieven en prints, als in mooie effen kleuren. Een kleed van Raved is ook nog eens erg praktisch en beschermt je tafel tegen geknoei of brandplekken door hete pannen. Zo schuift iedereen met een gerust hart aan!</strong></p><h3>Voor binnen & buiten</h3><p>Dit Tafelkleed/Tafelzeil is geschikt voor zowel binnen als buiten. Let er wel op dat je het kleed naar binnen haalt als het regent, dit voorkomt namelijk verkleuring en verwering. Na gebruik is het kleed eenvoudig af te nemen met een vochtige doek en kan het weer de kast in, voor een volgend gebruik!</p><h3>Geruit design</h3><p>Dit tafelkleed/tafelzeil, met een subtiele print en neutrale kleur, past perfect binnen elk interieur. Het ontwerp bestaat uit een stijlvolle geruite print in de kleur wit en maakt uw eetkamer nog completer.</p><h3>Specificaties:</h3><p> Materiaal: PVC <br /> Afmetingen: 140 x 140 cm <br /> Kleur: Bruin & beige<br /> Inhoud: 1 stuk <br /> Onze tafelzijlen zijn geschikt voor jong en oud. Of je nu gezellig een avondje met vrienden of familie aan tafel schuift of kinderen hebt die graag knutselen en knoeien, je tafel kan alles aan!</p><p>Raved, ook wel bekend als Raved Frabrics, verkoopt zowel praktische als mooie items! Onze artikelen worden zorgvuldig geselecteerd voor de beste kwaliteit. Van prachtige tafelkleden tot de mooiste muurdecoratie: bij Raved kun je altijd terecht!</p>",,,taxable,,1,999,,0,0,,,,,1,,,,Tafellaken,"Hout, Overig, PVC, Raved, Rechthoek, Tafellaken, Tafelzeil",,https://ravedfabrics.com/wp-content/uploads/2026/02/1200x607.jpg,,,,,,,,,0,Raved,Size,"140 x 100 cm, 140 x 140 cm, 140 x 160 cm, 140 x 180 cm, 140 x 200 cm, 140 x 220 cm, 140 x 230 cm, 140 x 240 cm, 140 x 250 cm, 140 x 260 cm, 140 x 270 cm, 140 x 280 cm, 140 x 290 cm, 140 x 300 cm, 140 x 310 cm, 140 x 320 cm, 140 x 350 cm",0,0,"140 x 100 cm"
2351123832450376,simple,9504536994464,,"Raved Rond Tafelzeil - 140 cm ø - Lente Bloemen Grijs - PVC - Afwasbaar",1,0,visible,,"<p>Breng stijl en bescherming samen met dit <strong>afwasbare PVC tafelzeil</strong>, ideaal voor zowel binnen als buiten – het frisse bloemenmotief in grijs geeft direct sfeer en de maat Ø 140 cm zorgt voor perfecte dekking.</p> <p><strong>Kies nu voor een fris en praktisch statement aan tafel met het <strong>primair zoekwoord</strong> <strong>rond tafelzeil</strong> van <strong>merk</strong> Raved. Dit tafelzeil combineert <strong>materiaal PVC</strong>, het stijlvolle <strong>kleur grijs</strong>, een sfeervolle bloemenprint (“Lente Bloemen”) en een perfecte maat van Ø 140 cm – alles wat je nodig hebt voor een tafel die er goed uitziet én bestand is tegen dagelijks gebruik.</strong></p> <h3>Waarom dit tafelzeil?</h3> <p>Je tafel is het hart van je huis: samen eten, werken, knutselen of genieten op het terras. Met dit tafelzeil zorg je voor optimale bescherming én stijl. Dankzij het duurzame PVC-materiaal is de laag eenvoudig schoon te maken – vlekken, knoeien of resten van knutselwerk zijn geen probleem meer. Zo haal je het beste uit élke tafelmoment. Bovendien is het ontwerp met bloemen op een grijze achtergrond subtiel en modern: perfect voor binnen én buiten, of je nu gezellig met het gezin aan tafel zit of vrienden ontvangt op het terras.</p> <h3>Voordelen in één oogopslag</h3> <ul> <li> <p><strong>Bescherming tegen vlekken en beschadigingen</strong>: het tafelzeil dekt volledig af en voorkomt blijvende schade aan je tafel.</p> </li> <li> <p><strong>Onderhoudsgemak</strong>: het afwasbare PVC maakt schoonepen eenvoudig – een vochtige doek is voldoende.</p> </li> <li> <p><strong>Stijlvol design</strong>: de bloemenprint in grijs-wit zorgt voor een frisse sfeer die past bij veel woonstijlen.</p> </li> <li> <p><strong>Veelzijdig gebruik</strong>: geschikt voor zowel binnen als buitengebruik – ideaal voor eettafel, tuintafel of kinderen aan tafel.</p> </li> <li> <p><strong>Perfecte maat Ø 140 cm</strong> voor ronde tafels – zorgt voor een nette dekking zonder overdaad.</p> </li> </ul> <h3>Toepassing & onderhoud</h3> <p>Leg het tafelzeil op je ronde tafel en geef de rand de gewenste overhang. Wanneer je buiten bent en er aanhoudende regen is, haal het tafelzeil binnen om verkleuring of verwering te voorkomen – zo gaat het langer mee. Voor schoonmaak veeg je het eenvoudig af met een licht vochtige doek. Vermijd agressieve schoonmaakmiddelen en straal geen heet strijkijzer op het oppervlak – het PVC is stevig maar geen vervanging voor textiel.</p> <h3>Let op</h3> <p>Hoewel geschikt voor buiten, is het bij langdurige blootstelling aan de elementen verstandig het zeil droog op te bergen wanneer je het niet gebruikt – zo behoud je kleur en kwaliteit. Door te kiezen voor dit tafeldek kies je voor zekerheid: bescherming én stijl in één.</p> <p><strong>Maak je tafel uitnodigend en bestand tegen dagelijks gebruik – klik op ‘Toevoegen aan winkelwagen’ en geef je interieur of terras direct de upgrade die het verdient!</strong></p>",,,taxable,,1,999,,0,0,,,,,1,,,"27,95",Tafellaken,"Bloemen, Gebloemd, PVC, Raved, Rechthoek, Tafellaken, Tafelzeil",,"https://ravedfabrics.com/wp-content/uploads/2026/02/1200x1200-583.jpg, https://ravedfabrics.com/wp-content/uploads/2026/02/550x550-270.jpg, https://ravedfabrics.com/wp-content/uploads/2026/02/550x426.jpg, https://ravedfabrics.com/wp-content/uploads/2026/02/550x550-271.jpg",,,,,,,,,0,Raved,,,,,
2351123832450379,simple,9505344283665,,"Raved Donker Blauw Rond Polyester Tafelkleed - 140 cm ø - Kreukvrij",1,0,visible,,"Productbeschrijving <p><strong>De tafelkleden van Raved zijn veelzijdig en brengen sfeer in huis. Onze tafellakens zijn zowel verkrijgbaar in vrolijke motieven en prints, als in mooie effen kleuren. Een Toile cirée van Raved is ook nog eens erg praktisch en beschermt je tafel tegen geknoei of brandplekken door hete pannen. Zo schuift iedereen met een gerust hart aan!</strong></p> <h3>Voor binnen & buiten</h3> <p>Dit polyester tafelkleed is geschikt voor zowel binnen als buiten. Let er wel op dat je het kleed naar binnen haalt als het regent, dit voorkomt namelijk verkleuring en verwering. Na gebruik is het kleed eenvoudig af te nemen met een vochtige doek en kan het weer de kast in, voor een volgend gebruik!</p> <h3>100% Polyester, kleur roest bruin</h3> <p>Met dit effe tafelkleed zorg jij voor net wat extra sfeer op uw tafel.</p> <h3>Specificaties:</h3> <p>Materiaal: 100% polyester<br />Afmetingen: 140ø cm<br />Kleur: donker blauw<br />Inhoud: 1 stuk<br />Fabrikant: Wicotex / 2Lif<br />Onze tafelzijlen zijn geschikt voor jong en oud. Of je nu gezellig een avondje met vrienden of familie aan tafel schuift of kinderen hebt die graag knutselen en knoeien, je tafel kan alles aan!</p> <p>Raved Fabrics verkoopt zowel praktische als mooie items! Onze artikelen worden zorgvuldig geselecteerd voor de beste kwaliteit. Van prachtige tafelkleden en -zeilen tot de mooiste muurdecoratie: bij Raved kun je altijd terecht!</p>",,,taxable,,1,999,,0,0,,,,,1,,,,Tafellaken,"Effen, Polyester, Raved, Rond, Tafelkleed, Tafellaken",,https://ravedfabrics.com/wp-content/uploads/2026/02/1200x1200-584.jpg,,,,,,,,,0,Raved,,,,,
2351123832450397,variable,RAV-RAVEDTAFEL-9300000231120908,,"Raved Tafelzeil Kerst - Sneeuwvlokken 140 140 - Beige - PVC - Afwasbaar",1,0,visible,,"<p>Breng direct kerstsfeer op tafel met dit <strong>afwasbare PVC tafelzeil</strong> van Raved met <strong>sneeuwvlokken-design</strong>. Bescherm je tafel tegen vlekken en krassen, terwijl je geniet van een <strong>gezellige én praktische</strong> oplossing voor de feestdagen.<br /><br /></p> <p>Tijdens de feestdagen wordt de eettafel intensief gebruikt: lange diners, borrels, kinderen aan tafel en nét wat vaker geknoeid. Met dit <strong>Raved tafelzeil</strong> combineer je sfeer en bescherming zonder concessies te doen aan gemak.</p> <p>Dit <strong>kerst tafelzeil met sneeuwvlokken</strong> is gemaakt van hoogwaardig <strong>PVC</strong>, waardoor het <strong>afwasbaar</strong>, slijtvast en onderhoudsvriendelijk is. Gemorste drank, saus of etensresten veeg je eenvoudig weg met een doek. Zo blijft je tafel netjes, zelfs tijdens drukke momenten.</p> <p>Het subtiele maar herkenbare <strong>kerstdesign</strong> zorgt direct voor een warme uitstraling, zonder dat het overheerst. Ideaal voor wie zijn interieur in kerstsfeer wil brengen, maar geen zin heeft in wasbare stoffen kleden die vlekgevoelig zijn of telkens in de was moeten.</p> <p>Dankzij het duurzame materiaal is dit <strong>PVC tafelzeil</strong> geschikt voor dagelijks gebruik in de decembermaand en daarbuiten. Het beschermt je tafel tegen <strong>krassen, vocht en vuil</strong>, wat vooral belangrijk is bij houten of kwetsbare tafelbladen. Je voorkomt hiermee blijvende schade — iets wat je achteraf niet meer kunt herstellen.</p> <p><strong>Voordelen op een rij:</strong></p> <ul> <li> <p><strong>Afwasbaar PVC</strong>: direct schoon, geen wasmachine nodig</p> </li> <li> <p><strong>Kerst sneeuwvlokken design</strong> voor een warme, feestelijke uitstraling</p> </li> <li> <p>Beschermt tegen <strong>vlekken, krassen en vocht</strong></p> </li> <li> <p>Praktisch voor gezinnen, etentjes en feestdagen</p> </li> <li> <p>Van het merk <strong>Raved</strong>, bekend om functionele woonproducten</p> </li> </ul> <p>Of je nu een uitgebreid kerstdiner organiseert of gewoon dagelijks aan tafel zit met het gezin: dit tafelzeil zorgt voor rust, gemak en een verzorgde uitstraling.</p> <p><strong>Maak het jezelf makkelijk deze feestdagen</strong> en kies voor een tafelzeil dat mooi blijft, wat er ook gebeurt aan tafel.</p>",,,taxable,,1,999,,0,0,,,,,1,,,,Tafellaken,"Kerst, Overig, PVC, Raved, Rechthoek, Tafellaken, Tafelzeil",,https://ravedfabrics.com/wp-content/uploads/2026/01/1200x1200-10.jpg,,,,,,,,,0,Raved,Size,"140 x 100 cm, 140 x 140 cm, 140 x 160 cm, 140 x 180 cm, 140 x 220 cm, 140 x 230 cm, 140 x 240 cm, 140 x 250 cm, 140 x 260 cm, 140 x 270 cm, 140 x 280 cm, 140 x 290 cm, 140 x 300 cm, 140 x 310 cm, 140 x 350 cm",0,0,"140 x 100 cm"
2351123832450401,variable,RAV-RAVEDTAFEL-9300000177517673,,"Raved Tafelzeil 140 140 - PVC - Afwasbaar",1,0,visible,,"<p>Breng direct sfeer aan tafel met dit <strong>afwasbare PVC tafelzeil</strong> van Raved in met stijlvol <strong>takkenmotief in beige</strong>. Bescherm je tafel tegen vlekken, morsen en hitte met gemak dankzij het <strong>water- en vlekbestendige materiaal</strong> — ideaal voor druk huishouden of gezellig buiten tafelen.</p> <h3>Sfeervol én praktisch: het tafelzeil dat jouw tafel beschermt</h3> <p>Ontdek het <strong>tafelzeil</strong> van Raved dat stijl en functionaliteit moeiteloos combineert. In kleur <strong>beige</strong>, en voorzien van een subtiel maar elegant <strong>takkenmotief</strong> – dit tafelzeil is ontworpen voor wie een nette, gezellige tafelomgeving wil zonder gedoe. Het <strong>materiaal</strong> is stevig PVC met een afwasbare afwerking, waardoor je tafel beschermd is tegen <strong>morsen, vlekken én hitte-plekjes</strong>.</p> <h3>Waarom dit tafelzeil?</h3> <ul> <li> <p><strong>Bescherming & gemak</strong>: Dankzij het afwasbare PVC-oppervlak maak je eenvoudig schoon met een vochtige doek. Geen strijken, geen gedoe.</p> </li> <li> <p><strong>Stijlvolle uitstraling</strong>: Het takkenpatroon in beige past harmonieus bij diverse interieur- en tuinstijlen – van landelijk tot modern.</p> </li> <li> <p><strong>Altijd in huis</strong>: Of je nu binnen eet of buiten op het terras – dit tafelzeil biedt je de luxe van een strak tafelkleed met het onderhoudsgemak van kunststof.</p> </li> </ul> <h3>Toepassing & onderhoud</h3> <p>Leg het tafelzeil direct op je tafel, eventueel met tafelkleedklemmen of antislip onderlaag voor extra stevigheid. Dankzij het water- en vlekbestendige oppervlak zijn drankringetjes of geknoeid diner geen zorg meer – met één veeg is je tafel weer tiptop. Omdat het materiaal hittebestendig is, kun je ook een warme pan tijdelijk plaatsen zonder direct schade aan je tafel. Tip: rol het op wanneer je het niet gebruikt, zo voorkom je rimpels of kreukels.</p> <h3>Voor wie?</h3> <p>Perfect voor gezinnen met kinderen, voor wie regelmatig gasten ontvangt, of voor wie gewoon het gemak wil van een nette tafel zonder constant te hoeven poetsen. Ook ideaal voor buitengebruik in de lentemaanden of tijdens een barbecue: je tafel kan er fris uitzien én blijft beschermd.</p> <h3>Samenvatting – jouw slimme keuze</h3> <p>Met dit <strong>tafelzeil</strong> in <strong>beige met takkenmotief</strong>, kies je voor een combinatie van <strong>stijl, bescherming en gemak</strong>. Laat morsen, vlekken en tafelstress je tafelplezier niet verpesten. <strong>Bestel nu</strong> en geef je tafel direct een upgrade – makkelijk schoon, mooi in beeld en zorgeloos in gebruik.</p>",,,taxable,,1,999,,0,0,,,,,1,,,,Tafellaken,"Overig, Planten en bladeren, PVC, Raved, Rechthoek, Tafellaken, Tafelzeil",,https://ravedfabrics.com/wp-content/uploads/2026/02/1200x1167.jpg,,,,,,,,,0,Raved,Size,"140 x 50 cm, 140 x 100 cm, 140 x 140 cm, 140 x 160 cm, 140 x 180 cm, 140 x 200 cm, 140 x 220 cm, 140 x 230 cm, 140 x 240 cm, 140 x 250 cm, 140 x 260 cm, 140 x 270 cm, 140 x 280 cm, 140 x 290 cm, 140 x 300 cm, 140 x 310 cm, 140 x 320 cm, 140 x 350 cm",0,0,"140 x 50 cm"
2351123832450402,variable,RAV-RAVEDTAFEL-9300000088003812,,"Raved Tafelzeil Design Kleurrijk 140 140 - PVC - Afwasbaar",1,0,visible,,"<p>Breng direct sfeer aan tafel met dit <strong>lege­r- en vlekbestendige PVC tafelzeil</strong> van Raved in een vrolijke <strong>kersenprint</strong>. Dankzij de <strong>afwasbare kwaliteit</strong> is je tafel in no time schoon — ideaal voor dagelijks gebruik of gezellig dineren buiten.</p> <p>Creëer moeiteloos een tafelsetting die zowel stijlvol als praktisch is met dit <strong>tafelzeil van Raved</strong>. Het uitnodigende kersenmotief op een warme rode achtergrond geeft je eet- of tuintafel een frisse, speelse uitstraling — perfect voor een gezellige brunch of een uitgebreide familiediner.</p> <h3>Bescherming én sfeer</h3> <p>Met dit tafelzeil kies je niet alleen voor een leuke look, maar ook voor een slimme oplossing: het <strong>duurzame PVC-materiaal</strong> beschermt je tafel tegen slijtage, vlekken, krassen en lekkages. Geen zorgen bij een glas rode wijn of een knoeierige eter — gewoon afnemen en verder genieten. Het resultaat: een tafel die er altijd netjes uitziet én een huiskamer of terras die uitnodigt.</p> <h3>Voor binnen én buiten</h3> <p>Of je nu binnen eet of buiten op het terras zit, dit exemplaar presteert: het is <strong>afwasbaar</strong>, waterafstotend en licht onderhoudsarm. Zo kun je meer tijd besteden aan gezelschap en minder aan schoonmaak.</p> <h3>Mooi design + praktische details</h3> <ul> <li> <p><strong>Kleur/design:</strong> Rood met kersenprint — stijlvol en vrolijk.</p> </li> <li> <p><strong>Materiaal:</strong> PVC (afwasbaar) — snelle reiniging, hoge bescherming.</p> </li> <li> <p><strong>Gebruik:</strong> Geschikt voor dagelijks gebruik, kinderfeestjes, buitenmaaltijden of gezellige diners.</p> </li> </ul> <h3>Waarom dit tafelzeil kiezen?</h3> <ul> <li> <p><strong>Verliesaversie-trigger:</strong> “Bescherm je tafel nu tegen krassen en vlekken — want een nieuw tafelblad is duurder dan dit tafelzeil.”</p> </li> <li> <p><strong>Sociale bewijskracht:</strong> Het merk Raved staat bekend om kwaliteitsvolle tafelzeilen met vrolijke prints die veel huishoudens gebruiken.</p> </li> <li> <p><strong>Urgentie-element:</strong> Maak je tafel vandaag nog klaar voor gasten of een ontspannen maaltijd — wacht niet tot het weer knoeien gebeurt.</p> </li> </ul> <h3>Onderhoudstip</h3> <p>Veeg het tafelzeil eenvoudig schoon met een vochtige doek. Gebruik geen agressieve schoonmaakmiddelen om de print en het materiaal mooi te houden. Rol het los op voor langere levensduur — zo blijft de kersenprint levendig en de PVC-laag intact.</p> <p><strong>Voeg stijl, gemak en bescherming toe aan je tafel – kies vandaag dit Raved tafelzeil en geniet elke dag weer van een vrolijke tafel.</strong></p>",,,taxable,,1,999,,0,0,,,,,1,,,,Tafellaken,"Aardbeien, Effen, PVC, Raved, Rechthoek, Tafellaken, Tafelzeil",,"https://ravedfabrics.com/wp-content/uploads/2026/02/1200x1200-147.jpg, https://ravedfabrics.com/wp-content/uploads/2026/02/550x490-1.jpg, https://ravedfabrics.com/wp-content/uploads/2026/02/550x550-186.jpg, https://ravedfabrics.com/wp-content/uploads/2026/02/550x550-187.jpg, https://ravedfabrics.com/wp-content/uploads/2026/02/550x550-188.jpg, https://ravedfabrics.com/wp-content/uploads/2026/02/550x178-22.jpg",,,,,,,,,0,Raved,Size,"140 x 50 cm, 140 x 100 cm, 140 x 140 cm, 140 x 160 cm, 140 x 180 cm, 140 x 200 cm, 140 x 220 cm, 140 x 230 cm, 140 x 240 cm, 140 x 250 cm, 140 x 260 cm, 140 x 270 cm, 140 x 280 cm, 140 x 290 cm, 140 x 300 cm, 140 x 310 cm, 140 x 320 cm, 140 x 350 cm",0,0,"140 x 50 cm"
2351123832450417,variable,RAV-RAVEDTAFEL-9300000193285940,,"Raved Tafelzeil 140 140 - PVC - Afwasbaar",1,0,visible,,"<p>Geef je eettafel direct een stijlvolle upgrade met dit <strong>afwasbare PVC-tafelzeil</strong> in een prachtige <strong>linnenlook groen</strong>. Combineer <strong>bescherming tegen vlekken en krassen</strong> met een sfeervolle uitstraling — ideaal voor een ontspannen tafelmoment zonder stress.</p> <h3>Bescherming en stijl in één</h3> <p>Met dit hoogwaardige <strong>tafelzeil</strong> van het merk <strong>Raved</strong> kies je voor een slimme oplossing die zowel mooi oogt als functioneel is. Het tafelzeil is gemaakt van <strong>PVC</strong>, waardoor het eenvoudig schoon te maken is en bestand tegen dagelijkse gebruikssporen. De <strong>linnenlook in groen</strong> geeft jouw tafel een natuurlijke uitstraling — alsof je een luxe tafelkleed hebt, maar dan zonder het gedoe.<br />Je beschermt je tafel tegen vlekken, krassen of hete pannen; zo kun je met een gerust hart genieten van het gezins­ of vriendendiner.</p> <h3>Waarom kiezen voor dit tafelzeil?</h3> <ul> <li> <p><strong>Afwasbaar oppervlak</strong>: dankzij het PVC-materiaal veeg je simpelweg met een vochtige doek schoon — geen wassen of strijken nodig. </p> </li> <li> <p><strong>Linnenlook design</strong>: de rustige, stijlvolle groen tint past zowel in een modern interieur als in een landelijke of buiten-setting.</p> </li> <li> <p><strong>Duurzaam en veelzijdig</strong>: geschikt voor binnen én buitengebruik — ideaal voor gebruik op het balkon, terras of binnen thuis. </p> </li> <li> <p><strong>Bescherming van je tafel</strong>: het tafelzeil fungeert als barrière tegen gemorste vloeistoffen, krassen of hitteplekken — zo blijft je tafel langer mooi.</p> </li> </ul> <h3>Toepassing en onderhoud</h3> <p>Leg het tafelzeil gemakkelijk op je eet- of tuintafel. De gestructureerde linnenlook zorgt voor een elegante textuur, terwijl het gladde PVC-oppervlak praktisch is in gebruik. Na het eten veeg je simpelweg schoon met een zachte doek. Vermijd de wasmachine of droger; handmatig reinigen is voldoende en verlengt de levensduur. <br />Dankzij de afmeting (maat varieert) past het op veel standaard tafels — let op: kies de juiste variant voor jouw tafel.</p> <h3>Voor wie is dit product?</h3> <p>Voor gezinnen met kinderen die regelmatig aan tafel zitten, voor mensen die genieten van gezellige maaltijden maar geen gedoe willen, voor wie een stijlvol interieur wil zonder in te leveren op gemak.<br />Stel je voor: kinderen knoeien, maar jij drinkt je koffie in alle rust, want je tafel is beschermd. Gasten over de vloer? Je tafel ziet er direct verzorgd uit dankzij de linnenlook groen.</p> <h3>Call-to-action</h3> <p>Wacht niet langer met het geven van een nieuwe look aan jouw tafel — bestel vandaag nog dit praktische én stijlvolle tafelzeil en ervaar hoe gemakkelijk sfeervol tafelen kan zijn!</p>",,,taxable,,1,999,,0,0,,,,,1,,,,Tafellaken,"Overig, Print, PVC, Raved, Rechthoek, Tafellaken, Tafelzeil",,"https://ravedfabrics.com/wp-content/uploads/2026/02/1200x1200-500.jpg, https://ravedfabrics.com/wp-content/uploads/2026/02/550x550-159.jpg, https://ravedfabrics.com/wp-content/uploads/2026/02/550x495-5.jpg, https://ravedfabrics.com/wp-content/uploads/2026/02/550x178-18.jpg, https://ravedfabrics.com/wp-content/uploads/2026/02/550x550-160.jpg, https://ravedfabrics.com/wp-content/uploads/2026/02/550x550-161.jpg",,,,,,,,,0,Raved,Size,"140 x 50 cm, 140 x 100 cm, 140 x 140 cm, 140 x 160 cm, 140 x 180 cm, 140 x 200 cm, 140 x 220 cm, 140 x 230 cm, 140 x 240 cm, 140 x 250 cm, 140 x 260 cm, 140 x 270 cm, 140 x 280 cm, 140 x 290 cm, 140 x 300 cm, 140 x 310 cm, 140 x 320 cm, 140 x 350 cm",0,0,"140 x 50 cm"
2351123832450433,variable,RAV-RAVEDTAFEL-9300000175765180,,"Raved Tafelzeil Lente Bloemen 140 140 - Grijs - PVC - Afwasbaar",1,0,visible,,"<p>Maak je eettafel direct sfeervol én praktisch met dit <strong>afwasbare PVC-­tafelzeil</strong> van Raved met een stijlvol <strong>bloemenmotief op grijze ondergrond</strong>, dat je tafel beschermt tegen vlekken, knoeien en slijtage. Perfect voor zowel <strong>binnen als buiten</strong>.</p> <p>Breng een frisse lentevibe naar je tafel met dit <strong>T</strong><strong>afelzeil “Lente Bloemen” van Raved</strong> — ideaal voor wie stijl én gemak wil combineren. Het <strong>primair zoekwoord tafelzeil”</strong> wordt direct zichtbaar in de eerste alinea, samen met de belangrijkste eigenschappen.<br />Dit tafelzeil is vervaardigd uit <strong>duurzaam PVC-materiaal</strong>, waardoor het eenvoudig te reinigen is en bestand tegen knutselende kinderen, spontane buitenmaaltijden of gezellige diners met vrienden. De <strong>kleur grijs met wit bloemenpatroon</strong> geeft een moderne en frisse uitstraling die moeiteloos past bij allerlei interieur- of tuinstijlen.</p> <h3>Voordelen in één oogopslag</h3> <ul> <li> <p><strong>Bescherming & gemak</strong>: door het gladde PVC kun je direct eten of drinken serveren zonder bang te zijn voor vlekken of beschadigingen.</p> </li> <li> <p><strong>Flexibel gebruik</strong>: geschikt voor gebruik <strong>binnen én buiten</strong>, waardoor je tafel het hele jaar door verzorgd oogt. </p> </li> <li> <p><strong>Stijlvol design</strong>: het bloemenmotief op de grijze ondergrond zorgt voor een frisse, natuurlijke sfeer die zowel in de keuken als op het terras werkt.</p> </li> </ul> <h3>Specificaties & kwaliteit</h3> <ul> <li> <p>Materiaal: <strong>PVC / plastic</strong> – stevig, praktisch én afwasbaar. Kleur: grijze ondergrond met een wit bloemenpatroon – subtiel en elegant. </p> </li> <li> <p>Merk: Raved – specialist in tafelkleden/tafelzeilen met oog voor design en gebruiksgemak. </p> </li> <li> <p>Geschikt voor: dagelijks gebruik, gezinsmaaltijden, buitenmaaltijden, knutselmomenten, feestmomenten – kortom: jouw tafel kan alles aan.</p> </li> </ul> <h3>Waarom kiezen voor dit tafelzeil?</h3> <p>Stel je voor: je hebt net een prachtig gedekte tafel, de kinderen eten buiten, vrienden schuiven aan voor een borrel – en jij hoeft je geen zorgen te maken over vlekken of krassen. Dit tafelzeil geeft je die rust én stijl. Veel tafelkleden zien er mooi uit, maar dit exemplaar maakt het écht makkelijk – schoonmaken is zo gedaan.<br /><strong>Sociale bewijskracht</strong>: veel gebruikers waarderen hoe moeiteloos het onderhoud is en hoe het design direct de sfeer verhoogt.<br /><strong>Verliesaversie-trigger</strong>: Een tafel zonder goede bescherming loopt risico op blijvende vlekken of beschadiging – kies nu voor zekerheid.<br /><strong>Urgentie</strong>: Met het juiste zeil zorg je dat het nieuwe seizoen vliegend van start gaat en de tafel meteen uitnodigend is.</p> <h3>Onderhoud & gebruikstips</h3> <ul> <li> <p>Veeg het tafelzeil af met een vochtige doek – geen gedoe met speciale schoonmaakmiddelen.</p> </li> <li> <p>Gebruik het buiten? Haal het bij aanhoudende regen naar binnen om verkleuring of verwering te voorkomen. </p> </li> <li> <p>Combineer met placemats of dienbladen voor extra bescherming én stijl.</p> </li> </ul> <p><strong>Conclusie:</strong> Kies dit tafelzeil van Raved voor een combinatie van stijl, gemak en duurzaamheid. Breng frisheid in huis of tuin met het bloemenmotief, en ervaar hoe eenvoudig het wordt om je tafel er verzorgd uit te laten zien.<br /><strong>Bestel vandaag nog</strong> en geef je tafel de bescherming én uitstraling die het verdient.</p>",,,taxable,,1,999,,0,0,,,,,1,,,,Tafellaken,"Bloemen, Overig, PVC, Raved, Rechthoek, Tafellaken, Tafelzeil",,"https://ravedfabrics.com/wp-content/uploads/2026/02/1200x1200-318.jpg, https://ravedfabrics.com/wp-content/uploads/2026/02/550x448.jpg, https://ravedfabrics.com/wp-content/uploads/2026/02/550x550-218.jpg, https://ravedfabrics.com/wp-content/uploads/2026/02/550x550-219.jpg, https://ravedfabrics.com/wp-content/uploads/2026/02/550x550-220.jpg, https://ravedfabrics.com/wp-content/uploads/2026/02/550x178-28.jpg",,,,,,,,,0,Raved,Size,"140 x 50 cm, 140 x 100 cm, 140 x 140 cm, 140 x 160 cm, 140 x 180 cm, 140 x 200 cm, 140 x 220 cm, 140 x 230 cm, 140 x 240 cm, 140 x 250 cm, 140 x 260 cm, 140 x 270 cm, 140 x 280 cm, 140 x 290 cm, 140 x 300 cm, 140 x 310 cm, 140 x 320 cm, 140 x 350 cm",0,0,"140 x 50 cm"
2351123832450439,variable,RAV-RAVEDTAFEL-9300000179030934,,"Raved Tafelzeil 140 140 - PVC - Afwasbaar",1,0,visible,,"<p>Bescherm je tafel en voeg direct kleur toe met dit <strong>stijlvolle en praktische tafelzeil</strong>. Het <strong>afwasbare PVC-materiaal</strong> zorgt voor eenvoudig onderhoud, terwijl het opvallende <strong>pauwenveren-motief op geel</strong> direct sfeer creëert – perfect voor binnen én buiten.</p> <p>Transformeer je eet- of tuintafel met het <strong>primair zoekwoord</strong> <strong>tafelzeil</strong> van merk <strong>Raved</strong>, met een opvallend patroon van pauwenveren op een warme gele achtergrond. Dit model is uitgevoerd in hoogwaardig <strong>PVC</strong>, dat zowel bescherming biedt als direct stijl toevoegt aan je interieur of buitenplek.</p> <h3>Sfeer en stijl</h3> <p>Het levendige <strong>geel</strong> brengt meteen een zonnige, uitnodigende ambiance, terwijl het motief van <strong>pauwenveren</strong> zorgt voor een exotische en luxe uitstraling. Of je nu gezellig gaat ontbijten, een lange maaltijd hebt met vrienden of het terras aankleedt voor een zomeravond – dit tafelzeil maakt de tafel tot een echte blikvanger.</p> <h3>Duurzaam materiaal & gebruiksgemak</h3> <p>Dankzij het robuuste <strong>PVC-materiaal</strong> geniet je van langdurige kwaliteit: minder slijtage, kleurvastheid en bestand tegen knoeien of vlekken. <strong>Afwasbaar</strong>, dus na het eten eenvoudig afnemen met een vochtige doek – geen gedoe meer met uren poetsen. Daarmee lost dit tafelzeil een belangrijk pijnpunt op: “slechte tafelzeilen die snel verslijten of vlekken zichtbaar blijven”.</p> <h3>Binnen én buiten</h3> <p>Of je nu eet aan de eettafel of geniet op het terras: dit tafelzeil is ontworpen voor veelzijdig gebruik. Door de brede standaardbreedte van 140 cm (maatvoorbeeld) past het makkelijk op veel standaardtafels. Let op: om de schitterende kleur en het motief optimaal te behouden, is direct blootstellen aan extreme weersinvloeden minder ideaal, dus bij langdurige buitenopslag is een afdekking aanbevolen. </p> <h3>Bescherm je tafel & creëer rust</h3> <p>Met dit tafelzeil geef je je tafel niet alleen een stijlupgrade, maar ook bescherming: denk aan kinderen, knoeien, buitengebruik of feestjes. Hierdoor speel je in op de kooptrigger van “bescherming + gemak”. Daarnaast zorgt het opvallende motief voor een gespreksonderwerp – sociale bewijskracht wordt versterkt wanneer gasten reageren op je stijlvolle tafelsetting.</p> <h3>Specificaties in één oogopslag</h3> <ul> <li> <p>Materiaal: <strong>PVC</strong> (afwasbaar) </p> </li> <li> <p>Kleur: <strong>Geel met pauwenveren-motief</strong> </p> </li> <li>Merk: <strong>Raved</strong></li> <li> <p>Geschikt voor binnen & buitengebruik </p> </li> </ul> <h3>Waarom kiezen voor dit tafelzeil?</h3> <ul> <li> <p><strong>USP 1:</strong> Opvallend design – niet zomaar een tafelzeil, maar een stijlstatement.</p> </li> <li> <p><strong>USP 2:</strong> Praktisch onderhoud – afwasbaar PVC betekent minder schoonmaaktijd, meer genietmomenten.</p> </li> <li> <p><strong>USP 3:</strong> Veelzijdig – geschikt voor dagelijks gebruik én speciale gelegenheden.</p> </li> </ul> <p>Laat je tafel spreken, bescherm hem tegen leeftijden en knoeien en geniet van de combinatie van luxe uitstraling en praktisch gemak. Kies voor dit tafelzeil – en maak van elke maaltijd een stijlvol moment. <strong>Bestel vandaag nog</strong> en geef jouw tafel de upgrade die hij verdient!</p>",,,taxable,,1,999,,0,0,,,,,1,,,,Tafellaken,"Overig, PVC, Raved, Rechthoek, Ruiten, Tafellaken, Tafelzeil",,https://ravedfabrics.com/wp-content/uploads/2026/02/1200x1200-586.jpg,,,,,,,,,0,Raved,Size,"140 x 50 cm, 140 x 100 cm, 140 x 140 cm, 140 x 160 cm, 140 x 180 cm, 140 x 200 cm, 140 x 220 cm, 140 x 230 cm, 140 x 240 cm, 140 x 250 cm, 140 x 260 cm, 140 x 270 cm, 140 x 280 cm, 140 x 290 cm, 140 x 300 cm, 140 x 310 cm, 140 x 320 cm, 140 x 350 cm",0,0,"140 x 50 cm"
2351123832450454,variable,RAV-RAVEDTAFEL-9300000072594743,,"Raved Tafelzeil 140 140 - PVC - Afwasbaar",1,0,visible,,"<p>Ontdek het <strong>praktische & stijlvolle</strong> tafelzeil dat uw tafel direct in een warme houtlook stijl giet. Deze <strong>afwasbare PVC-toplaag</strong> beschermt uw tafel tegen knoeien, vlekken en brandplekken — ideaal voor zowel binnen als buiten. Met de houtplanken-print in bruin creëert u moeiteloos een gezellige, sfeervolle tafelsetting.</p> <p>Geef uw tafel een stijlvolle upgrade met het <strong>primair zoekwoord “tafelzeil”</strong>: dit is het ontworpen voor wie gemak én uitstraling wil combineren.</p> <h3>Stilvolle houtlook & direct sfeer</h3> <p>Met de houtplanken-print in warme bruine tinten valt dit tafelzeil direct op — alsof u een tafelblad van echt hout hebt, zonder de nadelen ervan. Dankzij de print in planken-look geeft het tafeldesign een natuurlijke, rustieke ambiance die past in zowel woonkamer, keuken als op het terras.</p> <h3>Bescherming & onderhoudsgemak</h3> <p>Het tafelzeil is vervaardigd uit <strong>materiaal: hoogwaardig PVC</strong>, afwasbaar en vlekbestendig — een slimme keuze voor dagelijks gebruik. Hete pannen, gemorste koffie of buitendruppels? Geen stress: veeg het simpel schoon. Ook brandplekken of krassen behoren tot het verleden; het zeil beschermt uw tafelblad effectief.</p> <h3>Maat & toepassing</h3> <p>Met de afmeting past dit tafelzeil prima op standaard rechthoekige tafels; u creëert eenvoudig ruimte voor 4-6 personen. Omdat het ook voor buitengebruik geschikt is, brengt u de mogelijkheid tot buiten dineren of loungen met stijl én gemak binnen handbereik.</p> <h3>Veelzijdige inzet</h3> <p>Of u nu binnen eet of buiten op het balkon of terras, dit tafelzeil is geschikt voor beide. Het ontwerp is strak genoeg voor elke gelegenheid — van een ontspannen brunch tot een gezellige barbecueavond. Dankzij de bruine kleur combineert het goed met houten stoelen, rotan meubels of moderne buitenmeubelen.</p> <h3>Waarom kiezen voor dit tafelzeil?</h3> <ul> <li> <p><strong>Twee-prime USP’s:</strong> afwasbaar PVC en houtplanken-print zorgen voor stijl én comfort.</p> </li> <li> <p>U bespaart tijd én zorgen: geen natte doeken, geen nieuwe tafelkleden elk seizoen.</p> </li> <li> <p>U beschermt uw tafel tegen slijtage, vlekken en brandplekken.</p> </li> <li> <p>U verhoogt de sfeer in huis of buitenruimte, waardoor het dagelijkse maaltijden uitnodigender worden.</p> </li> </ul> <h3>Let op voordat u bestelt</h3> <p>Controleer de maat van uw tafel — voor dekking van is dit tafelzeil ideaal. Wil u een langere lengte, dan biedt het merk ook varianten aan. Zorg verder dat het zeil glad ligt en geen scherpe voorwerpen onder het oppervlak zitten voor de beste bescherming.</p> <p><strong>Klaar om uw tafel een upgrade te geven?</strong> Klik op “In winkelwagen” en ervaar direct het verschil dat dit tafelzeil maakt — uw tafel verdient het.</p>",,,taxable,,1,999,,0,0,,,,,1,,,,Tafellaken,"Gestreept, Hout, PVC, Raved, Rechthoek, Tafellaken, Tafelzeil",,"https://ravedfabrics.com/wp-content/uploads/2026/02/1200x1200-48.jpg, https://ravedfabrics.com/wp-content/uploads/2026/02/550x550-171.jpg, https://ravedfabrics.com/wp-content/uploads/2026/02/550x477.jpg, https://ravedfabrics.com/wp-content/uploads/2026/02/550x550-172.jpg, https://ravedfabrics.com/wp-content/uploads/2026/02/550x550-173.jpg, https://ravedfabrics.com/wp-content/uploads/2026/02/550x550-174.jpg, https://ravedfabrics.com/wp-content/uploads/2026/02/550x178-19.jpg",,,,,,,,,0,Raved,Size,"140 x 50 cm, 140 x 100 cm, 140 x 140 cm, 140 x 160 cm, 140 x 180 cm, 140 x 200 cm, 140 x 220 cm, 140 x 230 cm, 140 x 240 cm, 140 x 250 cm, 140 x 260 cm, 140 x 270 cm, 140 x 280 cm, 140 x 290 cm, 140 x 300 cm, 140 x 310 cm, 140 x 320 cm, 140 x 350 cm",0,0,"140 x 50 cm"
2351123832450457,variable,RAV-RAVEDTAFEL-9300000093332472,,"Raved Tafelzeil Zwart 140 140 - Gecoat - uitwasbaar",1,0,visible,,"<p>Geef je tafel direct een stijlvolle upgrade met dit <strong>uitwasbare en waterafstotende tafelzeil</strong> van Raved in strak zwart. Perfect voor zowel gezellige etentjes binnen als zonnige momenten buiten — eenvoud in onderhoud, stijl en bescherming in één.</p> <p><strong>Belangrijk primair zoekwoord: tafelzeil</strong><br />Met het stijlvolle en functionele <strong>tafelzeil</strong> van het merk Raved geef je jouw tafel de bescherming én uitstraling die hij verdient. Dankzij het <strong>materiaal</strong> van hoge kwaliteit – inclusief een waterafstotende coating – is dit tafelzeil niet alleen stijlvol, maar ook ongelooflijk praktisch. Het strak zwarte ontwerp past moeiteloos in een modern interieur en maakt bovendien een nette indruk bij etentjes of alledaags gebruik.</p> <h3>Bescherm je tafel, omarm gemak</h3> <p>Of je nu met het gezin aan tafel schuift of vrienden over de vloer hebt: knoeien, spetters of een hete pan op tafel kunnen zorgen voor schade. Dit tafelzeil biedt een betrouwbare oplossing dankzij zijn <strong>waterafstotende</strong> oppervlakte en het feit dat het <strong>uitwasbaar</strong> is. Daardoor kun je met een vochtige doek eenvoudig schoonmaken, zonder gedoe of stress. Verliesaversie: voorkom dure reparaties of een beschadigde tafel door nu te investeren in slimme bescherming.</p> <h3>Voor binnen én buiten</h3> <p>Dit Raved tafelzeil is ontworpen voor veelzijdig gebruik. Binnen zorgt het voor een elegante, afneembare bescherming; buiten kun je het onder de veranda of op het terras gebruiken – zolang je het bij regen naar binnen haalt om verkleuring en verwering te beperken. Zo kun je genieten van je maaltijd in de frisse lucht zonder angst voor vlekken of weersinvloeden.</p> <h3>Specificaties & praktische details</h3> <ul> <li> <p>Merk: Raved</p> </li> <li> <p>Kleur: zwart</p> </li> <li> <p>Vorm: vierkant (maat weggelaten)</p> </li> <li> <p>Materiaal: katoen met waterafstotende coating (volgens productbeschrijving) </p> </li> <li> <p>Onderhoud: eenvoudig afnemen met een vochtige doek; geschikt voor veelvuldig gebruik</p> </li> <li> <p>Geschikt voor zowel binnen als buiten</p> </li> </ul> <h3>Waarom kiezen voor Raved?</h3> <p>Raved staat voor kwaliteit, stijl en functionele producten binnen de huis- en tafeltextielbranche. Deze combinatie van aantrekkelijk design en slim gebruiksgemak maakt dat dit tafelzeil een uitstekende keuze is voor wie stijl én comfort hoog in het vaandel heeft staan. Sociale bewijskracht: klanten geven aan dat de kwaliteit hoog is en het design goed past bij hun interieur. </p> <h3>Conclusie & oproep tot actie</h3> <p>Laat vlekken, brandplekken of weer en wind <strong>niet langer jouw tafel bepalen</strong>. Met dit zwarte vierkante Raved tafelzeil combineer je stijlvolle elegantie met zorgeloos gebruik – een investering die je tafel en jouw gemoedsrust dubbel waard is. <strong>Bestel vandaag nog</strong> en geef je tafel direct de upgrade die hij verdient.</p>",,,taxable,,1,999,,0,0,,,,,1,,,,Tafellaken,"Effen, Katoen, Raved, Rechthoek, Tafellaken, Tafelzeil",,"https://ravedfabrics.com/wp-content/uploads/2026/02/1200x1200-408.jpg, https://ravedfabrics.com/wp-content/uploads/2026/02/550x550-31.jpg, https://ravedfabrics.com/wp-content/uploads/2026/02/550x486.jpg, https://ravedfabrics.com/wp-content/uploads/2026/02/550x550-32.jpg, https://ravedfabrics.com/wp-content/uploads/2026/02/550x550-33.jpg, https://ravedfabrics.com/wp-content/uploads/2026/02/550x178-4.jpg, https://ravedfabrics.com/wp-content/uploads/2026/02/550x550-34.jpg",,,,,,,,,0,Raved,Size,"140 x 50 cm, 140 x 100 cm, 140 x 140 cm, 140 x 160 cm, 140 x 180 cm, 140 x 200 cm, 140 x 220 cm, 140 x 230 cm, 140 x 240 cm, 140 x 250 cm, 140 x 260 cm, 140 x 270 cm, 140 x 280 cm, 140 x 290 cm, 140 x 300 cm, 140 x 310 cm, 140 x 320 cm, 140 x 350 cm",0,0,"140 x 50 cm"
2351123832450508,variable,RAV-RAVEDTAFEL-9300000177265114,,"Raved Tafelzeil 140 140 - PVC - Afwasbaar",1,0,visible,,"<p>Verwen je tafel met dit stijlvolle <strong>afwasbare tafelzeil</strong> van <strong>PVC</strong> met een elegant <strong>vierkantjes-motief</strong> in bruin — perfect voor zowel binnen als buiten. <strong>Bescherm</strong> je tafel tegen knoeien en slijtage, terwijl je <strong>een luxe uitstraling</strong> creëert zonder gedoe.</p> <p>Maak van je eettafel of tuintafel een plek waar je iedere dag met plezier aan gaat zitten. Het <strong>primair zoekwoord “tafelzeil”</strong> komt hier niet alleen functioneel terug, maar is ook direct gekoppeld aan een sterke beleving. Het merk <strong>Raved</strong> staat voor kwaliteit en gemak — dit tafelzeil combineert <strong>materiaal PVC</strong>, een warme <strong>kleur bruin</strong>, een stijlvol <strong>vierkantjes-motief</strong> en de belangrijke eigenschappen <strong>afwasbaar</strong> en <strong>geschikt voor binnen & buiten</strong>.</p> <h3>Stijlvolle bescherming</h3> <p>Met dit tafelzeil kies je voor een oplossing die je tafel beschermt tegen vlekken, krassen en slijtage — denk aan kinderen die knoeien, buitengebruik of warme pannen die net iets te lang blijven staan. Omdat het tafelzeil <strong>afwasbaar</strong> is, veeg je eenvoudig gemorste drank of saus weg met een vochtige doek, zonder direct een nieuw kleed te hoeven kopen.</p> <h3>Praktisch en veelzijdig</h3> <p>Of je nu een lunch hebt met vrienden, een familiediner op de tuinset of gewoon de dagelijkse maaltijd — dit tafelzeil doet nooit onder voor een ‘gewoon’ tafellinnen wat betreft uitstraling, maar overtreft het op onderhoudsgemak. Het is <strong>geschikt voor binnen en buiten</strong>, wat betekent dat je het zowel op je eettafel als op je tuintafel of glazen veranda-tafel kunt gebruiken. Het warme bruin met vierkantjes-motief geeft een rustgevende en stijlvolle basis voor jouw tafelsetting.</p> <h3>Specificaties & aandachtspunten</h3> <ul> <li> <p>Materiaal: <strong>PVC</strong> — stevig, waterafstotend, makkelijk schoon te maken.</p> </li> <li> <p>Kleur: <strong>bruin</strong> met een subtiel <strong>vierkantjes-motief</strong> — past bij veel interieurstijlen.</p> </li> <li> <p>Gebruik: voor <strong>binnen & buiten</strong> — ideaal voor dagelijks gebruik en bijzondere gelegenheden.</p> </li> <li> <p>Onderhoud: eenvoudig afnemen met een vochtige doek. Let op: scherpe voorwerpen of extreme hittes kunnen het tafelzeil beschadigen; langdurig in de volle zon kan de kleur beïnvloeden. </p> </li> </ul> <h3>Waarom kiezen voor dit tafelzeil?</h3> <ul> <li> <p><strong>Bescherming + stijl in één:</strong> Je hoeft niet langer te kiezen tussen een mooi kleed of een praktische oplossing — hier krijg je beide.</p> </li> <li> <p><strong>Klaar voor gebruik:</strong> Geen strijken, geen gedoe met tafellinnen die telkens moet gewassen worden — gewoon leggen en genieten.</p> </li> <li> <p><strong>Langdurige kwaliteit:</strong> Zoals recensies bevestigen, voelt het materiaal degelijk aan en ziet het er goed uit. </p> </li> <li> <p><strong>Probleemloos instappen:</strong> Heb je kinderen, huisdieren of gebruik je de tafel buiten? Dan geeft dit tafelzeil je gemoedsrust.</p> </li> </ul> <h3>Call-to-action</h3> <p>Kies vandaag nog voor gemak én elegantie — leg dit tafelzeil van Raved op je tafel en geniet van een beschermde én stijlvolle eetomgeving. <strong>Voeg toe aan winkelwagen</strong> en ervaar direct het verschil!</p>",,,taxable,,1,999,,0,0,,,,,1,,,,Tafellaken,"Bloemen, Gebloemd, PVC, Raved, Rechthoek, Tafellaken, Tafelzeil",,"https://ravedfabrics.com/wp-content/uploads/2026/02/1200x1200-606.jpg, https://ravedfabrics.com/wp-content/uploads/2026/02/550x550-131.jpg, https://ravedfabrics.com/wp-content/uploads/2026/02/550x500-19.jpg, https://ravedfabrics.com/wp-content/uploads/2026/02/550x399-18.jpg, https://ravedfabrics.com/wp-content/uploads/2026/02/550x550-132.jpg, https://ravedfabrics.com/wp-content/uploads/2026/02/550x178-15.jpg, https://ravedfabrics.com/wp-content/uploads/2026/02/550x550-133.jpg",,,,,,,,,0,Raved,Size,"140 x 50 cm, 140 x 100 cm, 140 x 140 cm, 140 x 160 cm, 140 x 180 cm, 140 x 200 cm, 140 x 220 cm, 140 x 230 cm, 140 x 240 cm, 140 x 250 cm, 140 x 260 cm, 140 x 270 cm, 140 x 280 cm, 140 x 290 cm, 140 x 300 cm, 140 x 310 cm, 140 x 320 cm, 140 x 350 cm",0,0,"140 x 50 cm"
2351123832450523,variable,RAV-RAVEDTAFEL-9300000224779142,,"Raved Badmat Set - 75×45 + 50×40 - Memory Foam - Anti-Slip - Wasbaar - 2-delig",1,0,visible,,"<p>tap uit de douche op <strong>een heerlijk zachte</strong> mat die direct een veilig gevoel geeft. De <strong>anti-slip onderlaag</strong> zorgt ervoor dat de mat stevig blijft zitten, terwijl de <strong>waterabsorberende kwaliteit</strong> je badkamervloer droog en netjes houdt.</p> <p>Ervaar elke dag pure luxe in je badkamer met de <strong>Raved Badkamermat – Zacht – Uitwasbaar – Waterabsorberend</strong>. Dankzij de slimme combinatie van comfort, veiligheid en onderhoudsgemak is dit de badkamermat die je langdurig zult waarderen.</p> <h3>Uitstekend comfort</h3> <p>De zachte toplaag en comfortabele vulling geven je voeten direct een warm welkom zodra je uit de douche stapt. Hij past deze mat stijlvol in vrijwel elk badkamerinterieur — van modern minimalistisch tot klassiek warm.</p> <h3>Veiligheid voorop</h3> <p>De <strong>anti-slip onderlaag</strong> zorgt dat de mat stevig op z’n plaats blijft, zelfs op natte tegels of wanneer de vloervochtiger is dan normaal. Zo voorkom je uitglijden en stap je met vertrouwen elke ochtend je douche uit.</p> <h3>Functioneel & onderhoudsvriendelijk</h3> <p>Dankzij de <strong>waterabsorberende structuur</strong> wordt vocht direct opgenomen waardoor je vloer sneller droog is en minder kans op glibberige plekken. De mat is bovendien <strong>machinewasbaar</strong> op 30 °C, waardoor hij eenvoudig te reinigen is en langer mooi blijft. Ideaal voor dagelijks gebruik zonder concessies.</p> <h3>Specificaties in één oogopslag</h3> <ul> <li> <p>Materiaal: Zacht tekstiel met vulling (comfortlaag) + antislip onderkant</p> </li> <li> <p>Onderhoud: Wasbaar op 30 °C</p> </li> </ul> <h3>Waarom kiezen voor deze mat?</h3> <p>Je investeert niet alleen in een decoratief element, maar ook in veiligheid en comfort. Of je nu ’s ochtends snel doucht of ’s avonds ontspannen in bad gaat — met deze mat verwen je jezelf bij elke stap uit de cabine. Tegelijkertijd behoudt je badkamer een opgeruimde uitstraling doordat vocht direct wordt opgenomen. Geen plassen op de vloer, geen natte voeten.</p> <h3>Call‐to‐action</h3> <p>Transformeer je badkamer vandaag nog met deze luxe badkamermat en geniet van comfort én veiligheid. Klik op “Toevoegen aan winkelwagen” en geef je badkamer het warme welkom dat hij verdient!</p>",,,taxable,,1,999,,0,0,,,,,1,,,,Badkamermat,"Badkamermat, Effen, Foam; Rubber, Polyester, Raved, Rechthoek",,https://ravedfabrics.com/wp-content/uploads/2026/02/1200x1200-611.jpg,,,,,,,,,0,Raved,Size,"45 x 120 cm, 120 x 120 cm",0,0,"45 x 120 cm"
2351123832450524,variable,RAV-RAVEDTAFEL-9300000087622523,,"Raved Kerst Tafelzeil - Kerstman 140 140 - Rood - PVC - Afwasbaar",1,0,visible,,"<p>Breng instant kerstsfeer in huis met dit <strong>afwasbare pvc-tafelzeil</strong> van Raved in rood met een vrolijke <strong>kerstman-print</strong>. Perfect voor een zorgeloos kerstdiner: <strong>beschermt je tafel tegen morsen en brandplekken</strong>, terwijl het direct décor toevoegt.</p> <p>Maak je klaar voor de feestdagen met dit prachtige <strong>kerst tafelzeil</strong> van Raved — een stijlvolle en praktische toevoeging aan jouw kerstdiner. Dankzij de opvallende <strong>kerstman-print</strong>, de warme rode kleur en het <strong>afwasbare pvc-materiaal</strong>, combineert dit zeil een gezellige uitstraling met ultiem gebruiksgemak.</p> <h3>Sfeervol & beschermend</h3> <p>Met dit tafelzeil creëer je direct een warme, feestelijke ambiance. De print met kerstman en kerstornamenten zorgt ervoor dat je tafel straalt zonder gedoe. Tegelijkertijd biedt het een betrouwbare bescherming: morsen, kruimels, hete pannen en speelse kinderen zijn geen probleem meer. Dankzij het <strong>duurzame pvc-materiaal</strong> blijft je tafel netjes en feestelijk.</p> <h3>Hoogwaardig materiaal & onderhoud</h3> <p>Gemaakt van stevig pvc/kunststof dat eenvoudig af te nemen is — een natte doek is vaak al voldoende. Dit maakt het ideaal voor drukke dagen en gezinnen. Door de afwasbaarheid werk je efficiënter en voorkom je stress, waardoor je volop kunt genieten van de kerstsfeer.</p> <h3>Flexibel in gebruik</h3> <p>Of je nu kiest voor een kleinere of grotere tafel, dit tafelzeil is in verschillende lengtes verkrijgbaar — ideaal voor zowel intieme diners als grotere familiebijeenkomsten. Het neutrale maar opvallende rood en de klassieke kerstman-print passen in zowel moderne als traditionele woonstijlen.</p> <h3>Waarom kiezen voor dit tafelzeil?</h3> <ul> <li> <p><strong>Betaalbare luxe</strong>: je hoeft niet te investeren in dure tafelkleden om sfeer te creëren.</p> </li> <li> <p><strong>Praktisch en schoon</strong>: minder schoonmaaktijd betekent meer tijd om te genieten.</p> </li> <li> <p><strong>Veiligheid & comfort</strong>: stevige tafelbedekking die slijtage minimaliseert en jouw tafel beschermt.</p> </li> <li> <p><strong>Direct klaar voor gebruik</strong>: je legt het neer en de kersttafel is klaar, geen gestress.</p> </li> </ul> <h3>Laat geen moment verloren gaan</h3> <p>Zorg dat je tafel er klaar voor is vóór het kerstdiner begint. Dankzij dit tafelzeil voelt iedere maaltijd meteen speciaal. Kies voor comfort, functionaliteit en sfeer — zet vandaag nog de stap naar een gezellige en zorgeloze kerst. <strong>Voeg dit tafelzeil direct toe aan je winkelwagen en geef je tafel de feestlook die het verdient.</strong></p>",,,taxable,,1,999,,0,0,,,,,1,,,,Tafellaken,"Overig, Print, PVC, Raved, Rechthoek, Tafellaken, Tafelzeil",,"https://ravedfabrics.com/wp-content/uploads/2026/02/1200x596-11.jpg, https://ravedfabrics.com/wp-content/uploads/2026/02/550x468.jpg, https://ravedfabrics.com/wp-content/uploads/2026/02/550x550-28.jpg, https://ravedfabrics.com/wp-content/uploads/2026/02/550x488-2.jpg, https://ravedfabrics.com/wp-content/uploads/2026/02/550x399-4.jpg, https://ravedfabrics.com/wp-content/uploads/2026/02/550x500-4.jpg, https://ravedfabrics.com/wp-content/uploads/2026/02/550x550-29.jpg",,,,,,,,,0,Raved,Size,"140 x 50 cm, 140 x 100 cm, 140 x 140 cm, 140 x 160 cm, 140 x 180 cm, 140 x 200 cm, 140 x 220 cm, 140 x 230 cm, 140 x 240 cm, 140 x 250 cm, 140 x 260 cm, 140 x 270 cm, 140 x 280 cm, 140 x 290 cm, 140 x 300 cm, 140 x 310 cm, 140 x 320 cm, 140 x 330 cm",0,0,"140 x 50 cm"
2351123832450530,variable,RAV-RAVEDTAFEL-9300000178019149,,"Raved Katoen Tafelzeil 140 140 - Waterafstotend - Uitwasbaar",1,0,visible,,"<p>Ervaar de levendige charme van het Raved Katoen Tafelzeil Wilde Bloemen, waar een bonte verzameling wilde bloemen zich uitstrekt over een zachtGeel achtergrond. Dit prachtige, waterafstotende katoenen tafelzeil beschermt je tafel niet alleen tegen morsen en vlekken, maar brengt ook een explosie van natuurlijke schoonheid naar je eetruimte of buitenzitje. Perfect voor zowel dagelijks gebruik als speciale gelegenheden, het combineert functionaliteit met een levendig bloemendesign.</p> <h3>Voor binnen & buiten</h3> <p>Geschikt voor diverse gelegenheden, van een ontspannen koffiemoment binnen tot een feestelijke tuinparty buiten, het Raved Katoen Tafelzeil Wilde Bloemen zorgt voor een opgewekte tafelsetting. Om de prachtige Geel kleur en de levendige bloemenprint te behouden, wordt aanbevolen om het tafelzeil te beschermen tegen hevige weersinvloeden. Het is gemakkelijk uitwasbaar, waardoor het steeds weer klaar is voor gebruik.</p> <h3>Geel met Wilde Bloemenmotief</h3> <p>Transformeer je tafel in een vrolijke bloementuin met het Raved Katoen Tafelzeil Wilde Bloemen. De warme Geel achtergrond, bezaaid met kleurrijke wilde bloemen, creëert een uitnodigende en frisse setting voor elke maaltijd. Dit tafelzeil dient niet alleen als bescherming voor je tafel, maar ook als een visueel aantrekkelijk element dat elke ruimte verlevendigt.</p> <h3>Specificaties:</h3> <ul> <li><strong>Materiaal:</strong> Katoen, waterafstotend</li> <li><strong>Kleur:</strong> Geel met Wilde Bloemenmotief</li> <li><strong>Afmetingen:</strong>  140 cm x  100 cm</li> <li><strong>Fabrikant:</strong> Wicotex / 2Lif</li> <li><strong>Geschikt voor alle leeftijden:</strong> Ideaal voor zowel informele lunches als feestelijke diners. Dit tafelzeil voegt een kleurrijke en vrolijke flair toe aan je tafeldecoratie, geschikt voor elke gelegenheid.</li> </ul> <p>Met het Raved Katoen Tafelzeil Wilde Bloemen kies je voor een levendige, kleurrijke look die elke eetervaring verrijkt met een vleugje natuurlijke schoonheid en vreugde.</p>",,,taxable,,1,999,,0,0,,,,,1,,,,Tafellaken,"Bloemen, Gebloemd, Katoen; Polyester, Raved, Rechthoek, Tafellaken, Tafelzeil",,https://ravedfabrics.com/wp-content/uploads/2026/02/fallback-image.png,,,,,,,,,0,Raved,Size,"140 x 100 cm, 140 x 140 cm, 140 x 160 cm, 140 x 180 cm, 140 x 200 cm, 140 x 240 cm, 140 x 260 cm, 140 x 300 cm, 140 x 320 cm, 140 x 350 cm",0,0,"140 x 100 cm"
2351123832450532,variable,RAV-RAVEDTAFEL-9300000088003004,,"Raved Tafelkleed/Tafelzeil - Transparant - Bloemen Design Rood/Roze ↔ 140 ↕ 140 - Gecoat - Afwasbaar",1,0,visible,,"<p>Geef je eettafel of terras direct een <strong>stijlvolle beschermlaag</strong> met het <strong>afwasbare PVC tafelzeil</strong> van Raved — met elegant bloemenmotief in paars. Dit tafelzeil combineert <strong>duurzame bescherming tegen knoeien en slijtage</strong> met een sfeervolle uitstraling voor binnen én buiten.</p> <p><strong>Ontdek het veelzijdige en stijlvolle <strong>tafelzeil</strong></strong> van Raved en verander je tafel in een zorgeloos, sfeervol middelpunt. Het <strong>primair zoekwoord “tafelzeil”</strong> wordt hier direct gebruikt: dit tafelzeil in <strong>maat 140 cm x …</strong> is uitgevoerd in <strong>duurzaam PVC-materiaal</strong>, waardoor het vrijwel geen onderhoud vraagt. Dankzij de <strong>afwasbare coating</strong> vegen gemorste dranken, knoeien van kinderen of het gebruik van buiten eenvoudig weg — geen gestress meer met vlekken of lastige wasbeurten.</p> <h3>Bescherm en stijl</h3> <p>Met dit Raved tafelzeil kies je niet alleen voor <strong>praktische bescherming</strong> maar ook voor een <strong>mooie uitstraling</strong>. Het bloemenmotief in paars brengt direct leven aan tafel, waardoor je interieur of terras direct opfrist. Ideaal voor gezellige familiemaaltijden, knutselmomenten met de kinderen of ontspannen borrels in de tuin.</p> <h3>Materiaal en kwaliteit</h3> <p>Het gebruik van <strong>PVC-materiaal</strong> zorgt ervoor dat het tafelzeil bestand is tegen vocht, vlekken, slijtage en zelfs lichte hitte (van een bord of pan). Het afnemen met een vochtige doek volstaat — je hoeft niet meer te wassen of strijken. De maat van <strong>140 cm breed</strong> maakt het compatibel met de meeste standaard eettafels, en door de lengte flexibel in te vullen past het bij diverse opstellingen.</p> <h3>Voor binnen én buiten</h3> <p>Of je nu aan de keukentafel zit of heerlijk buiten op het terras — dit tafelzeil past zich aan. Het <strong>afwasbare PVC</strong> maakt het geschikt voor buitengebruik, al is het bij regen aan te raden het kleed binnen te halen om verkleuring te voorkomen. </p> <h3>Waarom kiezen voor dit tafelzeil?</h3> <ul> <li> <p><strong>USP 1:</strong> Direct klaar voor gebruik — geen was of strijkwerk.</p> </li> <li> <p><strong>USP 2:</strong> Bescherming tegen knoeien, vlekken en slijtage: verlies-aversie speelt hier; je investeert in rust.</p> </li> <li> <p><strong>USP 3:</strong> Mooie bloemenprint in paars — blikvanger én sfeermaker.<br />Sociale bewijskracht: gebruikers noemen het design “prachtig zoals gewoonlijk” in reviews. </p> </li> </ul> <h3>Onderhoud & aandachtspunten</h3> <p>Veeg eenvoudig schoon met een doek of mild sopje. Laat niet langdurig nat liggen en vermijd direct contact met open vlammen of zeer hete pannen. Voor optimaal gebruik buiten: haal het bij langdurige regen binnen.</p> <h3>Tijd voor sfeer én gemak</h3> <p>Wacht niet tot je tafel vlekken of krassen krijgt. Met dit <strong>Raved tafelzeil – Bloemen Paars – PVC – Afwasbaar</strong> kies je voor een combinatie van <strong>stijl, comfort en bescherming</strong>. Creëer vandaag nog een tafel waar je zorgeloos van kunt genieten — klik op “in winkelwagen” en transformeer je eetruimte.</p>",,,taxable,,1,999,,0,0,,,,,1,,,,Tafellaken,"Bloemen, Overig, PVC, Raved, Rechthoek, Tafellaken, Tafelzeil",,"https://ravedfabrics.com/wp-content/uploads/2026/02/1200x1200-116.jpg, https://ravedfabrics.com/wp-content/uploads/2026/02/550x550-182.jpg, https://ravedfabrics.com/wp-content/uploads/2026/02/550x485.jpg, https://ravedfabrics.com/wp-content/uploads/2026/02/550x550-183.jpg, https://ravedfabrics.com/wp-content/uploads/2026/02/550x550-184.jpg, https://ravedfabrics.com/wp-content/uploads/2026/02/550x550-185.jpg, https://ravedfabrics.com/wp-content/uploads/2026/02/550x178-21.jpg",,,,,,,,,0,Raved,Size,"140 x 50 cm, 140 x 100 cm, 140 x 140 cm, 140 x 160 cm, 140 x 180 cm, 140 x 200 cm, 140 x 220 cm, 140 x 230 cm, 140 x 240 cm, 140 x 250 cm, 140 x 260 cm, 140 x 270 cm, 140 x 280 cm, 140 x 290 cm, 140 x 300 cm, 140 x 310 cm, 140 x 320 cm, 140 x 350 cm",0,0,"140 x 50 cm"
2351123832450536,variable,RAV-RAVEDTAFEL-9300000095865150,,"Raved Tafelzeil Waterdicht/Gecoat 140 140 - Gecoat - Uitwasbaar",1,0,visible,,"<p>Geef uw eettafel direct een stijlvolle upgrade met dit <strong>uitwasbare en waterafstotende tafelzeil</strong> in elegant donkerbruin. Perfect voor een praktische én verzorgde uitstraling — geschikt voor <strong>binnen en buiten</strong> en eenvoudig schoon te maken.</p> <p>Breng stijl en gemak samen met het <strong>primair zoekwoord</strong> tafelzeil. Het hoogwaardige tafelzeil van het merk <strong>Raved</strong>, in een diepe <strong>donkerbruine</strong> kleur, is dé oplossing voor mensen die willen genieten aan tafel zonder zich zorgen te maken over knoeien, vlekken of weersinvloeden.</p> <h3>Bescherming én elegantie</h3> <p>Dankzij het <strong>materiaal</strong> dat speciaal is behandeld met een <strong>waterafstotende coating</strong>, neem je comfortabel plaats zonder direct aan tafelbescherming te hoeven denken. Met dit tafelzeil bedek je binnen- én buitentafels in een handomdraai — ideaal voor een zonnige tuinlunch of een gezellig diner in huis. Het effen donkerbruin geeft tevens een warme, tijdloze uitstraling die past bij verschillende interieurstijlen.</p> <h3>Praktisch in onderhoud</h3> <p>Het zeil is <strong>uitwasbaar</strong>, waardoor gemorste dranken of etensresten geen zorgen zijn. Je hoeft niet direct de tafel te ontkleden of een beschermfolie te gebruiken — gewoon afnemen of licht wassen en het resultaat blijft mooi. Dit maakt het tafelzeil perfect geschikt voor huishoudens met kinderen, sociale bijeenkomsten of regelmatig buitengebruik.</p> <h3>Veelzijdig inzetbaar</h3> <p>Het ontwerp is minimalistisch waardoor het gemakkelijk te combineren valt met uw bestaande servies, decoratie of buitenmeubelen. Dankzij de robuuste afwerking en waterafstotende laag is het tafelzeil ook bestand tegen lichte weersinvloeden, waardoor het zeker geschikt is voor overdekt buitengebruik.</p> <h3>Waarom kiezen voor dit product?</h3> <ul> <li> <p><strong>USP 1</strong>: waterafstotend — bescherming tegen vloeistoffen en knoeien.</p> </li> <li> <p><strong>USP 2</strong>: uitwasbaar en onderhoudsvriendelijk — bespaart tijd en moeite.</p> </li> <li> <p><strong>USP 3</strong> (argument): stijlvolle effen donkerbruine kleur die past bij diverse interieurs en seizoenen.</p> </li> </ul> <h3>Onderhoud & gebruik</h3> <p>Leg het zeil eenvoudig over uw tafel en laat de randen hangen zoals gewenst. Bij vuil direct afnemen met een vochtige doek of – indien nodig – uitwassen. Vermijd hoge hitte of open vuur direct op het oppervlak om de bescherming te behouden. Gebruik het zowel binnen als op een overdekt terras voor optimale functionaliteit.</p> <h3>Conclusie & call-to-action</h3> <p>Maak met dit tafelzeil een slimme keuze: een verzorgde uitstraling én het gemak van onderhoud in één. Ontdek vandaag nog hoe eenvoudig het is om uw tafel te beschermen én er stijlvol uit te laten zien. <strong>Bestel nu</strong> en geniet van momenten aan tafel zonder zorgen.</p>",,,taxable,,1,999,,0,0,,,,,1,,,,Tafellaken,"Katoen, Overig, Raved, Rechthoek, Tafellaken, Tafelzeil, Tijdloos",,"https://ravedfabrics.com/wp-content/uploads/2026/02/1200x1200-615.jpg, https://ravedfabrics.com/wp-content/uploads/2026/02/550x550-48.jpg, https://ravedfabrics.com/wp-content/uploads/2026/02/550x490.jpg, https://ravedfabrics.com/wp-content/uploads/2026/02/550x550-49.jpg, https://ravedfabrics.com/wp-content/uploads/2026/02/550x178-6.jpg, https://ravedfabrics.com/wp-content/uploads/2026/02/550x550-50.jpg",,,,,,,,,0,Raved,Size,"140 x 50 cm, 140 x 100 cm, 140 x 140 cm, 140 x 160 cm, 140 x 180 cm, 140 x 200 cm, 140 x 220 cm, 140 x 230 cm, 140 x 240 cm, 140 x 250 cm, 140 x 260 cm, 140 x 270 cm, 140 x 280 cm, 140 x 290 cm, 140 x 300 cm, 140 x 310 cm, 140 x 320 cm, 140 x 350 cm",0,0,"140 x 50 cm"
2351123832450650,variable,RAV-RAVEDTAFEL-9300000167169882,,"Raved Kerst Tafelzeil - 140 140 - PVC - Afwasbaar",1,0,visible,,"<p>Breng direct <strong>feestsfeer</strong> op tafel met dit <strong>kerst-tafelzeil</strong> in sneeuwvlokdesign, gemaakt van <strong>duurzaam PVC</strong> en <strong>afwasbaar</strong> voor moeiteloos onderhoud – ideaal voor een zorgeloos kerstdiner.</p> <p><strong>Beschrijving van het product</strong><br />Met het <strong>kerst tafelzeil</strong> van Raved in het elegante sneeuwvlok-design geef je jouw kersttafel direct een warme, feestelijke uitstraling. Het hoogwaardige <strong>PVC-materiaal</strong> is <strong>afwasbaar</strong>, waardoor gemorste wijn, saus of chocolademelk geen kans krijgt – jij nodigt uit, geniet en ruimt achteraf moeiteloos op.</p> <h3>Feestelijke sfeer & bescherming</h3> <p>Met het motif van sneeuwvlokken in zachte beige tint brengt dit tafelzeil een subtiele en stijlvolle kerstlook op je tafel. Maar het mooie uiterlijk is slechts één kant van het verhaal: onder de motieven schuilt een functionele beschermlaag die jouw tafel helpt vrijwaren van krassen, brandplekken door hete pannen of vlekken van kinderspel – zo blijft je tafel er na de feestdagen nog prachtig bij.</p> <h3>Onderhoudsgemak & praktische instelling</h3> <p>Dankzij het <strong>afwasbare PVC-oppervlak</strong> veeg je eenvoudig en snel schoon met een vochtige doek – geen gedoe met wassen of strijken. Ideaal als je meerdere gangen serveert, met gasten werkt of gewoon geen uren wilt besteden aan opruimen. En aangezien het zeil breed 140 cm is, past het moeiteloos across veel standaard eettafels.</p> <h3>Veelzijdige toepassing</h3> <p>Of je nu een intiem kerstdiner hebt met het gezin of een uitgebreide feesttafel deelt met vrienden en familie: dit tafelzeil is flexibel inzetbaar. Dankzij het klassieke design en de neutrale beige kleur kun je makkelijk combineren met servies, kaarslicht en accessoires zonder dat het overheerst – maar het voegt wel direct feestgevoel toe.</p> <h3>Waarom dit tafelzeil kiezen?</h3> <ul> <li> <p><strong>Sterke bescherming</strong>: je tafel blijft vrij van vlekken, krassen en hitteplekken.</p> </li> <li> <p><strong>Stijlvol design</strong>: sneeuwvlokkenmotief past perfect bij kerst en winter, én laat ruimte voor je eigen styling.</p> </li> <li> <p><strong>Onderhoudsarm</strong>: afnemen is voldoende; geen tijdverslindend onderhoud.</p> </li> <li> <p><strong>Direct sfeer</strong>: je tafel ziet er meteen feestelijk uit, zonder extra aankleding.</p> </li> <li> <p><strong>Duurzaam gebruik</strong>: het materiaal is stevig, waardoor je het seizoen na seizoen opnieuw kunt inzetten.</p> </li> </ul> <h3>Actie-call</h3> <p>Maak jouw kersttafel klaar voor het feest – kies dit sneeuwvlok tafelzeil van Raved en combineer stijl met gemak. <strong>Bestel nu</strong> en laat tijdens het diner alleen het genieten over – niet het schoonmaken.</p>",,,taxable,,1,999,,0,0,,,,,1,,,,Tafellaken,"Overig, Print, PVC, Raved, Rechthoek, Tafellaken, Tafelzeil",,"https://ravedfabrics.com/wp-content/uploads/2026/02/1200x1200-517.jpg, https://ravedfabrics.com/wp-content/uploads/2026/02/550x550-105.jpg, https://ravedfabrics.com/wp-content/uploads/2026/02/550x467-16.jpg, https://ravedfabrics.com/wp-content/uploads/2026/02/550x550-106.jpg, https://ravedfabrics.com/wp-content/uploads/2026/02/550x399-17.jpg, https://ravedfabrics.com/wp-content/uploads/2026/02/550x500-17.jpg, https://ravedfabrics.com/wp-content/uploads/2026/02/550x550-107.jpg, https://ravedfabrics.com/wp-content/uploads/2026/02/550x550-108.jpg, https://ravedfabrics.com/wp-content/uploads/2026/02/550x178-11.jpg, https://ravedfabrics.com/wp-content/uploads/2026/02/550x550-109.jpg",,,,,,,,,0,Raved,Size,"140 x 50 cm, 140 x 100 cm, 140 x 140 cm, 140 x 160 cm, 140 x 180 cm, 140 x 200 cm, 140 x 220 cm, 140 x 230 cm, 140 x 240 cm, 140 x 250 cm, 140 x 260 cm, 140 x 270 cm, 140 x 280 cm, 140 x 290 cm, 140 x 300 cm, 140 x 310 cm, 140 x 320 cm, 140 x 330 cm",0,0,"140 x 50 cm"
2351123832450652,variable,RAV-RAVEDTAFEL-9300000154384489,,"Raved Tafelzeil Barok 140 140 - Goud - PVC - Afwasbaar",1,0,visible,,"<p>Geef je interieur direct een <strong>luxe uitstraling</strong> met dit <strong>afwasbare PVC tafelzeil</strong> in stijlvolle barok print gold-kleur. Ideaal voor dagelijks gebruik én bijzondere momenten – <strong>duurzaam, stijlvol en eenvoudig schoon te maken</strong>.</p> <p>Breng elegantie en gemak samen op jouw tafel met dit <strong>tafelzeil Barok Goud</strong> van het merk <strong>Raved</strong>. Of je nu een gezellige familiebijeenkomst hebt, een ontspannen diner op het balkon of gewoon je eethoek wil opfrissen: met dit prachtige tafelzeil kies je voor <strong>stijl én functionaliteit</strong>.</p> <h3>Tijdloze uitstraling & hoogwaardige kwaliteit</h3> <p>Het design is geïnspireerd op klassieke barok-ornamenten en straalt luxueuze flair uit dankzij de goudkleurige achtergrond. Hierdoor transformeert je tafel direct in het hart van je interieur. Het materiaal van het tafelzeil is <strong>PVC</strong>, wat zorgt voor duurzame bescherming tegen dagelijkse slijtage, gemorste dranken of buitengebruik. Dankzij de afwasbare afwerking houd je alles eenvoudig schoon — een praktisch voordeel dat je continu terugziet.</p> <h3>Veelzijdig in gebruik</h3> <p>Of je nu binnen dineert of buiten op je terras zit: dit tafelzeil is geschikt voor beide. Dankzij de waterafstotende en afneembare eigenschappen is het ideaal voor gezinnen, vrienden of gezellige avonden. De breedte van 140 cm (maat invulbaar) maakt het geschikt voor de meeste standaardtafels.<br /><strong>Materiaal:</strong> PVC<br /><strong>Kleur/design:</strong> goud barok print<br /><strong>Merk:</strong> Raved<br /><strong>Belangrijkste USP’s:</strong> luxe uitstraling, afwasbaar, barok print.</p> <h3>Zorgeloos onderhoud & lange levensduur</h3> <p>Vergeet tafelkleed-stress: geniet van je moment, en veeg daarna moeiteloos de vlekken weg. Dankzij het PVC-oppervlak is schoonmaken eenvoudig — een vochtige doek is vaak al voldoende. Daardoor bespaar je tijd én blijft je tafel langdurig mooi. Dankzij het robuuste karakter van het materiaal kun je langer genieten van een frisse, stijlvolle tafelopstelling.</p> <h3>Waarom kiezen voor dit tafelzeil?</h3> <ul> <li> <p><strong>Verliesaversie:</strong> Voorkom dat vlekken of slijtage je tafelbeeld ruïneren – kies nu voor bescherming én stijl.</p> </li> <li> <p><strong>Sociale bewijskracht:</strong> Veel huishoudens kiezen voor luxe afwasbaar tafelzeil om dagelijks comfort met esthetiek te combineren.</p> </li> <li> <p><strong>Urgentie:</strong> Maak van je tafel direct een verhoging van sfeer — wacht niet tot je oude kleed doorgezakt of versleten is.</p> </li> </ul> <h3>Samenvatting en call-to-action</h3> <p>Met dit <strong>afwasbare PVC tafelzeil in goud barok stijl</strong> haal je direct een sfeerverbetering in huis, zonder in te leveren op onderhoudsgemak. Het combineert luxe, duurzaamheid en praktische inzet — perfect voor gezinnen, gasten of gewoon jezelf. Wacht niet langer en creëer vandaag nog die stijlvolle tafel waar je trots op kunt zijn. <strong>Bestel nu</strong> en geef je tafel die elegante upgrade!</p>",,,taxable,,1,999,,0,0,,,,,1,,,,Tafellaken,"Overig, pauwen, PVC, Raved, Rechthoek, Tafellaken, Tafelzeil",,https://ravedfabrics.com/wp-content/uploads/2026/02/1200x1200-289.jpg,,,,,,,,,0,Raved,Size,"140 x 50 cm, 140 x 100 cm, 140 x 140 cm, 140 x 160 cm, 140 x 180 cm, 140 x 200 cm, 140 x 220 cm, 140 x 230 cm, 140 x 240 cm, 140 x 250 cm, 140 x 260 cm, 140 x 270 cm, 140 x 280 cm, 140 x 290 cm, 140 x 300 cm, 140 x 310 cm, 140 x 320 cm, 140 x 350 cm",0,0,"140 x 50 cm"
2351123832450659,simple,9506254236765,,"Raved Tafelzeil Aardbeien 140 140 - Rood - PVC - Afwasbaar",1,0,visible,,"<p>Welkom in de zoete wereld van het Raved Tafelzeil Aardbeien, waar speelse aardbeienpatronen zich uitstrekken over een levendige rode achtergrond. Dit charmante, afwasbare PVC tafelzeil biedt niet alleen bescherming tegen dagelijkse slijtage maar brengt ook een vrolijke noot naar je eetruimte of buitenzitje. Perfect voor dagelijks gebruik en voor speciale gelegenheden, het combineert duurzaamheid met een speels en uitnodigend ontwerp.</p> <h3>Voor binnen & buiten</h3> <p>Geschikt voor een breed scala aan gelegenheden, van een rustig ontbijt binnen tot een levendige tuinparty buiten, het Raved Tafelzeil Aardbeien zorgt voor een opgewekte tafelsetting. Om de levendige rode kleur en het speelse aardbeienpatroon te behouden, wordt aanbevolen om het tafelzeil te beschermen tegen sterke weersinvloeden. Het is eenvoudig schoon te maken met een vochtige doek, waardoor het steeds weer klaar is voor gebruik.</p> <h3>Rood met Aardbeienmotief</h3> <p>Transformeer je tafel in een vrolijk feest met het Raved Tafelzeil Aardbeien. De heldere rode achtergrond, bezaaid met kleurrijke aardbeien, creëert een speelse en aantrekkelijke setting voor elke maaltijd. Dit tafelzeil dient niet alleen als bescherming voor je tafel, maar is ook een visueel aantrekkelijk element dat elke ruimte opvrolijkt.</p> <h3>Specificaties:</h3> <ul> <li><strong>Materiaal:</strong> PVC / plastic</li> <li><strong>Kleur:</strong> Rood met Aardbeienmotief</li> <li><strong>Fabrikant:</strong> Wicotex / 2Lif</li> <li><strong>Geschikt voor alle leeftijden:</strong> Ideaal voor zowel gezellige familiemaaltijden als kleurrijke themafeesten. Dit tafelzeil voegt een speelse en vrolijke flair toe aan je tafeldecoratie, geschikt voor elke gelegenheid.</li> </ul> <p>Met het Raved Tafelzeil Aardbeien kies je voor een fris, vrolijk design dat elke eetervaring omtovert in een kleurrijke viering.</p>",,,taxable,,1,999,,0,0,,,,,1,,,"33,39",Tafellaken,"Aardbeien, Gebloemd, PVC, Raved, Rechthoek, Tafellaken, Tafelzeil",,https://ravedfabrics.com/wp-content/uploads/2026/02/fallback-image.png,,,,,,,,,0,Raved,,,,,
2351123832450660,simple,9506595413429,,"Raved Rond Tafelkleed - 140 ø - Polyester - Waterafstotend",1,0,visible,,"<p>Transformeer je eettafel in een stijlvolle blikvanger met dit <strong>waterafstotende polyester tafelkleed</strong> in het elegant-barokke tegeldessin. Ontworpen voor rond Ø 140 cm tafels, combineert <strong>slank design</strong> met <strong>praktisch onderhoudsgemak</strong>.</p> <p><strong>Ontdek het stijlvolle gemak van dit rond tafelkleed van het merk Raved</strong> en geef jouw interieur direct een upgrade. Het <strong>primair zoekwoord “rond tafelkleed Ø 140 cm”</strong> komt in deze beschrijving terug zodat zowel zoekmachines als potentiële kopers begrijpend getriggerd worden.</p> <h3>Elegantie met barok-karakter</h3> <p>Met een warme <strong>bruine barok tegels-print</strong> brengt dit tafelkleed een klassieke, luxe uitstraling in huis. Of je nu dineert met familie of een gezellige borrel organiseert op het terras, dit design springt in het oog en creëert direct sfeer.</p> <h3>Duurzaam materiaal & onderhoudsgemak</h3> <p>Gemaakt van hoogwaardig <strong>polyester</strong>, is het kleed stevig én soepel in de toepassing. Dankzij de <strong>waterafstotende afwerking</strong> kun je gerust zijn bij een gemorst glas of een regenachtige barbecue-avond buiten. Het materiaal zorgt ervoor dat vocht snel afgevoerd wordt en vlekken minder kans krijgen. </p> <h3>Perfect passend formaat</h3> <p>Met een diameter van Ø 140 cm sluit het kleed mooi aan op ronde tafels van vergelijkbare afmetingen. Hierdoor ligt het netjes over de rand, zonder slordige plooien of rimpels — ideaal voor binnen én buitengebruik waar een nette presentatie belangrijk is.</p> <h3>Waarom kiezen voor dit tafelkleed?</h3> <ul> <li> <p><strong>Stijlvol barokdessin</strong>: onderscheidend design dat jouw tafel tot blikvanger maakt.</p> </li> <li> <p><strong>Waterafstotend polyester</strong>: minder zorgen over gemorste dranken of buitenshuisgebruik.</p> </li> <li> <p><strong>Eenvoudig te onderhouden</strong>: afnemen met vochtige doek volstaat, dus minder tijd kwijt aan schoonmaak.</p> </li> <li> <p><strong>Veelzijdig gebruik</strong>: geschikt voor eetkamer, tuin, veranda of horeca-setting dankzij slim materiaal.</p> </li> </ul> <h3>Tips voor gebruik & onderhoud</h3> <p>Leg het kleed direct over een schone en vlakke tafel zodat het mooi valt. Bij buitengebruik: berg het op tijdens harde wind om rimpelen te voorkomen. Voor het reinigen: vlekken direct afnemen met een milde doek, machine-was wordt meestal afgeraden voor behoud van waterafstotende coating. </p> <h3>Verlies-aversie: mis het niet</h3> <p>Laat geen middag of avond voorbijgaan met een tafel die minder straalt dan je interieur verdient. Zorg dat je tafel er zowel stijlvol uitziet als praktisch blijft — voordat er écht een vlek of ongelukje gebeurt.</p> <p><strong>Bestel vandaag nog</strong> dit Raved ronde tafelkleed Ø 140 cm en geniet direct van een stijlvolle en zorgeloze tafelmoment. Voeg ‘m toe aan je winkelwagen en maak van iedere tafelsetting een feestje.</p>",,,taxable,,1,999,,0,0,,,,,1,,"32,77","32,99",Tafellaken,"Effen, Fruit, Polyester, Raved, Rond, Tafellaken, Tafelzeil",,https://ravedfabrics.com/wp-content/uploads/2026/02/1200x1198-1.jpg,,,,,,,,,0,Raved,,,,,
2351123832450666,simple,9504548551624,,"Raved Tafelzeil 140 140 - PVC - Afwasbaar",1,0,visible,,"<p>Geef je tafel direct een stijlvolle upgrade met dit <strong>houten tegel-dessin tafelzeil</strong> van Raved. Dankzij de <strong>afwasbare PVC-laag</strong> is knoeien geen drama meer: <strong>bescherm je tafel én creëer sfeer</strong>.</p> <p>**Verbeter direct je tafelbeleving met het **Raved Tafelzeil Tegel Hout  Bruin PVC Afwasbaar — een perfecte mix van stijl, bescherming en praktisch gebruiksgemak.</p> <h3>Stijlvol en functioneel</h3> <p>Het <strong>primair zoekwoord</strong> “tafelzeil” komt hier prominent voor: dit tafelzeil met in de kleur <strong>bruin</strong>, heeft een elegant tegel-houtlook-design dat een warme, natuurlijke uitstraling geeft aan zowel je eetkamer als de tuinset. Dankzij het <strong>materiaal</strong> PVC is het oppervlak stevig, soepel en direct klaar voor gebruik.</p> <h3>Bescherming & onderhoud</h3> <p>Met dit tafelzeil is je tafel gelijk goed beschermd: de afwasbare PVC-laag zorgt ervoor dat gemorste koffie, saus of kruimels geen kans krijgen. Een snelle veeg met een vochtige doek of spons volstaat en je tafel oogt weer als nieuw. Geen gedoe meer met dure tafelkleden die kreuken of met moeilijk schoon te maken stof.</p> <h3>Binnen en buiten geschikt</h3> <p>Gebruik het tafelzeil zowel <strong>binnen als buiten</strong>: perfect voor de eettafel, tuintafel of serre. Let op: bij regen of langdurige bewolking verdient het de aanbeveling het tafelzeil binnen op te bergen om de levensduur te maximaliseren.</p> <h3>Productvoordelen in één overzicht</h3> <ul> <li> <p>Kleur: <strong>Bruin</strong>, design: tegel-houtlook — past bij naturel en industrieel interieur.</p> </li> <li> <p>Materiaal: <strong>PVC</strong>, vlek- en afwasbaar — maximaal gebruiksgemak.</p> </li> <li> <p>Merk: Raved — vertrouwd in tafeltextiel-accessoires.</p> </li> <li> <p>Eenvoudige schoonmaak & onderhoud — bespaart tijd en zorgt voor gemoedsrust.</p> </li> </ul> <h3>Waarom kiezen voor dit tafelzeil?</h3> <p>Stel je voor: een spontaan etentje, druk gezin of gezellige tuinmiddag. Dankzij dit tafelzeil hoef je je geen zorgen te maken over knoeien of tafelschade. Daarmee speel je in op de wens naar gemak én een mooie uitstraling. Het biedt echte <strong>bescherming</strong>, dat is de logische kant, én creëert direct <strong>sfeer</strong>, de emotionele kant. Nu kiezen is slim: zonder dit beschermende lagen sta je bloot aan vlekken, brandplekken of vocht—laten we dat liever voorkomen.</p> <h3>Call-to-action</h3> <p>Wacht niet langer: selecteer vandaag nog dit stijlvolle tafelzeil, leg het direct op je tafel en geniet van een verzorgde uitstraling <strong>én</strong> praktisch gemak. Geef je tafel de upgrade die hij verdient — klik op “in winkelwagen” en maak je interieur weer tiptop klaar!</p>",,,taxable,,1,999,,0,0,,,,,1,,"23,95","37,99",Tafellaken,"Hout, Overig, PVC, Raved, Rechthoek, Tafellaken, Tafelzeil",,"https://ravedfabrics.com/wp-content/uploads/2026/02/1200x1200-457.jpg, https://ravedfabrics.com/wp-content/uploads/2026/02/550x550-24.jpg, https://ravedfabrics.com/wp-content/uploads/2026/02/550x461.jpg, https://ravedfabrics.com/wp-content/uploads/2026/02/550x550-25.jpg, https://ravedfabrics.com/wp-content/uploads/2026/02/550x178-3.jpg, https://ravedfabrics.com/wp-content/uploads/2026/02/550x550-26.jpg, https://ravedfabrics.com/wp-content/uploads/2026/02/550x550-27.jpg",,,,,,,,,0,Raved,,,,,
2351123832450670,simple,9508313953255,,"Raved Rond Tafelzeil - 140 ø - PVC - Afwasbaar",1,0,visible,,"<p>Bescherm je tafel stijlvol met dit <strong>afwasbare PVC tafelzeil</strong> in een tijdloos <strong>boerenruit-grijs patroon</strong>. Het ronde model van Ø140 cm biedt direct <strong>praktische bescherming</strong> èn <strong>elegante uitstraling</strong> — perfect voor binnen én buiten.</p> <p>Laat je tafel stralen, zonder concessies op gemak: met dit <strong>ronde tafelzeil van Ø140 cm</strong> in het populaire <strong>boerenruit-grijs dessin</strong> van Raved kies je voor een slimme combinatie van stijl, functionaliteit en duurzaamheid. Het <strong>primair zoekwoord “rond tafelzeil”</strong> komt direct in de eerste alinea zodat je vindbaarheid sterk start.</p> <h3>Waarom kiezen voor dit tafelzeil?</h3> <ul> <li> <p><strong>Bescherming én esthetiek</strong>: Het patroon van boerenruit in grijze tinten geeft jouw interieur of tuin een klassieke, rustgevende uitstraling. Tegelijkertijd wordt je tafel beschermd tegen krassen, spills en dagelijk sjouwwerk.</p> </li> <li> <p><strong>Materiaalkwaliteit</strong>: Het tafelzeil is vervaardigd uit stevig <strong>PVC</strong>, waardoor het afneembaar en afwasbaar is — ideaal voor gebruik met kinderen, vrienden of tuinbezoeken. Dankzij de afwasbare toplaag kun je gemorst eten of drinken eenvoudig afvegen.</p> </li> <li> <p><strong>Geschikt voor binnen én buiten</strong>: Combineer je eetkamer met je terras of balkon zonder van tafelkleed te wisselen. Het ronde formaat (Ø140 cm) past mooi op veel standaard eettafels en voorkomt overhang.</p> </li> <li> <p><strong>Gebruik en onderhoud</strong>: Het tafelzeil is klaar voor direct gebruik – leg het op en geniet. Bij vlekken neem je het gewoon af met een vochtige doek. Let op: direct contact met open vuur of zeer hete potten wordt afgeraden.</p> </li> <li> <p><strong>Voordeel van vorm</strong>: Rond is vaak een slimme keuze bij sociale eetmomenten – geen korte randen die overal hangen, én iedereen ziet en hoort elkaar. Je creëert automatisch een uitnodigende, huiselijke sfeer.</p> </li> </ul> <h3>Specificaties in één oogopslag</h3> <ul> <li> <p>Vorm: rond</p> </li> <li> <p>Diameter: Ø140 cm</p> </li> <li> <p>Kleur/patroon: boerenruit – grijs</p> </li> <li> <p>Materiaal: PVC (afwasbaar)</p> </li> <li> <p>Gebruik: binnen én buiten</p> </li> <li> <p>Merk: Raved</p> </li> </ul> <h3>Voor wie is dit geschikt?</h3> <p>Voor gezinnen, brunch-liefhebbers, buiten-eters én iedereen die gezondheid van meubels en sfeer gelijktijdig belangrijk vindt. Ben je vaak in de tuin of serre, of wil je snel kunnen schoonmaken ná het diner? Dan is dit tafelzeil jouw snelle oplossing. En mis je ooit je reguliere tafelkleed niet meer omdat dit dé perfecte mix biedt van gemak + look.</p> <h3>Waarom nú aanschaffen?</h3> <p>Laat kringen, vlekken en slijtage niet je woonplezier bepalen. Door te kiezen voor deze duurzame, afwasbare bescherming voorkom je reparatie van die mooie tafel, en creëer je ruimte voor gezellige momenten — zonder zorgen. Een investering in rust én stijl. <strong>Voeg ‘m vandaag toe aan je winkelwagen</strong> en maak je tafel weer party-ready.</p>",,,taxable,,1,999,,0,0,,,,,1,,,"27,95",Tafellaken,"Overig, PVC, Raved, Rond, Tafellaken, Tafelzeil, Tegels",,https://ravedfabrics.com/wp-content/uploads/2026/02/1200x1200-610.jpg,,,,,,,,,0,Raved,,,,,
2351123832450691,simple,9502882278931,,"Raved Rond Tafelzeil - 140 ø - PVC - Afwasbaar",1,0,visible,,"<p>Breng direct een vrolijke en praktische sfeer aan tafel met het <strong>afwasbare PVC-tafelzeil</strong> van Raved met charmant <strong>aardbeienmotief op rood</strong>. Perfecte combinatie van <strong>stijlvol design</strong> en <strong>duurzame bescherming</strong> voor jouw ronde tafel.</p> <p>Geef jouw eetomgeving een frisse en vrolijke upgrade met het <strong>primair zoekwoord “tafelzeil”</strong>: dit <strong>Raved Tafelzeil Ø 140 cm</strong> met <strong>aardbeienprint op een rode achtergrond</strong> is dé oplossing voor wie gemak én sfeer zoekt. Het <strong>PVC-materiaal</strong> zorgt voor langdurige bescherming van je tafel – geen zorgen meer over gemorste drankjes, vlekken of krassen.</p> <h3>Waarom kiezen voor dit tafelzeil?</h3> <ul> <li> <p><strong>Duurzaam materiaal & eenvoudige schoonmaak</strong><br />Het tafelzeil is vervaardigd van hoogwaardig <strong>PVC</strong>, waardoor het bestand is tegen intensief gebruik en eenvoudig af te nemen is met een vochtige doek. Zo blijft jouw tafel netjes zonder gedoe.</p> </li> <li> <p><strong>Vrolijk design dat uitnodigt</strong><br />Het helderrode doek is bezaaid met speelse aardbeien – een print die direct sfeer geeft aan ontbijt, lunch of tuinparty. Een kleine verandering die een grote impact maakt.</p> </li> <li> <p><strong>Voor binnen én buiten</strong><br />Of je nu binnen de keukentafel oppoetst of buiten op het terras dineert — dit tafelzeil sluit aan bij jouw situatie. Zo combineer je praktisch gemak met decoratieve flair.</p> </li> <li> <p><strong>Bescherming + decoratie in één</strong><br />Met dit doek dek je jouw tafel stijlvol af, terwijl je hem tegelijk beschermt tegen dagelijks gebruik. Geen ondergoed keuzes meer tussen stijl of functioneel gebruik: je krijgt beide.</p> </li> </ul> <h3>Specificaties in het kort</h3> <ul> <li> <p>Vorm: <strong>Rond</strong> (Ø 140 cm)</p> </li> <li> <p>Kleur: <strong>Rood</strong> met aardbeienmotief</p> </li> <li> <p>Materiaal: <strong>PVC / plastic</strong></p> </li> <li> <p>Onderhoud: eenvoudig afnemen</p> </li> <li> <p>Merk: Raved</p> </li> </ul> <p>maak er geen gewoon tafelkleed van, maar een statement<br />Laat jouw tafel spreken – of het nu een familiediner is, een gezellige buitenlunch of gewoon een dagelijks moment samen: dit tafelzeil laat zien dat zelfs dagelijkse dingen mogen opvallen. Voorkom dat jouw tafel er saai uitziet of kwetsbaar is voor vlekken — ga voor kwaliteit én uitstraling.</p> <p><strong>Call-to-action:</strong> Voeg vandaag nog dit tafelzeil toe aan je interieur en ervaar het verschil van gemak én sfeer!</p>",,,taxable,,1,999,,0,0,,,,,1,,,"27,95",Tafellaken,"Fruit, Overig, PVC, Raved, Rond, Tafellaken, Tafelzeil",,"https://ravedfabrics.com/wp-content/uploads/2026/02/1200x1200-228.jpg, https://ravedfabrics.com/wp-content/uploads/2026/02/550x473.jpg, https://ravedfabrics.com/wp-content/uploads/2026/02/550x550-232.jpg, https://ravedfabrics.com/wp-content/uploads/2026/02/550x550-233.jpg, https://ravedfabrics.com/wp-content/uploads/2026/02/550x550-234.jpg, https://ravedfabrics.com/wp-content/uploads/2026/02/550x178-31.jpg, https://ravedfabrics.com/wp-content/uploads/2026/02/550x550-235.jpg",,,,,,,,,0,Raved,,,,,
2351123832450692,variable,RAV-RAVEDTAFEL-9300000178266823,,"Raved Tafelzeil 140 140 - PVC - Afwasbaar",1,0,visible,,"<p>Breng direct elegantie aan je eettafel met dit <strong>stijlvolle barok-tegelpatroon</strong>, terwijl het <strong>duurzame PVC-materiaal</strong> je tafel beschermt tegen krassen, vlekken en vocht. Dankzij de <strong>afwasbaarheid</strong> en de perfecte maat van is dit het slimme en stijlvolle tafelzeil waar je naar op zoek bent.</p> <p>Dit is niet zomaar een tafelbedekking — het is een stijlvolle investering in je interieur én gebruiksgemak.</p> <h3>Elegantie ontmoet bescherming</h3> <p>Met een <strong>barok tegel-dessin</strong> en rijke <strong>blauwe kleur</strong> valt dit tafelzeil direct op. Het geeft je eetruimte een klassieke uitstraling met een moderne twist. Tegelijkertijd zorgt het voor praktische bescherming van je tafelblad. Het <strong>PVC-materiaal</strong> is sterk, waterafstotend en bestand tegen dagelijks gebruik.</p> <h3>Perfecte maat & eenvoudige toepassing</h3> <p>De maat van is ideaal voor de meeste standaard eettafels of buiten-tafelsets. Het legt zich netjes over het tafelblad, en dankzij de afwasbare kwaliteit kun je het snel schoonmaken na een etentje of familiediner.</p> <h3>Waarom kiezen voor dit tafelzeil?</h3> <ul> <li> <p><strong>Duurzaam PVC</strong>: onderscheidt zich door zijn slijtvastheid en eenvoudige onderhoud.</p> </li> <li> <p><strong>Afwasbaar oppervlak</strong>: veeg vlekken, kruimels of spetters moeiteloos weg – geen gedoe met zware was of stress.</p> </li> <li> <p><strong>Stijlvol design</strong>: het barok-tegelpatroon tilt je interieur naar een hoger niveau en doet denken aan echte tegelvloeren of mozaïek, zonder het onderhoud van tegelwerk.</p> </li> <li> <p><strong>Flexibel inzetbaar</strong>: geschikt voor binnen én mogelijk buiten (let op: bij intensief weer buiten gebruiken, controleer de weersbestendigheid).</p> </li> </ul> <h3>Onderhoud & gebruikstips</h3> <p>Leg het tafelzeil eerst netjes over je tafel en strijk eventuele golven zacht uit met de hand. Voor dagelijks gebruik volstaat een vochtige doek, bij hardnekkige vlekken kun je een mild sopje gebruiken – altijd testen langs een randje. Vermijd schurende middelen zodat de print helder blijft.</p> <h3>Neem de stap vandaag</h3> <p>Laat je tafel niet langer lijden onder vlekken, krassen of saaiheid. Met dit tafelzeil geniet je van <strong>stijlvolle bescherming</strong>, gecombineerd met <strong>gemak en onderhoudsvriendelijkheid</strong>. Voeg het vandaag nog toe aan je interieur – en <strong>ervaring direct het verschil</strong>.</p> <p><strong>Bestel nu</strong> het tafelzeil en geef je tafel de uitstraling én bescherming die hij verdient!</p>",,,taxable,,1,999,,0,0,,,,,1,,,,Tafellaken,"Barok, Overig, PVC, Raved, Rechthoek, Tafellaken, Tafelzeil",,https://ravedfabrics.com/wp-content/uploads/2026/02/1200x590-95.jpg,,,,,,,,,0,Raved,Size,"140 x 50 cm, 140 x 100 cm, 140 x 140 cm, 140 x 160 cm, 140 x 180 cm, 140 x 200 cm, 140 x 220 cm, 140 x 230 cm, 140 x 240 cm, 140 x 250 cm, 140 x 260 cm, 140 x 270 cm, 140 x 280 cm, 140 x 290 cm, 140 x 300 cm, 140 x 310 cm, 140 x 320 cm, 140 x 350 cm",0,0,"140 x 50 cm"
2351123832450697,variable,RAV-RAVEDTAFEL-9300000116564640,,"Raved Tafelzeil Boerenbont ruit Groen 140 140 - PVC - Afwasbaar",1,0,visible,,"<p>Breng direct <strong>sfeervolle landelijke stijl</strong> op tafel met dit <strong>praktische afwasbare PVC tafelzeil</strong> in <strong>Boerenbont ruit Donker Groen</strong>. Binnen én buiten te gebruiken, ideaal voor gezellige etentjes zonder zorgen.</p> <p>Maak van elke tafel een warme en uitnodigende plek met het <strong>primair zoekwoord</strong> <strong>tafelzeil boerenbont</strong>, in de uitvoering van Raved Tafelzeil Boerenbont Ruit Donker Groen. Dit kwaliteits­product van het merk <strong>Raved</strong> combineert een tijdloze <strong>boerenruit groen-wit print</strong> met een praktische, afwasbare <strong>PVC materiaal</strong>-laag – speciaal ontworpen om eenvoudig schoon te maken en geschikt voor dagelijks gebruik.</p> <h3>Gebruik & sfeer</h3> <p>Of u nu gezellig binnen dineert of een zomerse lunch buiten serveert – dit tafelzeil creëert direct een gezellige landelijke uitstraling. Dankzij de kleur <strong>donkergroen met wit ruitpatroon</strong> past het perfect in een interieur met landelijke of boerderijstijl accent. Het is ook ideaal voor gezinnen: kindvriendelijk, knoeibestendig en stijlvol.</p> <h3>Materiaal & onderhoud</h3> <p>Het tafelzeil is vervaardigd uit stevig PVC, wat betekent dat hij bestand is tegen kringen, morsen en vlekken. De onderzijde is vaak voorzien van een non-woven vlieslaag voor extra stabiliteit (zoals vermeld door de fabrikant). U hoeft slechts met een vochtige doek af te nemen: geen ingewikkeld wassen of strijken. Zo bespaart u tijd én houdt u uw tafel beschermd.</p> <h3>Binnen én buiten</h3> <p>Deze versie is geschikt voor zowel binnen als buiten gebruik. Let op: haal het tafelzeil naar binnen of bescherm het bij regen of langdurige blootstelling aan weer en wind om verkleuring en verwering te vermijden – een eenvoudige stap voor langdurig plezier. </p> <h3>Waarom kiezen voor dit tafelzeil?</h3> <ul> <li> <p><strong>Praktisch & onderhoudsvriendelijk</strong>: de PVC-laag is afwasbaar en beschermt uw tafel.</p> </li> <li> <p><strong>Sfeervol design</strong>: boerenbont ruit staat voor rustieke charme en geeft meteen karakter.</p> </li> <li> <p><strong>Merkvertrouwen</strong>: Raved staat bekend om tafeltextiel van goede kwaliteit, dus u koopt minder om opnieuw te moeten kopen.</p> </li> <li> <p><strong>Veelzijdig gebruik</strong>: geschikt voor binnen en buiten – van gezinseten tot picknick of tuinlunch.</p> </li> <li> <p><strong>Risico-vrij gevoel</strong>: geen zorgen meer over vlekken of beschadigingen – uw tafel is veilig.</p> </li> </ul> <h3>Specificaties</h3> <ul> <li> <p>Merk: Raved</p> </li> <li> <p>Materiaal: PVC (bovenlaag)</p> </li> <li> <p>Patroon: Boerenbont Ruit Donker Groen (groen/wit)</p> </li> <li>Gebruik: binnen & buiten, afwasbaar</li> <li> <p>Onderhoud: afnemen met vochtige doek, niet langdurig blootstellen aan regen of zon voor optimale levensduur</p> </li> </ul> <p>Mis deze kans niet om in één stap sfeer én praktisch gemak aan uw tafel toe te voegen. Klik op <strong>“Toevoegen aan winkelwagen”</strong> en transformeer uw eetplek in een uitnodigende landelijke setting. <strong>Bestel vandaag nog</strong> en geniet direct van een stijlvolle tafel waar je met plezier aan gaat zitten.</p>",,,taxable,,1,999,,0,0,,,,,1,,,,Tafellaken,"Geruit, PVC, Raved, Rechthoek, Tafellaken, Tafelzeil, Vierkantjes",,"https://ravedfabrics.com/wp-content/uploads/2026/02/1200x550-1.jpg, https://ravedfabrics.com/wp-content/uploads/2026/02/550x550-61.jpg, https://ravedfabrics.com/wp-content/uploads/2026/02/550x445.jpg, https://ravedfabrics.com/wp-content/uploads/2026/02/550x550-62.jpg, https://ravedfabrics.com/wp-content/uploads/2026/02/550x550-63.jpg, https://ravedfabrics.com/wp-content/uploads/2026/02/550x178-8.jpg, https://ravedfabrics.com/wp-content/uploads/2026/02/550x550-64.jpg, https://ravedfabrics.com/wp-content/uploads/2026/02/550x550-65.jpg, https://ravedfabrics.com/wp-content/uploads/2026/02/550x550-66.jpg",,,,,,,,,0,Raved,Size,"140 x 50 cm, 140 x 100 cm, 140 x 140 cm, 140 x 160 cm, 140 x 180 cm, 140 x 200 cm, 140 x 220 cm, 140 x 230 cm, 140 x 240 cm, 140 x 250 cm, 140 x 260 cm, 140 x 270 cm, 140 x 280 cm, 140 x 290 cm, 140 x 300 cm, 140 x 310 cm, 140 x 320 cm, 140 x 350 cm",0,0,"140 x 50 cm"
2351123832450727,simple,9508162269279,,"Raved Tafelzeil – 140 cm x 60 cm – Kerst Metallic Grijs – PVC – Afwasbaar",1,0,visible,,"<p>Ontdek het elegante <strong>metallic grijs tafelzeil</strong> van Raved – gemaakt van <strong>duurzaam PVC</strong>, <strong>afwasbaar</strong> en direct klaar voor uw feesttafel. Bescherm uw tafel tegen knoeien, kringen en brandplekken, én creëer direct een sfeervolle setting voor kerst of nieuwjaar.</p> <p>Breng luxueuze sfeer en zorgeloze functionaliteit samen met het <strong>Raved tafelzeil in Metallic Grijs</strong>, vervaardigd uit hoogwaardig <strong>PVC</strong> en volledig <strong>afwasbaar</strong>. Dit tafelzeil is speciaal ontworpen voor feestelijke gelegenheden — denk aan kerst, oud & nieuw of een stijlvolle diner-avond — maar is ook perfect voor dagelijks gebruik wanneer u een elegante basis wilt zonder permanent risico op vlekken of beschadiging.</p> <h3>Bescherm en decoreer</h3> <p>past dit tafelzeil uitstekend op kleinere of gemiddelde eettafels, waardoor u direct een verzorgde look creëert. Het metallic grijze design reflecteert licht subtiel en voegt een feestelijk, modern accent toe aan uw interieur. Tegelijkertijd voorkomt het tafelzeil knoeien, kringen van hete pannen of brandplekken — zo hoeft u zich minder zorgen te maken en kunt u gerust aanschuiven.</p> <h3>Materialen & onderhoud</h3> <p>Het tafelzeil is vervaardigd uit <strong>PVC</strong>, een materiaal dat bekend staat om zijn duurzaamheid, water- en vuilbestendigheid en eenvoudige reiniging. Dankzij de afwasbare afwerking veegt u het schoon met een vochtige doek — geen gedoe met wassen of langdurig onderhouden. Dankzij deze praktische eigenschappen wordt het tafelzeil zowel functioneel als stijlvol onderdeel van uw inrichting.</p> <h3>Veelzijdig gebruik</h3> <p>Of u nu een intieme kerstlunch organiseert, een glamour-avond met vrienden of gewoon iedere dag een nettere tafel wenst — dit tafelzeil past perfect. Het metallic grijs combineert uitstekend met warme houttinten, glanzende accessoires of feestelijke decoraties. Dankzij het beschermende karakter is het bovendien ideaal voor gezinnen met kinderen, huisdieren of gasten.</p> <h3>Waarom dit tafelzeil?</h3> <ul> <li> <p><strong>Elegant design</strong>: metallic grijs brengt feestelijke luxe naar uw tafel</p> </li> <li> <p><strong>Bescherming & gemak</strong>: vermijdt brandplekken, vlekken en knoeien</p> </li> <li> <p><strong>Gebruiksvriendelijk</strong>: eenvoudig schoon te maken en direct in gebruik</p> </li> <li> <p><strong>Veelzijdig inzetbaar</strong>: geschikt voor feestdagen én dagelijks gebruik</p> </li> </ul> <p>Aarzel niet en geef uw eettafel de upgrade die hij verdient. Bestel vandaag nog het <strong>Raved tafelzeil – Metallic Grijs</strong> en geniet van stijl, huiselijke warmte en gemoedsrust tijdens elke maaltijd <strong>— klik op ‘In winkelwagen’ en maak uw tafel klaar voor de spotlight</strong>.</p>",,,taxable,,1,999,,0,0,,,,,1,,,,Tafellaken,"Effen, PVC, Raved, Rechthoek, Tafellaken, Tafelzeil",,https://ravedfabrics.com/wp-content/uploads/2026/02/1200x562-2.jpg,,,,,,,,,0,Raved,,,,,
2351123832450751,variable,RAV-RAVEDTAFEL-9300000189772735,,"Raved Tafelzeil - 160 Rond - PVC - Afwasbaar - Extra sterk - Beschermrand",1,0,visible,,"<p>Breng stijl en bescherming samen in één product: dit <strong>afwasbare PVC tafelzeil</strong> met print van paardenbloemen in <strong>grijs/beige</strong> geeft uw eetruimte een rustige, sfeervolle uitstraling terwijl <strong>vlekken en beschadigingen</strong> buiten blijven. Dankzij de <strong>extra sterke beschermrand</strong> blijft uw tafel er netjes uitzien – een slimme keuze voor dagelijks genieten.</p> <h3>Ontdek het verschil met dit <strong>tafelzeil</strong></h3> <p>Wilt u uw tafel beschermen én stijlvol inrichten? Met dit <strong>Raved tafelzeil – rond Ø 160 cm</strong> in de zachte kleurstelling <strong>grijs/beige</strong> met een subtiele <strong>paardenbloem-print</strong>, kiest u voor een combinatie van design en functionaliteit. Het materiaal is <strong>PVC</strong>, waardoor het eenvoudig af te nemen is — ideaal voor gezinnen, huisdieren of gezellige diners met vrienden.</p> <h3>Bescherming zonder concessies</h3> <p>Met een <strong>extra sterke beschermrand</strong> rondom krijgt uw tafel een echt schild tegen krassen, druppels en gemorste etensresten. U hoeft zich geen zorgen meer te maken over niet uitwasbare vlekken of blijvende tafelsporen. Het handige materiaal zorgt dat u snel weer aan tafel kunt — geen langdurig gedoe meer, gewoon genieten.</p> <h3>Perfecte maat en veelzijdig gebruik</h3> <p>De ronde vorm met Ø 160 cm is geschikt voor diverse eettafels. Of u nu binnen of buiten eet – dit tafelzeil past goed in zowel de woonkeuken als op het terras. Het subtiele grijs/beige design met paardenbloem-motief creëert rust en geeft net dat beetje extra sfeer. Combineer met neutrale stoelen en accessoires voor een stijlvolle setting.</p> <h3>Materiaal & onderhoud</h3> <p>– <strong>Materiaal</strong>: PVC — waterafstotend en afwasbaar.<br />– <strong>Print/Design</strong>: Paardenbloemmotief in grijstinten/beige — tijdloos en elegant. <br />– Rond Ø 160 cm — vermeld als maat in de titel voor zichtbaarheid.<br />– Onderhoud: eenvoudig schoon te vegen met een vochtige doek. Vermijd hardnekkige kleurstoffen uit voedingsmiddelen die kunnen intrekken. <br />– Geschikt voor binnen en buiten gebruik. </p> <h3>Sfeervol én praktisch</h3> <p>Stel u voor: een ontspannen familiediner zonder zorgen over morsen, een gezellige koffiebijeenkomst in de tuin waar het tafelzeil wél blijft liggen én wél mooi blijft. Dankzij de print blijft het niet een simpel beschermingsproduct – het is een onderdeel van uw interieur. En doordat het zo makkelijk te onderhouden is, bespaart u tijd — en tijd = leven.</p> <h3>Neem actie</h3> <p>Laat uw tafel weer stralen en ga voor <strong>duurzame bescherming + elegant design</strong> met dit Raved tafelzeil. Klik op ‘Toevoegen aan winkelwagen’ en geniet binnen een oogwenk van een veilige én stijlvolle eettafel. <strong>Uw tafel verdient dit – en u verdient verlichting van zorg!</strong></p>",,,taxable,,1,999,,0,0,,,,,1,,,,Tafellaken,"botansiche print, Gebloemd, Overig, PVC, Raved, Rond, Tafellaken, Tafelzeil, Tropisch",,https://ravedfabrics.com/wp-content/uploads/2026/02/1200x965-2.jpg,,,,,,,,,0,Raved,Size,"160 x 140 cm, 160 x 160 cm",0,0,"160 x 140 cm"
2351123832450752,variable,RAV-RAVEDTAFEL-9300000177253128,,"Raved Tafelzeil Gekleurde Ruitjes 140 140 - PVC - Afwasbaar",1,0,visible,,"<p>Bescherm je tafel in stijl met het <strong>duurzame PVC-tafelzeil van Raved</strong> uitgevoerd in een vrolijk <strong>gekleurde ruitjes-print</strong>. Dankzij de <strong>afwasbare afwerking</strong> is het perfect voor drukke gezinnen of gezellige buitenmaaltijden — direct klaar voor je volgende samenkomst!</p> <p>**Ontdek het veelzijdige en stijlvolle <strong>Raved tafelzeil in dé combinatie van <strong>functionaliteit</strong>, <strong>sfeer</strong> en gemak voor jouw eetplek.</strong></p> <h3>Bescherming en gemak in één</h3> <p>Met dit <strong>PVC-tafelzeil</strong> ben je verzekerd van een stevige, afwasbare laag die je tafel effectief beschermt tegen <strong>vlekken, krassen en vloeistoffen</strong>. Ideaal voor dagelijks gebruik met kinderen of huisdieren, maar ook voor buiten op het terras: geen zorgen meer over knoeien of regenplasjes.</p> <h3>Een vrolijk design dat uitnodigt</h3> <p>Het patroon met <strong>gekleurde ruitjes</strong> geeft direct een gezellige, warme uitstraling aan je tafel — of je nu binnen een familiediner hebt of ’s zomers een barbecue organiseert. Het ontwerp is tijdloos maar toch speels: perfect als blikvanger zonder dat het overheersend wordt.</p> <h3>Geschikt voor binnen én buiten</h3> <p>Dankzij het duurzame materiaal is het tafelzeil geschikt voor zowel binnengebruik in de keuken of eetkamer, als buiten op balkon, terras of veranda. Je kiest voor comfort en rust: lekker samen aan tafel zonder stil te staan bij beschadigingen.</p> <h3>Specificaties in één oogopslag</h3> <ul> <li> <p><strong>Materiaal</strong>: PVC — waterafstotend, snel schoon te maken.</p> </li> <li> <p><strong>Print/kleur</strong>: Gekleurde ruitjes — vrolijk, huiselijk, en passend in veel interieurstijlen.</p> </li> <li> <p>Onderhoud: eenvoudig schoon te vegen met een vochtige doek — geen dure reinigingsmiddelen nodig.</p> </li> <li> <p>Gebruik: geschikt voor dagelijks gebruik binnen en buiten.</p> </li> </ul> <h3>Waarom deze keuze maken?</h3> <p>Door dit tafelzeil kies je voor een doordachte investering: een prachtig accessoire op tafel <strong>én</strong> bescherming voor je meubel. Je voorkomt frustraties over vlekken of slijtage én creëert direct een uitnodigende sfeer. En als je onverwacht bezoek hebt of snel wilt omschakelen van binnen- naar buitengebruik — dit zeil staat paraat.</p> <h3>Actiegerichte tip</h3> <p>Wacht niet tot je tafel beschadigd is of knoei­problemen hebt: kies nu voor direct gemak en stijl. Transformeer je eetplek vandaag nog met het <strong>Raved tafelzeil – PVC afwasbaar – gekleurde ruitjes</strong> en ervaar elke keer weer de combinatie van comfort en sfeer. <strong>Bestel direct</strong> en geniet van je tafel zonder zorgen!</p>",,,taxable,,1,999,,0,0,,,,,1,,,,Tafellaken,"Bloemen, Gebloemd, PVC, Raved, Rechthoek, Tafellaken, Tafelzeil",,"https://ravedfabrics.com/wp-content/uploads/2026/02/1200x1200-211.jpg, https://ravedfabrics.com/wp-content/uploads/2026/02/550x550-226.jpg, https://ravedfabrics.com/wp-content/uploads/2026/02/550x471-2.jpg, https://ravedfabrics.com/wp-content/uploads/2026/02/550x550-227.jpg, https://ravedfabrics.com/wp-content/uploads/2026/02/550x488-20.jpg, https://ravedfabrics.com/wp-content/uploads/2026/02/550x550-228.jpg, https://ravedfabrics.com/wp-content/uploads/2026/02/550x550-229.jpg, https://ravedfabrics.com/wp-content/uploads/2026/02/550x178-30.jpg",,,,,,,,,0,Raved,Size,"140 x 20 cm, 140 x 50 cm, 140 x 100 cm, 140 x 140 cm, 140 x 160 cm, 140 x 180 cm, 140 x 200 cm, 140 x 220 cm, 140 x 230 cm, 140 x 240 cm, 140 x 250 cm, 140 x 270 cm, 140 x 280 cm, 140 x 290 cm, 140 x 300 cm, 140 x 310 cm, 140 x 320 cm, 140 x 350 cm",0,0,"140 x 20 cm"
2351123832450789,variable,RAV-RAVEDTAFEL-9300000179132658,,"Raved Tafelzeil 140 140 - PVC - Afwasbaar",1,0,visible,,"<p>Breng moeiteloos sfeer én praktisch gemak naar je tafel met dit <strong>afwasbare PVC tafelzeil</strong> in rustgevend <strong>lavendel-motief</strong>. Bescherm je tafel tegen vlekken en krassen terwijl je geniet van een stijlvolle binnen- of buitensetting.</p> <p>Maak van iedere maaltijd een ontspannen beleving met dit <strong>tafelzeil</strong> van Raved, speciaal ontworpen voor wie stijl en gemak wil combineren. Het <strong>primair zoekwoord “tafelzeil”</strong> komt hier in de eerste alinea, zodat het direct duidelijk is wat het product is.</p> <h3>Sfeervolle bescherming voor je tafel</h3> <p>Het tafelzeil is uitgevoerd in <strong>PVC</strong>, een materiaal dat stevig is, licht in onderhoud en zeer geschikt voor dagelijks gebruik in een druk gezin of bij gezellige buitenetentjes. Het prachtige <strong>lavendel-motief</strong> zorgt voor een rustgevende uitstraling — denk aan een veld vol lavendel dat zich uitstrekt over je tafel: verfijnd, stijlvol, en perfect passend in moderne interieurs of landelijke tuinen.</p> <h3>Veelzijdig binnen en buiten</h3> <p>Of je nu binnen aan de eettafel zit of buiten op het terras geniet van koffie en taart, dit tafelzeil is gemaakt voor beide situaties. Dankzij het onderhoudsvriendelijke PVC-oppervlak kun je makkelijk gemorste koffie, taartglazuur of jus wegvegen — dus geen stress meer over vlekken of bubbeltjes. Volgens de productpagina is het eenvoudig schoon te maken met een vochtige doek. </p> <h3>Specificaties & voordelen</h3> <ul> <li> <p>Materiaal: <strong>PVC</strong> — duurzaam, water- en vuilafstotend, bestand tegen dagelijkse slijtage. </p> </li> <li> <p>Kleur / design: <strong>lavendel print</strong> — een zachte, natuurlijke tint die rust uitstraalt en jouw interieur of tuinsetting direct opwaardeert.</p> </li> <li> <p>Onderhoud: <strong>afwasbaar / afnemen met vochtige doek</strong> — ideaal voor gezinnen, feestjes, buitengebruik. </p> </li> <li> <p>Gebruik: geschikt voor binnen én buiten — je hoeft niet voor elk seizoen een ander kleed aan te schaffen.</p> </li> <li> <p>Eigenschappen: beschermt je tafel tegen krassen, vlekken en vocht — zo blijft je tafel mooi en hoef je minder vaak te vervangen of te repareren.</p> </li> </ul> <h3>Waarom kiezen voor dit tafelzeil?</h3> <p>De emotie speelt hier mee: je wilt geen last van knoeien, vlekken of een tafel die snel versleten is. Met dit tafelzeil kun je zonder zorgen aanschuiven — de praktische bescherming zorgt dat je tafel veilig is, terwijl het lavendel-design je eetmoment opwaardeert. Je creëert sfeer zonder in te boeten op functionaliteit. En logistiek gezien: minder zorgen over tafelzeil dat snel slijt of moeilijk schoon te maken is — dat betekent een betere koopervaring én minder herhaalbestelling door falende kwaliteit.</p> <h3>Call to action</h3> <p>Voeg vandaag nog dit stijlvolle en onderhoudsvriendelijke tafelzeil toe aan je winkelwagen en geef jouw tafel de bescherming én uitstraling die het verdient. Bestel nu en transformeer elke tafelsetting in een ontspannen en sfeervol moment.</p>",,,taxable,,1,999,,0,0,,,,,1,,,,Tafellaken,"Gebloemd, Kersen - Bloemen - Zomer, PVC, Raved, Rechthoek, Tafellaken, Tafelzeil",,"https://ravedfabrics.com/wp-content/uploads/2026/02/1200x1144-2.jpg, https://ravedfabrics.com/wp-content/uploads/2026/02/550x550-241.jpg, https://ravedfabrics.com/wp-content/uploads/2026/02/550x550-242.jpg, https://ravedfabrics.com/wp-content/uploads/2026/02/550x178-33.jpg, https://ravedfabrics.com/wp-content/uploads/2026/02/550x550-243.jpg, https://ravedfabrics.com/wp-content/uploads/2026/02/550x550-244.jpg",,,,,,,,,0,Raved,Size,"140 x 50 cm, 140 x 100 cm, 140 x 140 cm, 140 x 160 cm, 140 x 180 cm, 140 x 200 cm, 140 x 220 cm, 140 x 230 cm, 140 x 240 cm, 140 x 250 cm, 140 x 260 cm, 140 x 270 cm, 140 x 280 cm, 140 x 290 cm, 140 x 300 cm, 140 x 310 cm, 140 x 320 cm, 140 x 350 cm",0,0,"140 x 50 cm"
2351123832450802,simple,9508763899578,,"Raved Badkamermat Set – 75×45 cm + 50×40 cm – Golven – Zwart – Antislip – Uitwasbaar – Waterabsorberend – 2-delig",1,0,visible,,"<p>Geef je badkamer een veilige én stijlvolle upgrade met deze <strong>slim ontworpen badkamermat</strong>: <strong>antislip</strong> voor maximale grip, <strong>uitwasbaar</strong> voor eenvoudig onderhoud en <strong>waterabsorberend</strong> – zodat je vloer droog blijft en je met gerust hart op blote voeten stapt.</p> <p><strong>Badkamermat</strong> is een essentieel onderdeel van jouw badkamerervaring. Met de **Raved Badkamermat Golven – Donker Grijs – 75 x 45 cm – Antislip – Uitwasbaar – Waterabsorberend kies je voor comfort, veiligheid én stijl in één.</p> <h3>Veiligheid en comfort</h3> <p>Na een warme douche stap je op de mat – met natte voeten op glanzende tegels ligt uitglijden op de loer. Dankzij de <strong>antislip-onderkant</strong> blijft deze mat stevig op zijn plaats, voor een gerust gevoel bij gebruik door jezelf, je partner of kinderen. Geen angst meer voor onveilige start van de dag.</p> <h3>Stijlvol design in donker grijs</h3> <p>Donker grijs is neutraal, chic én tijdloos. Het golvende patroon geeft subtiele textuur en zorgt ervoor dat de mat perfect past bij een moderne badkamerinrichting – van strak wit tot industriële tegelvloer. Zo geef je je badkamer een verzorgde uitstraling zonder teveel op te vallen.</p> <h3>Praktisch & onderhoudsvriendelijk</h3> <p>De maat 75 x 45 cm is optimaal voor langs het bad of onder de douche – ruim genoeg om comfortabel op te stappen, zonder te veel ruimte in te nemen. De mat is <strong>uitwasbaar</strong>, wat betekent dat je hem eenvoudig in de wasmachine kunt reinigen. Zodoende blijft hij fris, hygiënisch en klaar voor dagelijks gebruik.</p> <h3>Vochtcontrole en hygiëne</h3> <p>De toplaag is ontworpen om snel vocht op te nemen – dat betekent minder plasvorming op de vloer, minder kalkplekken, en een drogere omgeving die minder uitnodigt tot schimmelvorming. Dankzij deze <strong>waterabsorberende</strong> eigenschap behoudt je omgeving zijn hygiëne en frisheid.</p> <h3>Ideaal voor elk huishouden</h3> <p>Of je nu een druk gezin hebt, vaak gasten ontvangt of gewoon waarde hecht aan een nette en veilige badkamer: deze badkamermat is een slimme keuze. Geen compromis tussen stijl en functie: je krijgt beide. Wanneer je direct upgrade, ervaar je het verschil meteen – en voorkom je ongemak later.</p> <h3>Technische kenmerken in vogelvlucht</h3> <ul> <li> <p>Merk: Raved</p> </li> <li> <p>Maat: 75 x 45 cm</p> </li> <li> <p>Kleur: Zwart</p> </li> <li> <p>Patroon: Golven</p> </li> <li> <p>Eigenschappen: Antislip, Uitwasbaar, Waterabsorberend</p> </li> </ul> <p>Maak jouw badkamer vandaag weer van jou. Voeg deze Raved badkamermat toe aan je winkelwagen en stap morgen op een droge, veilige en stijlvolle manier uit de douche.</p>",,,taxable,,1,999,,0,0,,,,,1,,,"28,95",Badkamermat,"Badkamermat, Overig, Polyurethaan, Raved, Rechthoek",,"https://ravedfabrics.com/wp-content/uploads/2026/02/1200x1200-532.jpg, https://ravedfabrics.com/wp-content/uploads/2026/02/550x396.jpg, https://ravedfabrics.com/wp-content/uploads/2026/02/550x550-249.jpg",,,,,,,,,0,Raved,,,,,
2351123832450828,simple,9509229174512,,"Raved Rond Tafelzeil - 140 ø - PVC - Afwasbaar",1,0,visible,,"<p>Breng direct extra vrolijkheid en gemak aan tafel met het <strong>Raved Rond Tafelzeil – Citroentjes Geel</strong>: gemaakt van <strong>hoogwaardig PVC</strong> en volledig <strong>afwasbaar</strong>, perfect voor gezellige maaltijden binnen én buiten. Voeg stijl toe én bescherm je tafel in één stap.</p> <p><strong>Maak iedere maaltijd een feestje met het Raved Rond Tafelzeil – Citroentjes Geel</strong>. Dit stijlvolle tafelzeil is dé combinatie van vrolijk design en slimme functionaliteit. Het <strong>primaire zoekwoord “rond tafelzeil”</strong> komt direct naar voren in deze introductie: dankzij de ronde vorm (Ø 140 cm) sluit het perfect aan op zowel eettafels als tuintafels, en geeft het geheel direct een frisse, zomerse uitstraling.</p> <h3>Waarom dit tafelzeil jouw tafel verdient</h3> <p>Met een patroon van zonnige citroentjes in helder geel creëer je een luchtige en uitnodigende sfeer. Het motief springt in het oog en maakt dat je tafelsetting niet alleen functioneel is, maar ook visueel aantrekkelijk. Door de <strong>kleur geel</strong> en het <strong>citroendesign</strong> voelt je interieur of tuin direct levendiger aan — waardevol als je gasten ontvangt of gewoon een gezellige familiedineravond voor ogen hebt.</p> <h3>De voordelen in één oogopslag</h3> <ul> <li> <p><strong>Materiaal</strong>: stevig <strong>PVC</strong>, dat zich onderscheidt door zijn duurzaamheid en gemak.</p> </li> <li> <p><strong>Onderhoud</strong>: volledig <strong>afwasbaar</strong>, even afnemen met een vochtige doek en je tafel is weer schoon — geen gedoe meer met vlekken of de wasmachine.</p> </li> <li> <p><strong>Bescherming & gemak</strong>: beschermt je tafel tegen krassen, vocht en lekkages, maar behoudt tegelijkertijd een lichte en stijlvolle uitstraling.</p> </li> <li> <p><strong>Gebruik binnen & buiten</strong>: ideaal voor in de keuken, eethoek óf op het terras – een slimme all-round keuze.</p> </li> <li> <p><strong>Design & sfeer</strong>: het citroentjes-patroon in geel haalt de zomer naar binnen, zelfs op grauwe dagen.</p> </li> </ul> <h3>Meer dan alleen een tafelkleed</h3> <p>Je kiest niet slechts voor een tafelzeil — je kiest voor een beleving. Wanneer kinderen knutselen of vrienden blijven plakken na het eten, hoef jij je geen zorgen meer te maken over oneffenheden of harde randen. Dankzij het soepele PVC ligt het netjes en blijft het mooi, zelfs bij intensief gebruik.</p> <h3>Onderhoud en gebruikstips</h3> <ul> <li> <p>Plaats het zeil op een droge, schone tafel.</p> </li> <li> <p>Afnemen met een zachte doek en lauw water of mild schoonmaakmiddel, en je tafelmoment blijft zorgeloos.</p> </li> <li> <p>Wil je het buiten gebruiken? Rol het op of leg het onder spanning zodat kreukels beperkt blijven.</p> </li> <li> <p>Bij opslag: oprollen in plaats van vouwen houdt het materiaal in topconditie.</p> </li> </ul> <h3>Sluit je aan bij vele tevreden gebruikers</h3> <p>Klanten waarderen dit tafelzeil om zijn combinatie van stijl én functionaliteit – van “mooi design, makkelijk schoon te maken” tot “geschikt voor buiten en binnen”. </p> <p><strong>Durf je tafel een makeover te geven én kiezen voor gemak?</strong> Bestel vandaag nog het Raved Rond Tafelzeil – Citroentjes Geel – en geniet van elke maaltijd zonder zorgen. Voeg direct toe aan je winkelwagen en ervaar zelf het verschil.</p>",,,taxable,,1,999,,0,0,,,,,1,,,"27,95",Tafellaken,"Effen, PVC, Raved, Rechthoek, Tafellaken, Tafelzeil",,https://ravedfabrics.com/wp-content/uploads/2026/02/1200x1200-485.jpg,,,,,,,,,0,Raved,,,,,
2351123832450896,variable,RAV-RAVEDTAFEL-9300000092096571,,"Raved Tafelzeil 140 140 - PVC - Afwasbaar",1,0,visible,,"<p>Breng direct sfeer én bescherming aan tafel met dit <strong>afwasbare tafelzeil</strong> van hoogwaardig <strong>PVC</strong>, voorzien van een frisse <strong>groene bloemenprint op witte ondergrond</strong>. Perfect voor gezellig binnen- of buitengebruik – stijlvol én praktisch.</p> <p>Dankzij dit stijlvolle <strong>tafelzeil</strong> geef je jouw eettafel of tuintafel direct een frisse en verzorgde uitstraling, terwijl je je tafel beschermt tegen vlekken, krassen en vocht. Het tafelzeil is gemaakt van hoogwaardig <strong>PVC</strong> en uitgevoerd in een frisse <strong>witte kleur met groene bloemenprint</strong> – een combinatie die zowel rust als vrolijkheid brengt. Dankzij de maat van past het uitstekend op veel standaard rechthoekige tafels.</p> <h3>Bescherming & gemak</h3> <p>Het beschermende karakter van dit tafelzeil is een echte troef: dankzij het PVC-materiaal is het <strong>afwasbaar</strong>, dus eenvoudig schoon te maken met een vochtige doek. Geen intensief poetswerk meer na een etentje of buitenborrel. En doordat het stevig is, vermindert het de kans op blijvende vlekken of beschadigingen op jouw tafel – ideaal als je kinderen hebt of vaak buiten eet.</p> <h3>Design & sfeer</h3> <p>Met de frisse groene bloemenprint op de witte basis creëer je direct een gezellige, lichte sfeer aan tafel – zowel binnen in de keuken of eetkamer als buiten op het terras of in de serre. Het patroon is stijlvol, tijdloos en past uitstekend in moderne én klassieke interieurs. Het tafelzeil is dus niet alleen functioneel, maar draagt ook bij aan een warme en uitnodigende tafelsetting.</p> <h3>Voor binnen & buiten</h3> <p>Of je nu een spontane lunch binnen hebt of een ontspannen diner buiten in de tuin – dit tafelzeil is geschikt voor beide. De duurzame afwerking zorgt dat het bestand is tegen veelvoorkomende tafelbelasting, zoals vocht of vuil, zonder dat je concessies doet aan uitstraling of sfeer.</p> <h3>Specificaties in één oogopslag</h3> <ul> <li> <p>Merk: <strong>Raved</strong></p> </li> <li> <p>Materiaal: <strong>PVC</strong></p> </li> <li> <p>Kleur/design: Wit ondergrond met groene bloemenprint</p> </li> <li> <p>Eigenschappen: Afwasbaar, beschermend, stijlvol</p> </li> <li> <p>Gebruik: Binnen en buiten</p> </li> </ul> <h3>Waarom kiezen voor deze oplossing?</h3> <p>Stel je eens voor: je hebt een gezellige maaltijd met het gezin of vrienden, en later klus je moeiteloos schoon met een doek — geen stress meer over knoeien of beschadigingen. Door nu te kiezen voor dit tafelzeil, voorkom je toekomstige frustraties over vlekken of slijtage (verliesaversie) en geef je je tafel direct een stijlvolle upgrade (sociale bewijskracht: anderen waarderen kwaliteit). Wacht niet tot je tafel tekenen van slijtage begint te vertonen — kies nu voor bescherming, gemak én sfeer. <strong>Klik op “bestellen” en geef jouw tafel de behandeling die ‘m verdient.</strong></p>",,,taxable,,1,999,,0,0,,,,,1,,,,Tafellaken,"Bloemen, Overig, PVC, Raved, Rechthoek, Tafellaken, Tafelzeil",,"https://ravedfabrics.com/wp-content/uploads/2026/02/1200x1200-279.jpg, https://ravedfabrics.com/wp-content/uploads/2026/02/550x550-195.jpg, https://ravedfabrics.com/wp-content/uploads/2026/02/550x475.jpg, https://ravedfabrics.com/wp-content/uploads/2026/02/550x550-196.jpg, https://ravedfabrics.com/wp-content/uploads/2026/02/550x550-197.jpg, https://ravedfabrics.com/wp-content/uploads/2026/02/550x178-24.jpg, https://ravedfabrics.com/wp-content/uploads/2026/02/550x550-198.jpg",,,,,,,,,0,Raved,Size,"140 x 50 cm, 140 x 100 cm, 140 x 140 cm, 140 x 160 cm, 140 x 180 cm, 140 x 200 cm, 140 x 220 cm, 140 x 230 cm, 140 x 240 cm, 140 x 250 cm, 140 x 260 cm, 140 x 270 cm, 140 x 280 cm, 140 x 290 cm, 140 x 300 cm, 140 x 310 cm, 140 x 320 cm, 140 x 350 cm",0,0,"140 x 50 cm"
2351123832450897,variable,RAV-RAVEDTAFEL-9300000095221745,,"Raved Tafelbeschermer Wit ↔ 140 ↕ 140 - PVC - Afwasbaar",1,0,visible,,"<p>Met de <strong>Raved tafelbeschermer </strong>kies je voor <strong>duurzame bescherming</strong> van je tafelblad – <strong>gemaakt van stevig PVC</strong>, strak wit en <strong>afwasbaar</strong> zodat knoeien geen probleem meer is. Perfect voor gezellig samen eten én ontspannen buiten.</p> <p>Ontdek de <strong>Raved tafelbeschermer</strong> – de slimme oplossing voor iedereen die zijn tafelblad wilt beschermen zonder in te leveren op stijl. Deze <strong>tafelsbeschermer</strong> is gemaakt van hoogwaardig <strong>PVC</strong>, in een frisse <strong>witte kleur</strong>, en is <strong>afwasbaar</strong> – ideaal voor gezinnen, buitengebruik of wie gewoon rust wil aan de eettafel.</p> <h3>Waarom deze tafelbeschermer?</h3> <p>Iedere maaltijd, knutselmoment of gezellig samenzijn brengt risico’s mee: <strong>vlekken</strong>, <strong>krassen</strong>, of schade door <strong>hete pannen</strong>. Met deze beschermer elimineer je die zorgen. Dankzij de ruime past hij perfect op grote rechthoekige tafels en biedt hij volledige dekking van het tafeloppervlak.</p> <h3>Mooie combinatie van functie en design</h3> <p>De witte kleur geeft een neutrale, lichte uitstraling – perfect voor diverse interieurstijlen. Het gladde PVC-oppervlak voelt aangenaam aan, en geeft je tafel een frisse look. Tegelijkertijd is deze beschermer uiterst praktisch: <strong>afwasbaar</strong>, en dus eenvoudig schoon te maken met een vochtige doek. Ideal voor dagelijks gebruik binnen én buiten.</p> <h3>Specificaties in één oogopslag</h3> <ul> <li> <p><strong>Merk</strong>: Raved</p> </li> <li> <p><strong>Kleur</strong>: Wit</p> </li> <li> <p><strong>Materiaal</strong>: PVC (duurzaam, vloeistofwerend)</p> </li> <li> <p><strong>Gebruik</strong>: Binnen & buiten</p> </li> <li> <p><strong>Onderhoud</strong>: Eenvoudig afnemen met doek – knoeien is geen probleem meer</p> </li> </ul> <h3>Behoefte aan bescherming, direct afgestemd</h3> <p>Stel je voor: je nodigt vrienden uit, de kinderen tekenen, je serveert een pan hete pasta – en je hoeft je geen zorgen te maken over wat er op tafel achterblijft. Dankzij deze tafelbeschermer <strong>voorkom je schade aan je meubel</strong> – wat betekent dat je investering veilig is. Dit is ook sociaal bewezen: veel huiseigenaren kiezen tegenwoordig voor beschermlagen om hun dure meubels langer mooi te houden.</p> <h3>Tips voor gebruik</h3> <p>Leg de beschermer netjes uit op je tafel en zorg dat hij goed strak ligt. Voor buitengebruik: haal hem naar binnen bij aanhoudende regen om de kwaliteit te behouden. Combineer met een placemat of onderzetter voor warme pannen, om extra veiligheid te garanderen.</p> <h3>Jouw moment van actie</h3> <p>Gun jezelf de rust dat je tafel mooi blijft – zonder stress, zonder vlekken. Voeg de <strong>Raved tafelbeschermer</strong> vandaag nog toe aan je bestelling en zet je tafel klaar voor elk moment, van ontbijt tot late zomeravond in de tuin. Maak van je eettafel een plek waar je met volle aandacht kunt genieten.</p>",,,taxable,,1,999,,0,0,,,,,1,,,,Tafellaken,"Effen, PVC, Raved, Rechthoek, Tafelbeschermer, Tafellaken, Tafelzeil",,https://ravedfabrics.com/wp-content/uploads/2026/02/1200x1200-9.jpg,,,,,,,,,0,Raved,Size,"140 x 100 cm, 140 x 140 cm, 140 x 160 cm, 140 x 180 cm, 140 x 200 cm, 140 x 220 cm, 140 x 230 cm, 140 x 240 cm, 140 x 250 cm, 140 x 260 cm, 140 x 270 cm, 140 x 280 cm, 140 x 290 cm, 140 x 300 cm, 140 x 310 cm, 140 x 320 cm, 140 x 350 cm",0,0,"140 x 100 cm"
2351123832450923,simple,9501726931759,,"Raved Placemats Vera - Set van 6 Stuks - Kunststof - Eettafel - Onderlegger - Waterafstotend",1,0,visible,,"<p>Geef je eettafel direct een luxe upgrade met deze set van 6 <strong>Raved Placemats Vera</strong> in <strong>koper kleur</strong>. De <strong>kunststof leather-look</strong> afwerking beschermt effectief tegen vlekken en krassen, terwijl de <strong>waterafstotende</strong> bovenlaag eenvoudig schoon te maken is — stijl en praktisch gemak in één.</p> <p>Breng stijl en bescherming samen op je eettafel met de <strong>Raved Placemats Vera</strong>. Deze set van <strong>6</strong> in <strong>koper</strong> is ontworpen voor wie dagelijks wil genieten van een verzorgd interieur zonder in te boeten op gebruiksgemak.</p> <h3>Elegantie en bescherming inéén</h3> <p>De placemats zijn vervaardigd van <strong>kunststof met leather-look</strong> afwerking, wat een luxe uitstraling geeft, maar tegelijk duurzaam en praktisch is. Dankzij het materiaal en het <strong>waterafstotende</strong> oppervlak zijn morsen, druppels of vocht geen probleem meer — je veegt het zo af met een vochtige doek. De antislip-eigenschap zorgt ervoor dat de onderleggers stevig op hun plek blijven, zelfs tijdens levendige diners. </p> <h3>Perfect voor elk moment</h3> <p>Of het nu een dagelijks ontbijt is of een feestelijke dineravond — deze placemats voegen direct sfeer toe. De kleur koper zorgt voor warmte en luxe, en past zowel bij een modern interieur als bij een klassieke styling. Met de set van 6 ben je volledig gedekt voor een gezin of een etentje met gezelschap. </p> <h3>Eenvoudig in gebruik</h3> <p>Met een afmeting van ca. <strong>45 x 30 cm</strong> (zoals vermeld bij varianten) heb je voldoende dekking zonder de eettafel te dominant in te richten. Het onderhoud is simpel: afnemen met een vochtige doek, geen gedoe met wassen of strijken. Het beschermt je tafel tegen krassen, vlekken en hitte-afdrukken — verliesaversie wordt hier duidelijk: voorkom dat je tafel schade oploopt; kies voor deze onderleggers.</p> <h3>Waarom kiezen voor deze set?</h3> <ul> <li> <p><strong>Set van 6</strong>: direct klaar voor meerdere personen, ideaal voor gezinsgebruik of gasten</p> </li> <li> <p><strong>Kunststof/leather-look</strong>: luxe uitstraling, maar gewoon praktisch en robuust</p> </li> <li> <p><strong>Waterafstotend & antislip</strong>: maakt schoonmaken snel en voorkomt schuiven</p> </li> <li> <p><strong>Kleur koper</strong>: trendy accent op de tafel, creëert sfeer</p> </li> <li> <p><strong>Bescherming + stijl</strong>: geen compromis tussen handig en mooi</p> </li> </ul> <h3>Afsluitende call-to-action</h3> <p>Wacht niet tot je tafel tekenen van gebruik vertoont — voeg vandaag nog de <strong>Raved Placemats Vera Set van 6 in koper</strong> toe en geniet direct van een tafel die zowel stijlvol als functioneel is. Bestel nu en transformeer elke maaltijd tot een moment van luxe en gemak.</p>",,,taxable,,1,999,,0,0,,,,,1,,,"39,99",Placemats,"Effen, Kunstleer, Placemats, Raved, Rechthoek",,"https://ravedfabrics.com/wp-content/uploads/2026/02/1200x1111-1.jpg, https://ravedfabrics.com/wp-content/uploads/2026/02/550x463.jpg, https://ravedfabrics.com/wp-content/uploads/2026/02/550x550-151.jpg, https://ravedfabrics.com/wp-content/uploads/2026/02/550x550-152.jpg, https://ravedfabrics.com/wp-content/uploads/2026/02/550x550-153.jpg, https://ravedfabrics.com/wp-content/uploads/2026/02/550x453.jpg",,,,,,,,,0,Raved,,,,,
2351123832450924,variable,RAV-RAVEDTAFEL-9300000038814420,,"Raved Tafelzeil Zwarte Stippen Print Wit 140 140 - PVC - Afwasbaar",1,0,visible,,"<p>Geef je tafel direct een stijlvolle upgrade met <strong>een trendy stippenprint</strong> en de <strong>praktische bescherming van PVC</strong>. Dit tafelzeil is <strong>afwasbaar</strong>, geschikt voor zowel binnen als buiten, en laat knoeien geen kans meer.</p> <p><strong>Bescherm je tafel met stijl</strong><br />Maak kennis met het <strong>tafelzeil</strong> van het merk <strong>Raved</strong>, uitgevoerd in een fris motorwit met moderne zwarte stippenprint. Dankzij het <strong>materiaal</strong> PVC is dit tafelzeil uitzonderlijk makkelijk in het onderhoud — een snel afvegen met een vochtige doek is vaak voldoende. En omdat het ontwerp zowel trendy als tijdloos is, past het perfect in zowel een strak interieur als een gezellige buitenruimte.</p> <h3>Waarom kiezen voor dit tafelzeil?</h3> <ul> <li> <p><strong>Bescherming & onderhoudsgemak</strong>: vocht, vlekken en zelfs brandplekken door hete pannen maken voortaan geen kans. Het PVC-oppervlak zorgt voor bescherming én eenvoud.</p> </li> <li> <p><strong>Stijlvol design</strong>: de combinatie van wit en zwarte stippen geeft je tafel direct een moderne, speelse uitstraling — ideaal als blikvanger of als subtiele accent.</p> </li> <li> <p><strong>Binnen én buiten inzetbaar</strong>: of je nu dineert in de stijlvol ingerichte eetkamer of in de tuin bij een zomerse avond, dit tafelzeil is geschikt. Wel: bij veel regen is binnen halen aan te raden om verkleuring of slijtage te voorkomen. </p> </li> <li> <p><strong>Verschillende afmetingen beschikbaar</strong>: breedte van 140 cm met diverse lengtes beschikbaar — handig voor langwerpige tuintafels of ronde formaten.</p> </li> </ul> <h3>Specificaties in één oogopslag</h3> <ul> <li> <p>Merk: Raved </p> </li> <li> <p>Materiaal: <strong>PVC</strong> (kunststof) </p> </li> <li> <p>Kleur/design: wit met <strong>zwarte stippen</strong> print </p> </li> <li> <p>Geschikt voor gebruik: binnen & buiten (bij voorkeur droog houden) </p> </li> <li> <p>Onderhoud: eenvoudig afnemen met vochtige doek</p> </li> </ul> <h3>Voor wie is dit tafelzeil ideaal?</h3> <p>Heb je jonge kinderen of worden er regelmatig gasten ontvangen? Dan is dit tafelzeil een slimme keuze. Want waar vroeger vlekken of kringen op je tafel je het plezier van dineren konden vergallen, staat hier nu comfort en zekerheid centraal. En ben je dol op buiten eten? Dan zorgt het voor een praktische beschermlaag én een stijlvol uiterlijk — zonder dat je aan sfeer hoeft in te boeten.</p> <h3>Tips voor optimaal gebruik</h3> <ul> <li> <p>Laat het tafelzeil bij regen of extreme zon liever even naar binnen halen om het printdessin te behouden.</p> </li> <li> <p>Voor een mooie valrand aan de zijkanten: zorg dat de lengte iets groter is dan je tafeloppervlak.</p> </li> <li> <p>Combineer met eenvoudige accessoires in zwart-wit of natuurlijke houttinten om de stippen écht tot hun recht te laten komen.</p> </li> </ul> <p><strong>Conclusie & call-to-action</strong><br />Gun je tafel de stijlvolle bescherming die hij verdient met dit premium tafelzeil van Raved. Kies vandaag nog jouw lengte, leg het op de tafel en ontdek direct het verschil in gemak, uitstraling én gemoedsrust. Voeg het toe aan je winkelwagen en verander je eetplek instant — zonder stress of gedoe.</p>",,,taxable,,1,999,,0,0,,,,,1,,,,Tafellaken,"Gestipt, PVC, Raved, Rechthoek, Stippen, Tafellaken, Tafelzeil",,"https://ravedfabrics.com/wp-content/uploads/2026/01/1200x1200-20.jpg, https://ravedfabrics.com/wp-content/uploads/2026/01/550x550-3.jpg, https://ravedfabrics.com/wp-content/uploads/2026/01/550x492.jpg, https://ravedfabrics.com/wp-content/uploads/2026/01/550x550-4.jpg, https://ravedfabrics.com/wp-content/uploads/2026/01/550x550-5.jpg, https://ravedfabrics.com/wp-content/uploads/2026/01/550x178.jpg, https://ravedfabrics.com/wp-content/uploads/2026/01/550x550-6.jpg, https://ravedfabrics.com/wp-content/uploads/2026/01/550x550-7.jpg",,,,,,,,,0,Raved,Size,"140 x 50 cm, 140 x 100 cm, 140 x 140 cm, 140 x 160 cm, 140 x 180 cm, 140 x 200 cm, 140 x 220 cm, 140 x 230 cm, 140 x 240 cm, 140 x 250 cm, 140 x 260 cm, 140 x 270 cm, 140 x 280 cm, 140 x 290 cm, 140 x 300 cm, 140 x 310 cm, 140 x 320 cm, 140 x 350 cm",0,0,"140 x 50 cm"
2351123832450945,variable,RAV-RAVEDTAFEL-9300000193285874,,"Raved Tafelzeil Linnenlook Grijs 140 140 - PVC - Afwasbaar",1,0,visible,,"<p>Geef je eettafel een <strong>stijlvolle linnenlook</strong> met dit <strong>grijze Raved tafelzeil</strong> van <strong>140x290 cm</strong>. Het is gemaakt van een <strong>katoenmix met afwasbare coating</strong>, waardoor het niet alleen duurzaam en praktisch is, maar ook gemakkelijk schoon te maken. Perfect voor dagelijks gebruik én speciale gelegenheden.</p> <p>Zoek je een manier om je eettafel zowel te beschermen als sfeervol aan te kleden? Dan is het <strong>Raved tafelzeil linnen grijs 140x290 cm</strong> precies wat je nodig hebt. Dit tafelzeil combineert de <strong>natuurlijke uitstraling van linnen</strong> met het praktische gemak van een <strong>afwasbare katoencoating</strong>. Zo haal je het beste van twee werelden in huis: elegantie én gebruiksgemak.</p> <h3>Natuurlijk & stijlvol</h3> <p>De <strong>linnenlook in grijs</strong> past moeiteloos in vrijwel elk interieur: van modern en strak tot landelijk en warm. De subtiele textuur geeft je tafel een luxe uitstraling zonder te overheersen. Of het nu gaat om een doordeweekse maaltijd of een feestelijk diner, dit tafelzeil zorgt altijd voor de juiste sfeer.</p> <h3>Praktisch in gebruik</h3> <p>Naast de uitstraling draait het bij een tafelzeil natuurlijk ook om gemak. Dit Raved zeil is <strong>afwasbaar én uitwasbaar</strong>, waardoor vlekken en kruimels geen enkel probleem zijn. Even afnemen met een doekje en je tafel is weer als nieuw. Bovendien is de stof stevig en duurzaam, zodat je er jarenlang plezier van hebt.</p> <h3>Ideaal voor dagelijks gebruik en feestjes</h3> <p>Met een royale maat van <strong>140x290 cm</strong> is dit tafelzeil geschikt voor grotere tafels. Perfect voor gezinnen die dagelijks aan tafel eten, maar ook ideaal bij etentjes en feestjes waarbij je tafel intensief gebruikt wordt. Dankzij de <strong>duurzame katoenmix</strong> blijft het zeil mooi, ook na veelvuldig wassen en gebruik.</p> <h3>Belangrijkste voordelen</h3> <ul> <li> <p><strong>Stijlvolle linnenlook in grijs</strong>: tijdloos en elegant</p> </li> <li> <p><strong>140x290 cm</strong>: geschikt voor grotere eettafels</p> </li> <li> <p><strong>Katoenmix met coating</strong>: duurzaam, stevig en praktisch</p> </li> <li> <p><strong>Afwasbaar & uitwasbaar</strong>: eenvoudig schoon te maken</p> </li> <li> <p><strong>Voor dagelijks gebruik én gelegenheden</strong></p> </li> </ul> <p>Maak je eettafel compleet met dit <strong>grijze Raved tafelzeil in linnenlook</strong> en geniet elke dag van de perfecte combinatie tussen stijl en gemak. Bestel nu en ervaar zelf het verschil.</p>",,,taxable,,1,999,,0,0,,,,,1,,,,Tafellaken,"Overig, Print, PVC, Raved, Rechthoek, Tafellaken, Tafelzeil",,"https://ravedfabrics.com/wp-content/uploads/2026/02/1200x1200-658.jpg, https://ravedfabrics.com/wp-content/uploads/2026/02/550x550-155.jpg, https://ravedfabrics.com/wp-content/uploads/2026/02/550x495-4.jpg, https://ravedfabrics.com/wp-content/uploads/2026/02/550x550-156.jpg, https://ravedfabrics.com/wp-content/uploads/2026/02/550x550-157.jpg, https://ravedfabrics.com/wp-content/uploads/2026/02/550x178-17.jpg",,,,,,,,,0,Raved,Size,"140 x 50 cm, 140 x 140 cm, 140 x 290 cm",0,0,"140 x 50 cm"
2351123832450958,variable,RAV-RAVEDTAFEL-9300000079087922,,"Raved Tafelzeil 140 140 - PVC - Afwasbaar",1,0,visible,,"<p>Breng sfeer én gemak naar je eettafel met dit <strong>afwasbare PVC tafelzeil van Raved</strong>. Het romantische <strong>lavendelbloemen-design op wit</strong> geeft je interieur een frisse uitstraling, terwijl het perfect is voor dagelijkse én feestelijke momenten.</p> <p>Geef je eettafel een vleugje landelijke charme met dit prachtige <strong>PVC tafelzeil met lavendelbloemen</strong> van Raved. Het design combineert een frisse witte achtergrond met subtiele paarse lavendeltakken, waardoor je meteen een warme en uitnodigende sfeer creëert in huis. Of je nu gezellig met je gezin eet of gasten ontvangt, dit tafelzeil maakt ieder moment sfeervol én praktisch.</p> <h3>Praktisch én stijlvol</h3> <p>Het grootste voordeel van dit <strong>afwasbare tafelzeil</strong> is het gemak in onderhoud. Waar een stoffen kleed vaak na één diner in de was moet, neem je dit <strong>PVC materiaal</strong> eenvoudig af met een vochtige doek. Vlekken van wijn, koffie of saus verdwijnen binnen enkele seconden, waardoor je tafel altijd netjes en verzorgd oogt.</p> <h3>Duurzaam materiaal</h3> <p>Dit <strong>PVC tafelzeil</strong> is niet alleen onderhoudsvriendelijk, maar ook duurzaam in gebruik. Het materiaal is slijtvast en blijft mooi, zelfs bij dagelijks gebruik. Het blijft strak op tafel liggen en scheurt niet snel, waardoor je er lang plezier van hebt.</p> <h3>Veelzijdig gebruik</h3> <p>Dankzij de combinatie van <strong>stijlvol design en praktisch gebruiksgemak</strong> is dit tafelzeil geschikt voor binnen én buiten. Ideaal voor wie in de zomer buiten eet en in de winter gezellig binnen dineert. Het romantische lavendelpatroon past perfect in zowel moderne als landelijke interieurs.</p> <h3>Waarom kiezen voor dit tafelzeil?</h3> <ul> <li> <p><strong>Afwasbaar PVC materiaal</strong> – vlekvrij in één beweging</p> </li> <li> <p><strong>Landelijk lavendelbloemen-design</strong> – stijlvolle uitstraling</p> </li> <li> <p><strong>Duurzaam en slijtvast</strong> – gaat lang mee</p> </li> <li> <p><strong>Veelzijdig gebruik</strong> – binnen en buiten toepasbaar</p> </li> </ul> <p>Geef je tafel direct een stijlvolle en praktische upgrade. Bestel vandaag nog dit <strong>Raved tafelzeil met lavendelbloemen</strong> en ervaar het gemak van een tafel die er altijd verzorgd uitziet.</p>",,,taxable,,1,999,,0,0,,,,,1,,,,Tafellaken,"Overig, Planten en bladeren, PVC, Raved, Rechthoek, Tafellaken, Tafelzeil",,"https://ravedfabrics.com/wp-content/uploads/2026/02/1200x1200-56.jpg, https://ravedfabrics.com/wp-content/uploads/2026/02/550x550-176.jpg, https://ravedfabrics.com/wp-content/uploads/2026/02/550x468-2.jpg, https://ravedfabrics.com/wp-content/uploads/2026/02/550x478.jpg, https://ravedfabrics.com/wp-content/uploads/2026/02/550x550-177.jpg, https://ravedfabrics.com/wp-content/uploads/2026/02/550x500-23.jpg, https://ravedfabrics.com/wp-content/uploads/2026/02/550x399-22.jpg, https://ravedfabrics.com/wp-content/uploads/2026/02/550x550-178.jpg, https://ravedfabrics.com/wp-content/uploads/2026/02/550x550-179.jpg, https://ravedfabrics.com/wp-content/uploads/2026/02/550x178-20.jpg, https://ravedfabrics.com/wp-content/uploads/2026/02/550x550-180.jpg",,,,,,,,,0,Raved,Size,"140 x 50 cm, 140 x 100 cm, 140 x 140 cm, 140 x 160 cm, 140 x 180 cm, 140 x 200 cm, 140 x 220 cm, 140 x 230 cm, 140 x 240 cm, 140 x 250 cm, 140 x 260 cm, 140 x 270 cm, 140 x 280 cm, 140 x 290 cm, 140 x 300 cm, 140 x 310 cm, 140 x 320 cm, 140 x 350 cm",0,0,"140 x 50 cm"
2351123832450982,simple,9502685439973,,"Raved Rond Tafelzeil - 140 ø - PVC - Afwasbaar",1,0,visible,,"<p>Creëer direct sfeer aan tafel met dit <strong>rond tafelzeil van 140 cm</strong> met vrolijk <strong>bessendesign in paars</strong>. Gemaakt van <strong>stevig PVC</strong> en eenvoudig <strong>afwasbaar</strong>, waardoor je tafel altijd schoon en beschermd blijft – zowel binnen als buiten.</p> <h3>Stijlvol én praktisch in één</h3> <p>Met het <strong>Raved rond tafelzeil 140 cm</strong> haal je de perfecte combinatie van <strong>design en gemak</strong> in huis. Het vrolijke <strong>bessendesign in paars</strong> geeft je eettafel of buitentafel een frisse en gezellige uitstraling. Tegelijkertijd beschermt het stevige <strong>PVC-materiaal</strong> je tafel tegen vlekken, krassen en vocht.</p> <h3>Waarom kiezen voor dit ronde tafelzeil?</h3> <ul> <li> <p><strong>Afwasbaar PVC:</strong> eenvoudig schoon te maken met een vochtige doek, ideaal voor gezinnen of dagelijks gebruik.</p> </li> <li> <p><strong>Ronde maat 140 cm:</strong> perfect passend voor de meeste ronde tafels.</p> </li> <li> <p><strong>Bessen paars design:</strong> sfeervol en uniek, voegt kleur en warmte toe aan je interieur.</p> </li> <li> <p><strong>Binnen én buiten te gebruiken:</strong> praktisch bij een etentje, barbecue of dagelijks gebruik.</p> </li> <li> <p><strong>Duurzaam merkproduct van Raved:</strong> hoge kwaliteit, gaat langer mee dan goedkope alternatieven.</p> </li> </ul> <h3>Perfect voor elk moment</h3> <p>Of je nu een etentje organiseert, buiten dineert op een zomerse avond of gewoon dagelijks gebruik maakt van je tafel – dit <strong>rond tafelzeil</strong> biedt de ideale oplossing. Geen gedoe meer met vlekken die in de tafel trekken of tafelkleden die je telkens moet wassen. Dankzij het <strong>afwasbare oppervlak</strong> is je tafel in een handomdraai weer netjes.</p> <h3>Moeiteloos onderhoud</h3> <p>Het <strong>PVC-tafelzeil</strong> is niet alleen praktisch, maar ook duurzaam. Het scheurt niet snel en blijft mooi, ook na veelvuldig gebruik. Zo geniet je langer van een sfeervolle tafelsetting zonder telkens te hoeven investeren in nieuwe hoezen of kleden.</p> <h3>Maak je tafel compleet</h3> <p>Met dit <strong>afwasbare ronde tafelkleed</strong> kies je voor gemak, sfeer en bescherming in één. Wacht niet langer en geef jouw tafel de upgrade die hij verdient – bestel vandaag nog en ervaar het verschil!</p>",,,taxable,,1,999,,0,0,,,,,1,,,,Tafellaken,"Ornamenten, Overig, PVC, Raved, Rond, Tafellaken, Tafelzeil",,https://ravedfabrics.com/wp-content/uploads/2026/02/1200x1200-226.jpg,,,,,,,,,0,Raved,,,,,
2351123832450356,variation,9505235785711,,"Raved Tafelzeil 140 140 - PVC - Afwasbaar - 140 x 350 cm",1,0,visible,,,,,taxable,parent,1,999,,0,0,,,,,0,,"23,95","37,99",,,,https://ravedfabrics.com/wp-content/uploads/2026/02/1200x1200-244.jpg,,,RAV-RAVEDTAFEL-9300000179131040,,,,,,17,Raved,Size,"140 x 350 cm",,0,
2351123832450333,variation,9505549527922,,"Raved Tafelzeil 140 140 - PVC - Afwasbaar - 140 x 160 cm",1,0,visible,,,,,taxable,parent,1,999,,0,0,,,,,0,,"23,95","37,99",,,,https://ravedfabrics.com/wp-content/uploads/2026/02/1200x590-26.jpg,,,RAV-RAVEDTAFEL-9300000179131040,,,,,,3,Raved,Size,"140 x 160 cm",,0,
2351123832450335,variation,9505486945476,,"Raved Tafelzeil 140 140 - PVC - Afwasbaar - 140 x 180 cm",1,0,visible,,,,,taxable,parent,1,999,,0,0,,,,,0,,"23,95","37,99",,,,https://ravedfabrics.com/wp-content/uploads/2026/02/1200x1200-236.jpg,,,RAV-RAVEDTAFEL-9300000179131040,,,,,,4,Raved,Size,"140 x 180 cm",,0,
2351123832450337,variation,9504868814683,,"Raved Tafelzeil 140 140 - PVC - Afwasbaar - 140 x 200 cm",1,0,visible,,,,,taxable,parent,1,999,,0,0,,,,,0,,"23,95","37,99",,,,https://ravedfabrics.com/wp-content/uploads/2026/02/1200x590-29.jpg,,,RAV-RAVEDTAFEL-9300000179131040,,,,,,5,Raved,Size,"140 x 200 cm",,0,
2351123832450339,variation,9507678694193,,"Raved Tafelzeil 140 140 - PVC - Afwasbaar - 140 x 220 cm",1,0,visible,,,,,taxable,parent,1,999,,0,0,,,,,0,,"23,95","37,99",,,,https://ravedfabrics.com/wp-content/uploads/2026/02/1200x1200-237.jpg,,,RAV-RAVEDTAFEL-9300000179131040,,,,,,6,Raved,Size,"140 x 220 cm",,0,
2351123832450341,variation,9507447891273,,"Raved Tafelzeil 140 140 - PVC - Afwasbaar - 140 x 230 cm",1,0,visible,,,,,taxable,parent,1,999,,0,0,,,,,0,,"23,95","37,99",,,,https://ravedfabrics.com/wp-content/uploads/2026/02/1200x1200-238.jpg,,,RAV-RAVEDTAFEL-9300000179131040,,,,,,7,Raved,Size,"140 x 230 cm",,0,
2351123832450343,variation,9502256835456,,"Raved Tafelzeil 140 140 - PVC - Afwasbaar - 140 x 240 cm",1,0,visible,,,,,taxable,parent,1,999,,0,0,,,,,0,,"23,95","37,99",,,,https://ravedfabrics.com/wp-content/uploads/2026/02/1200x1200-239.jpg,,,RAV-RAVEDTAFEL-9300000179131040,,,,,,8,Raved,Size,"140 x 240 cm",,0,
2351123832450345,variation,9501694116677,,"Raved Tafelzeil 140 140 - PVC - Afwasbaar - 140 x 250 cm",1,0,visible,,,,,taxable,parent,1,999,,0,0,,,,,0,,"23,95","37,99",,,,https://ravedfabrics.com/wp-content/uploads/2026/02/1200x590-34.jpg,,,RAV-RAVEDTAFEL-9300000179131040,,,,,,9,Raved,Size,"140 x 250 cm",,0,
2351123832450346,variation,9506343236942,,"Raved Tafelzeil 140 140 - PVC - Afwasbaar - 140 x 260 cm",1,0,visible,,,,,taxable,parent,1,999,,0,0,,,,,0,,"23,95","37,99",,,,https://ravedfabrics.com/wp-content/uploads/2026/02/1200x590-37.jpg,,,RAV-RAVEDTAFEL-9300000179131040,,,,,,10,Raved,Size,"140 x 260 cm",,0,
2351123832450348,variation,9508435734435,,"Raved Tafelzeil 140 140 - PVC - Afwasbaar - 140 x 270 cm",1,0,visible,,,,,taxable,parent,1,999,,0,0,,,,,0,,"23,95","37,99",,,,https://ravedfabrics.com/wp-content/uploads/2026/02/1200x1200-240.jpg,,,RAV-RAVEDTAFEL-9300000179131040,,,,,,11,Raved,Size,"140 x 270 cm",,0,
2351123832450349,variation,9508662373728,,"Raved Tafelzeil 140 140 - PVC - Afwasbaar - 140 x 280 cm",1,0,visible,,,,,taxable,parent,1,999,,0,0,,,,,0,,"23,95","37,99",,,,https://ravedfabrics.com/wp-content/uploads/2026/02/1200x590-39.jpg,,,RAV-RAVEDTAFEL-9300000179131040,,,,,,12,Raved,Size,"140 x 280 cm",,0,
2351123832450350,variation,9509373856661,,"Raved Tafelzeil 140 140 - PVC - Afwasbaar - 140 x 290 cm",1,0,visible,,,,,taxable,parent,1,999,,0,0,,,,,0,,"23,95","37,99",,,,https://ravedfabrics.com/wp-content/uploads/2026/02/1200x1200-241.jpg,,,RAV-RAVEDTAFEL-9300000179131040,,,,,,13,Raved,Size,"140 x 290 cm",,0,
2351123832450351,variation,9501372675359,,"Raved Tafelzeil 140 140 - PVC - Afwasbaar - 140 x 300 cm",1,0,visible,,,,,taxable,parent,1,999,,0,0,,,,,0,,"23,95","37,99",,,,https://ravedfabrics.com/wp-content/uploads/2026/02/1200x590-42.jpg,,,RAV-RAVEDTAFEL-9300000179131040,,,,,,14,Raved,Size,"140 x 300 cm",,0,
2351123832450352,variation,9509367267862,,"Raved Tafelzeil 140 140 - PVC - Afwasbaar - 140 x 310 cm",1,0,visible,,,,,taxable,parent,1,999,,0,0,,,,,0,,"23,95","37,99",,,,https://ravedfabrics.com/wp-content/uploads/2026/02/1200x1200-242.jpg,,,RAV-RAVEDTAFEL-9300000179131040,,,,,,15,Raved,Size,"140 x 310 cm",,0,
2351123832450354,variation,9506623596391,,"Raved Tafelzeil 140 140 - PVC - Afwasbaar - 140 x 320 cm",1,0,visible,,,,,taxable,parent,1,999,,0,0,,,,,0,,"23,95","37,99",,,,https://ravedfabrics.com/wp-content/uploads/2026/02/1200x1200-243.jpg,,,RAV-RAVEDTAFEL-9300000179131040,,,,,,16,Raved,Size,"140 x 320 cm",,0,
2351123832450331,variation,9503132417230,,"Raved Tafelzeil 140 140 - PVC - Afwasbaar - 140 x 140 cm",1,0,visible,,,,,taxable,parent,1,999,,0,0,,,,,0,,"23,95","37,99",,,,https://ravedfabrics.com/wp-content/uploads/2026/02/1200x1200-235.jpg,,,RAV-RAVEDTAFEL-9300000179131040,,,,,,2,Raved,Size,"140 x 140 cm",,0,
2351123832450315,variation,9508247547599,,"Raved Tafelzeil 140 140 - PVC - Afwasbaar - 140 x 50 cm",1,0,visible,,,,,taxable,parent,1,999,,0,0,,,,,0,,"23,95","37,99",,,,https://ravedfabrics.com/wp-content/uploads/2026/02/1200x1200-233.jpg,,,RAV-RAVEDTAFEL-9300000179131040,,,,,,0,Raved,Size,"140 x 50 cm",,0,
2351123832450316,variation,9503831942194,,"Raved Tafelzeil 140 140 - PVC - Afwasbaar - 140 x 100 cm",1,0,visible,,,,,taxable,parent,1,999,,0,0,,,,,0,,"23,95","37,99",,,,https://ravedfabrics.com/wp-content/uploads/2026/02/1200x1200-234.jpg,,,RAV-RAVEDTAFEL-9300000179131040,,,,,,1,Raved,Size,"140 x 100 cm",,0,
2351123832450665,variation,9505527249587,,"Raved Kerst Tafelzeil - 140 140 - PVC - Afwasbaar - 140 x 330 cm",1,0,visible,,,,,taxable,parent,1,999,,0,0,,,,,0,,"23,95","43,89",,,,https://ravedfabrics.com/wp-content/uploads/2026/02/1200x1200-608.jpg,,,RAV-RAVEDTAFEL-9300000133865809,,,,,,17,Raved,Size,"140 x 330 cm",,0,
2351123832450639,variation,9504991954744,,"Raved Kerst Tafelzeil - 140 140 - PVC - Afwasbaar - 140 x 320 cm",1,0,visible,,,,,taxable,parent,1,999,,0,0,,,,,0,,"23,95","43,89",,,,https://ravedfabrics.com/wp-content/uploads/2026/02/1200x1200-604.jpg,,,RAV-RAVEDTAFEL-9300000133865809,,,,,,16,Raved,Size,"140 x 320 cm",,0,
2351123832450618,variation,9504643273926,,"Raved Kerst Tafelzeil - 140 140 - PVC - Afwasbaar - 140 x 310 cm",1,0,visible,,,,,taxable,parent,1,999,,0,0,,,,,0,,"23,95","43,89",,,,https://ravedfabrics.com/wp-content/uploads/2026/02/1200x1019-21.jpg,,,RAV-RAVEDTAFEL-9300000133865809,,,,,,15,Raved,Size,"140 x 310 cm",,0,
2351123832450608,variation,9508813545967,,"Raved Kerst Tafelzeil - 140 140 - PVC - Afwasbaar - 140 x 300 cm",1,0,visible,,,,,taxable,parent,1,999,,0,0,,,,,0,,"23,95","43,89",,,,https://ravedfabrics.com/wp-content/uploads/2026/02/1200x1200-600.jpg,,,RAV-RAVEDTAFEL-9300000133865809,,,,,,14,Raved,Size,"140 x 300 cm",,0,
2351123832450598,variation,9509688515970,,"Raved Kerst Tafelzeil - 140 140 - PVC - Afwasbaar - 140 x 290 cm",1,0,visible,,,,,taxable,parent,1,999,,0,0,,,,,0,,"23,95","43,89",,,,https://ravedfabrics.com/wp-content/uploads/2026/02/1200x594-9.jpg,,,RAV-RAVEDTAFEL-9300000133865809,,,,,,13,Raved,Size,"140 x 290 cm",,0,
2351123832450589,variation,9502492522578,,"Raved Kerst Tafelzeil - 140 140 - PVC - Afwasbaar - 140 x 280 cm",1,0,visible,,,,,taxable,parent,1,999,,0,0,,,,,0,,"23,95","43,89",,,,https://ravedfabrics.com/wp-content/uploads/2026/02/1200x594-8.jpg,,,RAV-RAVEDTAFEL-9300000133865809,,,,,,12,Raved,Size,"140 x 280 cm",,0,
2351123832450585,variation,9504768324381,,"Raved Kerst Tafelzeil - 140 140 - PVC - Afwasbaar - 140 x 270 cm",1,0,visible,,,,,taxable,parent,1,999,,0,0,,,,,0,,"23,95","43,89",,,,https://ravedfabrics.com/wp-content/uploads/2026/02/1200x594-7.jpg,,,RAV-RAVEDTAFEL-9300000133865809,,,,,,11,Raved,Size,"140 x 270 cm",,0,
2351123832450576,variation,9502437223980,,"Raved Kerst Tafelzeil - 140 140 - PVC - Afwasbaar - 140 x 260 cm",1,0,visible,,,,,taxable,parent,1,999,,0,0,,,,,0,,"23,95","43,89",,,,https://ravedfabrics.com/wp-content/uploads/2026/02/1200x594-6.jpg,,,RAV-RAVEDTAFEL-9300000133865809,,,,,,10,Raved,Size,"140 x 260 cm",,0,
2351123832450568,variation,9502113957239,,"Raved Kerst Tafelzeil - 140 140 - PVC - Afwasbaar - 140 x 250 cm",1,0,visible,,,,,taxable,parent,1,999,,0,0,,,,,0,,"23,95","43,89",,,,https://ravedfabrics.com/wp-content/uploads/2026/02/1200x1200-595.jpg,,,RAV-RAVEDTAFEL-9300000133865809,,,,,,9,Raved,Size,"140 x 250 cm",,0,
2351123832450554,variation,9508582669390,,"Raved Kerst Tafelzeil - 140 140 - PVC - Afwasbaar - 140 x 240 cm",1,0,visible,,,,,taxable,parent,1,999,,0,0,,,,,0,,"23,95","43,89",,,,https://ravedfabrics.com/wp-content/uploads/2026/02/1200x594-5.jpg,,,RAV-RAVEDTAFEL-9300000133865809,,,,,,8,Raved,Size,"140 x 240 cm",,0,
2351123832450550,variation,9503498723570,,"Raved Kerst Tafelzeil - 140 140 - PVC - Afwasbaar - 140 x 230 cm",1,0,visible,,,,,taxable,parent,1,999,,0,0,,,,,0,,"23,95","43,89",,,,https://ravedfabrics.com/wp-content/uploads/2026/02/1200x1200-593.jpg,,,RAV-RAVEDTAFEL-9300000133865809,,,,,,7,Raved,Size,"140 x 230 cm",,0,
2351123832450538,variation,9508648428350,,"Raved Kerst Tafelzeil - 140 140 - PVC - Afwasbaar - 140 x 200 cm",1,0,visible,,,,,taxable,parent,1,999,,0,0,,,,,0,,"23,95","43,89",,,,https://ravedfabrics.com/wp-content/uploads/2026/02/1200x1200-590.jpg,,,RAV-RAVEDTAFEL-9300000133865809,,,,,,5,Raved,Size,"140 x 200 cm",,0,
2351123832450539,variation,9509791861995,,"Raved Kerst Tafelzeil - 140 140 - PVC - Afwasbaar - 140 x 220 cm",1,0,visible,,,,,taxable,parent,1,999,,0,0,,,,,0,,"23,95","43,89",,,,https://ravedfabrics.com/wp-content/uploads/2026/02/1200x1200-16.jpg,,,RAV-RAVEDTAFEL-9300000133865809,,,,,,6,Raved,Size,"140 x 220 cm",,0,
2351123832450527,variation,9509997575795,,"Raved Kerst Tafelzeil - 140 140 - PVC - Afwasbaar - 140 x 180 cm",1,0,visible,,,,,taxable,parent,1,999,,0,0,,,,,0,,"23,95","43,89",,,,https://ravedfabrics.com/wp-content/uploads/2026/02/1200x594-4.jpg,,,RAV-RAVEDTAFEL-9300000133865809,,,,,,4,Raved,Size,"140 x 180 cm",,0,
2351123832450517,variation,9502934147369,,"Raved Kerst Tafelzeil - 140 140 - PVC - Afwasbaar - 140 x 160 cm",1,0,visible,,,,,taxable,parent,1,999,,0,0,,,,,0,,"23,95","43,89",,,,https://ravedfabrics.com/wp-content/uploads/2026/02/1200x1200-587.jpg,,,RAV-RAVEDTAFEL-9300000133865809,,,,,,3,Raved,Size,"140 x 160 cm",,0,
2351123832450502,variation,9503115888637,,"Raved Kerst Tafelzeil - 140 140 - PVC - Afwasbaar - 140 x 140 cm",1,0,visible,,,,,taxable,parent,1,999,,0,0,,,,,0,,"23,95","43,89",,,,https://ravedfabrics.com/wp-content/uploads/2026/02/1200x594-3.jpg,,,RAV-RAVEDTAFEL-9300000133865809,,,,,,2,Raved,Size,"140 x 140 cm",,0,
2351123832450473,variation,9506785961921,,"Raved Kerst Tafelzeil - 140 140 - PVC - Afwasbaar - 140 x 100 cm",1,0,visible,,,,,taxable,parent,1,999,,0,0,,,,,0,,"23,95","43,89",,,,https://ravedfabrics.com/wp-content/uploads/2026/02/1200x594-2.jpg,,,RAV-RAVEDTAFEL-9300000133865809,,,,,,1,Raved,Size,"140 x 100 cm",,0,
2351123832450430,variation,9503591645328,,"Raved Kerst Tafelzeil - 140 140 - PVC - Afwasbaar - 140 x 50 cm",1,0,visible,,,,,taxable,parent,1,999,,0,0,,,,,0,,"23,95","43,89",,,,https://ravedfabrics.com/wp-content/uploads/2026/02/1200x1200-585.jpg,,,RAV-RAVEDTAFEL-9300000133865809,,,,,,0,Raved,Size,"140 x 50 cm",,0,
2351123832450364,variation,9505922271725,,"Raved Tafelkleed/Tafelzeil Vierkant Hout Print Bruin/Beige ↔ 140 ↕ 140 - PVC - Afwasbaar - 140 x 200 cm",1,0,visible,,,,,taxable,parent,1,999,,0,0,,,,,0,,"25,95","37,99",,,,https://ravedfabrics.com/wp-content/uploads/2026/02/1200x607-11.jpg,,,RAV-RAVEDTAFEL-9300000087599396,,,,,,4,Raved,Size,"140 x 200 cm",,0,
2351123832450365,variation,9505333191858,,"Raved Tafelkleed/Tafelzeil Vierkant Hout Print Bruin/Beige ↔ 140 ↕ 140 - PVC - Afwasbaar - 140 x 220 cm",1,0,visible,,,,,taxable,parent,1,999,,0,0,,,,,0,,"25,95","37,99",,,,https://ravedfabrics.com/wp-content/uploads/2026/02/1200x607-3.jpg,,,RAV-RAVEDTAFEL-9300000087599396,,,,,,5,Raved,Size,"140 x 220 cm",,0,
2351123832450366,variation,9501346778529,,"Raved Tafelkleed/Tafelzeil Vierkant Hout Print Bruin/Beige ↔ 140 ↕ 140 - PVC - Afwasbaar - 140 x 230 cm",1,0,visible,,,,,taxable,parent,1,999,,0,0,,,,,0,,"25,95","37,99",,,,https://ravedfabrics.com/wp-content/uploads/2026/02/1200x607-12.jpg,,,RAV-RAVEDTAFEL-9300000087599396,,,,,,6,Raved,Size,"140 x 230 cm",,0,
2351123832450367,variation,9507691672970,,"Raved Tafelkleed/Tafelzeil Vierkant Hout Print Bruin/Beige ↔ 140 ↕ 140 - PVC - Afwasbaar - 140 x 240 cm",1,0,visible,,,,,taxable,parent,1,999,,0,0,,,,,0,,"25,95","37,99",,,,https://ravedfabrics.com/wp-content/uploads/2026/02/1200x607.jpg,,,RAV-RAVEDTAFEL-9300000087599396,,,,,,7,Raved,Size,"140 x 240 cm",,0,
2351123832450368,variation,9504931818679,,"Raved Tafelkleed/Tafelzeil Vierkant Hout Print Bruin/Beige ↔ 140 ↕ 140 - PVC - Afwasbaar - 140 x 250 cm",1,0,visible,,,,,taxable,parent,1,999,,0,0,,,,,0,,"25,95","37,99",,,,https://ravedfabrics.com/wp-content/uploads/2026/02/1200x607-4.jpg,,,RAV-RAVEDTAFEL-9300000087599396,,,,,,8,Raved,Size,"140 x 250 cm",,0,
2351123832450369,variation,9507756428443,,"Raved Tafelkleed/Tafelzeil Vierkant Hout Print Bruin/Beige ↔ 140 ↕ 140 - PVC - Afwasbaar - 140 x 260 cm",1,0,visible,,,,,taxable,parent,1,999,,0,0,,,,,0,,"25,95","37,99",,,,https://ravedfabrics.com/wp-content/uploads/2026/02/1200x607-5.jpg,,,RAV-RAVEDTAFEL-9300000087599396,,,,,,9,Raved,Size,"140 x 260 cm",,0,
2351123832450370,variation,9508129943440,,"Raved Tafelkleed/Tafelzeil Vierkant Hout Print Bruin/Beige ↔ 140 ↕ 140 - PVC - Afwasbaar - 140 x 270 cm",1,0,visible,,,,,taxable,parent,1,999,,0,0,,,,,0,,"25,95","37,99",,,,https://ravedfabrics.com/wp-content/uploads/2026/02/1200x607-6.jpg,,,RAV-RAVEDTAFEL-9300000087599396,,,,,,10,Raved,Size,"140 x 270 cm",,0,
2351123832450371,variation,9501922112464,,"Raved Tafelkleed/Tafelzeil Vierkant Hout Print Bruin/Beige ↔ 140 ↕ 140 - PVC - Afwasbaar - 140 x 280 cm",1,0,visible,,,,,taxable,parent,1,999,,0,0,,,,,0,,"25,95","37,99",,,,https://ravedfabrics.com/wp-content/uploads/2026/02/1200x607-7.jpg,,,RAV-RAVEDTAFEL-9300000087599396,,,,,,11,Raved,Size,"140 x 280 cm",,0,
2351123832450373,variation,9508591426311,,"Raved Tafelkleed/Tafelzeil Vierkant Hout Print Bruin/Beige ↔ 140 ↕ 140 - PVC - Afwasbaar - 140 x 290 cm",1,0,visible,,,,,taxable,parent,1,999,,0,0,,,,,0,,"25,95","37,99",,,,https://ravedfabrics.com/wp-content/uploads/2026/02/1200x1200-401.jpg,,,RAV-RAVEDTAFEL-9300000087599396,,,,,,12,Raved,Size,"140 x 290 cm",,0,
2351123832450374,variation,9508433294559,,"Raved Tafelkleed/Tafelzeil Vierkant Hout Print Bruin/Beige ↔ 140 ↕ 140 - PVC - Afwasbaar - 140 x 300 cm",1,0,visible,,,,,taxable,parent,1,999,,0,0,,,,,0,,"25,95","37,99",,,,https://ravedfabrics.com/wp-content/uploads/2026/02/1200x607-8.jpg,,,RAV-RAVEDTAFEL-9300000087599396,,,,,,13,Raved,Size,"140 x 300 cm",,0,
2351123832450375,variation,9502854711145,,"Raved Tafelkleed/Tafelzeil Vierkant Hout Print Bruin/Beige ↔ 140 ↕ 140 - PVC - Afwasbaar - 140 x 310 cm",1,0,visible,,,,,taxable,parent,1,999,,0,0,,,,,0,,"25,95","37,99",,,,https://ravedfabrics.com/wp-content/uploads/2026/02/1200x607-9.jpg,,,RAV-RAVEDTAFEL-9300000087599396,,,,,,14,Raved,Size,"140 x 310 cm",,0,
2351123832450377,variation,9509452112688,,"Raved Tafelkleed/Tafelzeil Vierkant Hout Print Bruin/Beige ↔ 140 ↕ 140 - PVC - Afwasbaar - 140 x 320 cm",1,0,visible,,,,,taxable,parent,1,999,,0,0,,,,,0,,"25,95","37,99",,,,https://ravedfabrics.com/wp-content/uploads/2026/02/1200x1200-480.jpg,,,RAV-RAVEDTAFEL-9300000087599396,,,,,,15,Raved,Size,"140 x 320 cm",,0,
2351123832450378,variation,9503265617156,,"Raved Tafelkleed/Tafelzeil Vierkant Hout Print Bruin/Beige ↔ 140 ↕ 140 - PVC - Afwasbaar - 140 x 350 cm",1,0,visible,,,,,taxable,parent,1,999,,0,0,,,,,0,,"25,95","37,99",,,,https://ravedfabrics.com/wp-content/uploads/2026/02/1200x607-10.jpg,,,RAV-RAVEDTAFEL-9300000087599396,,,,,,16,Raved,Size,"140 x 350 cm",,0,
2351123832450360,variation,9509348697466,,"Raved Tafelkleed/Tafelzeil Vierkant Hout Print Bruin/Beige ↔ 140 ↕ 140 - PVC - Afwasbaar - 140 x 100 cm",1,0,visible,,,,,taxable,parent,1,999,,0,0,,,,,0,,"25,95","37,99",,,,https://ravedfabrics.com/wp-content/uploads/2026/02/1200x607.jpg,,,RAV-RAVEDTAFEL-9300000087599396,,,,,,0,Raved,Size,"140 x 100 cm",,0,
2351123832450361,variation,9502566687660,,"Raved Tafelkleed/Tafelzeil Vierkant Hout Print Bruin/Beige ↔ 140 ↕ 140 - PVC - Afwasbaar - 140 x 140 cm",1,0,visible,,,,,taxable,parent,1,999,,0,0,,,,,0,,"25,95","37,99",,,,https://ravedfabrics.com/wp-content/uploads/2026/02/1200x607-1.jpg,,,RAV-RAVEDTAFEL-9300000087599396,,,,,,1,Raved,Size,"140 x 140 cm",,0,
2351123832450362,variation,9504924921386,,"Raved Tafelkleed/Tafelzeil Vierkant Hout Print Bruin/Beige ↔ 140 ↕ 140 - PVC - Afwasbaar - 140 x 160 cm",1,0,visible,,,,,taxable,parent,1,999,,0,0,,,,,0,,"25,95","37,99",,,,https://ravedfabrics.com/wp-content/uploads/2026/02/1200x1200-400.jpg,,,RAV-RAVEDTAFEL-9300000087599396,,,,,,2,Raved,Size,"140 x 160 cm",,0,
2351123832450363,variation,9509996167311,,"Raved Tafelkleed/Tafelzeil Vierkant Hout Print Bruin/Beige ↔ 140 ↕ 140 - PVC - Afwasbaar - 140 x 180 cm",1,0,visible,,,,,taxable,parent,1,999,,0,0,,,,,0,,"25,95","37,99",,,,https://ravedfabrics.com/wp-content/uploads/2026/02/1200x607-2.jpg,,,RAV-RAVEDTAFEL-9300000087599396,,,,,,3,Raved,Size,"140 x 180 cm",,0,
2351123832450437,variation,9509788281614,,"Raved Tafelzeil Kerst - Sneeuwvlokken 140 140 - Beige - PVC - Afwasbaar - 140 x 350 cm",1,0,visible,,,,,taxable,parent,1,999,,0,0,,,,,0,,,,,,,https://ravedfabrics.com/wp-content/uploads/2026/01/1200x1200-12.jpg,,,RAV-RAVEDTAFEL-9300000231120908,,,,,,14,Raved,Size,"140 x 350 cm",,0,
2351123832450426,variation,9505695295799,,"Raved Tafelzeil Kerst - Sneeuwvlokken 140 140 - Beige - PVC - Afwasbaar - 140 x 280 cm",1,0,visible,,,,,taxable,parent,1,999,,0,0,,,,,0,,,,,,,https://ravedfabrics.com/wp-content/uploads/2026/01/1200x1200-10.jpg,,,RAV-RAVEDTAFEL-9300000231120908,,,,,,10,Raved,Size,"140 x 280 cm",,0,
2351123832450428,variation,9504735249532,,"Raved Tafelzeil Kerst - Sneeuwvlokken 140 140 - Beige - PVC - Afwasbaar - 140 x 290 cm",1,0,visible,,,,,taxable,parent,1,999,,0,0,,,,,0,,,,,,,https://ravedfabrics.com/wp-content/uploads/2026/01/1200x1200-6.jpg,,,RAV-RAVEDTAFEL-9300000231120908,,,,,,11,Raved,Size,"140 x 290 cm",,0,
2351123832450431,variation,9505924485410,,"Raved Tafelzeil Kerst - Sneeuwvlokken 140 140 - Beige - PVC - Afwasbaar - 140 x 300 cm",1,0,visible,,,,,taxable,parent,1,999,,0,0,,,,,0,,,,,,,https://ravedfabrics.com/wp-content/uploads/2026/01/1200x1200-15.jpg,,,RAV-RAVEDTAFEL-9300000231120908,,,,,,12,Raved,Size,"140 x 300 cm",,0,
2351123832450435,variation,9507173561327,,"Raved Tafelzeil Kerst - Sneeuwvlokken 140 140 - Beige - PVC - Afwasbaar - 140 x 310 cm",1,0,visible,,,,,taxable,parent,1,999,,0,0,,,,,0,,,,,,,https://ravedfabrics.com/wp-content/uploads/2026/01/1200x1200-11.jpg,,,RAV-RAVEDTAFEL-9300000231120908,,,,,,13,Raved,Size,"140 x 310 cm",,0,
2351123832450411,variation,9502152727213,,"Raved Tafelzeil Kerst - Sneeuwvlokken 140 140 - Beige - PVC - Afwasbaar - 140 x 100 cm",1,0,visible,,,,,taxable,parent,1,999,,0,0,,,,,0,,,,,,,https://ravedfabrics.com/wp-content/uploads/2026/01/1200x1200-3.jpg,,,RAV-RAVEDTAFEL-9300000231120908,,,,,,0,Raved,Size,"140 x 100 cm",,0,
2351123832450413,variation,9502752151845,,"Raved Tafelzeil Kerst - Sneeuwvlokken 140 140 - Beige - PVC - Afwasbaar - 140 x 140 cm",1,0,visible,,,,,taxable,parent,1,999,,0,0,,,,,0,,,,,,,https://ravedfabrics.com/wp-content/uploads/2026/01/1200x1200-4.jpg,,,RAV-RAVEDTAFEL-9300000231120908,,,,,,1,Raved,Size,"140 x 140 cm",,0,
2351123832450415,variation,9503963791233,,"Raved Tafelzeil Kerst - Sneeuwvlokken 140 140 - Beige - PVC - Afwasbaar - 140 x 160 cm",1,0,visible,,,,,taxable,parent,1,999,,0,0,,,,,0,,,,,,,https://ravedfabrics.com/wp-content/uploads/2026/01/1200x1200-9.jpg,,,RAV-RAVEDTAFEL-9300000231120908,,,,,,2,Raved,Size,"140 x 160 cm",,0,
2351123832450418,variation,9504868246149,,"Raved Tafelzeil Kerst - Sneeuwvlokken 140 140 - Beige - PVC - Afwasbaar - 140 x 180 cm",1,0,visible,,,,,taxable,parent,1,999,,0,0,,,,,0,,,,,,,https://ravedfabrics.com/wp-content/uploads/2026/01/1200x1200-8.jpg,,,RAV-RAVEDTAFEL-9300000231120908,,,,,,3,Raved,Size,"140 x 180 cm",,0,
2351123832450419,variation,9507592164819,,"Raved Tafelzeil Kerst - Sneeuwvlokken 140 140 - Beige - PVC - Afwasbaar - 140 x 220 cm",1,0,visible,,,,,taxable,parent,1,999,,0,0,,,,,0,,,,,,,https://ravedfabrics.com/wp-content/uploads/2026/01/1200x1200-16.jpg,,,RAV-RAVEDTAFEL-9300000231120908,,,,,,4,Raved,Size,"140 x 220 cm",,0,
2351123832450420,variation,9505765748873,,"Raved Tafelzeil Kerst - Sneeuwvlokken 140 140 - Beige - PVC - Afwasbaar - 140 x 230 cm",1,0,visible,,,,,taxable,parent,1,999,,0,0,,,,,0,,,,,,,https://ravedfabrics.com/wp-content/uploads/2026/01/1200x1200-14.jpg,,,RAV-RAVEDTAFEL-9300000231120908,,,,,,5,Raved,Size,"140 x 230 cm",,0,
2351123832450421,variation,9504785669489,,"Raved Tafelzeil Kerst - Sneeuwvlokken 140 140 - Beige - PVC - Afwasbaar - 140 x 240 cm",1,0,visible,,,,,taxable,parent,1,999,,0,0,,,,,0,,,,,,,https://ravedfabrics.com/wp-content/uploads/2026/01/1200x1200-5.jpg,,,RAV-RAVEDTAFEL-9300000231120908,,,,,,6,Raved,Size,"140 x 240 cm",,0,
2351123832450422,variation,9506443434729,,"Raved Tafelzeil Kerst - Sneeuwvlokken 140 140 - Beige - PVC - Afwasbaar - 140 x 250 cm",1,0,visible,,,,,taxable,parent,1,999,,0,0,,,,,0,,,,,,,https://ravedfabrics.com/wp-content/uploads/2026/01/1200x1200-17.jpg,,,RAV-RAVEDTAFEL-9300000231120908,,,,,,7,Raved,Size,"140 x 250 cm",,0,
2351123832450423,variation,9505983834884,,"Raved Tafelzeil Kerst - Sneeuwvlokken 140 140 - Beige - PVC - Afwasbaar - 140 x 260 cm",1,0,visible,,,,,taxable,parent,1,999,,0,0,,,,,0,,,,,,,https://ravedfabrics.com/wp-content/uploads/2026/01/1200x1200-13.jpg,,,RAV-RAVEDTAFEL-9300000231120908,,,,,,8,Raved,Size,"140 x 260 cm",,0,
2351123832450424,variation,9501222942617,,"Raved Tafelzeil Kerst - Sneeuwvlokken 140 140 - Beige - PVC - Afwasbaar - 140 x 270 cm",1,0,visible,,,,,taxable,parent,1,999,,0,0,,,,,0,,,,,,,https://ravedfabrics.com/wp-content/uploads/2026/01/1200x1200-7.jpg,,,RAV-RAVEDTAFEL-9300000231120908,,,,,,9,Raved,Size,"140 x 270 cm",,0,
2351123832450622,variation,8720707634538,,"Raved Tafelzeil 140 140 - PVC - Afwasbaar - 140 x 350 cm",1,0,visible,,,,,taxable,parent,1,999,,0,0,,,,,0,,"23,95","37,99",,,,https://ravedfabrics.com/wp-content/uploads/2026/02/1200x558-17.jpg,,,RAV-RAVEDTAFEL-9300000177517673,,,,,,17,Raved,Size,"140 x 350 cm",,0,
2351123832450616,variation,8720707634521,,"Raved Tafelzeil 140 140 - PVC - Afwasbaar - 140 x 320 cm",1,0,visible,,,,,taxable,parent,1,999,,0,0,,,,,0,,"23,95","37,99",,,,https://ravedfabrics.com/wp-content/uploads/2026/02/1200x558-16.jpg,,,RAV-RAVEDTAFEL-9300000177517673,,,,,,16,Raved,Size,"140 x 320 cm",,0,
2351123832450611,variation,8720707634514,,"Raved Tafelzeil 140 140 - PVC - Afwasbaar - 140 x 310 cm",1,0,visible,,,,,taxable,parent,1,999,,0,0,,,,,0,,"23,95","37,99",,,,https://ravedfabrics.com/wp-content/uploads/2026/02/1200x558-15.jpg,,,RAV-RAVEDTAFEL-9300000177517673,,,,,,15,Raved,Size,"140 x 310 cm",,0,
2351123832450606,variation,8720707634507,,"Raved Tafelzeil 140 140 - PVC - Afwasbaar - 140 x 300 cm",1,0,visible,,,,,taxable,parent,1,999,,0,0,,,,,0,,"23,95","37,99",,,,https://ravedfabrics.com/wp-content/uploads/2026/02/1200x558-14.jpg,,,RAV-RAVEDTAFEL-9300000177517673,,,,,,14,Raved,Size,"140 x 300 cm",,0,
2351123832450600,variation,8720707634491,,"Raved Tafelzeil 140 140 - PVC - Afwasbaar - 140 x 290 cm",1,0,visible,,,,,taxable,parent,1,999,,0,0,,,,,0,,"23,95","37,99",,,,https://ravedfabrics.com/wp-content/uploads/2026/02/1200x558-13.jpg,,,RAV-RAVEDTAFEL-9300000177517673,,,,,,13,Raved,Size,"140 x 290 cm",,0,
2351123832450593,variation,8720707634484,,"Raved Tafelzeil 140 140 - PVC - Afwasbaar - 140 x 280 cm",1,0,visible,,,,,taxable,parent,1,999,,0,0,,,,,0,,"23,95","37,99",,,,https://ravedfabrics.com/wp-content/uploads/2026/02/1200x558-12.jpg,,,RAV-RAVEDTAFEL-9300000177517673,,,,,,12,Raved,Size,"140 x 280 cm",,0,
2351123832450583,variation,8720707634477,,"Raved Tafelzeil 140 140 - PVC - Afwasbaar - 140 x 270 cm",1,0,visible,,,,,taxable,parent,1,999,,0,0,,,,,0,,"23,95","37,99",,,,https://ravedfabrics.com/wp-content/uploads/2026/02/1200x558-11.jpg,,,RAV-RAVEDTAFEL-9300000177517673,,,,,,11,Raved,Size,"140 x 270 cm",,0,
2351123832450577,variation,8720707634460,,"Raved Tafelzeil 140 140 - PVC - Afwasbaar - 140 x 260 cm",1,0,visible,,,,,taxable,parent,1,999,,0,0,,,,,0,,"23,95","37,99",,,,https://ravedfabrics.com/wp-content/uploads/2026/02/1200x558-10.jpg,,,RAV-RAVEDTAFEL-9300000177517673,,,,,,10,Raved,Size,"140 x 260 cm",,0,
2351123832450571,variation,8720707634453,,"Raved Tafelzeil 140 140 - PVC - Afwasbaar - 140 x 250 cm",1,0,visible,,,,,taxable,parent,1,999,,0,0,,,,,0,,"23,95","37,99",,,,https://ravedfabrics.com/wp-content/uploads/2026/02/1200x558-9.jpg,,,RAV-RAVEDTAFEL-9300000177517673,,,,,,9,Raved,Size,"140 x 250 cm",,0,
2351123832450564,variation,8720707634446,,"Raved Tafelzeil 140 140 - PVC - Afwasbaar - 140 x 240 cm",1,0,visible,,,,,taxable,parent,1,999,,0,0,,,,,0,,"23,95","37,99",,,,https://ravedfabrics.com/wp-content/uploads/2026/02/1200x558-8.jpg,,,RAV-RAVEDTAFEL-9300000177517673,,,,,,8,Raved,Size,"140 x 240 cm",,0,
2351123832450560,variation,8720707634422,,"Raved Tafelzeil 140 140 - PVC - Afwasbaar - 140 x 220 cm",1,0,visible,,,,,taxable,parent,1,999,,0,0,,,,,0,,"23,95","37,99",,,,https://ravedfabrics.com/wp-content/uploads/2026/02/1200x558-7.jpg,,,RAV-RAVEDTAFEL-9300000177517673,,,,,,6,Raved,Size,"140 x 220 cm",,0,
2351123832450561,variation,8720707634439,,"Raved Tafelzeil 140 140 - PVC - Afwasbaar - 140 x 230 cm",1,0,visible,,,,,taxable,parent,1,999,,0,0,,,,,0,,"23,95","37,99",,,,https://ravedfabrics.com/wp-content/uploads/2026/02/1200x558.jpg,,,RAV-RAVEDTAFEL-9300000177517673,,,,,,7,Raved,Size,"140 x 230 cm",,0,
2351123832450552,variation,8720707634408,,"Raved Tafelzeil 140 140 - PVC - Afwasbaar - 140 x 200 cm",1,0,visible,,,,,taxable,parent,1,999,,0,0,,,,,0,,"23,95","37,99",,,,https://ravedfabrics.com/wp-content/uploads/2026/02/1200x558-6.jpg,,,RAV-RAVEDTAFEL-9300000177517673,,,,,,5,Raved,Size,"140 x 200 cm",,0,
2351123832450544,variation,8720707634385,,"Raved Tafelzeil 140 140 - PVC - Afwasbaar - 140 x 180 cm",1,0,visible,,,,,taxable,parent,1,999,,0,0,,,,,0,,"23,95","37,99",,,,https://ravedfabrics.com/wp-content/uploads/2026/02/1200x558-5.jpg,,,RAV-RAVEDTAFEL-9300000177517673,,,,,,4,Raved,Size,"140 x 180 cm",,0,
2351123832450540,variation,8720707634361,,"Raved Tafelzeil 140 140 - PVC - Afwasbaar - 140 x 160 cm",1,0,visible,,,,,taxable,parent,1,999,,0,0,,,,,0,,"23,95","37,99",,,,https://ravedfabrics.com/wp-content/uploads/2026/02/1200x558-4.jpg,,,RAV-RAVEDTAFEL-9300000177517673,,,,,,3,Raved,Size,"140 x 160 cm",,0,
2351123832450528,variation,8720707634347,,"Raved Tafelzeil 140 140 - PVC - Afwasbaar - 140 x 140 cm",1,0,visible,,,,,taxable,parent,1,999,,0,0,,,,,0,,"23,95","37,99",,,,https://ravedfabrics.com/wp-content/uploads/2026/02/1200x558-3.jpg,,,RAV-RAVEDTAFEL-9300000177517673,,,,,,2,Raved,Size,"140 x 140 cm",,0,
2351123832450518,variation,8720707634309,,"Raved Tafelzeil 140 140 - PVC - Afwasbaar - 140 x 100 cm",1,0,visible,,,,,taxable,parent,1,999,,0,0,,,,,0,,"23,95","37,99",,,,https://ravedfabrics.com/wp-content/uploads/2026/02/1200x558-2.jpg,,,RAV-RAVEDTAFEL-9300000177517673,,,,,,1,Raved,Size,"140 x 100 cm",,0,
2351123832450514,variation,8720707634293,,"Raved Tafelzeil 140 140 - PVC - Afwasbaar - 140 x 50 cm",1,0,visible,,,,,taxable,parent,1,999,,0,0,,,,,0,,"23,95","37,99",,,,https://ravedfabrics.com/wp-content/uploads/2026/02/1200x558-1.jpg,,,RAV-RAVEDTAFEL-9300000177517673,,,,,,0,Raved,Size,"140 x 50 cm",,0,
2351123832450452,variation,9505724373221,,"Raved Tafelzeil Design Kleurrijk 140 140 - PVC - Afwasbaar - 140 x 320 cm",1,0,visible,,,,,taxable,parent,1,999,,0,0,,,,,0,,"23,95","37,99",,,,https://ravedfabrics.com/wp-content/uploads/2026/02/1200x1200-146.jpg,,,RAV-RAVEDTAFEL-9300000088003812,,,,,,16,Raved,Size,"140 x 320 cm",,0,
2351123832450453,variation,9501329476190,,"Raved Tafelzeil Design Kleurrijk 140 140 - PVC - Afwasbaar - 140 x 350 cm",1,0,visible,,,,,taxable,parent,1,999,,0,0,,,,,0,,"23,95","37,99",,,,https://ravedfabrics.com/wp-content/uploads/2026/02/1200x1200-147.jpg,,,RAV-RAVEDTAFEL-9300000088003812,,,,,,17,Raved,Size,"140 x 350 cm",,0,
2351123832450444,variation,9508844382135,,"Raved Tafelzeil Design Kleurrijk 140 140 - PVC - Afwasbaar - 140 x 260 cm",1,0,visible,,,,,taxable,parent,1,999,,0,0,,,,,0,,"23,95","37,99",,,,https://ravedfabrics.com/wp-content/uploads/2026/02/1200x1200-133.jpg,,,RAV-RAVEDTAFEL-9300000088003812,,,,,,10,Raved,Size,"140 x 260 cm",,0,
2351123832450446,variation,9505821416326,,"Raved Tafelzeil Design Kleurrijk 140 140 - PVC - Afwasbaar - 140 x 270 cm",1,0,visible,,,,,taxable,parent,1,999,,0,0,,,,,0,,"23,95","37,99",,,,https://ravedfabrics.com/wp-content/uploads/2026/02/1200x1200-136.jpg,,,RAV-RAVEDTAFEL-9300000088003812,,,,,,11,Raved,Size,"140 x 270 cm",,0,
2351123832450448,variation,9509767271247,,"Raved Tafelzeil Design Kleurrijk 140 140 - PVC - Afwasbaar - 140 x 280 cm",1,0,visible,,,,,taxable,parent,1,999,,0,0,,,,,0,,"23,95","37,99",,,,https://ravedfabrics.com/wp-content/uploads/2026/02/1200x1200-138.jpg,,,RAV-RAVEDTAFEL-9300000088003812,,,,,,12,Raved,Size,"140 x 280 cm",,0,
2351123832450449,variation,9501431367829,,"Raved Tafelzeil Design Kleurrijk 140 140 - PVC - Afwasbaar - 140 x 290 cm",1,0,visible,,,,,taxable,parent,1,999,,0,0,,,,,0,,"23,95","37,99",,,,https://ravedfabrics.com/wp-content/uploads/2026/02/1200x1200-140.jpg,,,RAV-RAVEDTAFEL-9300000088003812,,,,,,13,Raved,Size,"140 x 290 cm",,0,
2351123832450450,variation,9505465943486,,"Raved Tafelzeil Design Kleurrijk 140 140 - PVC - Afwasbaar - 140 x 300 cm",1,0,visible,,,,,taxable,parent,1,999,,0,0,,,,,0,,"23,95","37,99",,,,https://ravedfabrics.com/wp-content/uploads/2026/02/1200x1200-141.jpg,,,RAV-RAVEDTAFEL-9300000088003812,,,,,,14,Raved,Size,"140 x 300 cm",,0,
2351123832450451,variation,9502344547629,,"Raved Tafelzeil Design Kleurrijk 140 140 - PVC - Afwasbaar - 140 x 310 cm",1,0,visible,,,,,taxable,parent,1,999,,0,0,,,,,0,,"23,95","37,99",,,,https://ravedfabrics.com/wp-content/uploads/2026/02/1200x1200-144.jpg,,,RAV-RAVEDTAFEL-9300000088003812,,,,,,15,Raved,Size,"140 x 310 cm",,0,
2351123832450461,variation,9504792291314,,"Raved Tafelzeil 140 140 - PVC - Afwasbaar - 140 x 270 cm",1,0,visible,,,,,taxable,parent,1,999,,0,0,,,,,0,,"23,95","49,89",,,,https://ravedfabrics.com/wp-content/uploads/2026/02/1200x1200-508.jpg,,,RAV-RAVEDTAFEL-9300000193285940,,,,,,11,Raved,Size,"140 x 270 cm",,0,
2351123832450464,variation,9504655685885,,"Raved Tafelzeil 140 140 - PVC - Afwasbaar - 140 x 280 cm",1,0,visible,,,,,taxable,parent,1,999,,0,0,,,,,0,,"23,95","49,89",,,,https://ravedfabrics.com/wp-content/uploads/2026/02/1200x1200-500.jpg,,,RAV-RAVEDTAFEL-9300000193285940,,,,,,12,Raved,Size,"140 x 280 cm",,0,
2351123832450466,variation,9509922273963,,"Raved Tafelzeil 140 140 - PVC - Afwasbaar - 140 x 290 cm",1,0,visible,,,,,taxable,parent,1,999,,0,0,,,,,0,,"23,95","49,89",,,,https://ravedfabrics.com/wp-content/uploads/2026/02/1200x1200-509.jpg,,,RAV-RAVEDTAFEL-9300000193285940,,,,,,13,Raved,Size,"140 x 290 cm",,0,
2351123832450468,variation,9504761572598,,"Raved Tafelzeil 140 140 - PVC - Afwasbaar - 140 x 300 cm",1,0,visible,,,,,taxable,parent,1,999,,0,0,,,,,0,,"23,95","49,89",,,,https://ravedfabrics.com/wp-content/uploads/2026/02/1200x1200-510.jpg,,,RAV-RAVEDTAFEL-9300000193285940,,,,,,14,Raved,Size,"140 x 300 cm",,0,
2351123832450470,variation,9504114341444,,"Raved Tafelzeil 140 140 - PVC - Afwasbaar - 140 x 310 cm",1,0,visible,,,,,taxable,parent,1,999,,0,0,,,,,0,,"23,95","49,89",,,,https://ravedfabrics.com/wp-content/uploads/2026/02/1200x1200-511.jpg,,,RAV-RAVEDTAFEL-9300000193285940,,,,,,15,Raved,Size,"140 x 310 cm",,0,
2351123832450472,variation,9509764939683,,"Raved Tafelzeil 140 140 - PVC - Afwasbaar - 140 x 320 cm",1,0,visible,,,,,taxable,parent,1,999,,0,0,,,,,0,,"23,95","49,89",,,,https://ravedfabrics.com/wp-content/uploads/2026/02/1200x590-153.jpg,,,RAV-RAVEDTAFEL-9300000193285940,,,,,,16,Raved,Size,"140 x 320 cm",,0,
2351123832450475,variation,9506587326249,,"Raved Tafelzeil 140 140 - PVC - Afwasbaar - 140 x 350 cm",1,0,visible,,,,,taxable,parent,1,999,,0,0,,,,,0,,"23,95","49,89",,,,https://ravedfabrics.com/wp-content/uploads/2026/02/1200x1200-512.jpg,,,RAV-RAVEDTAFEL-9300000193285940,,,,,,17,Raved,Size,"140 x 350 cm",,0,
2351123832450477,variation,9501435821761,,"Raved Tafelzeil Lente Bloemen 140 140 - Grijs - PVC - Afwasbaar - 140 x 290 cm",1,0,visible,,,,,taxable,parent,1,999,,0,0,,,,,0,,"23,95","37,99",,,,https://ravedfabrics.com/wp-content/uploads/2026/02/1200x1200-318.jpg,,,RAV-RAVEDTAFEL-9300000175765180,,,,,,13,Raved,Size,"140 x 290 cm",,0,
2351123832450478,variation,9506417368692,,"Raved Tafelzeil Lente Bloemen 140 140 - Grijs - PVC - Afwasbaar - 140 x 300 cm",1,0,visible,,,,,taxable,parent,1,999,,0,0,,,,,0,,"23,95","37,99",,,,https://ravedfabrics.com/wp-content/uploads/2026/02/1200x1200-319.jpg,,,RAV-RAVEDTAFEL-9300000175765180,,,,,,14,Raved,Size,"140 x 300 cm",,0,
2351123832450479,variation,9504378853769,,"Raved Tafelzeil Lente Bloemen 140 140 - Grijs - PVC - Afwasbaar - 140 x 310 cm",1,0,visible,,,,,taxable,parent,1,999,,0,0,,,,,0,,"23,95","37,99",,,,https://ravedfabrics.com/wp-content/uploads/2026/02/1200x1200-320.jpg,,,RAV-RAVEDTAFEL-9300000175765180,,,,,,15,Raved,Size,"140 x 310 cm",,0,
2351123832450480,variation,9502658935990,,"Raved Tafelzeil Lente Bloemen 140 140 - Grijs - PVC - Afwasbaar - 140 x 320 cm",1,0,visible,,,,,taxable,parent,1,999,,0,0,,,,,0,,"23,95","37,99",,,,https://ravedfabrics.com/wp-content/uploads/2026/02/1200x1200-321.jpg,,,RAV-RAVEDTAFEL-9300000175765180,,,,,,16,Raved,Size,"140 x 320 cm",,0,
2351123832450482,variation,9503467861227,,"Raved Tafelzeil Lente Bloemen 140 140 - Grijs - PVC - Afwasbaar - 140 x 350 cm",1,0,visible,,,,,taxable,parent,1,999,,0,0,,,,,0,,"23,95","37,99",,,,https://ravedfabrics.com/wp-content/uploads/2026/02/1200x1200-322.jpg,,,RAV-RAVEDTAFEL-9300000175765180,,,,,,17,Raved,Size,"140 x 350 cm",,0,
2351123832450456,variation,9504297346113,,"Raved Tafelzeil Lente Bloemen 140 140 - Grijs - PVC - Afwasbaar - 140 x 100 cm",1,0,visible,,,,,taxable,parent,1,999,,0,0,,,,,0,,"23,95","37,99",,,,https://ravedfabrics.com/wp-content/uploads/2026/02/1200x1019-9.jpg,,,RAV-RAVEDTAFEL-9300000175765180,,,,,,1,Raved,Size,"140 x 100 cm",,0,
2351123832450458,variation,9507795712923,,"Raved Tafelzeil Lente Bloemen 140 140 - Grijs - PVC - Afwasbaar - 140 x 140 cm",1,0,visible,,,,,taxable,parent,1,999,,0,0,,,,,0,,"23,95","37,99",,,,https://ravedfabrics.com/wp-content/uploads/2026/02/1200x1019-10.jpg,,,RAV-RAVEDTAFEL-9300000175765180,,,,,,2,Raved,Size,"140 x 140 cm",,0,
2351123832450459,variation,9509189424245,,"Raved Tafelzeil Lente Bloemen 140 140 - Grijs - PVC - Afwasbaar - 140 x 160 cm",1,0,visible,,,,,taxable,parent,1,999,,0,0,,,,,0,,"23,95","37,99",,,,https://ravedfabrics.com/wp-content/uploads/2026/02/1200x1019-11.jpg,,,RAV-RAVEDTAFEL-9300000175765180,,,,,,3,Raved,Size,"140 x 160 cm",,0,
2351123832450460,variation,9505964144636,,"Raved Tafelzeil Lente Bloemen 140 140 - Grijs - PVC - Afwasbaar - 140 x 180 cm",1,0,visible,,,,,taxable,parent,1,999,,0,0,,,,,0,,"23,95","37,99",,,,https://ravedfabrics.com/wp-content/uploads/2026/02/1200x1019-12.jpg,,,RAV-RAVEDTAFEL-9300000175765180,,,,,,4,Raved,Size,"140 x 180 cm",,0,
2351123832450462,variation,9505989834437,,"Raved Tafelzeil Lente Bloemen 140 140 - Grijs - PVC - Afwasbaar - 140 x 200 cm",1,0,visible,,,,,taxable,parent,1,999,,0,0,,,,,0,,"23,95","37,99",,,,https://ravedfabrics.com/wp-content/uploads/2026/02/1200x1200-311.jpg,,,RAV-RAVEDTAFEL-9300000175765180,,,,,,5,Raved,Size,"140 x 200 cm",,0,
2351123832450463,variation,9504825688937,,"Raved Tafelzeil Lente Bloemen 140 140 - Grijs - PVC - Afwasbaar - 140 x 220 cm",1,0,visible,,,,,taxable,parent,1,999,,0,0,,,,,0,,"23,95","37,99",,,,https://ravedfabrics.com/wp-content/uploads/2026/02/1200x1200-312.jpg,,,RAV-RAVEDTAFEL-9300000175765180,,,,,,6,Raved,Size,"140 x 220 cm",,0,
2351123832450465,variation,9501429191412,,"Raved Tafelzeil Lente Bloemen 140 140 - Grijs - PVC - Afwasbaar - 140 x 230 cm",1,0,visible,,,,,taxable,parent,1,999,,0,0,,,,,0,,"23,95","37,99",,,,https://ravedfabrics.com/wp-content/uploads/2026/02/1200x1200-313.jpg,,,RAV-RAVEDTAFEL-9300000175765180,,,,,,7,Raved,Size,"140 x 230 cm",,0,
2351123832450467,variation,9508625189540,,"Raved Tafelzeil Lente Bloemen 140 140 - Grijs - PVC - Afwasbaar - 140 x 240 cm",1,0,visible,,,,,taxable,parent,1,999,,0,0,,,,,0,,"23,95","37,99",,,,https://ravedfabrics.com/wp-content/uploads/2026/02/1200x1200-318.jpg,,,RAV-RAVEDTAFEL-9300000175765180,,,,,,8,Raved,Size,"140 x 240 cm",,0,
2351123832450469,variation,9502945487522,,"Raved Tafelzeil Lente Bloemen 140 140 - Grijs - PVC - Afwasbaar - 140 x 250 cm",1,0,visible,,,,,taxable,parent,1,999,,0,0,,,,,0,,"23,95","37,99",,,,https://ravedfabrics.com/wp-content/uploads/2026/02/1200x1200-314.jpg,,,RAV-RAVEDTAFEL-9300000175765180,,,,,,9,Raved,Size,"140 x 250 cm",,0,
2351123832450471,variation,9504399496822,,"Raved Tafelzeil Lente Bloemen 140 140 - Grijs - PVC - Afwasbaar - 140 x 260 cm",1,0,visible,,,,,taxable,parent,1,999,,0,0,,,,,0,,"23,95","37,99",,,,https://ravedfabrics.com/wp-content/uploads/2026/02/1200x1200-315.jpg,,,RAV-RAVEDTAFEL-9300000175765180,,,,,,10,Raved,Size,"140 x 260 cm",,0,
2351123832450474,variation,9501662467466,,"Raved Tafelzeil Lente Bloemen 140 140 - Grijs - PVC - Afwasbaar - 140 x 270 cm",1,0,visible,,,,,taxable,parent,1,999,,0,0,,,,,0,,"23,95","37,99",,,,https://ravedfabrics.com/wp-content/uploads/2026/02/1200x1200-316.jpg,,,RAV-RAVEDTAFEL-9300000175765180,,,,,,11,Raved,Size,"140 x 270 cm",,0,
2351123832450476,variation,9505745544686,,"Raved Tafelzeil Lente Bloemen 140 140 - Grijs - PVC - Afwasbaar - 140 x 280 cm",1,0,visible,,,,,taxable,parent,1,999,,0,0,,,,,0,,"23,95","37,99",,,,https://ravedfabrics.com/wp-content/uploads/2026/02/1200x1200-317.jpg,,,RAV-RAVEDTAFEL-9300000175765180,,,,,,12,Raved,Size,"140 x 280 cm",,0,
2351123832450455,variation,9509548943950,,"Raved Tafelzeil Lente Bloemen 140 140 - Grijs - PVC - Afwasbaar - 140 x 50 cm",1,0,visible,,,,,taxable,parent,1,999,,0,0,,,,,0,,"23,95","37,99",,,,https://ravedfabrics.com/wp-content/uploads/2026/02/1200x1200-310.jpg,,,RAV-RAVEDTAFEL-9300000175765180,,,,,,0,Raved,Size,"140 x 50 cm",,0,
2351123832450722,variation,9509165186488,,"Raved Tafelzeil 140 140 - PVC - Afwasbaar - 140 x 350 cm",1,0,visible,,,,,taxable,parent,1,999,,0,0,,,,,0,,"31,99","35,99",,,,https://ravedfabrics.com/wp-content/uploads/2026/02/1200x1200-614.jpg,,,RAV-RAVEDTAFEL-9300000179030934,,,,,,17,Raved,Size,"140 x 350 cm",,0,
2351123832450694,variation,9502213679871,,"Raved Tafelzeil 140 140 - PVC - Afwasbaar - 140 x 320 cm",1,0,visible,,,,,taxable,parent,1,999,,0,0,,,,,0,,"31,99","35,99",,,,https://ravedfabrics.com/wp-content/uploads/2026/02/1200x590-175.jpg,,,RAV-RAVEDTAFEL-9300000179030934,,,,,,16,Raved,Size,"140 x 320 cm",,0,
2351123832450669,variation,9507485164643,,"Raved Tafelzeil 140 140 - PVC - Afwasbaar - 140 x 310 cm",1,0,visible,,,,,taxable,parent,1,999,,0,0,,,,,0,,"31,99","35,99",,,,https://ravedfabrics.com/wp-content/uploads/2026/02/1200x590-174.jpg,,,RAV-RAVEDTAFEL-9300000179030934,,,,,,15,Raved,Size,"140 x 310 cm",,0,
2351123832450663,variation,9507981283145,,"Raved Tafelzeil 140 140 - PVC - Afwasbaar - 140 x 300 cm",1,0,visible,,,,,taxable,parent,1,999,,0,0,,,,,0,,"31,99","35,99",,,,https://ravedfabrics.com/wp-content/uploads/2026/02/1200x1200-607.jpg,,,RAV-RAVEDTAFEL-9300000179030934,,,,,,14,Raved,Size,"140 x 300 cm",,0,
2351123832450644,variation,9508415727921,,"Raved Tafelzeil 140 140 - PVC - Afwasbaar - 140 x 290 cm",1,0,visible,,,,,taxable,parent,1,999,,0,0,,,,,0,,"31,99","35,99",,,,https://ravedfabrics.com/wp-content/uploads/2026/02/1200x1200-605.jpg,,,RAV-RAVEDTAFEL-9300000179030934,,,,,,13,Raved,Size,"140 x 290 cm",,0,
2351123832450620,variation,9502612331158,,"Raved Tafelzeil 140 140 - PVC - Afwasbaar - 140 x 280 cm",1,0,visible,,,,,taxable,parent,1,999,,0,0,,,,,0,,"31,99","35,99",,,,https://ravedfabrics.com/wp-content/uploads/2026/02/1200x590-173.jpg,,,RAV-RAVEDTAFEL-9300000179030934,,,,,,12,Raved,Size,"140 x 280 cm",,0,
2351123832450613,variation,9506852234989,,"Raved Tafelzeil 140 140 - PVC - Afwasbaar - 140 x 270 cm",1,0,visible,,,,,taxable,parent,1,999,,0,0,,,,,0,,"31,99","35,99",,,,https://ravedfabrics.com/wp-content/uploads/2026/02/1200x1200-602.jpg,,,RAV-RAVEDTAFEL-9300000179030934,,,,,,11,Raved,Size,"140 x 270 cm",,0,
2351123832450604,variation,9509465279927,,"Raved Tafelzeil 140 140 - PVC - Afwasbaar - 140 x 260 cm",1,0,visible,,,,,taxable,parent,1,999,,0,0,,,,,0,,"31,99","35,99",,,,https://ravedfabrics.com/wp-content/uploads/2026/02/1200x590-172.jpg,,,RAV-RAVEDTAFEL-9300000179030934,,,,,,10,Raved,Size,"140 x 260 cm",,0,
2351123832450590,variation,9501897133549,,"Raved Tafelzeil 140 140 - PVC - Afwasbaar - 140 x 250 cm",1,0,visible,,,,,taxable,parent,1,999,,0,0,,,,,0,,"31,99","35,99",,,,https://ravedfabrics.com/wp-content/uploads/2026/02/1200x1200-599.jpg,,,RAV-RAVEDTAFEL-9300000179030934,,,,,,9,Raved,Size,"140 x 250 cm",,0,
2351123832450580,variation,9506976125170,,"Raved Tafelzeil 140 140 - PVC - Afwasbaar - 140 x 230 cm",1,0,visible,,,,,taxable,parent,1,999,,0,0,,,,,0,,"31,99","35,99",,,,https://ravedfabrics.com/wp-content/uploads/2026/02/1200x1200-598.jpg,,,RAV-RAVEDTAFEL-9300000179030934,,,,,,7,Raved,Size,"140 x 230 cm",,0,
2351123832450581,variation,9501656252955,,"Raved Tafelzeil 140 140 - PVC - Afwasbaar - 140 x 240 cm",1,0,visible,,,,,taxable,parent,1,999,,0,0,,,,,0,,"31,99","35,99",,,,https://ravedfabrics.com/wp-content/uploads/2026/02/1200x1200-586.jpg,,,RAV-RAVEDTAFEL-9300000179030934,,,,,,8,Raved,Size,"140 x 240 cm",,0,
2351123832450569,variation,9506182511392,,"Raved Tafelzeil 140 140 - PVC - Afwasbaar - 140 x 220 cm",1,0,visible,,,,,taxable,parent,1,999,,0,0,,,,,0,,"31,99","35,99",,,,https://ravedfabrics.com/wp-content/uploads/2026/02/1200x1200-596.jpg,,,RAV-RAVEDTAFEL-9300000179030934,,,,,,6,Raved,Size,"140 x 220 cm",,0,
2351123832450559,variation,9503165858413,,"Raved Tafelzeil 140 140 - PVC - Afwasbaar - 140 x 200 cm",1,0,visible,,,,,taxable,parent,1,999,,0,0,,,,,0,,"31,99","35,99",,,,https://ravedfabrics.com/wp-content/uploads/2026/02/1200x1200-29.jpg,,,RAV-RAVEDTAFEL-9300000179030934,,,,,,5,Raved,Size,"140 x 200 cm",,0,
2351123832450558,variation,9504411618737,,"Raved Tafelzeil 140 140 - PVC - Afwasbaar - 140 x 180 cm",1,0,visible,,,,,taxable,parent,1,999,,0,0,,,,,0,,"31,99","35,99",,,,https://ravedfabrics.com/wp-content/uploads/2026/02/1200x1200-594.jpg,,,RAV-RAVEDTAFEL-9300000179030934,,,,,,4,Raved,Size,"140 x 180 cm",,0,
2351123832450546,variation,9506856824285,,"Raved Tafelzeil 140 140 - PVC - Afwasbaar - 140 x 140 cm",1,0,visible,,,,,taxable,parent,1,999,,0,0,,,,,0,,"31,99","35,99",,,,https://ravedfabrics.com/wp-content/uploads/2026/02/1200x1200-592.jpg,,,RAV-RAVEDTAFEL-9300000179030934,,,,,,2,Raved,Size,"140 x 140 cm",,0,
2351123832450547,variation,9501479462272,,"Raved Tafelzeil 140 140 - PVC - Afwasbaar - 140 x 160 cm",1,0,visible,,,,,taxable,parent,1,999,,0,0,,,,,0,,"31,99","35,99",,,,https://ravedfabrics.com/wp-content/uploads/2026/02/1200x1200-586.jpg,,,RAV-RAVEDTAFEL-9300000179030934,,,,,,3,Raved,Size,"140 x 160 cm",,0,
2351123832450531,variation,9505697423633,,"Raved Tafelzeil 140 140 - PVC - Afwasbaar - 140 x 100 cm",1,0,visible,,,,,taxable,parent,1,999,,0,0,,,,,0,,"31,99","35,99",,,,https://ravedfabrics.com/wp-content/uploads/2026/02/1200x1200-589.jpg,,,RAV-RAVEDTAFEL-9300000179030934,,,,,,1,Raved,Size,"140 x 100 cm",,0,
2351123832450521,variation,9507442358245,,"Raved Tafelzeil 140 140 - PVC - Afwasbaar - 140 x 50 cm",1,0,visible,,,,,taxable,parent,1,999,,0,0,,,,,0,,"31,99","35,99",,,,https://ravedfabrics.com/wp-content/uploads/2026/02/1200x1200-588.jpg,,,RAV-RAVEDTAFEL-9300000179030934,,,,,,0,Raved,Size,"140 x 50 cm",,0,
2351123832450501,variation,9506791386329,,"Raved Tafelzeil 140 140 - PVC - Afwasbaar - 140 x 350 cm",1,0,visible,,,,,taxable,parent,1,999,,0,0,,,,,0,,"23,95","37,99",,,,https://ravedfabrics.com/wp-content/uploads/2026/02/1200x1200-54.jpg,,,RAV-RAVEDTAFEL-9300000072594743,,,,,,17,Raved,Size,"140 x 350 cm",,0,
2351123832450488,variation,9506325653484,,"Raved Tafelzeil 140 140 - PVC - Afwasbaar - 140 x 180 cm",1,0,visible,,,,,taxable,parent,1,999,,0,0,,,,,0,,"23,95","37,99",,,,https://ravedfabrics.com/wp-content/uploads/2026/02/1200x1200-41.jpg,,,RAV-RAVEDTAFEL-9300000072594743,,,,,,4,Raved,Size,"140 x 180 cm",,0,
2351123832450489,variation,9507548112215,,"Raved Tafelzeil 140 140 - PVC - Afwasbaar - 140 x 200 cm",1,0,visible,,,,,taxable,parent,1,999,,0,0,,,,,0,,"23,95","37,99",,,,https://ravedfabrics.com/wp-content/uploads/2026/02/1200x1200-42.jpg,,,RAV-RAVEDTAFEL-9300000072594743,,,,,,5,Raved,Size,"140 x 200 cm",,0,
2351123832450490,variation,9506888945262,,"Raved Tafelzeil 140 140 - PVC - Afwasbaar - 140 x 220 cm",1,0,visible,,,,,taxable,parent,1,999,,0,0,,,,,0,,"23,95","37,99",,,,https://ravedfabrics.com/wp-content/uploads/2026/02/1200x1200-43.jpg,,,RAV-RAVEDTAFEL-9300000072594743,,,,,,6,Raved,Size,"140 x 220 cm",,0,
2351123832450491,variation,9509947263345,,"Raved Tafelzeil 140 140 - PVC - Afwasbaar - 140 x 230 cm",1,0,visible,,,,,taxable,parent,1,999,,0,0,,,,,0,,"23,95","37,99",,,,https://ravedfabrics.com/wp-content/uploads/2026/02/1200x1200-44.jpg,,,RAV-RAVEDTAFEL-9300000072594743,,,,,,7,Raved,Size,"140 x 230 cm",,0,
2351123832450492,variation,9506783566678,,"Raved Tafelzeil 140 140 - PVC - Afwasbaar - 140 x 240 cm",1,0,visible,,,,,taxable,parent,1,999,,0,0,,,,,0,,"23,95","37,99",,,,https://ravedfabrics.com/wp-content/uploads/2026/02/1200x1200-45.jpg,,,RAV-RAVEDTAFEL-9300000072594743,,,,,,8,Raved,Size,"140 x 240 cm",,0,
2351123832450493,variation,9507366964416,,"Raved Tafelzeil 140 140 - PVC - Afwasbaar - 140 x 250 cm",1,0,visible,,,,,taxable,parent,1,999,,0,0,,,,,0,,"23,95","37,99",,,,https://ravedfabrics.com/wp-content/uploads/2026/02/1200x1200-46.jpg,,,RAV-RAVEDTAFEL-9300000072594743,,,,,,9,Raved,Size,"140 x 250 cm",,0,
2351123832450494,variation,9509743338995,,"Raved Tafelzeil 140 140 - PVC - Afwasbaar - 140 x 260 cm",1,0,visible,,,,,taxable,parent,1,999,,0,0,,,,,0,,"23,95","37,99",,,,https://ravedfabrics.com/wp-content/uploads/2026/02/1200x1200-47.jpg,,,RAV-RAVEDTAFEL-9300000072594743,,,,,,10,Raved,Size,"140 x 260 cm",,0,
2351123832450495,variation,9504695343394,,"Raved Tafelzeil 140 140 - PVC - Afwasbaar - 140 x 270 cm",1,0,visible,,,,,taxable,parent,1,999,,0,0,,,,,0,,"23,95","37,99",,,,https://ravedfabrics.com/wp-content/uploads/2026/02/1200x1200-48.jpg,,,RAV-RAVEDTAFEL-9300000072594743,,,,,,11,Raved,Size,"140 x 270 cm",,0,
2351123832450496,variation,9506659134840,,"Raved Tafelzeil 140 140 - PVC - Afwasbaar - 140 x 280 cm",1,0,visible,,,,,taxable,parent,1,999,,0,0,,,,,0,,"23,95","37,99",,,,https://ravedfabrics.com/wp-content/uploads/2026/02/1200x1200-49.jpg,,,RAV-RAVEDTAFEL-9300000072594743,,,,,,12,Raved,Size,"140 x 280 cm",,0,
2351123832450497,variation,9506187154921,,"Raved Tafelzeil 140 140 - PVC - Afwasbaar - 140 x 290 cm",1,0,visible,,,,,taxable,parent,1,999,,0,0,,,,,0,,"23,95","37,99",,,,https://ravedfabrics.com/wp-content/uploads/2026/02/1200x1200-50.jpg,,,RAV-RAVEDTAFEL-9300000072594743,,,,,,13,Raved,Size,"140 x 290 cm",,0,
2351123832450498,variation,9506614297146,,"Raved Tafelzeil 140 140 - PVC - Afwasbaar - 140 x 300 cm",1,0,visible,,,,,taxable,parent,1,999,,0,0,,,,,0,,"23,95","37,99",,,,https://ravedfabrics.com/wp-content/uploads/2026/02/1200x1200-51.jpg,,,RAV-RAVEDTAFEL-9300000072594743,,,,,,14,Raved,Size,"140 x 300 cm",,0,
2351123832450499,variation,9507622932197,,"Raved Tafelzeil 140 140 - PVC - Afwasbaar - 140 x 310 cm",1,0,visible,,,,,taxable,parent,1,999,,0,0,,,,,0,,"23,95","37,99",,,,https://ravedfabrics.com/wp-content/uploads/2026/02/1200x1200-52.jpg,,,RAV-RAVEDTAFEL-9300000072594743,,,,,,15,Raved,Size,"140 x 310 cm",,0,
2351123832450500,variation,9507891126280,,"Raved Tafelzeil 140 140 - PVC - Afwasbaar - 140 x 320 cm",1,0,visible,,,,,taxable,parent,1,999,,0,0,,,,,0,,"23,95","37,99",,,,https://ravedfabrics.com/wp-content/uploads/2026/02/1200x1200-53.jpg,,,RAV-RAVEDTAFEL-9300000072594743,,,,,,16,Raved,Size,"140 x 320 cm",,0,
2351123832450483,variation,9506263819942,,"Raved Tafelzeil 140 140 - PVC - Afwasbaar - 140 x 50 cm",1,0,visible,,,,,taxable,parent,1,999,,0,0,,,,,0,,"23,95","37,99",,,,https://ravedfabrics.com/wp-content/uploads/2026/02/1200x1200-37.jpg,,,RAV-RAVEDTAFEL-9300000072594743,,,,,,0,Raved,Size,"140 x 50 cm",,0,
2351123832450485,variation,9505337686862,,"Raved Tafelzeil 140 140 - PVC - Afwasbaar - 140 x 100 cm",1,0,visible,,,,,taxable,parent,1,999,,0,0,,,,,0,,"23,95","37,99",,,,https://ravedfabrics.com/wp-content/uploads/2026/02/1200x1200-38.jpg,,,RAV-RAVEDTAFEL-9300000072594743,,,,,,1,Raved,Size,"140 x 100 cm",,0,
2351123832450486,variation,9502381212429,,"Raved Tafelzeil 140 140 - PVC - Afwasbaar - 140 x 140 cm",1,0,visible,,,,,taxable,parent,1,999,,0,0,,,,,0,,"23,95","37,99",,,,https://ravedfabrics.com/wp-content/uploads/2026/02/1200x1200-39.jpg,,,RAV-RAVEDTAFEL-9300000072594743,,,,,,2,Raved,Size,"140 x 140 cm",,0,
2351123832450487,variation,9507273418286,,"Raved Tafelzeil 140 140 - PVC - Afwasbaar - 140 x 160 cm",1,0,visible,,,,,taxable,parent,1,999,,0,0,,,,,0,,"23,95","37,99",,,,https://ravedfabrics.com/wp-content/uploads/2026/02/1200x1200-40.jpg,,,RAV-RAVEDTAFEL-9300000072594743,,,,,,3,Raved,Size,"140 x 160 cm",,0,
2351123832450623,variation,9503522823948,,"Raved Tafelzeil Zwart 140 140 - Gecoat - uitwasbaar - 140 x 350 cm",1,0,visible,,,,,taxable,parent,1,999,,0,0,,,,,0,,"23,95","75,06",,,,https://ravedfabrics.com/wp-content/uploads/2026/02/1200x1200-603.jpg,,,RAV-RAVEDTAFEL-9300000093332472,,,,,,17,Raved,Size,"140 x 350 cm",,0,
2351123832450610,variation,9504392662194,,"Raved Tafelzeil Zwart 140 140 - Gecoat - uitwasbaar - 140 x 320 cm",1,0,visible,,,,,taxable,parent,1,999,,0,0,,,,,0,,"23,95","75,06",,,,https://ravedfabrics.com/wp-content/uploads/2026/02/1200x1200-601.jpg,,,RAV-RAVEDTAFEL-9300000093332472,,,,,,16,Raved,Size,"140 x 320 cm",,0,
2351123832450602,variation,9504736626363,,"Raved Tafelzeil Zwart 140 140 - Gecoat - uitwasbaar - 140 x 310 cm",1,0,visible,,,,,taxable,parent,1,999,,0,0,,,,,0,,"23,95","75,06",,,,https://ravedfabrics.com/wp-content/uploads/2026/02/1200x723-12.jpg,,,RAV-RAVEDTAFEL-9300000093332472,,,,,,15,Raved,Size,"140 x 310 cm",,0,
2351123832450592,variation,9502977243585,,"Raved Tafelzeil Zwart 140 140 - Gecoat - uitwasbaar - 140 x 300 cm",1,0,visible,,,,,taxable,parent,1,999,,0,0,,,,,0,,"23,95","75,06",,,,https://ravedfabrics.com/wp-content/uploads/2026/02/1200x723-11.jpg,,,RAV-RAVEDTAFEL-9300000093332472,,,,,,14,Raved,Size,"140 x 300 cm",,0,
2351123832450584,variation,9506959571369,,"Raved Tafelzeil Zwart 140 140 - Gecoat - uitwasbaar - 140 x 290 cm",1,0,visible,,,,,taxable,parent,1,999,,0,0,,,,,0,,"23,95","75,06",,,,https://ravedfabrics.com/wp-content/uploads/2026/02/1200x723-10.jpg,,,RAV-RAVEDTAFEL-9300000093332472,,,,,,13,Raved,Size,"140 x 290 cm",,0,
2351123832450574,variation,9503476635291,,"Raved Tafelzeil Zwart 140 140 - Gecoat - uitwasbaar - 140 x 280 cm",1,0,visible,,,,,taxable,parent,1,999,,0,0,,,,,0,,"23,95","75,06",,,,https://ravedfabrics.com/wp-content/uploads/2026/02/1200x1200-597.jpg,,,RAV-RAVEDTAFEL-9300000093332472,,,,,,12,Raved,Size,"140 x 280 cm",,0,
2351123832450565,variation,9507179763275,,"Raved Tafelzeil Zwart 140 140 - Gecoat - uitwasbaar - 140 x 270 cm",1,0,visible,,,,,taxable,parent,1,999,,0,0,,,,,0,,"23,95","75,06",,,,https://ravedfabrics.com/wp-content/uploads/2026/02/1200x723-9.jpg,,,RAV-RAVEDTAFEL-9300000093332472,,,,,,11,Raved,Size,"140 x 270 cm",,0,
2351123832450555,variation,9504386635180,,"Raved Tafelzeil Zwart 140 140 - Gecoat - uitwasbaar - 140 x 260 cm",1,0,visible,,,,,taxable,parent,1,999,,0,0,,,,,0,,"23,95","75,06",,,,https://ravedfabrics.com/wp-content/uploads/2026/02/1200x723-8.jpg,,,RAV-RAVEDTAFEL-9300000093332472,,,,,,10,Raved,Size,"140 x 260 cm",,0,
2351123832450543,variation,9507839561555,,"Raved Tafelzeil Zwart 140 140 - Gecoat - uitwasbaar - 140 x 250 cm",1,0,visible,,,,,taxable,parent,1,999,,0,0,,,,,0,,"23,95","75,06",,,,https://ravedfabrics.com/wp-content/uploads/2026/02/1200x1200-591.jpg,,,RAV-RAVEDTAFEL-9300000093332472,,,,,,9,Raved,Size,"140 x 250 cm",,0,
2351123832450533,variation,9506358284853,,"Raved Tafelzeil Zwart 140 140 - Gecoat - uitwasbaar - 140 x 240 cm",1,0,visible,,,,,taxable,parent,1,999,,0,0,,,,,0,,"23,95","75,06",,,,https://ravedfabrics.com/wp-content/uploads/2026/02/1200x723-7.jpg,,,RAV-RAVEDTAFEL-9300000093332472,,,,,,8,Raved,Size,"140 x 240 cm",,0,
2351123832450519,variation,9507684458536,,"Raved Tafelzeil Zwart 140 140 - Gecoat - uitwasbaar - 140 x 230 cm",1,0,visible,,,,,taxable,parent,1,999,,0,0,,,,,0,,"23,95","75,06",,,,https://ravedfabrics.com/wp-content/uploads/2026/02/1200x723-6.jpg,,,RAV-RAVEDTAFEL-9300000093332472,,,,,,7,Raved,Size,"140 x 230 cm",,0,
2351123832450509,variation,9502116778480,,"Raved Tafelzeil Zwart 140 140 - Gecoat - uitwasbaar - 140 x 160 cm",1,0,visible,,,,,taxable,parent,1,999,,0,0,,,,,0,,"23,95","75,06",,,,https://ravedfabrics.com/wp-content/uploads/2026/02/1200x723-2.jpg,,,RAV-RAVEDTAFEL-9300000093332472,,,,,,3,Raved,Size,"140 x 160 cm",,0,
2351123832450510,variation,9506685357268,,"Raved Tafelzeil Zwart 140 140 - Gecoat - uitwasbaar - 140 x 180 cm",1,0,visible,,,,,taxable,parent,1,999,,0,0,,,,,0,,"23,95","75,06",,,,https://ravedfabrics.com/wp-content/uploads/2026/02/1200x723-3.jpg,,,RAV-RAVEDTAFEL-9300000093332472,,,,,,4,Raved,Size,"140 x 180 cm",,0,
2351123832450511,variation,9508761618195,,"Raved Tafelzeil Zwart 140 140 - Gecoat - uitwasbaar - 140 x 200 cm",1,0,visible,,,,,taxable,parent,1,999,,0,0,,,,,0,,"23,95","75,06",,,,https://ravedfabrics.com/wp-content/uploads/2026/02/1200x723-4.jpg,,,RAV-RAVEDTAFEL-9300000093332472,,,,,,5,Raved,Size,"140 x 200 cm",,0,
2351123832450512,variation,9505294973340,,"Raved Tafelzeil Zwart 140 140 - Gecoat - uitwasbaar - 140 x 220 cm",1,0,visible,,,,,taxable,parent,1,999,,0,0,,,,,0,,"23,95","75,06",,,,https://ravedfabrics.com/wp-content/uploads/2026/02/1200x723-5.jpg,,,RAV-RAVEDTAFEL-9300000093332472,,,,,,6,Raved,Size,"140 x 220 cm",,0,
2351123832450503,variation,9506434293564,,"Raved Tafelzeil Zwart 140 140 - Gecoat - uitwasbaar - 140 x 50 cm",1,0,visible,,,,,taxable,parent,1,999,,0,0,,,,,0,,"23,95","75,06",,,,https://ravedfabrics.com/wp-content/uploads/2026/02/1200x1200-403.jpg,,,RAV-RAVEDTAFEL-9300000093332472,,,,,,0,Raved,Size,"140 x 50 cm",,0,
2351123832450504,variation,9503827131311,,"Raved Tafelzeil Zwart 140 140 - Gecoat - uitwasbaar - 140 x 100 cm",1,0,visible,,,,,taxable,parent,1,999,,0,0,,,,,0,,"23,95","75,06",,,,https://ravedfabrics.com/wp-content/uploads/2026/02/1200x723.jpg,,,RAV-RAVEDTAFEL-9300000093332472,,,,,,1,Raved,Size,"140 x 100 cm",,0,
2351123832450505,variation,9504239733926,,"Raved Tafelzeil Zwart 140 140 - Gecoat - uitwasbaar - 140 x 140 cm",1,0,visible,,,,,taxable,parent,1,999,,0,0,,,,,0,,"23,95","75,06",,,,https://ravedfabrics.com/wp-content/uploads/2026/02/1200x723-1.jpg,,,RAV-RAVEDTAFEL-9300000093332472,,,,,,2,Raved,Size,"140 x 140 cm",,0,
2351123832450891,variation,9504774167460,,"Raved Tafelzeil 140 140 - PVC - Afwasbaar - 140 x 350 cm",1,0,visible,,,,,taxable,parent,1,999,,0,0,,,,,0,,"23,95","43,89",,,,https://ravedfabrics.com/wp-content/uploads/2026/02/1200x591-4.jpg,,,RAV-RAVEDTAFEL-9300000177265114,,,,,,17,Raved,Size,"140 x 350 cm",,0,
2351123832450888,variation,9501618686217,,"Raved Tafelzeil 140 140 - PVC - Afwasbaar - 140 x 320 cm",1,0,visible,,,,,taxable,parent,1,999,,0,0,,,,,0,,"23,95","43,89",,,,https://ravedfabrics.com/wp-content/uploads/2026/02/1200x1200-636.jpg,,,RAV-RAVEDTAFEL-9300000177265114,,,,,,16,Raved,Size,"140 x 320 cm",,0,
2351123832450878,variation,9509323828786,,"Raved Tafelzeil 140 140 - PVC - Afwasbaar - 140 x 310 cm",1,0,visible,,,,,taxable,parent,1,999,,0,0,,,,,0,,"23,95","43,89",,,,https://ravedfabrics.com/wp-content/uploads/2026/02/1200x591-3.jpg,,,RAV-RAVEDTAFEL-9300000177265114,,,,,,15,Raved,Size,"140 x 310 cm",,0,
2351123832450873,variation,9501825757823,,"Raved Tafelzeil 140 140 - PVC - Afwasbaar - 140 x 290 cm",1,0,visible,,,,,taxable,parent,1,999,,0,0,,,,,0,,"23,95","43,89",,,,https://ravedfabrics.com/wp-content/uploads/2026/02/1200x1200-632.jpg,,,RAV-RAVEDTAFEL-9300000177265114,,,,,,13,Raved,Size,"140 x 290 cm",,0,
2351123832450874,variation,9504744423190,,"Raved Tafelzeil 140 140 - PVC - Afwasbaar - 140 x 300 cm",1,0,visible,,,,,taxable,parent,1,999,,0,0,,,,,0,,"23,95","43,89",,,,https://ravedfabrics.com/wp-content/uploads/2026/02/1200x1200-606.jpg,,,RAV-RAVEDTAFEL-9300000177265114,,,,,,14,Raved,Size,"140 x 300 cm",,0,
2351123832450864,variation,9503773527435,,"Raved Tafelzeil 140 140 - PVC - Afwasbaar - 140 x 280 cm",1,0,visible,,,,,taxable,parent,1,999,,0,0,,,,,0,,"23,95","43,89",,,,https://ravedfabrics.com/wp-content/uploads/2026/02/1200x1200-631.jpg,,,RAV-RAVEDTAFEL-9300000177265114,,,,,,12,Raved,Size,"140 x 280 cm",,0,
2351123832450857,variation,9509184757843,,"Raved Tafelzeil 140 140 - PVC - Afwasbaar - 140 x 270 cm",1,0,visible,,,,,taxable,parent,1,999,,0,0,,,,,0,,"23,95","43,89",,,,https://ravedfabrics.com/wp-content/uploads/2026/02/1200x1200-629.jpg,,,RAV-RAVEDTAFEL-9300000177265114,,,,,,11,Raved,Size,"140 x 270 cm",,0,
2351123832450848,variation,9504418224849,,"Raved Tafelzeil 140 140 - PVC - Afwasbaar - 140 x 260 cm",1,0,visible,,,,,taxable,parent,1,999,,0,0,,,,,0,,"23,95","43,89",,,,https://ravedfabrics.com/wp-content/uploads/2026/02/1200x591-2.jpg,,,RAV-RAVEDTAFEL-9300000177265114,,,,,,10,Raved,Size,"140 x 260 cm",,0,
2351123832450844,variation,9501976584521,,"Raved Tafelzeil 140 140 - PVC - Afwasbaar - 140 x 250 cm",1,0,visible,,,,,taxable,parent,1,999,,0,0,,,,,0,,"23,95","43,89",,,,https://ravedfabrics.com/wp-content/uploads/2026/02/1200x1200-625.jpg,,,RAV-RAVEDTAFEL-9300000177265114,,,,,,9,Raved,Size,"140 x 250 cm",,0,
2351123832450836,variation,9506811584254,,"Raved Tafelzeil 140 140 - PVC - Afwasbaar - 140 x 240 cm",1,0,visible,,,,,taxable,parent,1,999,,0,0,,,,,0,,"23,95","43,89",,,,https://ravedfabrics.com/wp-content/uploads/2026/02/1200x1200-606.jpg,,,RAV-RAVEDTAFEL-9300000177265114,,,,,,8,Raved,Size,"140 x 240 cm",,0,
2351123832450835,variation,9507992362679,,"Raved Tafelzeil 140 140 - PVC - Afwasbaar - 140 x 230 cm",1,0,visible,,,,,taxable,parent,1,999,,0,0,,,,,0,,"23,95","43,89",,,,https://ravedfabrics.com/wp-content/uploads/2026/02/1200x1200-622.jpg,,,RAV-RAVEDTAFEL-9300000177265114,,,,,,7,Raved,Size,"140 x 230 cm",,0,
2351123832450827,variation,9503623722881,,"Raved Tafelzeil 140 140 - PVC - Afwasbaar - 140 x 220 cm",1,0,visible,,,,,taxable,parent,1,999,,0,0,,,,,0,,"23,95","43,89",,,,https://ravedfabrics.com/wp-content/uploads/2026/02/1200x591-1.jpg,,,RAV-RAVEDTAFEL-9300000177265114,,,,,,6,Raved,Size,"140 x 220 cm",,0,
2351123832450803,variation,9502183549396,,"Raved Tafelzeil 140 140 - PVC - Afwasbaar - 140 x 200 cm",1,0,visible,,,,,taxable,parent,1,999,,0,0,,,,,0,,"23,95","43,89",,,,https://ravedfabrics.com/wp-content/uploads/2026/02/1200x1200-620.jpg,,,RAV-RAVEDTAFEL-9300000177265114,,,,,,5,Raved,Size,"140 x 200 cm",,0,
2351123832450773,variation,9507162468590,,"Raved Tafelzeil 140 140 - PVC - Afwasbaar - 140 x 180 cm",1,0,visible,,,,,taxable,parent,1,999,,0,0,,,,,0,,"23,95","43,89",,,,https://ravedfabrics.com/wp-content/uploads/2026/02/1200x1200-618.jpg,,,RAV-RAVEDTAFEL-9300000177265114,,,,,,4,Raved,Size,"140 x 180 cm",,0,
2351123832450746,variation,9508639686578,,"Raved Tafelzeil 140 140 - PVC - Afwasbaar - 140 x 160 cm",1,0,visible,,,,,taxable,parent,1,999,,0,0,,,,,0,,"23,95","43,89",,,,https://ravedfabrics.com/wp-content/uploads/2026/02/1200x1200-616.jpg,,,RAV-RAVEDTAFEL-9300000177265114,,,,,,3,Raved,Size,"140 x 160 cm",,0,
2351123832450719,variation,9501449321677,,"Raved Tafelzeil 140 140 - PVC - Afwasbaar - 140 x 140 cm",1,0,visible,,,,,taxable,parent,1,999,,0,0,,,,,0,,"23,95","43,89",,,,https://ravedfabrics.com/wp-content/uploads/2026/02/1200x591.jpg,,,RAV-RAVEDTAFEL-9300000177265114,,,,,,2,Raved,Size,"140 x 140 cm",,0,
2351123832450698,variation,9504124164880,,"Raved Tafelzeil 140 140 - PVC - Afwasbaar - 140 x 100 cm",1,0,visible,,,,,taxable,parent,1,999,,0,0,,,,,0,,"23,95","43,89",,,,https://ravedfabrics.com/wp-content/uploads/2026/02/1200x1200-612.jpg,,,RAV-RAVEDTAFEL-9300000177265114,,,,,,1,Raved,Size,"140 x 100 cm",,0,
2351123832450668,variation,9507274939667,,"Raved Tafelzeil 140 140 - PVC - Afwasbaar - 140 x 50 cm",1,0,visible,,,,,taxable,parent,1,999,,0,0,,,,,0,,"23,95","43,89",,,,https://ravedfabrics.com/wp-content/uploads/2026/02/1200x1200-609.jpg,,,RAV-RAVEDTAFEL-9300000177265114,,,,,,0,Raved,Size,"140 x 50 cm",,0,
2351123832450720,variation,9505466831485,,"Raved Badmat Set - 75×45 + 50×40 - Memory Foam - Anti-Slip - Wasbaar - 2-delig - 45 x 120 cm",1,0,visible,,,,,taxable,parent,1,999,,0,0,,,,,0,,,"28,95",,,,https://ravedfabrics.com/wp-content/uploads/2026/02/1200x1200-613.jpg,,,RAV-RAVEDTAFEL-9300000224779142,,,,,,1,Raved,Size,"45 x 120 cm",,0,
2351123832450721,variation,9503772232958,,"Raved Badmat Set - 75×45 + 50×40 - Memory Foam - Anti-Slip - Wasbaar - 2-delig - 120 x 120 cm",1,0,visible,,,,,taxable,parent,1,999,,0,0,,,,,0,,,"28,95",,,,https://ravedfabrics.com/wp-content/uploads/2026/02/1200x1200-36.jpg,,,RAV-RAVEDTAFEL-9300000224779142,,,,,,2,Raved,Size,"120 x 120 cm",,0,
2351123832450693,variation,9504837281379,,"Raved Badmat Set - 75×45 + 50×40 - Memory Foam - Anti-Slip - Wasbaar - 2-delig",1,0,visible,,,,,taxable,parent,1,999,,0,0,,,,,0,,,"28,95",,,,https://ravedfabrics.com/wp-content/uploads/2026/02/1200x641.jpg,,,RAV-RAVEDTAFEL-9300000224779142,,,,,,0,Raved,Size,,,0,
2351123832450736,variation,9506938323262,,"Raved Kerst Tafelzeil - Kerstman 140 140 - Rood - PVC - Afwasbaar - 140 x 240 cm",1,0,visible,,,,,taxable,parent,1,999,,0,0,,,,,0,,"23,95","43,89",,,,https://ravedfabrics.com/wp-content/uploads/2026/02/1200x596-9.jpg,,,RAV-RAVEDTAFEL-9300000087622523,,,,,,8,Raved,Size,"140 x 240 cm",,0,
2351123832450737,variation,9505833681712,,"Raved Kerst Tafelzeil - Kerstman 140 140 - Rood - PVC - Afwasbaar - 140 x 250 cm",1,0,visible,,,,,taxable,parent,1,999,,0,0,,,,,0,,"23,95","43,89",,,,https://ravedfabrics.com/wp-content/uploads/2026/02/1200x596-10.jpg,,,RAV-RAVEDTAFEL-9300000087622523,,,,,,9,Raved,Size,"140 x 250 cm",,0,
2351123832450738,variation,9508165515298,,"Raved Kerst Tafelzeil - Kerstman 140 140 - Rood - PVC - Afwasbaar - 140 x 260 cm",1,0,visible,,,,,taxable,parent,1,999,,0,0,,,,,0,,"23,95","43,89",,,,https://ravedfabrics.com/wp-content/uploads/2026/02/1200x596-11.jpg,,,RAV-RAVEDTAFEL-9300000087622523,,,,,,10,Raved,Size,"140 x 260 cm",,0,
2351123832450739,variation,9501947144174,,"Raved Kerst Tafelzeil - Kerstman 140 140 - Rood - PVC - Afwasbaar - 140 x 270 cm",1,0,visible,,,,,taxable,parent,1,999,,0,0,,,,,0,,"23,95","43,89",,,,https://ravedfabrics.com/wp-content/uploads/2026/02/1200x596-12.jpg,,,RAV-RAVEDTAFEL-9300000087622523,,,,,,11,Raved,Size,"140 x 270 cm",,0,
2351123832450740,variation,9507723765144,,"Raved Kerst Tafelzeil - Kerstman 140 140 - Rood - PVC - Afwasbaar - 140 x 280 cm",1,0,visible,,,,,taxable,parent,1,999,,0,0,,,,,0,,"23,95","43,89",,,,https://ravedfabrics.com/wp-content/uploads/2026/02/1200x596-13.jpg,,,RAV-RAVEDTAFEL-9300000087622523,,,,,,12,Raved,Size,"140 x 280 cm",,0,
2351123832450741,variation,9502414361674,,"Raved Kerst Tafelzeil - Kerstman 140 140 - Rood - PVC - Afwasbaar - 140 x 290 cm",1,0,visible,,,,,taxable,parent,1,999,,0,0,,,,,0,,"23,95","43,89",,,,https://ravedfabrics.com/wp-content/uploads/2026/02/1200x596-14.jpg,,,RAV-RAVEDTAFEL-9300000087622523,,,,,,13,Raved,Size,"140 x 290 cm",,0,
2351123832450742,variation,9509198957192,,"Raved Kerst Tafelzeil - Kerstman 140 140 - Rood - PVC - Afwasbaar - 140 x 300 cm",1,0,visible,,,,,taxable,parent,1,999,,0,0,,,,,0,,"23,95","43,89",,,,https://ravedfabrics.com/wp-content/uploads/2026/02/1200x596-15.jpg,,,RAV-RAVEDTAFEL-9300000087622523,,,,,,14,Raved,Size,"140 x 300 cm",,0,
2351123832450743,variation,9503951141354,,"Raved Kerst Tafelzeil - Kerstman 140 140 - Rood - PVC - Afwasbaar - 140 x 310 cm",1,0,visible,,,,,taxable,parent,1,999,,0,0,,,,,0,,"23,95","43,89",,,,https://ravedfabrics.com/wp-content/uploads/2026/02/1200x596-16.jpg,,,RAV-RAVEDTAFEL-9300000087622523,,,,,,15,Raved,Size,"140 x 310 cm",,0,
2351123832450744,variation,9502987373548,,"Raved Kerst Tafelzeil - Kerstman 140 140 - Rood - PVC - Afwasbaar - 140 x 320 cm",1,0,visible,,,,,taxable,parent,1,999,,0,0,,,,,0,,"23,95","43,89",,,,https://ravedfabrics.com/wp-content/uploads/2026/02/1200x596-17.jpg,,,RAV-RAVEDTAFEL-9300000087622523,,,,,,16,Raved,Size,"140 x 320 cm",,0,
2351123832450745,variation,9509754766985,,"Raved Kerst Tafelzeil - Kerstman 140 140 - Rood - PVC - Afwasbaar - 140 x 330 cm",1,0,visible,,,,,taxable,parent,1,999,,0,0,,,,,0,,"23,95","43,89",,,,https://ravedfabrics.com/wp-content/uploads/2026/02/1200x596-18.jpg,,,RAV-RAVEDTAFEL-9300000087622523,,,,,,17,Raved,Size,"140 x 330 cm",,0,
2351123832450728,variation,9508185842787,,"Raved Kerst Tafelzeil - Kerstman 140 140 - Rood - PVC - Afwasbaar - 140 x 50 cm",1,0,visible,,,,,taxable,parent,1,999,,0,0,,,,,0,,"23,95","43,89",,,,https://ravedfabrics.com/wp-content/uploads/2026/02/1200x596-2.jpg,,,RAV-RAVEDTAFEL-9300000087622523,,,,,,0,Raved,Size,"140 x 50 cm",,0,
2351123832450729,variation,9502464253394,,"Raved Kerst Tafelzeil - Kerstman 140 140 - Rood - PVC - Afwasbaar - 140 x 100 cm",1,0,visible,,,,,taxable,parent,1,999,,0,0,,,,,0,,"23,95","43,89",,,,https://ravedfabrics.com/wp-content/uploads/2026/02/1200x596-3.jpg,,,RAV-RAVEDTAFEL-9300000087622523,,,,,,1,Raved,Size,"140 x 100 cm",,0,
2351123832450730,variation,9501193351333,,"Raved Kerst Tafelzeil - Kerstman 140 140 - Rood - PVC - Afwasbaar - 140 x 140 cm",1,0,visible,,,,,taxable,parent,1,999,,0,0,,,,,0,,"23,95","43,89",,,,https://ravedfabrics.com/wp-content/uploads/2026/02/1200x596-4.jpg,,,RAV-RAVEDTAFEL-9300000087622523,,,,,,2,Raved,Size,"140 x 140 cm",,0,
2351123832450731,variation,9507427378831,,"Raved Kerst Tafelzeil - Kerstman 140 140 - Rood - PVC - Afwasbaar - 140 x 160 cm",1,0,visible,,,,,taxable,parent,1,999,,0,0,,,,,0,,"23,95","43,89",,,,https://ravedfabrics.com/wp-content/uploads/2026/02/1200x596.jpg,,,RAV-RAVEDTAFEL-9300000087622523,,,,,,3,Raved,Size,"140 x 160 cm",,0,
2351123832450732,variation,9507874765482,,"Raved Kerst Tafelzeil - Kerstman 140 140 - Rood - PVC - Afwasbaar - 140 x 180 cm",1,0,visible,,,,,taxable,parent,1,999,,0,0,,,,,0,,"23,95","43,89",,,,https://ravedfabrics.com/wp-content/uploads/2026/02/1200x596-5.jpg,,,RAV-RAVEDTAFEL-9300000087622523,,,,,,4,Raved,Size,"140 x 180 cm",,0,
2351123832450733,variation,9502831548139,,"Raved Kerst Tafelzeil - Kerstman 140 140 - Rood - PVC - Afwasbaar - 140 x 200 cm",1,0,visible,,,,,taxable,parent,1,999,,0,0,,,,,0,,"23,95","43,89",,,,https://ravedfabrics.com/wp-content/uploads/2026/02/1200x596-6.jpg,,,RAV-RAVEDTAFEL-9300000087622523,,,,,,5,Raved,Size,"140 x 200 cm",,0,
2351123832450734,variation,9503635398685,,"Raved Kerst Tafelzeil - Kerstman 140 140 - Rood - PVC - Afwasbaar - 140 x 220 cm",1,0,visible,,,,,taxable,parent,1,999,,0,0,,,,,0,,"23,95","43,89",,,,https://ravedfabrics.com/wp-content/uploads/2026/02/1200x596-7.jpg,,,RAV-RAVEDTAFEL-9300000087622523,,,,,,6,Raved,Size,"140 x 220 cm",,0,
2351123832450735,variation,9505759166218,,"Raved Kerst Tafelzeil - Kerstman 140 140 - Rood - PVC - Afwasbaar - 140 x 230 cm",1,0,visible,,,,,taxable,parent,1,999,,0,0,,,,,0,,"23,95","43,89",,,,https://ravedfabrics.com/wp-content/uploads/2026/02/1200x596-8.jpg,,,RAV-RAVEDTAFEL-9300000087622523,,,,,,7,Raved,Size,"140 x 230 cm",,0,
2351123832450629,variation,9503812889647,,"Raved Katoen Tafelzeil 140 140 - Waterafstotend - Uitwasbaar - 140 x 200 cm",1,0,visible,,,,,taxable,parent,1,999,,0,0,,,,,0,,"25,95","49,99",,,,https://ravedfabrics.com/wp-content/uploads/2026/02/1200x590-11.jpg,,,RAV-RAVEDTAFEL-9300000178019149,,,,,,4,Raved,Size,"140 x 200 cm",,0,
2351123832450630,variation,9503616139917,,"Raved Katoen Tafelzeil 140 140 - Waterafstotend - Uitwasbaar - 140 x 240 cm",1,0,visible,,,,,taxable,parent,1,999,,0,0,,,,,0,,"25,95","49,99",,,,https://ravedfabrics.com/wp-content/uploads/2026/02/1200x590-13.jpg,,,RAV-RAVEDTAFEL-9300000178019149,,,,,,5,Raved,Size,"140 x 240 cm",,0,
2351123832450631,variation,9509852288891,,"Raved Katoen Tafelzeil 140 140 - Waterafstotend - Uitwasbaar - 140 x 260 cm",1,0,visible,,,,,taxable,parent,1,999,,0,0,,,,,0,,"25,95","49,99",,,,https://ravedfabrics.com/wp-content/uploads/2026/02/1200x590-15.jpg,,,RAV-RAVEDTAFEL-9300000178019149,,,,,,6,Raved,Size,"140 x 260 cm",,0,
2351123832450632,variation,9503355857349,,"Raved Katoen Tafelzeil 140 140 - Waterafstotend - Uitwasbaar - 140 x 300 cm",1,0,visible,,,,,taxable,parent,1,999,,0,0,,,,,0,,"25,95","49,99",,,,https://ravedfabrics.com/wp-content/uploads/2026/02/1200x590-18.jpg,,,RAV-RAVEDTAFEL-9300000178019149,,,,,,7,Raved,Size,"140 x 300 cm",,0,
2351123832450633,variation,9501229511649,,"Raved Katoen Tafelzeil 140 140 - Waterafstotend - Uitwasbaar - 140 x 320 cm",1,0,visible,,,,,taxable,parent,1,999,,0,0,,,,,0,,"25,95","49,99",,,,https://ravedfabrics.com/wp-content/uploads/2026/02/1200x590-20.jpg,,,RAV-RAVEDTAFEL-9300000178019149,,,,,,8,Raved,Size,"140 x 320 cm",,0,
2351123832450634,variation,9501935376914,,"Raved Katoen Tafelzeil 140 140 - Waterafstotend - Uitwasbaar - 140 x 350 cm",1,0,visible,,,,,taxable,parent,1,999,,0,0,,,,,0,,"25,95","49,99",,,,https://ravedfabrics.com/wp-content/uploads/2026/02/1200x590-22.jpg,,,RAV-RAVEDTAFEL-9300000178019149,,,,,,9,Raved,Size,"140 x 350 cm",,0,
2351123832450625,variation,9501461268554,,"Raved Katoen Tafelzeil 140 140 - Waterafstotend - Uitwasbaar - 140 x 100 cm",1,0,visible,,,,,taxable,parent,1,999,,0,0,,,,,0,,"25,95","49,99",,,,https://ravedfabrics.com/wp-content/uploads/2026/02/1200x870.jpg,,,RAV-RAVEDTAFEL-9300000178019149,,,,,,0,Raved,Size,"140 x 100 cm",,0,
2351123832450626,variation,9501547578881,,"Raved Katoen Tafelzeil 140 140 - Waterafstotend - Uitwasbaar - 140 x 140 cm",1,0,visible,,,,,taxable,parent,1,999,,0,0,,,,,0,,"25,95","49,99",,,,https://ravedfabrics.com/wp-content/uploads/2026/02/1200x590-5.jpg,,,RAV-RAVEDTAFEL-9300000178019149,,,,,,1,Raved,Size,"140 x 140 cm",,0,
2351123832450627,variation,9506135444555,,"Raved Katoen Tafelzeil 140 140 - Waterafstotend - Uitwasbaar - 140 x 160 cm",1,0,visible,,,,,taxable,parent,1,999,,0,0,,,,,0,,"25,95","49,99",,,,https://ravedfabrics.com/wp-content/uploads/2026/02/1200x590-7.jpg,,,RAV-RAVEDTAFEL-9300000178019149,,,,,,2,Raved,Size,"140 x 160 cm",,0,
2351123832450628,variation,9505117197687,,"Raved Katoen Tafelzeil 140 140 - Waterafstotend - Uitwasbaar - 140 x 180 cm",1,0,visible,,,,,taxable,parent,1,999,,0,0,,,,,0,,"25,95","49,99",,,,https://ravedfabrics.com/wp-content/uploads/2026/02/1200x590-10.jpg,,,RAV-RAVEDTAFEL-9300000178019149,,,,,,3,Raved,Size,"140 x 180 cm",,0,
2351123832450653,variation,9509688956117,,"Raved Tafelkleed/Tafelzeil - Transparant - Bloemen Design Rood/Roze ↔ 140 ↕ 140 - Gecoat - Afwasbaar - 140 x 280 cm",1,0,visible,,,,,taxable,parent,1,999,,0,0,,,,,0,,"23,95","37,99",,,,https://ravedfabrics.com/wp-content/uploads/2026/02/1200x1200-112.jpg,,,RAV-RAVEDTAFEL-9300000088003004,,,,,,12,Raved,Size,"140 x 280 cm",,0,
2351123832450654,variation,9502695387820,,"Raved Tafelkleed/Tafelzeil - Transparant - Bloemen Design Rood/Roze ↔ 140 ↕ 140 - Gecoat - Afwasbaar - 140 x 290 cm",1,0,visible,,,,,taxable,parent,1,999,,0,0,,,,,0,,"23,95","37,99",,,,https://ravedfabrics.com/wp-content/uploads/2026/02/1200x1200-113.jpg,,,RAV-RAVEDTAFEL-9300000088003004,,,,,,13,Raved,Size,"140 x 290 cm",,0,
2351123832450655,variation,9502897442860,,"Raved Tafelkleed/Tafelzeil - Transparant - Bloemen Design Rood/Roze ↔ 140 ↕ 140 - Gecoat - Afwasbaar - 140 x 300 cm",1,0,visible,,,,,taxable,parent,1,999,,0,0,,,,,0,,"23,95","37,99",,,,https://ravedfabrics.com/wp-content/uploads/2026/02/1200x1200-114.jpg,,,RAV-RAVEDTAFEL-9300000088003004,,,,,,14,Raved,Size,"140 x 300 cm",,0,
2351123832450656,variation,9506188447763,,"Raved Tafelkleed/Tafelzeil - Transparant - Bloemen Design Rood/Roze ↔ 140 ↕ 140 - Gecoat - Afwasbaar - 140 x 310 cm",1,0,visible,,,,,taxable,parent,1,999,,0,0,,,,,0,,"23,95","37,99",,,,https://ravedfabrics.com/wp-content/uploads/2026/02/1200x1200-115.jpg,,,RAV-RAVEDTAFEL-9300000088003004,,,,,,15,Raved,Size,"140 x 310 cm",,0,
2351123832450657,variation,9506248685944,,"Raved Tafelkleed/Tafelzeil - Transparant - Bloemen Design Rood/Roze ↔ 140 ↕ 140 - Gecoat - Afwasbaar - 140 x 320 cm",1,0,visible,,,,,taxable,parent,1,999,,0,0,,,,,0,,"23,95","37,99",,,,https://ravedfabrics.com/wp-content/uploads/2026/02/1200x1200-116.jpg,,,RAV-RAVEDTAFEL-9300000088003004,,,,,,16,Raved,Size,"140 x 320 cm",,0,
2351123832450658,variation,9505896472838,,"Raved Tafelkleed/Tafelzeil - Transparant - Bloemen Design Rood/Roze ↔ 140 ↕ 140 - Gecoat - Afwasbaar - 140 x 350 cm",1,0,visible,,,,,taxable,parent,1,999,,0,0,,,,,0,,"23,95","37,99",,,,https://ravedfabrics.com/wp-content/uploads/2026/02/1200x1200-117.jpg,,,RAV-RAVEDTAFEL-9300000088003004,,,,,,17,Raved,Size,"140 x 350 cm",,0,
2351123832450635,variation,9501326822457,,"Raved Tafelkleed/Tafelzeil - Transparant - Bloemen Design Rood/Roze ↔ 140 ↕ 140 - Gecoat - Afwasbaar - 140 x 50 cm",1,0,visible,,,,,taxable,parent,1,999,,0,0,,,,,0,,"23,95","37,99",,,,https://ravedfabrics.com/wp-content/uploads/2026/02/1200x1019-2.jpg,,,RAV-RAVEDTAFEL-9300000088003004,,,,,,0,Raved,Size,"140 x 50 cm",,0,
2351123832450636,variation,9509717684479,,"Raved Tafelkleed/Tafelzeil - Transparant - Bloemen Design Rood/Roze ↔ 140 ↕ 140 - Gecoat - Afwasbaar - 140 x 100 cm",1,0,visible,,,,,taxable,parent,1,999,,0,0,,,,,0,,"23,95","37,99",,,,https://ravedfabrics.com/wp-content/uploads/2026/02/1200x1019-3.jpg,,,RAV-RAVEDTAFEL-9300000088003004,,,,,,1,Raved,Size,"140 x 100 cm",,0,
2351123832450637,variation,9504584898356,,"Raved Tafelkleed/Tafelzeil - Transparant - Bloemen Design Rood/Roze ↔ 140 ↕ 140 - Gecoat - Afwasbaar - 140 x 140 cm",1,0,visible,,,,,taxable,parent,1,999,,0,0,,,,,0,,"23,95","37,99",,,,https://ravedfabrics.com/wp-content/uploads/2026/02/1200x1019-4.jpg,,,RAV-RAVEDTAFEL-9300000088003004,,,,,,2,Raved,Size,"140 x 140 cm",,0,
2351123832450638,variation,9506284749860,,"Raved Tafelkleed/Tafelzeil - Transparant - Bloemen Design Rood/Roze ↔ 140 ↕ 140 - Gecoat - Afwasbaar - 140 x 160 cm",1,0,visible,,,,,taxable,parent,1,999,,0,0,,,,,0,,"23,95","37,99",,,,https://ravedfabrics.com/wp-content/uploads/2026/02/1200x1019-5.jpg,,,RAV-RAVEDTAFEL-9300000088003004,,,,,,3,Raved,Size,"140 x 160 cm",,0,
2351123832450640,variation,9503267728966,,"Raved Tafelkleed/Tafelzeil - Transparant - Bloemen Design Rood/Roze ↔ 140 ↕ 140 - Gecoat - Afwasbaar - 140 x 180 cm",1,0,visible,,,,,taxable,parent,1,999,,0,0,,,,,0,,"23,95","37,99",,,,https://ravedfabrics.com/wp-content/uploads/2026/02/1200x1019-6.jpg,,,RAV-RAVEDTAFEL-9300000088003004,,,,,,4,Raved,Size,"140 x 180 cm",,0,
2351123832450641,variation,9505396319190,,"Raved Tafelkleed/Tafelzeil - Transparant - Bloemen Design Rood/Roze ↔ 140 ↕ 140 - Gecoat - Afwasbaar - 140 x 200 cm",1,0,visible,,,,,taxable,parent,1,999,,0,0,,,,,0,,"23,95","37,99",,,,https://ravedfabrics.com/wp-content/uploads/2026/02/1200x1019-7.jpg,,,RAV-RAVEDTAFEL-9300000088003004,,,,,,5,Raved,Size,"140 x 200 cm",,0,
2351123832450642,variation,9509684826872,,"Raved Tafelkleed/Tafelzeil - Transparant - Bloemen Design Rood/Roze ↔ 140 ↕ 140 - Gecoat - Afwasbaar - 140 x 220 cm",1,0,visible,,,,,taxable,parent,1,999,,0,0,,,,,0,,"23,95","37,99",,,,https://ravedfabrics.com/wp-content/uploads/2026/02/1200x1200-107.jpg,,,RAV-RAVEDTAFEL-9300000088003004,,,,,,6,Raved,Size,"140 x 220 cm",,0,
2351123832450643,variation,9502199847127,,"Raved Tafelkleed/Tafelzeil - Transparant - Bloemen Design Rood/Roze ↔ 140 ↕ 140 - Gecoat - Afwasbaar - 140 x 230 cm",1,0,visible,,,,,taxable,parent,1,999,,0,0,,,,,0,,"23,95","37,99",,,,https://ravedfabrics.com/wp-content/uploads/2026/02/1200x1200-108.jpg,,,RAV-RAVEDTAFEL-9300000088003004,,,,,,7,Raved,Size,"140 x 230 cm",,0,
2351123832450645,variation,9507863489214,,"Raved Tafelkleed/Tafelzeil - Transparant - Bloemen Design Rood/Roze ↔ 140 ↕ 140 - Gecoat - Afwasbaar - 140 x 240 cm",1,0,visible,,,,,taxable,parent,1,999,,0,0,,,,,0,,"23,95","37,99",,,,https://ravedfabrics.com/wp-content/uploads/2026/02/1200x1200-116.jpg,,,RAV-RAVEDTAFEL-9300000088003004,,,,,,8,Raved,Size,"140 x 240 cm",,0,
2351123832450646,variation,9508963434357,,"Raved Tafelkleed/Tafelzeil - Transparant - Bloemen Design Rood/Roze ↔ 140 ↕ 140 - Gecoat - Afwasbaar - 140 x 250 cm",1,0,visible,,,,,taxable,parent,1,999,,0,0,,,,,0,,"23,95","37,99",,,,https://ravedfabrics.com/wp-content/uploads/2026/02/1200x1200-109.jpg,,,RAV-RAVEDTAFEL-9300000088003004,,,,,,9,Raved,Size,"140 x 250 cm",,0,
2351123832450647,variation,9506353311554,,"Raved Tafelkleed/Tafelzeil - Transparant - Bloemen Design Rood/Roze ↔ 140 ↕ 140 - Gecoat - Afwasbaar - 140 x 260 cm",1,0,visible,,,,,taxable,parent,1,999,,0,0,,,,,0,,"23,95","37,99",,,,https://ravedfabrics.com/wp-content/uploads/2026/02/1200x1200-110.jpg,,,RAV-RAVEDTAFEL-9300000088003004,,,,,,10,Raved,Size,"140 x 260 cm",,0,
2351123832450648,variation,9501666972195,,"Raved Tafelkleed/Tafelzeil - Transparant - Bloemen Design Rood/Roze ↔ 140 ↕ 140 - Gecoat - Afwasbaar - 140 x 270 cm",1,0,visible,,,,,taxable,parent,1,999,,0,0,,,,,0,,"23,95","37,99",,,,https://ravedfabrics.com/wp-content/uploads/2026/02/1200x1200-111.jpg,,,RAV-RAVEDTAFEL-9300000088003004,,,,,,11,Raved,Size,"140 x 270 cm",,0,
2351123832450903,variation,9509235471582,,"Raved Tafelzeil Waterdicht/Gecoat 140 140 - Gecoat - Uitwasbaar - 140 x 350 cm",1,0,visible,,,,,taxable,parent,1,999,,0,0,,,,,0,,"23,95","75,06",,,,https://ravedfabrics.com/wp-content/uploads/2026/02/1200x1200-642.jpg,,,RAV-RAVEDTAFEL-9300000095865150,,,,,,17,Raved,Size,"140 x 350 cm",,0,
2351123832450901,variation,9507829157317,,"Raved Tafelzeil Waterdicht/Gecoat 140 140 - Gecoat - Uitwasbaar - 140 x 320 cm",1,0,visible,,,,,taxable,parent,1,999,,0,0,,,,,0,,"23,95","75,06",,,,https://ravedfabrics.com/wp-content/uploads/2026/02/1200x1200-641.jpg,,,RAV-RAVEDTAFEL-9300000095865150,,,,,,16,Raved,Size,"140 x 320 cm",,0,
2351123832450899,variation,9505257552469,,"Raved Tafelzeil Waterdicht/Gecoat 140 140 - Gecoat - Uitwasbaar - 140 x 310 cm",1,0,visible,,,,,taxable,parent,1,999,,0,0,,,,,0,,"23,95","75,06",,,,https://ravedfabrics.com/wp-content/uploads/2026/02/1200x1200-640.jpg,,,RAV-RAVEDTAFEL-9300000095865150,,,,,,15,Raved,Size,"140 x 310 cm",,0,
2351123832450895,variation,9505572734489,,"Raved Tafelzeil Waterdicht/Gecoat 140 140 - Gecoat - Uitwasbaar - 140 x 300 cm",1,0,visible,,,,,taxable,parent,1,999,,0,0,,,,,0,,"23,95","75,06",,,,https://ravedfabrics.com/wp-content/uploads/2026/02/1200x1200-639.jpg,,,RAV-RAVEDTAFEL-9300000095865150,,,,,,14,Raved,Size,"140 x 300 cm",,0,
2351123832450893,variation,9501281892359,,"Raved Tafelzeil Waterdicht/Gecoat 140 140 - Gecoat - Uitwasbaar - 140 x 290 cm",1,0,visible,,,,,taxable,parent,1,999,,0,0,,,,,0,,"23,95","75,06",,,,https://ravedfabrics.com/wp-content/uploads/2026/02/1200x1200-638.jpg,,,RAV-RAVEDTAFEL-9300000095865150,,,,,,13,Raved,Size,"140 x 290 cm",,0,
2351123832450890,variation,9508265614747,,"Raved Tafelzeil Waterdicht/Gecoat 140 140 - Gecoat - Uitwasbaar - 140 x 280 cm",1,0,visible,,,,,taxable,parent,1,999,,0,0,,,,,0,,"23,95","75,06",,,,https://ravedfabrics.com/wp-content/uploads/2026/02/1200x1200-637.jpg,,,RAV-RAVEDTAFEL-9300000095865150,,,,,,12,Raved,Size,"140 x 280 cm",,0,
2351123832450884,variation,9506591858163,,"Raved Tafelzeil Waterdicht/Gecoat 140 140 - Gecoat - Uitwasbaar - 140 x 260 cm",1,0,visible,,,,,taxable,parent,1,999,,0,0,,,,,0,,"23,95","75,06",,,,https://ravedfabrics.com/wp-content/uploads/2026/02/1200x1200-635.jpg,,,RAV-RAVEDTAFEL-9300000095865150,,,,,,10,Raved,Size,"140 x 260 cm",,0,
2351123832450885,variation,9501528837716,,"Raved Tafelzeil Waterdicht/Gecoat 140 140 - Gecoat - Uitwasbaar - 140 x 270 cm",1,0,visible,,,,,taxable,parent,1,999,,0,0,,,,,0,,"23,95","75,06",,,,https://ravedfabrics.com/wp-content/uploads/2026/02/1200x1200-615.jpg,,,RAV-RAVEDTAFEL-9300000095865150,,,,,,11,Raved,Size,"140 x 270 cm",,0,
2351123832450879,variation,9506163972150,,"Raved Tafelzeil Waterdicht/Gecoat 140 140 - Gecoat - Uitwasbaar - 140 x 250 cm",1,0,visible,,,,,taxable,parent,1,999,,0,0,,,,,0,,"23,95","75,06",,,,https://ravedfabrics.com/wp-content/uploads/2026/02/1200x1200-633.jpg,,,RAV-RAVEDTAFEL-9300000095865150,,,,,,9,Raved,Size,"140 x 250 cm",,0,
2351123832450870,variation,9505611423626,,"Raved Tafelzeil Waterdicht/Gecoat 140 140 - Gecoat - Uitwasbaar - 140 x 240 cm",1,0,visible,,,,,taxable,parent,1,999,,0,0,,,,,0,,"23,95","75,06",,,,https://ravedfabrics.com/wp-content/uploads/2026/02/1200x600-4.jpg,,,RAV-RAVEDTAFEL-9300000095865150,,,,,,8,Raved,Size,"140 x 240 cm",,0,
2351123832450862,variation,9507866997495,,"Raved Tafelzeil Waterdicht/Gecoat 140 140 - Gecoat - Uitwasbaar - 140 x 230 cm",1,0,visible,,,,,taxable,parent,1,999,,0,0,,,,,0,,"23,95","75,06",,,,https://ravedfabrics.com/wp-content/uploads/2026/02/1200x1200-630.jpg,,,RAV-RAVEDTAFEL-9300000095865150,,,,,,7,Raved,Size,"140 x 230 cm",,0,
2351123832450855,variation,9502121433459,,"Raved Tafelzeil Waterdicht/Gecoat 140 140 - Gecoat - Uitwasbaar - 140 x 220 cm",1,0,visible,,,,,taxable,parent,1,999,,0,0,,,,,0,,"23,95","75,06",,,,https://ravedfabrics.com/wp-content/uploads/2026/02/1200x1200-628.jpg,,,RAV-RAVEDTAFEL-9300000095865150,,,,,,6,Raved,Size,"140 x 220 cm",,0,
2351123832450846,variation,9502874347874,,"Raved Tafelzeil Waterdicht/Gecoat 140 140 - Gecoat - Uitwasbaar - 140 x 200 cm",1,0,visible,,,,,taxable,parent,1,999,,0,0,,,,,0,,"23,95","75,06",,,,https://ravedfabrics.com/wp-content/uploads/2026/02/1200x1200-626.jpg,,,RAV-RAVEDTAFEL-9300000095865150,,,,,,5,Raved,Size,"140 x 200 cm",,0,
2351123832450840,variation,9504128848595,,"Raved Tafelzeil Waterdicht/Gecoat 140 140 - Gecoat - Uitwasbaar - 140 x 180 cm",1,0,visible,,,,,taxable,parent,1,999,,0,0,,,,,0,,"23,95","75,06",,,,https://ravedfabrics.com/wp-content/uploads/2026/02/1200x1200-624.jpg,,,RAV-RAVEDTAFEL-9300000095865150,,,,,,4,Raved,Size,"140 x 180 cm",,0,
2351123832450833,variation,9502587327910,,"Raved Tafelzeil Waterdicht/Gecoat 140 140 - Gecoat - Uitwasbaar - 140 x 160 cm",1,0,visible,,,,,taxable,parent,1,999,,0,0,,,,,0,,"23,95","75,06",,,,https://ravedfabrics.com/wp-content/uploads/2026/02/1200x1200-11.jpg,,,RAV-RAVEDTAFEL-9300000095865150,,,,,,3,Raved,Size,"140 x 160 cm",,0,
2351123832450832,variation,9503668757510,,"Raved Tafelzeil Waterdicht/Gecoat 140 140 - Gecoat - Uitwasbaar - 140 x 140 cm",1,0,visible,,,,,taxable,parent,1,999,,0,0,,,,,0,,"23,95","75,06",,,,https://ravedfabrics.com/wp-content/uploads/2026/02/1200x1200-621.jpg,,,RAV-RAVEDTAFEL-9300000095865150,,,,,,2,Raved,Size,"140 x 140 cm",,0,
2351123832450804,variation,9505945142361,,"Raved Tafelzeil Waterdicht/Gecoat 140 140 - Gecoat - Uitwasbaar - 140 x 100 cm",1,0,visible,,,,,taxable,parent,1,999,,0,0,,,,,0,,"23,95","75,06",,,,https://ravedfabrics.com/wp-content/uploads/2026/02/1200x1019-22.jpg,,,RAV-RAVEDTAFEL-9300000095865150,,,,,,1,Raved,Size,"140 x 100 cm",,0,
2351123832450777,variation,9508787855536,,"Raved Tafelzeil Waterdicht/Gecoat 140 140 - Gecoat - Uitwasbaar - 140 x 50 cm",1,0,visible,,,,,taxable,parent,1,999,,0,0,,,,,0,,"23,95","75,06",,,,https://ravedfabrics.com/wp-content/uploads/2026/02/1200x1200-619.jpg,,,RAV-RAVEDTAFEL-9300000095865150,,,,,,0,Raved,Size,"140 x 50 cm",,0,
2351123832450768,variation,9508747465911,,"Raved Kerst Tafelzeil - 140 140 - PVC - Afwasbaar - 140 x 300 cm",1,0,visible,,,,,taxable,parent,1,999,,0,0,,,,,0,,"23,95","43,89",,,,https://ravedfabrics.com/wp-content/uploads/2026/02/1200x1200-528.jpg,,,RAV-RAVEDTAFEL-9300000167169882,,,,,,14,Raved,Size,"140 x 300 cm",,0,
2351123832450769,variation,9507884144918,,"Raved Kerst Tafelzeil - 140 140 - PVC - Afwasbaar - 140 x 310 cm",1,0,visible,,,,,taxable,parent,1,999,,0,0,,,,,0,,"23,95","43,89",,,,https://ravedfabrics.com/wp-content/uploads/2026/02/1200x1200-529.jpg,,,RAV-RAVEDTAFEL-9300000167169882,,,,,,15,Raved,Size,"140 x 310 cm",,0,
2351123832450770,variation,9508367622527,,"Raved Kerst Tafelzeil - 140 140 - PVC - Afwasbaar - 140 x 320 cm",1,0,visible,,,,,taxable,parent,1,999,,0,0,,,,,0,,"23,95","43,89",,,,https://ravedfabrics.com/wp-content/uploads/2026/02/1200x1200-530.jpg,,,RAV-RAVEDTAFEL-9300000167169882,,,,,,16,Raved,Size,"140 x 320 cm",,0,
2351123832450772,variation,9509653784998,,"Raved Kerst Tafelzeil - 140 140 - PVC - Afwasbaar - 140 x 330 cm",1,0,visible,,,,,taxable,parent,1,999,,0,0,,,,,0,,"23,95","43,89",,,,https://ravedfabrics.com/wp-content/uploads/2026/02/1200x1200-531.jpg,,,RAV-RAVEDTAFEL-9300000167169882,,,,,,17,Raved,Size,"140 x 330 cm",,0,
2351123832450754,variation,9504471885674,,"Raved Kerst Tafelzeil - 140 140 - PVC - Afwasbaar - 140 x 100 cm",1,0,visible,,,,,taxable,parent,1,999,,0,0,,,,,0,,"23,95","43,89",,,,https://ravedfabrics.com/wp-content/uploads/2026/02/1200x1019-19.jpg,,,RAV-RAVEDTAFEL-9300000167169882,,,,,,1,Raved,Size,"140 x 100 cm",,0,
2351123832450755,variation,9507287684813,,"Raved Kerst Tafelzeil - 140 140 - PVC - Afwasbaar - 140 x 140 cm",1,0,visible,,,,,taxable,parent,1,999,,0,0,,,,,0,,"23,95","43,89",,,,https://ravedfabrics.com/wp-content/uploads/2026/02/1200x1200-518.jpg,,,RAV-RAVEDTAFEL-9300000167169882,,,,,,2,Raved,Size,"140 x 140 cm",,0,
2351123832450756,variation,9503256371265,,"Raved Kerst Tafelzeil - 140 140 - PVC - Afwasbaar - 140 x 160 cm",1,0,visible,,,,,taxable,parent,1,999,,0,0,,,,,0,,"23,95","43,89",,,,https://ravedfabrics.com/wp-content/uploads/2026/02/1200x1200-19.jpg,,,RAV-RAVEDTAFEL-9300000167169882,,,,,,3,Raved,Size,"140 x 160 cm",,0,
2351123832450757,variation,9504637338167,,"Raved Kerst Tafelzeil - 140 140 - PVC - Afwasbaar - 140 x 180 cm",1,0,visible,,,,,taxable,parent,1,999,,0,0,,,,,0,,"23,95","43,89",,,,https://ravedfabrics.com/wp-content/uploads/2026/02/1200x1200-519.jpg,,,RAV-RAVEDTAFEL-9300000167169882,,,,,,4,Raved,Size,"140 x 180 cm",,0,
2351123832450758,variation,9508937572436,,"Raved Kerst Tafelzeil - 140 140 - PVC - Afwasbaar - 140 x 200 cm",1,0,visible,,,,,taxable,parent,1,999,,0,0,,,,,0,,"23,95","43,89",,,,https://ravedfabrics.com/wp-content/uploads/2026/02/1200x1200-520.jpg,,,RAV-RAVEDTAFEL-9300000167169882,,,,,,5,Raved,Size,"140 x 200 cm",,0,
2351123832450759,variation,9506865889923,,"Raved Kerst Tafelzeil - 140 140 - PVC - Afwasbaar - 140 x 220 cm",1,0,visible,,,,,taxable,parent,1,999,,0,0,,,,,0,,"23,95","43,89",,,,https://ravedfabrics.com/wp-content/uploads/2026/02/1200x1200-521.jpg,,,RAV-RAVEDTAFEL-9300000167169882,,,,,,6,Raved,Size,"140 x 220 cm",,0,
2351123832450760,variation,9507932753574,,"Raved Kerst Tafelzeil - 140 140 - PVC - Afwasbaar - 140 x 230 cm",1,0,visible,,,,,taxable,parent,1,999,,0,0,,,,,0,,"23,95","43,89",,,,https://ravedfabrics.com/wp-content/uploads/2026/02/1200x1200-522.jpg,,,RAV-RAVEDTAFEL-9300000167169882,,,,,,7,Raved,Size,"140 x 230 cm",,0,
2351123832450761,variation,9506496119291,,"Raved Kerst Tafelzeil - 140 140 - PVC - Afwasbaar - 140 x 240 cm",1,0,visible,,,,,taxable,parent,1,999,,0,0,,,,,0,,"23,95","43,89",,,,https://ravedfabrics.com/wp-content/uploads/2026/02/1200x1200-517.jpg,,,RAV-RAVEDTAFEL-9300000167169882,,,,,,8,Raved,Size,"140 x 240 cm",,0,
2351123832450762,variation,9508832539398,,"Raved Kerst Tafelzeil - 140 140 - PVC - Afwasbaar - 140 x 250 cm",1,0,visible,,,,,taxable,parent,1,999,,0,0,,,,,0,,"23,95","43,89",,,,https://ravedfabrics.com/wp-content/uploads/2026/02/1200x1200-523.jpg,,,RAV-RAVEDTAFEL-9300000167169882,,,,,,9,Raved,Size,"140 x 250 cm",,0,
2351123832450763,variation,9501633357468,,"Raved Kerst Tafelzeil - 140 140 - PVC - Afwasbaar - 140 x 260 cm",1,0,visible,,,,,taxable,parent,1,999,,0,0,,,,,0,,"23,95","43,89",,,,https://ravedfabrics.com/wp-content/uploads/2026/02/1200x1200-524.jpg,,,RAV-RAVEDTAFEL-9300000167169882,,,,,,10,Raved,Size,"140 x 260 cm",,0,
2351123832450765,variation,9501453234598,,"Raved Kerst Tafelzeil - 140 140 - PVC - Afwasbaar - 140 x 270 cm",1,0,visible,,,,,taxable,parent,1,999,,0,0,,,,,0,,"23,95","43,89",,,,https://ravedfabrics.com/wp-content/uploads/2026/02/1200x1200-525.jpg,,,RAV-RAVEDTAFEL-9300000167169882,,,,,,11,Raved,Size,"140 x 270 cm",,0,
2351123832450766,variation,9504625558164,,"Raved Kerst Tafelzeil - 140 140 - PVC - Afwasbaar - 140 x 280 cm",1,0,visible,,,,,taxable,parent,1,999,,0,0,,,,,0,,"23,95","43,89",,,,https://ravedfabrics.com/wp-content/uploads/2026/02/1200x1200-526.jpg,,,RAV-RAVEDTAFEL-9300000167169882,,,,,,12,Raved,Size,"140 x 280 cm",,0,
2351123832450767,variation,9504786368411,,"Raved Kerst Tafelzeil - 140 140 - PVC - Afwasbaar - 140 x 290 cm",1,0,visible,,,,,taxable,parent,1,999,,0,0,,,,,0,,"23,95","43,89",,,,https://ravedfabrics.com/wp-content/uploads/2026/02/1200x1200-527.jpg,,,RAV-RAVEDTAFEL-9300000167169882,,,,,,13,Raved,Size,"140 x 290 cm",,0,
2351123832450753,variation,9501895332937,,"Raved Kerst Tafelzeil - 140 140 - PVC - Afwasbaar - 140 x 50 cm",1,0,visible,,,,,taxable,parent,1,999,,0,0,,,,,0,,"23,95","43,89",,,,https://ravedfabrics.com/wp-content/uploads/2026/02/1200x1019-18.jpg,,,RAV-RAVEDTAFEL-9300000167169882,,,,,,0,Raved,Size,"140 x 50 cm",,0,
2351123832450684,variation,9506794732741,,"Raved Tafelzeil Barok 140 140 - Goud - PVC - Afwasbaar - 140 x 270 cm",1,0,visible,,,,,taxable,parent,1,999,,0,0,,,,,0,,,,,,,https://ravedfabrics.com/wp-content/uploads/2026/02/1200x1200-289.jpg,,,RAV-RAVEDTAFEL-9300000154384489,,,,,,11,Raved,Size,"140 x 270 cm",,0,
2351123832450685,variation,9501583982413,,"Raved Tafelzeil Barok 140 140 - Goud - PVC - Afwasbaar - 140 x 280 cm",1,0,visible,,,,,taxable,parent,1,999,,0,0,,,,,0,,,,,,,https://ravedfabrics.com/wp-content/uploads/2026/02/1200x1200-290.jpg,,,RAV-RAVEDTAFEL-9300000154384489,,,,,,12,Raved,Size,"140 x 280 cm",,0,
2351123832450686,variation,9509212297945,,"Raved Tafelzeil Barok 140 140 - Goud - PVC - Afwasbaar - 140 x 290 cm",1,0,visible,,,,,taxable,parent,1,999,,0,0,,,,,0,,,,,,,https://ravedfabrics.com/wp-content/uploads/2026/02/1200x590-84.jpg,,,RAV-RAVEDTAFEL-9300000154384489,,,,,,13,Raved,Size,"140 x 290 cm",,0,
2351123832450687,variation,9509569922651,,"Raved Tafelzeil Barok 140 140 - Goud - PVC - Afwasbaar - 140 x 300 cm",1,0,visible,,,,,taxable,parent,1,999,,0,0,,,,,0,,,,,,,https://ravedfabrics.com/wp-content/uploads/2026/02/1200x590-85.jpg,,,RAV-RAVEDTAFEL-9300000154384489,,,,,,14,Raved,Size,"140 x 300 cm",,0,
2351123832450688,variation,9505432648659,,"Raved Tafelzeil Barok 140 140 - Goud - PVC - Afwasbaar - 140 x 310 cm",1,0,visible,,,,,taxable,parent,1,999,,0,0,,,,,0,,,,,,,https://ravedfabrics.com/wp-content/uploads/2026/02/1200x1200-291.jpg,,,RAV-RAVEDTAFEL-9300000154384489,,,,,,15,Raved,Size,"140 x 310 cm",,0,
2351123832450689,variation,9501941522138,,"Raved Tafelzeil Barok 140 140 - Goud - PVC - Afwasbaar - 140 x 320 cm",1,0,visible,,,,,taxable,parent,1,999,,0,0,,,,,0,,,,,,,https://ravedfabrics.com/wp-content/uploads/2026/02/1200x1200-292.jpg,,,RAV-RAVEDTAFEL-9300000154384489,,,,,,16,Raved,Size,"140 x 320 cm",,0,
2351123832450690,variation,9508337942174,,"Raved Tafelzeil Barok 140 140 - Goud - PVC - Afwasbaar - 140 x 350 cm",1,0,visible,,,,,taxable,parent,1,999,,0,0,,,,,0,,,,,,,https://ravedfabrics.com/wp-content/uploads/2026/02/1200x590-86.jpg,,,RAV-RAVEDTAFEL-9300000154384489,,,,,,17,Raved,Size,"140 x 350 cm",,0,
2351123832450675,variation,9509783758654,,"Raved Tafelzeil Barok 140 140 - Goud - PVC - Afwasbaar - 140 x 140 cm",1,0,visible,,,,,taxable,parent,1,999,,0,0,,,,,0,,,,,,,https://ravedfabrics.com/wp-content/uploads/2026/02/1200x1200-283.jpg,,,RAV-RAVEDTAFEL-9300000154384489,,,,,,2,Raved,Size,"140 x 140 cm",,0,
2351123832450676,variation,9505159541172,,"Raved Tafelzeil Barok 140 140 - Goud - PVC - Afwasbaar - 140 x 160 cm",1,0,visible,,,,,taxable,parent,1,999,,0,0,,,,,0,,,,,,,https://ravedfabrics.com/wp-content/uploads/2026/02/1200x1200-284.jpg,,,RAV-RAVEDTAFEL-9300000154384489,,,,,,3,Raved,Size,"140 x 160 cm",,0,
2351123832450677,variation,9506553452767,,"Raved Tafelzeil Barok 140 140 - Goud - PVC - Afwasbaar - 140 x 180 cm",1,0,visible,,,,,taxable,parent,1,999,,0,0,,,,,0,,,,,,,https://ravedfabrics.com/wp-content/uploads/2026/02/1200x1200-285.jpg,,,RAV-RAVEDTAFEL-9300000154384489,,,,,,4,Raved,Size,"140 x 180 cm",,0,
2351123832450678,variation,9503889763581,,"Raved Tafelzeil Barok 140 140 - Goud - PVC - Afwasbaar - 140 x 200 cm",1,0,visible,,,,,taxable,parent,1,999,,0,0,,,,,0,,,,,,,https://ravedfabrics.com/wp-content/uploads/2026/02/1200x1200-286.jpg,,,RAV-RAVEDTAFEL-9300000154384489,,,,,,5,Raved,Size,"140 x 200 cm",,0,
2351123832450679,variation,9503749574340,,"Raved Tafelzeil Barok 140 140 - Goud - PVC - Afwasbaar - 140 x 220 cm",1,0,visible,,,,,taxable,parent,1,999,,0,0,,,,,0,,,,,,,https://ravedfabrics.com/wp-content/uploads/2026/02/1200x590-82.jpg,,,RAV-RAVEDTAFEL-9300000154384489,,,,,,6,Raved,Size,"140 x 220 cm",,0,
2351123832450680,variation,9501157253956,,"Raved Tafelzeil Barok 140 140 - Goud - PVC - Afwasbaar - 140 x 230 cm",1,0,visible,,,,,taxable,parent,1,999,,0,0,,,,,0,,,,,,,https://ravedfabrics.com/wp-content/uploads/2026/02/1200x1200-287.jpg,,,RAV-RAVEDTAFEL-9300000154384489,,,,,,7,Raved,Size,"140 x 230 cm",,0,
2351123832450681,variation,9501937115849,,"Raved Tafelzeil Barok 140 140 - Goud - PVC - Afwasbaar - 140 x 240 cm",1,0,visible,,,,,taxable,parent,1,999,,0,0,,,,,0,,,,,,,https://ravedfabrics.com/wp-content/uploads/2026/02/1200x1200-289.jpg,,,RAV-RAVEDTAFEL-9300000154384489,,,,,,8,Raved,Size,"140 x 240 cm",,0,
2351123832450682,variation,9505866496789,,"Raved Tafelzeil Barok 140 140 - Goud - PVC - Afwasbaar - 140 x 250 cm",1,0,visible,,,,,taxable,parent,1,999,,0,0,,,,,0,,,,,,,https://ravedfabrics.com/wp-content/uploads/2026/02/1200x1200-288.jpg,,,RAV-RAVEDTAFEL-9300000154384489,,,,,,9,Raved,Size,"140 x 250 cm",,0,
2351123832450683,variation,9506169492829,,"Raved Tafelzeil Barok 140 140 - Goud - PVC - Afwasbaar - 140 x 260 cm",1,0,visible,,,,,taxable,parent,1,999,,0,0,,,,,0,,,,,,,https://ravedfabrics.com/wp-content/uploads/2026/02/1200x590-83.jpg,,,RAV-RAVEDTAFEL-9300000154384489,,,,,,10,Raved,Size,"140 x 260 cm",,0,
2351123832450672,variation,9504511514526,,"Raved Tafelzeil Barok 140 140 - Goud - PVC - Afwasbaar - 140 x 50 cm",1,0,visible,,,,,taxable,parent,1,999,,0,0,,,,,0,,,,,,,https://ravedfabrics.com/wp-content/uploads/2026/02/1200x1200-281.jpg,,,RAV-RAVEDTAFEL-9300000154384489,,,,,,0,Raved,Size,"140 x 50 cm",,0,
2351123832450673,variation,9503447584221,,"Raved Tafelzeil Barok 140 140 - Goud - PVC - Afwasbaar - 140 x 100 cm",1,0,visible,,,,,taxable,parent,1,999,,0,0,,,,,0,,,,,,,https://ravedfabrics.com/wp-content/uploads/2026/02/1200x1200-282.jpg,,,RAV-RAVEDTAFEL-9300000154384489,,,,,,1,Raved,Size,"140 x 100 cm",,0,
2351123832450717,variation,9506645326723,,"Raved Tafelzeil 140 140 - PVC - Afwasbaar - 140 x 350 cm",1,0,visible,,,,,taxable,parent,1,999,,0,0,,,,,0,,,"25,95",,,,https://ravedfabrics.com/wp-content/uploads/2026/02/1200x590-106.jpg,,,RAV-RAVEDTAFEL-9300000178266823,,,,,,17,Raved,Size,"140 x 350 cm",,0,
2351123832450701,variation,9508365869559,,"Raved Tafelzeil 140 140 - PVC - Afwasbaar - 140 x 140 cm",1,0,visible,,,,,taxable,parent,1,999,,0,0,,,,,0,,,"25,95",,,,https://ravedfabrics.com/wp-content/uploads/2026/02/1200x590-90.jpg,,,RAV-RAVEDTAFEL-9300000178266823,,,,,,2,Raved,Size,"140 x 140 cm",,0,
2351123832450702,variation,9509671849891,,"Raved Tafelzeil 140 140 - PVC - Afwasbaar - 140 x 160 cm",1,0,visible,,,,,taxable,parent,1,999,,0,0,,,,,0,,,"25,95",,,,https://ravedfabrics.com/wp-content/uploads/2026/02/1200x590-91.jpg,,,RAV-RAVEDTAFEL-9300000178266823,,,,,,3,Raved,Size,"140 x 160 cm",,0,
2351123832450703,variation,9505828253382,,"Raved Tafelzeil 140 140 - PVC - Afwasbaar - 140 x 180 cm",1,0,visible,,,,,taxable,parent,1,999,,0,0,,,,,0,,,"25,95",,,,https://ravedfabrics.com/wp-content/uploads/2026/02/1200x590-92.jpg,,,RAV-RAVEDTAFEL-9300000178266823,,,,,,4,Raved,Size,"140 x 180 cm",,0,
2351123832450704,variation,9506424763923,,"Raved Tafelzeil 140 140 - PVC - Afwasbaar - 140 x 200 cm",1,0,visible,,,,,taxable,parent,1,999,,0,0,,,,,0,,,"25,95",,,,https://ravedfabrics.com/wp-content/uploads/2026/02/1200x590-93.jpg,,,RAV-RAVEDTAFEL-9300000178266823,,,,,,5,Raved,Size,"140 x 200 cm",,0,
2351123832450705,variation,9507384982942,,"Raved Tafelzeil 140 140 - PVC - Afwasbaar - 140 x 220 cm",1,0,visible,,,,,taxable,parent,1,999,,0,0,,,,,0,,,"25,95",,,,https://ravedfabrics.com/wp-content/uploads/2026/02/1200x590-94.jpg,,,RAV-RAVEDTAFEL-9300000178266823,,,,,,6,Raved,Size,"140 x 220 cm",,0,
2351123832450707,variation,9501245667825,,"Raved Tafelzeil 140 140 - PVC - Afwasbaar - 140 x 230 cm",1,0,visible,,,,,taxable,parent,1,999,,0,0,,,,,0,,,"25,95",,,,https://ravedfabrics.com/wp-content/uploads/2026/02/1200x590-96.jpg,,,RAV-RAVEDTAFEL-9300000178266823,,,,,,7,Raved,Size,"140 x 230 cm",,0,
2351123832450708,variation,9501529584367,,"Raved Tafelzeil 140 140 - PVC - Afwasbaar - 140 x 240 cm",1,0,visible,,,,,taxable,parent,1,999,,0,0,,,,,0,,,"25,95",,,,https://ravedfabrics.com/wp-content/uploads/2026/02/1200x590-98.jpg,,,RAV-RAVEDTAFEL-9300000178266823,,,,,,8,Raved,Size,"140 x 240 cm",,0,
2351123832450709,variation,9508931911699,,"Raved Tafelzeil 140 140 - PVC - Afwasbaar - 140 x 250 cm",1,0,visible,,,,,taxable,parent,1,999,,0,0,,,,,0,,,"25,95",,,,https://ravedfabrics.com/wp-content/uploads/2026/02/1200x590-99.jpg,,,RAV-RAVEDTAFEL-9300000178266823,,,,,,9,Raved,Size,"140 x 250 cm",,0,
2351123832450710,variation,9506528613865,,"Raved Tafelzeil 140 140 - PVC - Afwasbaar - 140 x 260 cm",1,0,visible,,,,,taxable,parent,1,999,,0,0,,,,,0,,,"25,95",,,,https://ravedfabrics.com/wp-content/uploads/2026/02/1200x590-100.jpg,,,RAV-RAVEDTAFEL-9300000178266823,,,,,,10,Raved,Size,"140 x 260 cm",,0,
2351123832450711,variation,9505481121134,,"Raved Tafelzeil 140 140 - PVC - Afwasbaar - 140 x 270 cm",1,0,visible,,,,,taxable,parent,1,999,,0,0,,,,,0,,,"25,95",,,,https://ravedfabrics.com/wp-content/uploads/2026/02/1200x590-101.jpg,,,RAV-RAVEDTAFEL-9300000178266823,,,,,,11,Raved,Size,"140 x 270 cm",,0,
2351123832450712,variation,9501895517945,,"Raved Tafelzeil 140 140 - PVC - Afwasbaar - 140 x 280 cm",1,0,visible,,,,,taxable,parent,1,999,,0,0,,,,,0,,,"25,95",,,,https://ravedfabrics.com/wp-content/uploads/2026/02/1200x590-102.jpg,,,RAV-RAVEDTAFEL-9300000178266823,,,,,,12,Raved,Size,"140 x 280 cm",,0,
2351123832450713,variation,9501771771522,,"Raved Tafelzeil 140 140 - PVC - Afwasbaar - 140 x 290 cm",1,0,visible,,,,,taxable,parent,1,999,,0,0,,,,,0,,,"25,95",,,,https://ravedfabrics.com/wp-content/uploads/2026/02/1200x590-103.jpg,,,RAV-RAVEDTAFEL-9300000178266823,,,,,,13,Raved,Size,"140 x 290 cm",,0,
2351123832450714,variation,9501213924431,,"Raved Tafelzeil 140 140 - PVC - Afwasbaar - 140 x 300 cm",1,0,visible,,,,,taxable,parent,1,999,,0,0,,,,,0,,,"25,95",,,,https://ravedfabrics.com/wp-content/uploads/2026/02/1200x590-87.jpg,,,RAV-RAVEDTAFEL-9300000178266823,,,,,,14,Raved,Size,"140 x 300 cm",,0,
2351123832450715,variation,9509429928328,,"Raved Tafelzeil 140 140 - PVC - Afwasbaar - 140 x 310 cm",1,0,visible,,,,,taxable,parent,1,999,,0,0,,,,,0,,,"25,95",,,,https://ravedfabrics.com/wp-content/uploads/2026/02/1200x590-104.jpg,,,RAV-RAVEDTAFEL-9300000178266823,,,,,,15,Raved,Size,"140 x 310 cm",,0,
2351123832450716,variation,9501259933817,,"Raved Tafelzeil 140 140 - PVC - Afwasbaar - 140 x 320 cm",1,0,visible,,,,,taxable,parent,1,999,,0,0,,,,,0,,,"25,95",,,,https://ravedfabrics.com/wp-content/uploads/2026/02/1200x590-105.jpg,,,RAV-RAVEDTAFEL-9300000178266823,,,,,,16,Raved,Size,"140 x 320 cm",,0,
2351123832450699,variation,9503176115918,,"Raved Tafelzeil 140 140 - PVC - Afwasbaar - 140 x 50 cm",1,0,visible,,,,,taxable,parent,1,999,,0,0,,,,,0,,,"25,95",,,,https://ravedfabrics.com/wp-content/uploads/2026/02/1200x590-88.jpg,,,RAV-RAVEDTAFEL-9300000178266823,,,,,,0,Raved,Size,"140 x 50 cm",,0,
2351123832450700,variation,9502526869440,,"Raved Tafelzeil 140 140 - PVC - Afwasbaar - 140 x 100 cm",1,0,visible,,,,,taxable,parent,1,999,,0,0,,,,,0,,,"25,95",,,,https://ravedfabrics.com/wp-content/uploads/2026/02/1200x590-89.jpg,,,RAV-RAVEDTAFEL-9300000178266823,,,,,,1,Raved,Size,"140 x 100 cm",,0,
2351123832450886,variation,9505145934278,,"Raved Tafelzeil Boerenbont ruit Groen 140 140 - PVC - Afwasbaar - 140 x 350 cm",1,0,visible,,,,,taxable,parent,1,999,,0,0,,,,,0,,"23,95","43,89",,,,https://ravedfabrics.com/wp-content/uploads/2026/02/1200x550-13.jpg,,,RAV-RAVEDTAFEL-9300000116564640,,,,,,17,Raved,Size,"140 x 350 cm",,0,
2351123832450882,variation,9501666433146,,"Raved Tafelzeil Boerenbont ruit Groen 140 140 - PVC - Afwasbaar - 140 x 320 cm",1,0,visible,,,,,taxable,parent,1,999,,0,0,,,,,0,,"23,95","43,89",,,,https://ravedfabrics.com/wp-content/uploads/2026/02/1200x1200-634.jpg,,,RAV-RAVEDTAFEL-9300000116564640,,,,,,16,Raved,Size,"140 x 320 cm",,0,
2351123832450875,variation,9509681723181,,"Raved Tafelzeil Boerenbont ruit Groen 140 140 - PVC - Afwasbaar - 140 x 310 cm",1,0,visible,,,,,taxable,parent,1,999,,0,0,,,,,0,,"23,95","43,89",,,,https://ravedfabrics.com/wp-content/uploads/2026/02/1200x550-12.jpg,,,RAV-RAVEDTAFEL-9300000116564640,,,,,,15,Raved,Size,"140 x 310 cm",,0,
2351123832450869,variation,9506957721537,,"Raved Tafelzeil Boerenbont ruit Groen 140 140 - PVC - Afwasbaar - 140 x 300 cm",1,0,visible,,,,,taxable,parent,1,999,,0,0,,,,,0,,"23,95","43,89",,,,https://ravedfabrics.com/wp-content/uploads/2026/02/1200x550-1.jpg,,,RAV-RAVEDTAFEL-9300000116564640,,,,,,14,Raved,Size,"140 x 300 cm",,0,
2351123832450868,variation,9507788642671,,"Raved Tafelzeil Boerenbont ruit Groen 140 140 - PVC - Afwasbaar - 140 x 290 cm",1,0,visible,,,,,taxable,parent,1,999,,0,0,,,,,0,,"23,95","43,89",,,,https://ravedfabrics.com/wp-content/uploads/2026/02/1200x550-11.jpg,,,RAV-RAVEDTAFEL-9300000116564640,,,,,,13,Raved,Size,"140 x 290 cm",,0,
2351123832450861,variation,9503876472687,,"Raved Tafelzeil Boerenbont ruit Groen 140 140 - PVC - Afwasbaar - 140 x 280 cm",1,0,visible,,,,,taxable,parent,1,999,,0,0,,,,,0,,"23,95","43,89",,,,https://ravedfabrics.com/wp-content/uploads/2026/02/1200x550-10.jpg,,,RAV-RAVEDTAFEL-9300000116564640,,,,,,12,Raved,Size,"140 x 280 cm",,0,
2351123832450859,variation,9504134473545,,"Raved Tafelzeil Boerenbont ruit Groen 140 140 - PVC - Afwasbaar - 140 x 270 cm",1,0,visible,,,,,taxable,parent,1,999,,0,0,,,,,0,,"23,95","43,89",,,,https://ravedfabrics.com/wp-content/uploads/2026/02/1200x550-9.jpg,,,RAV-RAVEDTAFEL-9300000116564640,,,,,,11,Raved,Size,"140 x 270 cm",,0,
2351123832450853,variation,9503695329421,,"Raved Tafelzeil Boerenbont ruit Groen 140 140 - PVC - Afwasbaar - 140 x 260 cm",1,0,visible,,,,,taxable,parent,1,999,,0,0,,,,,0,,"23,95","43,89",,,,https://ravedfabrics.com/wp-content/uploads/2026/02/1200x550-8.jpg,,,RAV-RAVEDTAFEL-9300000116564640,,,,,,10,Raved,Size,"140 x 260 cm",,0,
2351123832450849,variation,9504918275655,,"Raved Tafelzeil Boerenbont ruit Groen 140 140 - PVC - Afwasbaar - 140 x 240 cm",1,0,visible,,,,,taxable,parent,1,999,,0,0,,,,,0,,"23,95","43,89",,,,https://ravedfabrics.com/wp-content/uploads/2026/02/1200x1200-627.jpg,,,RAV-RAVEDTAFEL-9300000116564640,,,,,,8,Raved,Size,"140 x 240 cm",,0,
2351123832450851,variation,9508419691853,,"Raved Tafelzeil Boerenbont ruit Groen 140 140 - PVC - Afwasbaar - 140 x 250 cm",1,0,visible,,,,,taxable,parent,1,999,,0,0,,,,,0,,"23,95","43,89",,,,https://ravedfabrics.com/wp-content/uploads/2026/02/1200x550.jpg,,,RAV-RAVEDTAFEL-9300000116564640,,,,,,9,Raved,Size,"140 x 250 cm",,0,
2351123832450842,variation,9506231214465,,"Raved Tafelzeil Boerenbont ruit Groen 140 140 - PVC - Afwasbaar - 140 x 230 cm",1,0,visible,,,,,taxable,parent,1,999,,0,0,,,,,0,,"23,95","43,89",,,,https://ravedfabrics.com/wp-content/uploads/2026/02/1200x550-7.jpg,,,RAV-RAVEDTAFEL-9300000116564640,,,,,,7,Raved,Size,"140 x 230 cm",,0,
2351123832450837,variation,9505873852875,,"Raved Tafelzeil Boerenbont ruit Groen 140 140 - PVC - Afwasbaar - 140 x 220 cm",1,0,visible,,,,,taxable,parent,1,999,,0,0,,,,,0,,"23,95","43,89",,,,https://ravedfabrics.com/wp-content/uploads/2026/02/1200x1200-623.jpg,,,RAV-RAVEDTAFEL-9300000116564640,,,,,,6,Raved,Size,"140 x 220 cm",,0,
2351123832450830,variation,9504736155290,,"Raved Tafelzeil Boerenbont ruit Groen 140 140 - PVC - Afwasbaar - 140 x 200 cm",1,0,visible,,,,,taxable,parent,1,999,,0,0,,,,,0,,"23,95","43,89",,,,https://ravedfabrics.com/wp-content/uploads/2026/02/1200x550-6.jpg,,,RAV-RAVEDTAFEL-9300000116564640,,,,,,5,Raved,Size,"140 x 200 cm",,0,
2351123832450814,variation,9505662633999,,"Raved Tafelzeil Boerenbont ruit Groen 140 140 - PVC - Afwasbaar - 140 x 180 cm",1,0,visible,,,,,taxable,parent,1,999,,0,0,,,,,0,,"23,95","43,89",,,,https://ravedfabrics.com/wp-content/uploads/2026/02/1200x550-5.jpg,,,RAV-RAVEDTAFEL-9300000116564640,,,,,,4,Raved,Size,"140 x 180 cm",,0,
2351123832450796,variation,9508911414387,,"Raved Tafelzeil Boerenbont ruit Groen 140 140 - PVC - Afwasbaar - 140 x 160 cm",1,0,visible,,,,,taxable,parent,1,999,,0,0,,,,,0,,"23,95","43,89",,,,https://ravedfabrics.com/wp-content/uploads/2026/02/1200x550-4.jpg,,,RAV-RAVEDTAFEL-9300000116564640,,,,,,3,Raved,Size,"140 x 160 cm",,0,
2351123832450781,variation,9507559161431,,"Raved Tafelzeil Boerenbont ruit Groen 140 140 - PVC - Afwasbaar - 140 x 140 cm",1,0,visible,,,,,taxable,parent,1,999,,0,0,,,,,0,,"23,95","43,89",,,,https://ravedfabrics.com/wp-content/uploads/2026/02/1200x550-3.jpg,,,RAV-RAVEDTAFEL-9300000116564640,,,,,,2,Raved,Size,"140 x 140 cm",,0,
2351123832450764,variation,9507427986463,,"Raved Tafelzeil Boerenbont ruit Groen 140 140 - PVC - Afwasbaar - 140 x 100 cm",1,0,visible,,,,,taxable,parent,1,999,,0,0,,,,,0,,"23,95","43,89",,,,https://ravedfabrics.com/wp-content/uploads/2026/02/1200x550-2.jpg,,,RAV-RAVEDTAFEL-9300000116564640,,,,,,1,Raved,Size,"140 x 100 cm",,0,
2351123832450748,variation,9505691557952,,"Raved Tafelzeil Boerenbont ruit Groen 140 140 - PVC - Afwasbaar - 140 x 50 cm",1,0,visible,,,,,taxable,parent,1,999,,0,0,,,,,0,,"23,95","43,89",,,,https://ravedfabrics.com/wp-content/uploads/2026/02/1200x1200-617.jpg,,,RAV-RAVEDTAFEL-9300000116564640,,,,,,0,Raved,Size,"140 x 50 cm",,0,
2351123832450774,variation,9507548474948,,"Raved Tafelzeil - 160 Rond - PVC - Afwasbaar - Extra sterk - Beschermrand - 160 x 140 cm",1,0,visible,,,,,taxable,parent,1,999,,0,0,,,,,0,,,"27,95",,,,https://ravedfabrics.com/wp-content/uploads/2026/02/1200x965-3.jpg,,,RAV-RAVEDTAFEL-9300000189772735,,,,,,0,Raved,Size,"160 x 140 cm",,0,
2351123832450775,variation,5603272162558,,"Raved Tafelzeil - 160 Rond - PVC - Afwasbaar - Extra sterk - Beschermrand - 160 x 160 cm",1,0,visible,,,,,taxable,parent,1,999,,0,0,,,,,0,,,"27,95",,,,https://ravedfabrics.com/wp-content/uploads/2026/02/1200x965-4.jpg,,,RAV-RAVEDTAFEL-9300000189772735,,,,,,1,Raved,Size,"160 x 160 cm",,0,
2351123832450797,variation,9503814191151,,"Raved Tafelzeil Gekleurde Ruitjes 140 140 - PVC - Afwasbaar - 140 x 300 cm",1,0,visible,,,,,taxable,parent,1,999,,0,0,,,,,0,,"23,95","37,99",,,,https://ravedfabrics.com/wp-content/uploads/2026/02/1200x1200-212.jpg,,,RAV-RAVEDTAFEL-9300000177253128,,,,,,14,Raved,Size,"140 x 300 cm",,0,
2351123832450798,variation,9504511793396,,"Raved Tafelzeil Gekleurde Ruitjes 140 140 - PVC - Afwasbaar - 140 x 310 cm",1,0,visible,,,,,taxable,parent,1,999,,0,0,,,,,0,,"23,95","37,99",,,,https://ravedfabrics.com/wp-content/uploads/2026/02/1200x1200-213.jpg,,,RAV-RAVEDTAFEL-9300000177253128,,,,,,15,Raved,Size,"140 x 310 cm",,0,
2351123832450799,variation,9507933479794,,"Raved Tafelzeil Gekleurde Ruitjes 140 140 - PVC - Afwasbaar - 140 x 320 cm",1,0,visible,,,,,taxable,parent,1,999,,0,0,,,,,0,,"23,95","37,99",,,,https://ravedfabrics.com/wp-content/uploads/2026/02/1200x1200-214.jpg,,,RAV-RAVEDTAFEL-9300000177253128,,,,,,16,Raved,Size,"140 x 320 cm",,0,
2351123832450801,variation,9505656694395,,"Raved Tafelzeil Gekleurde Ruitjes 140 140 - PVC - Afwasbaar - 140 x 350 cm",1,0,visible,,,,,taxable,parent,1,999,,0,0,,,,,0,,"23,95","37,99",,,,https://ravedfabrics.com/wp-content/uploads/2026/02/1200x1200-215.jpg,,,RAV-RAVEDTAFEL-9300000177253128,,,,,,17,Raved,Size,"140 x 350 cm",,0,
2351123832450790,variation,9507229911762,,"Raved Tafelzeil Gekleurde Ruitjes 140 140 - PVC - Afwasbaar - 140 x 230 cm",1,0,visible,,,,,taxable,parent,1,999,,0,0,,,,,0,,"23,95","37,99",,,,https://ravedfabrics.com/wp-content/uploads/2026/02/1200x1200-207.jpg,,,RAV-RAVEDTAFEL-9300000177253128,,,,,,8,Raved,Size,"140 x 230 cm",,0,
2351123832450791,variation,9504955919239,,"Raved Tafelzeil Gekleurde Ruitjes 140 140 - PVC - Afwasbaar - 140 x 240 cm",1,0,visible,,,,,taxable,parent,1,999,,0,0,,,,,0,,"23,95","37,99",,,,https://ravedfabrics.com/wp-content/uploads/2026/02/1200x1200-208.jpg,,,RAV-RAVEDTAFEL-9300000177253128,,,,,,9,Raved,Size,"140 x 240 cm",,0,
2351123832450792,variation,9502641366183,,"Raved Tafelzeil Gekleurde Ruitjes 140 140 - PVC - Afwasbaar - 140 x 250 cm",1,0,visible,,,,,taxable,parent,1,999,,0,0,,,,,0,,"23,95","37,99",,,,https://ravedfabrics.com/wp-content/uploads/2026/02/1200x590-3.jpg,,,RAV-RAVEDTAFEL-9300000177253128,,,,,,10,Raved,Size,"140 x 250 cm",,0,
2351123832450793,variation,9505453874358,,"Raved Tafelzeil Gekleurde Ruitjes 140 140 - PVC - Afwasbaar - 140 x 270 cm",1,0,visible,,,,,taxable,parent,1,999,,0,0,,,,,0,,"23,95","37,99",,,,https://ravedfabrics.com/wp-content/uploads/2026/02/1200x1200-209.jpg,,,RAV-RAVEDTAFEL-9300000177253128,,,,,,11,Raved,Size,"140 x 270 cm",,0,
2351123832450794,variation,9504484577474,,"Raved Tafelzeil Gekleurde Ruitjes 140 140 - PVC - Afwasbaar - 140 x 280 cm",1,0,visible,,,,,taxable,parent,1,999,,0,0,,,,,0,,"23,95","37,99",,,,https://ravedfabrics.com/wp-content/uploads/2026/02/1200x1200-210.jpg,,,RAV-RAVEDTAFEL-9300000177253128,,,,,,12,Raved,Size,"140 x 280 cm",,0,
2351123832450795,variation,9508699324786,,"Raved Tafelzeil Gekleurde Ruitjes 140 140 - PVC - Afwasbaar - 140 x 290 cm",1,0,visible,,,,,taxable,parent,1,999,,0,0,,,,,0,,"23,95","37,99",,,,https://ravedfabrics.com/wp-content/uploads/2026/02/1200x1200-211.jpg,,,RAV-RAVEDTAFEL-9300000177253128,,,,,,13,Raved,Size,"140 x 290 cm",,0,
2351123832450782,variation,9505327197644,,"Raved Tafelzeil Gekleurde Ruitjes 140 140 - PVC - Afwasbaar - 140 x 100 cm",1,0,visible,,,,,taxable,parent,1,999,,0,0,,,,,0,,"23,95","37,99",,,,https://ravedfabrics.com/wp-content/uploads/2026/02/1200x1200-201.jpg,,,RAV-RAVEDTAFEL-9300000177253128,,,,,,2,Raved,Size,"140 x 100 cm",,0,
2351123832450783,variation,9508959452822,,"Raved Tafelzeil Gekleurde Ruitjes 140 140 - PVC - Afwasbaar - 140 x 140 cm",1,0,visible,,,,,taxable,parent,1,999,,0,0,,,,,0,,"23,95","37,99",,,,https://ravedfabrics.com/wp-content/uploads/2026/02/1200x1200-202.jpg,,,RAV-RAVEDTAFEL-9300000177253128,,,,,,3,Raved,Size,"140 x 140 cm",,0,
2351123832450784,variation,9506545529712,,"Raved Tafelzeil Gekleurde Ruitjes 140 140 - PVC - Afwasbaar - 140 x 160 cm",1,0,visible,,,,,taxable,parent,1,999,,0,0,,,,,0,,"23,95","37,99",,,,https://ravedfabrics.com/wp-content/uploads/2026/02/1200x1200-203.jpg,,,RAV-RAVEDTAFEL-9300000177253128,,,,,,4,Raved,Size,"140 x 160 cm",,0,
2351123832450785,variation,9508427599479,,"Raved Tafelzeil Gekleurde Ruitjes 140 140 - PVC - Afwasbaar - 140 x 180 cm",1,0,visible,,,,,taxable,parent,1,999,,0,0,,,,,0,,"23,95","37,99",,,,https://ravedfabrics.com/wp-content/uploads/2026/02/1200x1200-204.jpg,,,RAV-RAVEDTAFEL-9300000177253128,,,,,,5,Raved,Size,"140 x 180 cm",,0,
2351123832450786,variation,9509513465425,,"Raved Tafelzeil Gekleurde Ruitjes 140 140 - PVC - Afwasbaar - 140 x 200 cm",1,0,visible,,,,,taxable,parent,1,999,,0,0,,,,,0,,"23,95","37,99",,,,https://ravedfabrics.com/wp-content/uploads/2026/02/1200x1200-205.jpg,,,RAV-RAVEDTAFEL-9300000177253128,,,,,,6,Raved,Size,"140 x 200 cm",,0,
2351123832450787,variation,9505186877626,,"Raved Tafelzeil Gekleurde Ruitjes 140 140 - PVC - Afwasbaar - 140 x 220 cm",1,0,visible,,,,,taxable,parent,1,999,,0,0,,,,,0,,"23,95","37,99",,,,https://ravedfabrics.com/wp-content/uploads/2026/02/1200x1200-206.jpg,,,RAV-RAVEDTAFEL-9300000177253128,,,,,,7,Raved,Size,"140 x 220 cm",,0,
2351123832450779,variation,9509137796981,,"Raved Tafelzeil Gekleurde Ruitjes 140 140 - PVC - Afwasbaar - 140 x 20 cm",1,0,visible,,,,,taxable,parent,1,999,,0,0,,,,,0,,"23,95","37,99",,,,https://ravedfabrics.com/wp-content/uploads/2026/02/1200x1200-199.jpg,,,RAV-RAVEDTAFEL-9300000177253128,,,,,,0,Raved,Size,"140 x 20 cm",,0,
2351123832450780,variation,9507694332925,,"Raved Tafelzeil Gekleurde Ruitjes 140 140 - PVC - Afwasbaar - 140 x 50 cm",1,0,visible,,,,,taxable,parent,1,999,,0,0,,,,,0,,"23,95","37,99",,,,https://ravedfabrics.com/wp-content/uploads/2026/02/1200x1200-200.jpg,,,RAV-RAVEDTAFEL-9300000177253128,,,,,,1,Raved,Size,"140 x 50 cm",,0,
2351123832450823,variation,9509792855375,,"Raved Tafelzeil 140 140 - PVC - Afwasbaar - 140 x 310 cm",1,0,visible,,,,,taxable,parent,1,999,,0,0,,,,,0,,"23,95","43,89",,,,https://ravedfabrics.com/wp-content/uploads/2026/02/1200x1144-10.jpg,,,RAV-RAVEDTAFEL-9300000179132658,,,,,,15,Raved,Size,"140 x 310 cm",,0,
2351123832450824,variation,9504181824413,,"Raved Tafelzeil 140 140 - PVC - Afwasbaar - 140 x 320 cm",1,0,visible,,,,,taxable,parent,1,999,,0,0,,,,,0,,"23,95","43,89",,,,https://ravedfabrics.com/wp-content/uploads/2026/02/1200x1144-11.jpg,,,RAV-RAVEDTAFEL-9300000179132658,,,,,,16,Raved,Size,"140 x 320 cm",,0,
2351123832450825,variation,9501256758468,,"Raved Tafelzeil 140 140 - PVC - Afwasbaar - 140 x 350 cm",1,0,visible,,,,,taxable,parent,1,999,,0,0,,,,,0,,"23,95","43,89",,,,https://ravedfabrics.com/wp-content/uploads/2026/02/1200x590-115.jpg,,,RAV-RAVEDTAFEL-9300000179132658,,,,,,17,Raved,Size,"140 x 350 cm",,0,
2351123832450816,variation,9508992821784,,"Raved Tafelzeil 140 140 - PVC - Afwasbaar - 140 x 250 cm",1,0,visible,,,,,taxable,parent,1,999,,0,0,,,,,0,,"23,95","43,89",,,,https://ravedfabrics.com/wp-content/uploads/2026/02/1200x1144-6.jpg,,,RAV-RAVEDTAFEL-9300000179132658,,,,,,9,Raved,Size,"140 x 250 cm",,0,
2351123832450817,variation,9502734175760,,"Raved Tafelzeil 140 140 - PVC - Afwasbaar - 140 x 260 cm",1,0,visible,,,,,taxable,parent,1,999,,0,0,,,,,0,,"23,95","43,89",,,,https://ravedfabrics.com/wp-content/uploads/2026/02/1200x1200-245.jpg,,,RAV-RAVEDTAFEL-9300000179132658,,,,,,10,Raved,Size,"140 x 260 cm",,0,
2351123832450818,variation,9506381188685,,"Raved Tafelzeil 140 140 - PVC - Afwasbaar - 140 x 270 cm",1,0,visible,,,,,taxable,parent,1,999,,0,0,,,,,0,,"23,95","43,89",,,,https://ravedfabrics.com/wp-content/uploads/2026/02/1200x1144-7.jpg,,,RAV-RAVEDTAFEL-9300000179132658,,,,,,11,Raved,Size,"140 x 270 cm",,0,
2351123832450819,variation,9501794329533,,"Raved Tafelzeil 140 140 - PVC - Afwasbaar - 140 x 280 cm",1,0,visible,,,,,taxable,parent,1,999,,0,0,,,,,0,,"23,95","43,89",,,,https://ravedfabrics.com/wp-content/uploads/2026/02/1200x590-114.jpg,,,RAV-RAVEDTAFEL-9300000179132658,,,,,,12,Raved,Size,"140 x 280 cm",,0,
2351123832450821,variation,9506758189697,,"Raved Tafelzeil 140 140 - PVC - Afwasbaar - 140 x 290 cm",1,0,visible,,,,,taxable,parent,1,999,,0,0,,,,,0,,"23,95","43,89",,,,https://ravedfabrics.com/wp-content/uploads/2026/02/1200x1144-8.jpg,,,RAV-RAVEDTAFEL-9300000179132658,,,,,,13,Raved,Size,"140 x 290 cm",,0,
2351123832450822,variation,9508953626533,,"Raved Tafelzeil 140 140 - PVC - Afwasbaar - 140 x 300 cm",1,0,visible,,,,,taxable,parent,1,999,,0,0,,,,,0,,"23,95","43,89",,,,https://ravedfabrics.com/wp-content/uploads/2026/02/1200x1144-9.jpg,,,RAV-RAVEDTAFEL-9300000179132658,,,,,,14,Raved,Size,"140 x 300 cm",,0,
2351123832450807,variation,9509111792695,,"Raved Tafelzeil 140 140 - PVC - Afwasbaar - 140 x 140 cm",1,0,visible,,,,,taxable,parent,1,999,,0,0,,,,,0,,"23,95","43,89",,,,https://ravedfabrics.com/wp-content/uploads/2026/02/1200x1144-2.jpg,,,RAV-RAVEDTAFEL-9300000179132658,,,,,,2,Raved,Size,"140 x 140 cm",,0,
2351123832450808,variation,9502645436929,,"Raved Tafelzeil 140 140 - PVC - Afwasbaar - 140 x 160 cm",1,0,visible,,,,,taxable,parent,1,999,,0,0,,,,,0,,"23,95","43,89",,,,https://ravedfabrics.com/wp-content/uploads/2026/02/1200x1144-3.jpg,,,RAV-RAVEDTAFEL-9300000179132658,,,,,,3,Raved,Size,"140 x 160 cm",,0,
2351123832450809,variation,9504184591527,,"Raved Tafelzeil 140 140 - PVC - Afwasbaar - 140 x 180 cm",1,0,visible,,,,,taxable,parent,1,999,,0,0,,,,,0,,"23,95","43,89",,,,https://ravedfabrics.com/wp-content/uploads/2026/02/1200x1200-367.jpg,,,RAV-RAVEDTAFEL-9300000179132658,,,,,,4,Raved,Size,"140 x 180 cm",,0,
2351123832450810,variation,9503766869559,,"Raved Tafelzeil 140 140 - PVC - Afwasbaar - 140 x 200 cm",1,0,visible,,,,,taxable,parent,1,999,,0,0,,,,,0,,"23,95","43,89",,,,https://ravedfabrics.com/wp-content/uploads/2026/02/1200x1144-4.jpg,,,RAV-RAVEDTAFEL-9300000179132658,,,,,,5,Raved,Size,"140 x 200 cm",,0,
2351123832450812,variation,9501269777623,,"Raved Tafelzeil 140 140 - PVC - Afwasbaar - 140 x 220 cm",1,0,visible,,,,,taxable,parent,1,999,,0,0,,,,,0,,"23,95","43,89",,,,https://ravedfabrics.com/wp-content/uploads/2026/02/1200x590-112.jpg,,,RAV-RAVEDTAFEL-9300000179132658,,,,,,6,Raved,Size,"140 x 220 cm",,0,
2351123832450813,variation,9509857113921,,"Raved Tafelzeil 140 140 - PVC - Afwasbaar - 140 x 230 cm",1,0,visible,,,,,taxable,parent,1,999,,0,0,,,,,0,,"23,95","43,89",,,,https://ravedfabrics.com/wp-content/uploads/2026/02/1200x590-113.jpg,,,RAV-RAVEDTAFEL-9300000179132658,,,,,,7,Raved,Size,"140 x 230 cm",,0,
2351123832450815,variation,9508572511241,,"Raved Tafelzeil 140 140 - PVC - Afwasbaar - 140 x 240 cm",1,0,visible,,,,,taxable,parent,1,999,,0,0,,,,,0,,"23,95","43,89",,,,https://ravedfabrics.com/wp-content/uploads/2026/02/1200x1144-5.jpg,,,RAV-RAVEDTAFEL-9300000179132658,,,,,,8,Raved,Size,"140 x 240 cm",,0,
2351123832450805,variation,9502572146113,,"Raved Tafelzeil 140 140 - PVC - Afwasbaar - 140 x 50 cm",1,0,visible,,,,,taxable,parent,1,999,,0,0,,,,,0,,"23,95","43,89",,,,https://ravedfabrics.com/wp-content/uploads/2026/02/1200x1144.jpg,,,RAV-RAVEDTAFEL-9300000179132658,,,,,,0,Raved,Size,"140 x 50 cm",,0,
2351123832450806,variation,9508753123584,,"Raved Tafelzeil 140 140 - PVC - Afwasbaar - 140 x 100 cm",1,0,visible,,,,,taxable,parent,1,999,,0,0,,,,,0,,"23,95","43,89",,,,https://ravedfabrics.com/wp-content/uploads/2026/02/1200x1144-1.jpg,,,RAV-RAVEDTAFEL-9300000179132658,,,,,,1,Raved,Size,"140 x 100 cm",,0,
2351123832450919,variation,9506438456248,,"Raved Tafelzeil 140 140 - PVC - Afwasbaar - 140 x 310 cm",1,0,visible,,,,,taxable,parent,1,999,,0,0,,,,,0,,"23,95","43,89",,,,https://ravedfabrics.com/wp-content/uploads/2026/02/1200x1020-8.jpg,,,RAV-RAVEDTAFEL-9300000092096571,,,,,,15,Raved,Size,"140 x 310 cm",,0,
2351123832450920,variation,9504537553363,,"Raved Tafelzeil 140 140 - PVC - Afwasbaar - 140 x 320 cm",1,0,visible,,,,,taxable,parent,1,999,,0,0,,,,,0,,"23,95","43,89",,,,https://ravedfabrics.com/wp-content/uploads/2026/02/1200x555-6.jpg,,,RAV-RAVEDTAFEL-9300000092096571,,,,,,16,Raved,Size,"140 x 320 cm",,0,
2351123832450921,variation,9507884921694,,"Raved Tafelzeil 140 140 - PVC - Afwasbaar - 140 x 350 cm",1,0,visible,,,,,taxable,parent,1,999,,0,0,,,,,0,,"23,95","43,89",,,,https://ravedfabrics.com/wp-content/uploads/2026/02/1200x1020-9.jpg,,,RAV-RAVEDTAFEL-9300000092096571,,,,,,17,Raved,Size,"140 x 350 cm",,0,
2351123832450904,variation,9508992872717,,"Raved Tafelzeil 140 140 - PVC - Afwasbaar - 140 x 50 cm",1,0,visible,,,,,taxable,parent,1,999,,0,0,,,,,0,,"23,95","43,89",,,,https://ravedfabrics.com/wp-content/uploads/2026/02/1200x1020.jpg,,,RAV-RAVEDTAFEL-9300000092096571,,,,,,0,Raved,Size,"140 x 50 cm",,0,
2351123832450905,variation,9508194478465,,"Raved Tafelzeil 140 140 - PVC - Afwasbaar - 140 x 100 cm",1,0,visible,,,,,taxable,parent,1,999,,0,0,,,,,0,,"23,95","43,89",,,,https://ravedfabrics.com/wp-content/uploads/2026/02/1200x1020-1.jpg,,,RAV-RAVEDTAFEL-9300000092096571,,,,,,1,Raved,Size,"140 x 100 cm",,0,
2351123832450906,variation,9506898237890,,"Raved Tafelzeil 140 140 - PVC - Afwasbaar - 140 x 140 cm",1,0,visible,,,,,taxable,parent,1,999,,0,0,,,,,0,,"23,95","43,89",,,,https://ravedfabrics.com/wp-content/uploads/2026/02/1200x1020-2.jpg,,,RAV-RAVEDTAFEL-9300000092096571,,,,,,2,Raved,Size,"140 x 140 cm",,0,
2351123832450907,variation,9506136349194,,"Raved Tafelzeil 140 140 - PVC - Afwasbaar - 140 x 160 cm",1,0,visible,,,,,taxable,parent,1,999,,0,0,,,,,0,,"23,95","43,89",,,,https://ravedfabrics.com/wp-content/uploads/2026/02/1200x1020-3.jpg,,,RAV-RAVEDTAFEL-9300000092096571,,,,,,3,Raved,Size,"140 x 160 cm",,0,
2351123832450908,variation,9504327864891,,"Raved Tafelzeil 140 140 - PVC - Afwasbaar - 140 x 180 cm",1,0,visible,,,,,taxable,parent,1,999,,0,0,,,,,0,,"23,95","43,89",,,,https://ravedfabrics.com/wp-content/uploads/2026/02/1200x1020-4.jpg,,,RAV-RAVEDTAFEL-9300000092096571,,,,,,4,Raved,Size,"140 x 180 cm",,0,
2351123832450909,variation,9502369642781,,"Raved Tafelzeil 140 140 - PVC - Afwasbaar - 140 x 200 cm",1,0,visible,,,,,taxable,parent,1,999,,0,0,,,,,0,,"23,95","43,89",,,,https://ravedfabrics.com/wp-content/uploads/2026/02/1200x555.jpg,,,RAV-RAVEDTAFEL-9300000092096571,,,,,,5,Raved,Size,"140 x 200 cm",,0,
2351123832450910,variation,9504449326451,,"Raved Tafelzeil 140 140 - PVC - Afwasbaar - 140 x 220 cm",1,0,visible,,,,,taxable,parent,1,999,,0,0,,,,,0,,"23,95","43,89",,,,https://ravedfabrics.com/wp-content/uploads/2026/02/1200x555-1.jpg,,,RAV-RAVEDTAFEL-9300000092096571,,,,,,6,Raved,Size,"140 x 220 cm",,0,
2351123832450911,variation,9507994196562,,"Raved Tafelzeil 140 140 - PVC - Afwasbaar - 140 x 230 cm",1,0,visible,,,,,taxable,parent,1,999,,0,0,,,,,0,,"23,95","43,89",,,,https://ravedfabrics.com/wp-content/uploads/2026/02/1200x555-2.jpg,,,RAV-RAVEDTAFEL-9300000092096571,,,,,,7,Raved,Size,"140 x 230 cm",,0,
2351123832450912,variation,9501842859586,,"Raved Tafelzeil 140 140 - PVC - Afwasbaar - 140 x 240 cm",1,0,visible,,,,,taxable,parent,1,999,,0,0,,,,,0,,"23,95","43,89",,,,https://ravedfabrics.com/wp-content/uploads/2026/02/1200x1200-166.jpg,,,RAV-RAVEDTAFEL-9300000092096571,,,,,,8,Raved,Size,"140 x 240 cm",,0,
2351123832450913,variation,9504374497332,,"Raved Tafelzeil 140 140 - PVC - Afwasbaar - 140 x 250 cm",1,0,visible,,,,,taxable,parent,1,999,,0,0,,,,,0,,"23,95","43,89",,,,https://ravedfabrics.com/wp-content/uploads/2026/02/1200x1020-5.jpg,,,RAV-RAVEDTAFEL-9300000092096571,,,,,,9,Raved,Size,"140 x 250 cm",,0,
2351123832450914,variation,9503259333826,,"Raved Tafelzeil 140 140 - PVC - Afwasbaar - 140 x 260 cm",1,0,visible,,,,,taxable,parent,1,999,,0,0,,,,,0,,"23,95","43,89",,,,https://ravedfabrics.com/wp-content/uploads/2026/02/1200x555-3.jpg,,,RAV-RAVEDTAFEL-9300000092096571,,,,,,10,Raved,Size,"140 x 260 cm",,0,
2351123832450915,variation,9506168986565,,"Raved Tafelzeil 140 140 - PVC - Afwasbaar - 140 x 270 cm",1,0,visible,,,,,taxable,parent,1,999,,0,0,,,,,0,,"23,95","43,89",,,,https://ravedfabrics.com/wp-content/uploads/2026/02/1200x555-4.jpg,,,RAV-RAVEDTAFEL-9300000092096571,,,,,,11,Raved,Size,"140 x 270 cm",,0,
2351123832450916,variation,9505581262515,,"Raved Tafelzeil 140 140 - PVC - Afwasbaar - 140 x 280 cm",1,0,visible,,,,,taxable,parent,1,999,,0,0,,,,,0,,"23,95","43,89",,,,https://ravedfabrics.com/wp-content/uploads/2026/02/1200x1020-6.jpg,,,RAV-RAVEDTAFEL-9300000092096571,,,,,,12,Raved,Size,"140 x 280 cm",,0,
2351123832450917,variation,9505923277931,,"Raved Tafelzeil 140 140 - PVC - Afwasbaar - 140 x 290 cm",1,0,visible,,,,,taxable,parent,1,999,,0,0,,,,,0,,"23,95","43,89",,,,https://ravedfabrics.com/wp-content/uploads/2026/02/1200x555-5.jpg,,,RAV-RAVEDTAFEL-9300000092096571,,,,,,13,Raved,Size,"140 x 290 cm",,0,
2351123832450918,variation,9502699274935,,"Raved Tafelzeil 140 140 - PVC - Afwasbaar - 140 x 300 cm",1,0,visible,,,,,taxable,parent,1,999,,0,0,,,,,0,,"23,95","43,89",,,,https://ravedfabrics.com/wp-content/uploads/2026/02/1200x1020-7.jpg,,,RAV-RAVEDTAFEL-9300000092096571,,,,,,14,Raved,Size,"140 x 300 cm",,0,
2351123832450957,variation,9509674192697,,"Raved Tafelbeschermer Wit ↔ 140 ↕ 140 - PVC - Afwasbaar - 140 x 350 cm",1,0,visible,,,,,taxable,parent,1,999,,0,0,,,,,0,,"31,39","38,49",,,,https://ravedfabrics.com/wp-content/uploads/2026/02/1200x1200-657.jpg,,,RAV-RAVEDTAFEL-9300000095221745,,,,,,16,Raved,Size,"140 x 350 cm",,0,
2351123832450953,variation,9503523377921,,"Raved Tafelbeschermer Wit ↔ 140 ↕ 140 - PVC - Afwasbaar - 140 x 300 cm",1,0,visible,,,,,taxable,parent,1,999,,0,0,,,,,0,,"31,39","38,49",,,,https://ravedfabrics.com/wp-content/uploads/2026/02/1200x1200-656.jpg,,,RAV-RAVEDTAFEL-9300000095221745,,,,,,13,Raved,Size,"140 x 300 cm",,0,
2351123832450954,variation,9501828752481,,"Raved Tafelbeschermer Wit ↔ 140 ↕ 140 - PVC - Afwasbaar - 140 x 310 cm",1,0,visible,,,,,taxable,parent,1,999,,0,0,,,,,0,,"31,39","38,49",,,,https://ravedfabrics.com/wp-content/uploads/2026/02/1200x1200-9.jpg,,,RAV-RAVEDTAFEL-9300000095221745,,,,,,14,Raved,Size,"140 x 310 cm",,0,
2351123832450955,variation,9504538452252,,"Raved Tafelbeschermer Wit ↔ 140 ↕ 140 - PVC - Afwasbaar - 140 x 320 cm",1,0,visible,,,,,taxable,parent,1,999,,0,0,,,,,0,,"31,39","38,49",,,,https://ravedfabrics.com/wp-content/uploads/2026/02/1200x1119.jpg,,,RAV-RAVEDTAFEL-9300000095221745,,,,,,15,Raved,Size,"140 x 320 cm",,0,
2351123832450951,variation,9503834829225,,"Raved Tafelbeschermer Wit ↔ 140 ↕ 140 - PVC - Afwasbaar - 140 x 290 cm",1,0,visible,,,,,taxable,parent,1,999,,0,0,,,,,0,,"31,39","38,49",,,,https://ravedfabrics.com/wp-content/uploads/2026/02/1200x1200-655.jpg,,,RAV-RAVEDTAFEL-9300000095221745,,,,,,12,Raved,Size,"140 x 290 cm",,0,
2351123832450949,variation,9504399549658,,"Raved Tafelbeschermer Wit ↔ 140 ↕ 140 - PVC - Afwasbaar - 140 x 280 cm",1,0,visible,,,,,taxable,parent,1,999,,0,0,,,,,0,,"31,39","38,49",,,,https://ravedfabrics.com/wp-content/uploads/2026/02/1200x1200-654.jpg,,,RAV-RAVEDTAFEL-9300000095221745,,,,,,11,Raved,Size,"140 x 280 cm",,0,
2351123832450947,variation,9509567591576,,"Raved Tafelbeschermer Wit ↔ 140 ↕ 140 - PVC - Afwasbaar - 140 x 270 cm",1,0,visible,,,,,taxable,parent,1,999,,0,0,,,,,0,,"31,39","38,49",,,,https://ravedfabrics.com/wp-content/uploads/2026/02/1200x1200-653.jpg,,,RAV-RAVEDTAFEL-9300000095221745,,,,,,10,Raved,Size,"140 x 270 cm",,0,
2351123832450944,variation,9509768836537,,"Raved Tafelbeschermer Wit ↔ 140 ↕ 140 - PVC - Afwasbaar - 140 x 260 cm",1,0,visible,,,,,taxable,parent,1,999,,0,0,,,,,0,,"31,39","38,49",,,,https://ravedfabrics.com/wp-content/uploads/2026/02/1200x1200-652.jpg,,,RAV-RAVEDTAFEL-9300000095221745,,,,,,9,Raved,Size,"140 x 260 cm",,0,
2351123832450942,variation,9508615786988,,"Raved Tafelbeschermer Wit ↔ 140 ↕ 140 - PVC - Afwasbaar - 140 x 250 cm",1,0,visible,,,,,taxable,parent,1,999,,0,0,,,,,0,,"31,39","38,49",,,,https://ravedfabrics.com/wp-content/uploads/2026/02/1200x1200-651.jpg,,,RAV-RAVEDTAFEL-9300000095221745,,,,,,8,Raved,Size,"140 x 250 cm",,0,
2351123832450940,variation,9502416755273,,"Raved Tafelbeschermer Wit ↔ 140 ↕ 140 - PVC - Afwasbaar - 140 x 240 cm",1,0,visible,,,,,taxable,parent,1,999,,0,0,,,,,0,,"31,39","38,49",,,,https://ravedfabrics.com/wp-content/uploads/2026/02/1200x1200-650.jpg,,,RAV-RAVEDTAFEL-9300000095221745,,,,,,7,Raved,Size,"140 x 240 cm",,0,
2351123832450938,variation,9506635244686,,"Raved Tafelbeschermer Wit ↔ 140 ↕ 140 - PVC - Afwasbaar - 140 x 230 cm",1,0,visible,,,,,taxable,parent,1,999,,0,0,,,,,0,,"31,39","38,49",,,,https://ravedfabrics.com/wp-content/uploads/2026/02/1200x1200-649.jpg,,,RAV-RAVEDTAFEL-9300000095221745,,,,,,6,Raved,Size,"140 x 230 cm",,0,
2351123832450936,variation,9502772946483,,"Raved Tafelbeschermer Wit ↔ 140 ↕ 140 - PVC - Afwasbaar - 140 x 220 cm",1,0,visible,,,,,taxable,parent,1,999,,0,0,,,,,0,,"31,39","38,49",,,,https://ravedfabrics.com/wp-content/uploads/2026/02/1200x1200-648.jpg,,,RAV-RAVEDTAFEL-9300000095221745,,,,,,5,Raved,Size,"140 x 220 cm",,0,
2351123832450934,variation,9505669958538,,"Raved Tafelbeschermer Wit ↔ 140 ↕ 140 - PVC - Afwasbaar - 140 x 200 cm",1,0,visible,,,,,taxable,parent,1,999,,0,0,,,,,0,,"31,39","38,49",,,,https://ravedfabrics.com/wp-content/uploads/2026/02/1200x1200-647.jpg,,,RAV-RAVEDTAFEL-9300000095221745,,,,,,4,Raved,Size,"140 x 200 cm",,0,
2351123832450932,variation,9505443347633,,"Raved Tafelbeschermer Wit ↔ 140 ↕ 140 - PVC - Afwasbaar - 140 x 180 cm",1,0,visible,,,,,taxable,parent,1,999,,0,0,,,,,0,,"31,39","38,49",,,,https://ravedfabrics.com/wp-content/uploads/2026/02/1200x1200-646.jpg,,,RAV-RAVEDTAFEL-9300000095221745,,,,,,3,Raved,Size,"140 x 180 cm",,0,
2351123832450930,variation,9508237426323,,"Raved Tafelbeschermer Wit ↔ 140 ↕ 140 - PVC - Afwasbaar - 140 x 160 cm",1,0,visible,,,,,taxable,parent,1,999,,0,0,,,,,0,,"31,39","38,49",,,,https://ravedfabrics.com/wp-content/uploads/2026/02/1200x1200-645.jpg,,,RAV-RAVEDTAFEL-9300000095221745,,,,,,2,Raved,Size,"140 x 160 cm",,0,
2351123832450928,variation,9507843745828,,"Raved Tafelbeschermer Wit ↔ 140 ↕ 140 - PVC - Afwasbaar - 140 x 140 cm",1,0,visible,,,,,taxable,parent,1,999,,0,0,,,,,0,,"31,39","38,49",,,,https://ravedfabrics.com/wp-content/uploads/2026/02/1200x1200-644.jpg,,,RAV-RAVEDTAFEL-9300000095221745,,,,,,1,Raved,Size,"140 x 140 cm",,0,
2351123832450926,variation,9504383722982,,"Raved Tafelbeschermer Wit ↔ 140 ↕ 140 - PVC - Afwasbaar - 140 x 100 cm",1,0,visible,,,,,taxable,parent,1,999,,0,0,,,,,0,,"31,39","38,49",,,,https://ravedfabrics.com/wp-content/uploads/2026/02/1200x1200-643.jpg,,,RAV-RAVEDTAFEL-9300000095221745,,,,,,0,Raved,Size,"140 x 100 cm",,0,
2351123832450965,variation,9504797894794,,"Raved Tafelzeil Zwarte Stippen Print Wit 140 140 - PVC - Afwasbaar - 140 x 220 cm",1,0,visible,,,,,taxable,parent,1,999,,0,0,,,,,0,,"23,95","37,99",,,,https://ravedfabrics.com/wp-content/uploads/2026/01/1200x1200-24.jpg,,,RAV-RAVEDTAFEL-9300000038814420,,,,,,6,Raved,Size,"140 x 220 cm",,0,
2351123832450966,variation,9507786122465,,"Raved Tafelzeil Zwarte Stippen Print Wit 140 140 - PVC - Afwasbaar - 140 x 230 cm",1,0,visible,,,,,taxable,parent,1,999,,0,0,,,,,0,,"23,95","37,99",,,,https://ravedfabrics.com/wp-content/uploads/2026/01/1200x1200-29.jpg,,,RAV-RAVEDTAFEL-9300000038814420,,,,,,7,Raved,Size,"140 x 230 cm",,0,
2351123832450967,variation,9502764838123,,"Raved Tafelzeil Zwarte Stippen Print Wit 140 140 - PVC - Afwasbaar - 140 x 240 cm",1,0,visible,,,,,taxable,parent,1,999,,0,0,,,,,0,,"23,95","37,99",,,,https://ravedfabrics.com/wp-content/uploads/2026/01/1200x1200-20.jpg,,,RAV-RAVEDTAFEL-9300000038814420,,,,,,8,Raved,Size,"140 x 240 cm",,0,
2351123832450968,variation,9501615332285,,"Raved Tafelzeil Zwarte Stippen Print Wit 140 140 - PVC - Afwasbaar - 140 x 250 cm",1,0,visible,,,,,taxable,parent,1,999,,0,0,,,,,0,,"23,95","37,99",,,,https://ravedfabrics.com/wp-content/uploads/2026/01/1200x716.jpg,,,RAV-RAVEDTAFEL-9300000038814420,,,,,,9,Raved,Size,"140 x 250 cm",,0,
2351123832450969,variation,9501849196523,,"Raved Tafelzeil Zwarte Stippen Print Wit 140 140 - PVC - Afwasbaar - 140 x 260 cm",1,0,visible,,,,,taxable,parent,1,999,,0,0,,,,,0,,"23,95","37,99",,,,https://ravedfabrics.com/wp-content/uploads/2026/01/1200x1200-20.jpg,,,RAV-RAVEDTAFEL-9300000038814420,,,,,,10,Raved,Size,"140 x 260 cm",,0,
2351123832450970,variation,9509326356118,,"Raved Tafelzeil Zwarte Stippen Print Wit 140 140 - PVC - Afwasbaar - 140 x 270 cm",1,0,visible,,,,,taxable,parent,1,999,,0,0,,,,,0,,"23,95","37,99",,,,https://ravedfabrics.com/wp-content/uploads/2026/01/1200x1200-22.jpg,,,RAV-RAVEDTAFEL-9300000038814420,,,,,,11,Raved,Size,"140 x 270 cm",,0,
2351123832450971,variation,9501755381778,,"Raved Tafelzeil Zwarte Stippen Print Wit 140 140 - PVC - Afwasbaar - 140 x 280 cm",1,0,visible,,,,,taxable,parent,1,999,,0,0,,,,,0,,"23,95","37,99",,,,https://ravedfabrics.com/wp-content/uploads/2026/01/1200x1200-21.jpg,,,RAV-RAVEDTAFEL-9300000038814420,,,,,,12,Raved,Size,"140 x 280 cm",,0,
2351123832450972,variation,9508576574198,,"Raved Tafelzeil Zwarte Stippen Print Wit 140 140 - PVC - Afwasbaar - 140 x 290 cm",1,0,visible,,,,,taxable,parent,1,999,,0,0,,,,,0,,"23,95","37,99",,,,https://ravedfabrics.com/wp-content/uploads/2026/01/1200x1200-23.jpg,,,RAV-RAVEDTAFEL-9300000038814420,,,,,,13,Raved,Size,"140 x 290 cm",,0,
2351123832450973,variation,9506128357176,,"Raved Tafelzeil Zwarte Stippen Print Wit 140 140 - PVC - Afwasbaar - 140 x 300 cm",1,0,visible,,,,,taxable,parent,1,999,,0,0,,,,,0,,"23,95","37,99",,,,https://ravedfabrics.com/wp-content/uploads/2026/01/1200x1200-31.jpg,,,RAV-RAVEDTAFEL-9300000038814420,,,,,,14,Raved,Size,"140 x 300 cm",,0,
2351123832450974,variation,9506372961662,,"Raved Tafelzeil Zwarte Stippen Print Wit 140 140 - PVC - Afwasbaar - 140 x 310 cm",1,0,visible,,,,,taxable,parent,1,999,,0,0,,,,,0,,"23,95","37,99",,,,https://ravedfabrics.com/wp-content/uploads/2026/01/1200x1200-27.jpg,,,RAV-RAVEDTAFEL-9300000038814420,,,,,,15,Raved,Size,"140 x 310 cm",,0,
2351123832450975,variation,9507873513442,,"Raved Tafelzeil Zwarte Stippen Print Wit 140 140 - PVC - Afwasbaar - 140 x 320 cm",1,0,visible,,,,,taxable,parent,1,999,,0,0,,,,,0,,"23,95","37,99",,,,https://ravedfabrics.com/wp-content/uploads/2026/01/1200x1200-19.jpg,,,RAV-RAVEDTAFEL-9300000038814420,,,,,,16,Raved,Size,"140 x 320 cm",,0,
2351123832450976,variation,9506176281577,,"Raved Tafelzeil Zwarte Stippen Print Wit 140 140 - PVC - Afwasbaar - 140 x 350 cm",1,0,visible,,,,,taxable,parent,1,999,,0,0,,,,,0,,"23,95","37,99",,,,https://ravedfabrics.com/wp-content/uploads/2026/01/1200x1200-26.jpg,,,RAV-RAVEDTAFEL-9300000038814420,,,,,,17,Raved,Size,"140 x 350 cm",,0,
2351123832450959,variation,9506824995351,,"Raved Tafelzeil Zwarte Stippen Print Wit 140 140 - PVC - Afwasbaar - 140 x 50 cm",1,0,visible,,,,,taxable,parent,1,999,,0,0,,,,,0,,"23,95","37,99",,,,https://ravedfabrics.com/wp-content/uploads/2026/01/1200x1200-30.jpg,,,RAV-RAVEDTAFEL-9300000038814420,,,,,,0,Raved,Size,"140 x 50 cm",,0,
2351123832450960,variation,9502954322555,,"Raved Tafelzeil Zwarte Stippen Print Wit 140 140 - PVC - Afwasbaar - 140 x 100 cm",1,0,visible,,,,,taxable,parent,1,999,,0,0,,,,,0,,"23,95","37,99",,,,https://ravedfabrics.com/wp-content/uploads/2026/01/1200x1200-28.jpg,,,RAV-RAVEDTAFEL-9300000038814420,,,,,,1,Raved,Size,"140 x 100 cm",,0,
2351123832450961,variation,9502154427388,,"Raved Tafelzeil Zwarte Stippen Print Wit 140 140 - PVC - Afwasbaar - 140 x 140 cm",1,0,visible,,,,,taxable,parent,1,999,,0,0,,,,,0,,"23,95","37,99",,,,https://ravedfabrics.com/wp-content/uploads/2026/01/1200x1200-33.jpg,,,RAV-RAVEDTAFEL-9300000038814420,,,,,,2,Raved,Size,"140 x 140 cm",,0,
2351123832450962,variation,9505978646683,,"Raved Tafelzeil Zwarte Stippen Print Wit 140 140 - PVC - Afwasbaar - 140 x 160 cm",1,0,visible,,,,,taxable,parent,1,999,,0,0,,,,,0,,"23,95","37,99",,,,https://ravedfabrics.com/wp-content/uploads/2026/01/1200x1200-25.jpg,,,RAV-RAVEDTAFEL-9300000038814420,,,,,,3,Raved,Size,"140 x 160 cm",,0,
2351123832450963,variation,9501478495929,,"Raved Tafelzeil Zwarte Stippen Print Wit 140 140 - PVC - Afwasbaar - 140 x 180 cm",1,0,visible,,,,,taxable,parent,1,999,,0,0,,,,,0,,"23,95","37,99",,,,https://ravedfabrics.com/wp-content/uploads/2026/01/1200x1200-18.jpg,,,RAV-RAVEDTAFEL-9300000038814420,,,,,,4,Raved,Size,"140 x 180 cm",,0,
2351123832450964,variation,9505362298993,,"Raved Tafelzeil Zwarte Stippen Print Wit 140 140 - PVC - Afwasbaar - 140 x 200 cm",1,0,visible,,,,,taxable,parent,1,999,,0,0,,,,,0,,"23,95","37,99",,,,https://ravedfabrics.com/wp-content/uploads/2026/01/1200x1200-32.jpg,,,RAV-RAVEDTAFEL-9300000038814420,,,,,,5,Raved,Size,"140 x 200 cm",,0,
2351123832450981,variation,9501122983826,,"Raved Tafelzeil Linnenlook Grijs 140 140 - PVC - Afwasbaar - 140 x 290 cm",1,0,visible,,,,,taxable,parent,1,999,,0,0,,,,,0,,"21,95","32,95",,,,https://ravedfabrics.com/wp-content/uploads/2026/02/1200x590-176.jpg,,,RAV-RAVEDTAFEL-9300000193285874,,,,,,2,Raved,Size,"140 x 290 cm",,0,
2351123832450978,variation,9508815313571,,"Raved Tafelzeil Linnenlook Grijs 140 140 - PVC - Afwasbaar - 140 x 50 cm",1,0,visible,,,,,taxable,parent,1,999,,0,0,,,,,0,,"21,95","32,95",,,,https://ravedfabrics.com/wp-content/uploads/2026/02/1200x590-1.jpg,,,RAV-RAVEDTAFEL-9300000193285874,,,,,,0,Raved,Size,"140 x 50 cm",,0,
2351123832450979,variation,9501913979175,,"Raved Tafelzeil Linnenlook Grijs 140 140 - PVC - Afwasbaar - 140 x 140 cm",1,0,visible,,,,,taxable,parent,1,999,,0,0,,,,,0,,"21,95","32,95",,,,https://ravedfabrics.com/wp-content/uploads/2026/02/1200x1200-658.jpg,,,RAV-RAVEDTAFEL-9300000193285874,,,,,,1,Raved,Size,"140 x 140 cm",,0,
2351123832450997,variation,9504287255715,,"Raved Tafelzeil 140 140 - PVC - Afwasbaar - 140 x 300 cm",1,0,visible,,,,,taxable,parent,1,999,,0,0,,,,,0,,"23,95","37,99",,,,https://ravedfabrics.com/wp-content/uploads/2026/02/1200x1200-83.jpg,,,RAV-RAVEDTAFEL-9300000079087922,,,,,,14,Raved,Size,"140 x 300 cm",,0,
2351123832450998,variation,9504138365266,,"Raved Tafelzeil 140 140 - PVC - Afwasbaar - 140 x 310 cm",1,0,visible,,,,,taxable,parent,1,999,,0,0,,,,,0,,"23,95","37,99",,,,https://ravedfabrics.com/wp-content/uploads/2026/02/1200x1200-85.jpg,,,RAV-RAVEDTAFEL-9300000079087922,,,,,,15,Raved,Size,"140 x 310 cm",,0,
2351123832450999,variation,9508441733118,,"Raved Tafelzeil 140 140 - PVC - Afwasbaar - 140 x 320 cm",1,0,visible,,,,,taxable,parent,1,999,,0,0,,,,,0,,"23,95","37,99",,,,https://ravedfabrics.com/wp-content/uploads/2026/02/1200x1200-86.jpg,,,RAV-RAVEDTAFEL-9300000079087922,,,,,,16,Raved,Size,"140 x 320 cm",,0,
2351123832451000,variation,9508187442626,,"Raved Tafelzeil 140 140 - PVC - Afwasbaar - 140 x 350 cm",1,0,visible,,,,,taxable,parent,1,999,,0,0,,,,,0,,"23,95","37,99",,,,https://ravedfabrics.com/wp-content/uploads/2026/02/1200x1200-88.jpg,,,RAV-RAVEDTAFEL-9300000079087922,,,,,,17,Raved,Size,"140 x 350 cm",,0,
2351123832450988,variation,9502866178240,,"Raved Tafelzeil 140 140 - PVC - Afwasbaar - 140 x 200 cm",1,0,visible,,,,,taxable,parent,1,999,,0,0,,,,,0,,"23,95","37,99",,,,https://ravedfabrics.com/wp-content/uploads/2026/02/1200x1200-66.jpg,,,RAV-RAVEDTAFEL-9300000079087922,,,,,,5,Raved,Size,"140 x 200 cm",,0,
2351123832450989,variation,9502588299292,,"Raved Tafelzeil 140 140 - PVC - Afwasbaar - 140 x 220 cm",1,0,visible,,,,,taxable,parent,1,999,,0,0,,,,,0,,"23,95","37,99",,,,https://ravedfabrics.com/wp-content/uploads/2026/02/1200x1200-68.jpg,,,RAV-RAVEDTAFEL-9300000079087922,,,,,,6,Raved,Size,"140 x 220 cm",,0,
2351123832450990,variation,9501141734928,,"Raved Tafelzeil 140 140 - PVC - Afwasbaar - 140 x 230 cm",1,0,visible,,,,,taxable,parent,1,999,,0,0,,,,,0,,"23,95","37,99",,,,https://ravedfabrics.com/wp-content/uploads/2026/02/1200x1200-69.jpg,,,RAV-RAVEDTAFEL-9300000079087922,,,,,,7,Raved,Size,"140 x 230 cm",,0,
2351123832450991,variation,9506646346928,,"Raved Tafelzeil 140 140 - PVC - Afwasbaar - 140 x 240 cm",1,0,visible,,,,,taxable,parent,1,999,,0,0,,,,,0,,"23,95","37,99",,,,https://ravedfabrics.com/wp-content/uploads/2026/02/1200x1043.jpg,,,RAV-RAVEDTAFEL-9300000079087922,,,,,,8,Raved,Size,"140 x 240 cm",,0,
2351123832450992,variation,9507964566470,,"Raved Tafelzeil 140 140 - PVC - Afwasbaar - 140 x 250 cm",1,0,visible,,,,,taxable,parent,1,999,,0,0,,,,,0,,"23,95","37,99",,,,https://ravedfabrics.com/wp-content/uploads/2026/02/1200x1200-73.jpg,,,RAV-RAVEDTAFEL-9300000079087922,,,,,,9,Raved,Size,"140 x 250 cm",,0,
2351123832450993,variation,9505187191165,,"Raved Tafelzeil 140 140 - PVC - Afwasbaar - 140 x 260 cm",1,0,visible,,,,,taxable,parent,1,999,,0,0,,,,,0,,"23,95","37,99",,,,https://ravedfabrics.com/wp-content/uploads/2026/02/1200x1200-74.jpg,,,RAV-RAVEDTAFEL-9300000079087922,,,,,,10,Raved,Size,"140 x 260 cm",,0,
2351123832450994,variation,9502548142927,,"Raved Tafelzeil 140 140 - PVC - Afwasbaar - 140 x 270 cm",1,0,visible,,,,,taxable,parent,1,999,,0,0,,,,,0,,"23,95","37,99",,,,https://ravedfabrics.com/wp-content/uploads/2026/02/1200x1200-76.jpg,,,RAV-RAVEDTAFEL-9300000079087922,,,,,,11,Raved,Size,"140 x 270 cm",,0,
2351123832450995,variation,9506933341230,,"Raved Tafelzeil 140 140 - PVC - Afwasbaar - 140 x 280 cm",1,0,visible,,,,,taxable,parent,1,999,,0,0,,,,,0,,"23,95","37,99",,,,https://ravedfabrics.com/wp-content/uploads/2026/02/1200x1200-78.jpg,,,RAV-RAVEDTAFEL-9300000079087922,,,,,,12,Raved,Size,"140 x 280 cm",,0,
2351123832450996,variation,9509479417957,,"Raved Tafelzeil 140 140 - PVC - Afwasbaar - 140 x 290 cm",1,0,visible,,,,,taxable,parent,1,999,,0,0,,,,,0,,"23,95","37,99",,,,https://ravedfabrics.com/wp-content/uploads/2026/02/1200x1200-81.jpg,,,RAV-RAVEDTAFEL-9300000079087922,,,,,,13,Raved,Size,"140 x 290 cm",,0,
2351123832450983,variation,9502288584940,,"Raved Tafelzeil 140 140 - PVC - Afwasbaar - 140 x 50 cm",1,0,visible,,,,,taxable,parent,1,999,,0,0,,,,,0,,"23,95","37,99",,,,https://ravedfabrics.com/wp-content/uploads/2026/02/1200x1200-56.jpg,,,RAV-RAVEDTAFEL-9300000079087922,,,,,,0,Raved,Size,"140 x 50 cm",,0,
2351123832450984,variation,9509341745157,,"Raved Tafelzeil 140 140 - PVC - Afwasbaar - 140 x 100 cm",1,0,visible,,,,,taxable,parent,1,999,,0,0,,,,,0,,"23,95","37,99",,,,https://ravedfabrics.com/wp-content/uploads/2026/02/1200x1200-58.jpg,,,RAV-RAVEDTAFEL-9300000079087922,,,,,,1,Raved,Size,"140 x 100 cm",,0,
2351123832450985,variation,9506763545280,,"Raved Tafelzeil 140 140 - PVC - Afwasbaar - 140 x 140 cm",1,0,visible,,,,,taxable,parent,1,999,,0,0,,,,,0,,"23,95","37,99",,,,https://ravedfabrics.com/wp-content/uploads/2026/02/1200x1200-59.jpg,,,RAV-RAVEDTAFEL-9300000079087922,,,,,,2,Raved,Size,"140 x 140 cm",,0,
2351123832450986,variation,9503453338818,,"Raved Tafelzeil 140 140 - PVC - Afwasbaar - 140 x 160 cm",1,0,visible,,,,,taxable,parent,1,999,,0,0,,,,,0,,"23,95","37,99",,,,https://ravedfabrics.com/wp-content/uploads/2026/02/1200x1200-62.jpg,,,RAV-RAVEDTAFEL-9300000079087922,,,,,,3,Raved,Size,"140 x 160 cm",,0,
2351123832450987,variation,9504219615679,,"Raved Tafelzeil 140 140 - PVC - Afwasbaar - 140 x 180 cm",1,0,visible,,,,,taxable,parent,1,999,,0,0,,,,,0,,"23,95","37,99",,,,https://ravedfabrics.com/wp-content/uploads/2026/02/1200x1200-63.jpg,,,RAV-RAVEDTAFEL-9300000079087922,,,,,,4,Raved,Size,"140 x 180 cm",,0,
