Productnaam,Interne referentie,EAN,Productgroep,Productvariant ID,Beschrijving,Aantal artikelen in verpakking,Aantal artikelen in verpakking Eenheid,Kleur,Materiaal,Merk,Product lengte,Product lengte Eenheid,Speciaal voor kinderen,Type badkamermat,Type tafellaken,Vorm,Wasbaar,Wegwerp,Aantal stuks in verpakking,Aantal stuks in verpakking Eenheid,Anti-slip,Diameter,Diameter Eenheid,Fabrieksgarantie termijn,Fabrikant Adres,Fabrikant Naam,Fabrikant email,Hoogpolig,Ingeweven motief,MPN (Manufacturer Part Number),Met uitsparing,Patroon,Product breedte,Product breedte Eenheid,Product gewicht,Product gewicht Eenheid,Reparatie type,Thema,Uitzonderingen fabrieksgarantie,Verpakking breedte,Verpakking breedte Eenheid,Verpakking hoogte,Verpakking hoogte Eenheid,Verpakking lengte,Verpakking lengte Eenheid,Verpakkingsgewicht,Verpakkingsgewicht Eenheid,Verpakkingsinhoud,Voor binnen of buiten,Wasvoorschrift,Source_File,Aantal snijplanken,Dikte snijplank,Dikte snijplank Eenheid,Vaatwasser veilig,Aanvullende functies,Antibacterieel,Flexibel,Inclusief handvat,Inclusief houder,Met omhoogstaande randen,Met sapgeul,Product hoogte,Product hoogte Eenheid,Soort Snijplank,Images
Raved Badmat 75×45 cm – Memory Foam – Anti-Slip – Wasbaar – Groen,,9503899264917,Badkamermat,,"<p>Ervaar direct een stap in comfort en veiligheid met de <strong>Raved badkamermat 75 × 45 cm</strong> in stijlvol groen. Deze mat biedt <strong>zacht onder de voeten</strong>, is <strong>machinewasbaar</strong> en houdt je vloer <strong>waterabsorberend en antislip</strong> — dé upgrade voor iedere badkamer.</p> <p><strong>Bescherm je voeten én je badkamervloer met de Raved badkamermat 75 × 45 cm in groen</strong>. Deze badkamermat combineert stijl, comfort en veiligheid in één slim accessoire. Dankzij de <strong>waterabsorberende</strong> eigenschap blijft je vloer droog en glad blijven een zorg minder. Uitgevoerd in een zachte samenstelling en verkrijgbaar in een frisse groene kleur, vormt deze mat direct een welkom accent in je badkamer.</p> <h3>Comfort & stijl</h3> <p>De mat voelt <strong>zacht</strong> aan onder blote voeten, ideaal nadat je uit de douche of het bad stapt. De kleur groen voegt een frisse, natuurlijke toon toe die eenvoudig te combineren is met tegels, sanitair of accessoires.</p> <h3>Veiligheid & onderhoudsgemak</h3> <p>De antislip achterkant zorgt ervoor dat de mat stevig blijft liggen, ook op natte vloeren. Daardoor stap je veiliger uit de douche – perfect voor gezinnen met kinderen of ouderen. En omdat de mat <strong>uitwasbaar</strong> is (machinewasbaar) onderhoud je hem eenvoudig schoon en fris, direct weer klaar voor gebruik.</p> <h3>Materialen & maatvoering</h3> <p>Met de maat 75 × 45 cm past hij goed naast het bad of in de douchezone zonder te veel ruimte in te nemen – ideaal voor standaard badkamers. Let op: de samenstelling vermeldt <strong>polyester</strong>, wat zorgt voor kleurbehoud en snelle droging. Andere uitvoeringen tonen soft-PVC voor extra vormvastheid – kies wat het beste aansluit bij jouw situatie. </p> <h3>Toepassingen & voordelen</h3> <ul> <li> <p>Gebruik naast je bad, douche of wastafel: door de maat flexibele plaatsing.</p> </li> <li> <p>Dankzij de vormvastheid behoudt de mat betrouwbare prestaties, dag in dag uit.</p> </li> <li> <p>Als een vloer-junkie of interieurfan kun je de mat uitlijnen met accessoires in dezelfde kleur voor een samenhangend geheel.</p> </li> <li> <p>Geen zorgen meer over natte voeten of uitglijders – verhoog jouw badkamercomfort meteen.</p> </li> </ul> <h3>Waarom kiezen voor de Raved badmat?</h3> <p>Omdat je jouw badkamerupgrade eenvoudig en slim kunt aanpakken: geen complete renovatie, maar een slimme, functionele toevoeging die <strong>comfort</strong>, <strong>veiligheid</strong> en <strong>stijl</strong> combineert. Wacht niet tot een glibberige vloer je verrast – stap in actie en investeer in direct voelbaar verschil.</p> <p><strong>Voeg de Raved badkamermat 75 × 45 cm vandaag nog toe aan je winkelwagen</strong> en ervaar hoe fijn je dagelijks uit de douche stapt – veilig, warm én droog.</p>",,,Groen,Polyester,Raved,75.0,cm,,Badmat,,Rechthoek,Y,,1.0,stuk(s),Y,,,2 maanden,,,,N,,,,Effen,45.0,cm,,,,,,26.0,cm,5.0,cm,37.0,cm,0.5,kg,1x Raved Badkamermat 75 x 45 cm – Zwart,,Machinewas,1.xlsx,,,,,,,,,,,,,,,"https://media.s-bol.com/7ZgG8zqJ2Kpj/1jNn9J3/1024x1024.jpg,https://media.s-bol.com/7ZgG8zqyml51/1jNn9J3/124x82.jpg,https://media.s-bol.com/qBK3R5WXw42p/1jNn9J3/124x113.jpg,https://media.s-bol.com/8ZjJ8ArY0LMm/1jNn9J3/124x113.jpg"
Raved Badmat Set – 75×45 cm + 50×40 cm – Lichtbruin – Memory Foam – Anti-Slip – Wasbaar – 2-delig,,9503772232958,Badkamermat,,"<p>Ervaar direct het verschil met deze <strong>zacht gevoerde en veilige badmat</strong>: uitgerust met <strong>memory foam</strong>, een <strong>anti-slip onderlaag</strong> en volledig <strong>wasbaar</strong>, geeft hij je badkamer een warme uitstraling en houdt hij natte voeten en gladde vloeren buiten de deur.</p> <p>Verbeter je badkamercomfort en veiligheid met de <strong>Raved Badmat 120×45 cm in licht bruin</strong> — een slimme combinatie van stijl en functionaliteit.</p> <h3>Comfort & stijl</h3> <p>De badmat is uitgevoerd in <strong>memory foam</strong>, wat zich vormt naar je voeten en zorgt voor een luxe gevoel bij elke stap. Het zachte oppervlak nodigt letterlijk uit om even te ontspannen na je douche of bad. De combinatie met de warme licht-bruine kleur past moeiteloos in moderne én klassieke badkamers.</p> <h3>Veiligheid voorop</h3> <p>Met de <strong>anti-slip onderlaag</strong> sta je stevig, zelfs op natte tegels. Ideaal voor gezinnen met kinderen, maar ook voor wie ‘s ochtends in alle rust veilig de dag wil beginnen. Dankzij deze laag minimaliseer je het risico op uitglijden — een belangrijke zorg die veel mensen hebben in de badkamer.</p> <h3>Waterabsorptie & onderhoudsgemak</h3> <p>Deze badmat neemt vocht effectief op, zodat je vloer sneller droog aanvoelt en je niet op koude, natte tegels hoeft te stappen. Bovendien is hij <strong>volledig wasbaar</strong>, wat betekent dat je hem eenvoudig schoon kunt houden en opfrissen — ideaal in een omgeving waar hygiëne belangrijk is. Onderzoek toont aan dat wasbare en sneldrogende badmatten zoals deze de voorkeur krijgen vanwege comfort en veiligheid.</p> <h3>Specificaties in één oogopslag</h3> <ul> <li> <p>Afmeting: 120 × 45 cm</p> </li> <li> <p>Kleur: licht bruin</p> </li> <li> <p>Materiaal: memory foam toplaag, anti-slip rubber/TPR onderlaag</p> </li> <li> <p>Gebruik: geschikt voor bad, douche of wastafelzone</p> </li> <li> <p>Onderhoud: uitwasbaar (machinewasbaar tot 30 °C volgens productinformatie)</p> </li> </ul> <h3>Waarom deze mat?</h3> <p>Veel standaard badmatten missen de combinatie van comfort, veiligheid en stijl in één. Deze mat pakt alle drie aan: je voeten krijgen de luxe ervaring, je vloer blijft veiliger en droger, en het geheel oogt af. Dankzij het gekozen formaat past hij vrijwel direct in veel badkamers zonder complexe maatwerkoplossing.</p> <h3>Call-to-action</h3> <p>Gun jezelf dit stukje badkamer-upgrade: voeg de Raved badmat vandaag nog toe aan je winkelmand en stap morgen uit de douche op stijl, comfort én veiligheid.<br /><strong>Bestel nu</strong> en ervaar het verschil onder je voeten!</p>",,,Licht Bruin,Foam; Rubber,Raved,120.0,cm,,Badmat,,Rechthoek,Y,,2.0,stuk(s),Y,,,,,,,N,,,,Effen,120.0,cm,,,,,,,,,,,,,,Badmat set 2-delig,,Machinewas 30 °C,1.xlsx,,,,,,,,,,,,,,,"https://media.s-bol.com/3NlGyvBy5yPx/0gjNXPL/1024x1024.jpg,https://media.s-bol.com/7R6kpzNXEyNr/0gjNXPL/124x111.jpg,https://media.s-bol.com/RNg7Pn2lm4PV/0gjNXPL/124x113.jpg"
Raved Placemats - Set van 6 Stuks - Selma Taffy - Ovaal - Kunststof - Eettafel - Onderlegger - Waterafstotend,,8720707636693,Placemats,,"<p>Met de <strong>Set van 6 ovaal kunststof placemats Selma van Raved</strong> geef je je eettafel direct een frisse uitstraling én bescherm je hem moeiteloos. Deze <strong>waterafstotende onderleggers</strong> in de stijlvolle kleur Taffy geel zijn eenvoudig schoon te maken en brengen rust én sfeer aan elke maaltijd.</p> <p><strong>Verbeter je tafelsetting met de ** <strong>primair zoekwoord: placemats</strong> van Raved – Selma-set</strong>. Deze set van zes is ontworpen voor wie stijl en praktisch gemak in één zoekt. De ovale vorm geeft een moderne twist, de kleur <strong>Taffy</strong> (pastelgeel) zorgt voor een warme, uitnodigende sfeer. Het materiaal? <strong>Kunststof</strong>, lichtgewicht, duurzaam en ontworpen om dagelijks gebruikt te worden zonder concessies.</p> <h3>Bescherming & onderhoud</h3> <p>Je eettafel krijgt vaak te maken met morsen, krassen of condens van glazen. Deze placemats fungeren als eerste verdedigingslinie: dankzij het <strong>waterafstotende</strong>, eenvoudig afneembare oppervlak hoef je je geen zorgen te maken. Een vochtige doek is voldoende. Omdat ze stevig blijven liggen – dankzij antislipvermogen – kun je genieten zonder rem. Geen stress meer tijdens diners, spelletjesavonden of drukke maaltijden.</p> <h3>Stijlvolle uitstraling</h3> <p>Met de ovale vorm en effen pastelkleur sluit de set perfect aan op zowel minimalistisch als kleurrijk interieur. De kleur Taffy is subtiel genoeg voor dagelijks gebruik, maar geeft net dat beetje extra. Door de set van zes kun je direct een tafel voor meerdere personen stijlvol dekken – ideaal voor gezinsgebruik of gasten.</p> <h3>Specificaties en toepassing</h3> <ul> <li> <p>Merk: Raved</p> </li> <li> <p>Materiaal: <strong>kunststof</strong> – dus lichtgewicht en stevig</p> </li> <li> <p>Vorm: ovaal – zorgt voor elegante lijnen op je tafel</p> </li> <li> <p>Kleur: Taffy (pastelgeel) – fris en uitnodigend</p> </li> <li> <p>Inhoud: set van 6 placemats – voldoende voor grotere gezelschappen</p> </li> </ul> <h3>Waarom kiezen voor deze set?</h3> <ul> <li> <p>Twee grote USP’s: <strong>waterafstotend</strong> & <strong>beschermend tegen vlekken en krassen</strong>.</p> </li> <li> <p>Combineert esthetiek met functionaliteit: je tafel ziet er direct afgewerkt uit, én je hoeft minder schoonmaken.</p> </li> <li> <p>Direct inzetbaar – geen extra accessoires nodig om je tafel te beschermen of op te leuken.</p> </li> <li> <p>Ideaal als cadeautje of upgrade voor je eigen huis.</p> </li> </ul> <h3>Call-to-action</h3> <p>Wacht niet langer: geef je eettafel de upgrade die hij verdient met de Raved Placemats Selma-set – stijlvol, praktisch en klaar voor elke maaltijd. <strong>Klik op ‘in winkelwagen’</strong> en verander je tafel vandaag nog in een stijlvolle, zorg-vrije plek waar je met plezier samenkomt.</p>",1.0,stuk(s),Taffy,Kunststof,Raved,45.0,cm,N,,,Ovaal,N,N,,,N,,,1 jaar,,,,,Y,,,Effen,30.0,cm,,,,,Geen,,,,,37.0,cm,0.5,kg,6 Stuks,,Afnemen met een natte doek,1.xlsx,,,,,,,,,,,,,,,"https://media.s-bol.com/qBK0VzqJQqJ7/8qN7Xgr/1024x1024.jpg,https://media.s-bol.com/gowjxmOrYVWZ/8qN7Xgr/124x104.jpg,https://media.s-bol.com/mxDp2vmARknR/8qN7Xgr/124x107.jpg,https://media.s-bol.com/7ZgrnPmEon18/8qN7Xgr/1024x1024.jpg,https://media.s-bol.com/mxDp2vmBqxwE/8qN7Xgr/1024x1024.jpg,https://media.s-bol.com/gowjxmORAnBr/8qN7Xgr/1024x1024.jpg"
"Raved Tafelzeil – 140 cm x 240 cm – Vierkant – Zwart – Waterafstotend, Uitwasbaar",,9501562549514,Tafellaken,,"<p>Geef je tafel direct een stijlvolle upgrade met dit <strong>uitwasbare en waterafstotende tafelzeil</strong> van Raved in strak zwart. Perfect voor zowel gezellige etentjes binnen als zonnige momenten buiten — eenvoud in onderhoud, stijl en bescherming in één.</p> <p><strong>Belangrijk primair zoekwoord: tafelzeil</strong><br />Met het stijlvolle en functionele <strong>tafelzeil</strong> van het merk Raved geef je jouw tafel de bescherming én uitstraling die hij verdient. Dankzij het <strong>materiaal</strong> van hoge kwaliteit – inclusief een waterafstotende coating – is dit tafelzeil niet alleen stijlvol, maar ook ongelooflijk praktisch. Het strak zwarte ontwerp past moeiteloos in een modern interieur en maakt bovendien een nette indruk bij etentjes of alledaags gebruik.</p> <h3>Bescherm je tafel, omarm gemak</h3> <p>Of je nu met het gezin aan tafel schuift of vrienden over de vloer hebt: knoeien, spetters of een hete pan op tafel kunnen zorgen voor schade. Dit tafelzeil biedt een betrouwbare oplossing dankzij zijn <strong>waterafstotende</strong> oppervlakte en het feit dat het <strong>uitwasbaar</strong> is. Daardoor kun je met een vochtige doek eenvoudig schoonmaken, zonder gedoe of stress. Verliesaversie: voorkom dure reparaties of een beschadigde tafel door nu te investeren in slimme bescherming.</p> <h3>Voor binnen én buiten</h3> <p>Dit Raved tafelzeil is ontworpen voor veelzijdig gebruik. Binnen zorgt het voor een elegante, afneembare bescherming; buiten kun je het onder de veranda of op het terras gebruiken – zolang je het bij regen naar binnen haalt om verkleuring en verwering te beperken. Zo kun je genieten van je maaltijd in de frisse lucht zonder angst voor vlekken of weersinvloeden.</p> <h3>Specificaties & praktische details</h3> <ul> <li> <p>Merk: Raved</p> </li> <li> <p>Kleur: zwart</p> </li> <li> <p>Vorm: vierkant (maat weggelaten)</p> </li> <li> <p>Materiaal: katoen met waterafstotende coating (volgens productbeschrijving) </p> </li> <li> <p>Onderhoud: eenvoudig afnemen met een vochtige doek; geschikt voor veelvuldig gebruik</p> </li> <li> <p>Geschikt voor zowel binnen als buiten</p> </li> </ul> <h3>Waarom kiezen voor Raved?</h3> <p>Raved staat voor kwaliteit, stijl en functionele producten binnen de huis- en tafeltextielbranche. Deze combinatie van aantrekkelijk design en slim gebruiksgemak maakt dat dit tafelzeil een uitstekende keuze is voor wie stijl én comfort hoog in het vaandel heeft staan. Sociale bewijskracht: klanten geven aan dat de kwaliteit hoog is en het design goed past bij hun interieur. </p> <h3>Conclusie & oproep tot actie</h3> <p>Laat vlekken, brandplekken of weer en wind <strong>niet langer jouw tafel bepalen</strong>. Met dit zwarte vierkante Raved tafelzeil combineer je stijlvolle elegantie met zorgeloos gebruik – een investering die je tafel en jouw gemoedsrust dubbel waard is. <strong>Bestel vandaag nog</strong> en geef je tafel direct de upgrade die hij verdient.</p>",1.0,stuk(s),Zwart,Katoen,Raved,240.0,cm,N,,Tafelzeil,Rechthoek,N,N,,,N,,,3 maanden,,,,,N,,,Effen,140.0,cm,2.0,kg,,Effen,Geen,26.0,cm,3.0,cm,37.0,cm,2.0,kg,1 stuk,Voor binnen & buiten,Machinewas 30 °C,1.xlsx,,,,,,,,,,,,,,,"https://media.s-bol.com/BqBEY6pA7jG2/76qzW4G/1024x1024.jpg,https://media.s-bol.com/RN6BV1XxXK1w/76qzW4G/1024x1024.jpg,https://media.s-bol.com/KDrEVQGpmQ3z/76qzW4G/124x109.jpg,https://media.s-bol.com/WV6B9q1D1Kqo/76qzW4G/1024x1024.jpg,https://media.s-bol.com/JB6X9QAg9mZ9/76qzW4G/124x40.jpg,https://media.s-bol.com/JB6X9Q1olQ3l/76qzW4G/1024x1024.jpg"
Raved Tafelzeil – 140 cm x 220 cm – Bloemen Paars – PVC – Afwasbaar,,9509684826872,Tafellaken,,"<p>Geef je eettafel of terras direct een <strong>stijlvolle beschermlaag</strong> met het <strong>afwasbare PVC tafelzeil</strong> van Raved — met elegant bloemenmotief in paars. Dit tafelzeil combineert <strong>duurzame bescherming tegen knoeien en slijtage</strong> met een sfeervolle uitstraling voor binnen én buiten.</p> <p><strong>Ontdek het veelzijdige en stijlvolle <strong>tafelzeil</strong></strong> van Raved en verander je tafel in een zorgeloos, sfeervol middelpunt. Het <strong>primair zoekwoord “tafelzeil”</strong> wordt hier direct gebruikt: dit tafelzeil in <strong>maat 140 cm x …</strong> is uitgevoerd in <strong>duurzaam PVC-materiaal</strong>, waardoor het vrijwel geen onderhoud vraagt. Dankzij de <strong>afwasbare coating</strong> vegen gemorste dranken, knoeien van kinderen of het gebruik van buiten eenvoudig weg — geen gestress meer met vlekken of lastige wasbeurten.</p> <h3>Bescherm en stijl</h3> <p>Met dit Raved tafelzeil kies je niet alleen voor <strong>praktische bescherming</strong> maar ook voor een <strong>mooie uitstraling</strong>. Het bloemenmotief in paars brengt direct leven aan tafel, waardoor je interieur of terras direct opfrist. Ideaal voor gezellige familiemaaltijden, knutselmomenten met de kinderen of ontspannen borrels in de tuin.</p> <h3>Materiaal en kwaliteit</h3> <p>Het gebruik van <strong>PVC-materiaal</strong> zorgt ervoor dat het tafelzeil bestand is tegen vocht, vlekken, slijtage en zelfs lichte hitte (van een bord of pan). Het afnemen met een vochtige doek volstaat — je hoeft niet meer te wassen of strijken. De maat van <strong>140 cm breed</strong> maakt het compatibel met de meeste standaard eettafels, en door de lengte flexibel in te vullen past het bij diverse opstellingen.</p> <h3>Voor binnen én buiten</h3> <p>Of je nu aan de keukentafel zit of heerlijk buiten op het terras — dit tafelzeil past zich aan. Het <strong>afwasbare PVC</strong> maakt het geschikt voor buitengebruik, al is het bij regen aan te raden het kleed binnen te halen om verkleuring te voorkomen. </p> <h3>Waarom kiezen voor dit tafelzeil?</h3> <ul> <li> <p><strong>USP 1:</strong> Direct klaar voor gebruik — geen was of strijkwerk.</p> </li> <li> <p><strong>USP 2:</strong> Bescherming tegen knoeien, vlekken en slijtage: verlies-aversie speelt hier; je investeert in rust.</p> </li> <li> <p><strong>USP 3:</strong> Mooie bloemenprint in paars — blikvanger én sfeermaker.<br />Sociale bewijskracht: gebruikers noemen het design “prachtig zoals gewoonlijk” in reviews. </p> </li> </ul> <h3>Onderhoud & aandachtspunten</h3> <p>Veeg eenvoudig schoon met een doek of mild sopje. Laat niet langdurig nat liggen en vermijd direct contact met open vlammen of zeer hete pannen. Voor optimaal gebruik buiten: haal het bij langdurige regen binnen.</p> <h3>Tijd voor sfeer én gemak</h3> <p>Wacht niet tot je tafel vlekken of krassen krijgt. Met dit <strong>Raved tafelzeil – Bloemen Paars – PVC – Afwasbaar</strong> kies je voor een combinatie van <strong>stijl, comfort en bescherming</strong>. Creëer vandaag nog een tafel waar je zorgeloos van kunt genieten — klik op “in winkelwagen” en transformeer je eetruimte.</p>",1.0,stuk(s),Paars; Roze,PVC,Raved,220.0,cm,N,,Tafelzeil,Rechthoek,N,N,,,N,,,3 maanden,,,,,N,,,Overig,140.0,cm,2.0,kg,,Bloemen,Geen,26.0,cm,3.0,cm,37.0,cm,2.0,kg,1 tafelzeil,Voor binnen & buiten,Afnemen met een natte doek,1.xlsx,,,,,,,,,,,,,,,"https://media.s-bol.com/yjP2Vv0ZGYAE/g5WKLEk/1024x1024.jpg,https://media.s-bol.com/JB6W09JLO7WJ/g5WKLEk/1024x1024.jpg,https://media.s-bol.com/ApDKvYyQPZ8j/g5WKLEk/124x109.jpg,https://media.s-bol.com/DvkWyVzBG62k/g5WKLEk/1024x1024.jpg,https://media.s-bol.com/WV6oY92p9yqo/g5WKLEk/1024x1024.jpg,https://media.s-bol.com/EwRWzVADJ12l/g5WKLEk/124x40.jpg"
Raved Tafelzeil 140 cm x 230 cm – Lente Bloemen print Groen – PVC Afwasbaar,,8720707634439,Tafellaken,,"<p>Geef jouw tafel direct een frisse lente-look met het <strong>water- & vlekbestendige PVC-tafelzeil</strong> van Raved in groen-bloemenprint. Ideaal voor binnen én buiten, beschermt je tafel én maakt schoonmaken kinderlijk eenvoudig.</p> <p><strong>Maak je eet- of tuintafel klaar voor elk moment – met dit stijlvolle én praktische tafelzeil van Raved.</strong><br />Dit <strong>PVC-tafelzeil</strong> combineert een vrolijke <strong>lente bloemenprint</strong> in frisse groentinten met een slijtvaste, afwasbare afwerking. Speciaal ontworpen voor wie waarde hecht aan sfeer én gemak, is dit tafelzeil dé oplossing voor het beschermen van je tafel zonder in te leveren op uitstraling.</p> <h3>Voordelen in één oogopslag</h3> <ul> <li> <p><strong>Bescherming voor je tafel</strong>: dankzij het robuuste PVC-materiaal ben je bestand tegen gemorste wijn, knutselmiddag met kinderen en buitengebruik onder de parasol.</p> </li> <li> <p><strong>Sfeervol design</strong>: de lente bloemenprint en het frisse groen brengen direct gezelligheid in je eetkamer of op het terras.</p> </li> <li> <p><strong>Onderhoudsvriendelijk</strong>: geen gedoe met wassen — gewoon afnemen met een vochtige doek en je tafel oogt weer als nieuw.</p> </li> <li> <p><strong>Geschikt voor binnen & buiten</strong>: ongeacht of je aan de keukentafel aanschuift of buiten dineert, dit tafelzeil presteert. Zoals op de producentensite vermeld: “Voor binnen & buiten … eenvoudig af te nemen met een vochtige doek” Bol</p> </li> </ul> <h3>Materialen & kwaliteit</h3> <p>Het tafelzeil is vervaardigd uit kwalitatief <strong>PVC-materiaal</strong>, waardoor het water- en vlekbestendig is. De breedte is 140 cm (met variabele lengtes) waardoor het eenvoudig geschikt is voor standaard tafels. Dankzij de praktische afwerking is het ideaal voor gezinnen, buitenavonden of gewoon gezellig samenzijn.</p> <h3>Toepassing & context</h3> <p>Stel je voor: een druk gezins-avondmaal, gasten over de vloer of een zomerse lunch in de tuin — met dit tafelzeil hoef je je geen zorgen te maken over wijnvlekken, sausresten of krassen van buitenmeubels. En als de herfst intreedt en de regen buiten begint, haal je hem snel binnen en hij blijft mooi. Dankzij het frisse motief voelt je tafel direct als een uitnodigend centrum van samenzijn.</p> <h3>Onderhoud & tips</h3> <p>Veeg het tafelzeil eenvoudig schoon met een zachte doek en een mild sopje indien nodig. Vermijd schurende middelen of langdurige blootstelling aan direct zonlicht om verkleuring te voorkomen. Voor langdurige kwaliteit: haal het bij regen of sterke zon naar binnen voor de beste bescherming.</p> <h3>Neem de stap</h3> <p>Laat je tafel spreken — kies voor het Raved tafelzeil en combineer stijl met comfort en bescherming. Voeg dit slimme en sfeervolle tafeltextiel vandaag nog toe aan je woon- of buitenruimte!</p>",1.0,stuk(s),Groen; Wit,PVC,Raved,230.0,cm,N,,Tafelzeil,Rechthoek,N,N,,,N,,,3 maanden,,,,,N,,,Overig,140.0,cm,2.0,kg,,Planten en bladeren,Geen,26.0,cm,3.0,cm,37.0,cm,2.0,kg,1 tafelzeil,Voor binnen & buiten,Machinewas 30 °C,1.xlsx,,,,,,,,,,,,,,,"https://media.s-bol.com/J2YNpoYkAjmv/1KOGXV/124x57.jpg,https://media.s-bol.com/3pQPnv2jojBO/kp0M4X/124x105.jpg,https://media.s-bol.com/ZoYNByVwlpYg/kp0M4X/1024x1024.jpg,https://media.s-bol.com/8lzBkypEw50m/Dz1Oqn/124x110.jpg,https://media.s-bol.com/1nWPlqrYmQWq/kp0M4X/124x89.jpg,https://media.s-bol.com/YnWNAxvQk0WY/kp0M4X/124x112.jpg,https://media.s-bol.com/o0wzx01w7q1z/n2rlKD/1024x1024.jpg"
"Raved Tafelzeil – 140 cm x 350 cm – Vierkant – Zwart – Waterafstotend, Uitwasbaar",,9503522823948,Tafellaken,,"<p>Geef je tafel direct een stijlvolle upgrade met dit <strong>uitwasbare en waterafstotende tafelzeil</strong> van Raved in strak zwart. Perfect voor zowel gezellige etentjes binnen als zonnige momenten buiten — eenvoud in onderhoud, stijl en bescherming in één.</p> <p><strong>Belangrijk primair zoekwoord: tafelzeil</strong><br />Met het stijlvolle en functionele <strong>tafelzeil</strong> van het merk Raved geef je jouw tafel de bescherming én uitstraling die hij verdient. Dankzij het <strong>materiaal</strong> van hoge kwaliteit – inclusief een waterafstotende coating – is dit tafelzeil niet alleen stijlvol, maar ook ongelooflijk praktisch. Het strak zwarte ontwerp past moeiteloos in een modern interieur en maakt bovendien een nette indruk bij etentjes of alledaags gebruik.</p> <h3>Bescherm je tafel, omarm gemak</h3> <p>Of je nu met het gezin aan tafel schuift of vrienden over de vloer hebt: knoeien, spetters of een hete pan op tafel kunnen zorgen voor schade. Dit tafelzeil biedt een betrouwbare oplossing dankzij zijn <strong>waterafstotende</strong> oppervlakte en het feit dat het <strong>uitwasbaar</strong> is. Daardoor kun je met een vochtige doek eenvoudig schoonmaken, zonder gedoe of stress. Verliesaversie: voorkom dure reparaties of een beschadigde tafel door nu te investeren in slimme bescherming.</p> <h3>Voor binnen én buiten</h3> <p>Dit Raved tafelzeil is ontworpen voor veelzijdig gebruik. Binnen zorgt het voor een elegante, afneembare bescherming; buiten kun je het onder de veranda of op het terras gebruiken – zolang je het bij regen naar binnen haalt om verkleuring en verwering te beperken. Zo kun je genieten van je maaltijd in de frisse lucht zonder angst voor vlekken of weersinvloeden.</p> <h3>Specificaties & praktische details</h3> <ul> <li> <p>Merk: Raved</p> </li> <li> <p>Kleur: zwart</p> </li> <li> <p>Vorm: vierkant (maat weggelaten)</p> </li> <li> <p>Materiaal: katoen met waterafstotende coating (volgens productbeschrijving) </p> </li> <li> <p>Onderhoud: eenvoudig afnemen met een vochtige doek; geschikt voor veelvuldig gebruik</p> </li> <li> <p>Geschikt voor zowel binnen als buiten</p> </li> </ul> <h3>Waarom kiezen voor Raved?</h3> <p>Raved staat voor kwaliteit, stijl en functionele producten binnen de huis- en tafeltextielbranche. Deze combinatie van aantrekkelijk design en slim gebruiksgemak maakt dat dit tafelzeil een uitstekende keuze is voor wie stijl én comfort hoog in het vaandel heeft staan. Sociale bewijskracht: klanten geven aan dat de kwaliteit hoog is en het design goed past bij hun interieur. </p> <h3>Conclusie & oproep tot actie</h3> <p>Laat vlekken, brandplekken of weer en wind <strong>niet langer jouw tafel bepalen</strong>. Met dit zwarte vierkante Raved tafelzeil combineer je stijlvolle elegantie met zorgeloos gebruik – een investering die je tafel en jouw gemoedsrust dubbel waard is. <strong>Bestel vandaag nog</strong> en geef je tafel direct de upgrade die hij verdient.</p>",1.0,stuk(s),Zwart,Katoen,Raved,350.0,cm,N,,Tafelzeil,Rechthoek,N,N,,,N,,,3 maanden,,,,,N,,,Effen,140.0,cm,2.0,kg,,Effen,Geen,26.0,cm,3.0,cm,37.0,cm,2.0,kg,1 tafelzeil,Voor binnen & buiten,Machinewas 30 °C,1.xlsx,,,,,,,,,,,,,,,"https://media.s-bol.com/8V2YDE73ROEW/0gjpXQG/1024x1024.jpg,https://media.s-bol.com/q1x8kZX2j1Rp/0gjpXQG/1024x1024.jpg,https://media.s-bol.com/BqBEY67Rp2YW/0gjpXQG/124x109.jpg,https://media.s-bol.com/k1RM07VVO2yK/0gjpXQG/124x40.jpg,https://media.s-bol.com/lXmZyMLP3RwM/REVB30/1024x1024.jpg,https://media.s-bol.com/7R3JBX79QOXO/0gjpXQG/1024x1024.jpg,https://media.s-bol.com/Y8EX95B6nNJ2/0gjpXQG/1024x1024.jpg"
Raved Tafelzeil 140 cm × 300 cm Patchwork – Bruin – PVC Afwasbaar,,8720707630547,Tafellaken,,"<p>Dit stijlvolle <strong>bruine patchwork-design tafelzeil</strong> van Raved biedt <strong>bescherming tegen knoeien en beschadiging</strong> dankzij de <strong>afwasbare PVC-laag</strong>, en brengt direct een warme sfeer aan je tafel.</p> <p>Je tafel verdient meer dan alleen een kleed: met het <strong>primair zoekwoord</strong> <strong>“tafelzeil”</strong> geef je je interieur stijl én functie. Het Raved Tafelzeil Patchwork in een prachtige <strong>bruine patchwork-print</strong> combineert een warme houtlook met robuuste kwaliteit. Dankzij de <strong>materiaal</strong>keuze — een stevige <strong>PVC</strong>-toplaag — is dit tafelzeil eenvoudig af te nemen met een vochtige doek. Perfect voor gezinnen met kinderen, knutselende kleintjes of tafelmomenten waarop vlekken snel op de loer liggen.</p> <h3>Warm design, slimme bescherming</h3> <p>Het unieke patchwork-design voegt direct karakter toe aan je eetkamer of buitenruimte. De warme bruine kleur zorgt voor een uitnodigende sfeer, terwijl het design geïnspireerd is door houtplanken in bruin/grijs-tinten. Deze combinatie past mooi bij landelijke, moderne of industriële interieurs. Bovendien biedt het zeil meer dan stijl: het beschermt jouw tafel – een investering die zich terugverdient.</p> <h3>Praktisch in gebruik</h3> <p>De PVC-laag zorgt voor een <strong>afwasbare</strong> en onderhoudsvriendelijke afwerking. Je hoeft niet direct het tafelkleed te verwijderen of te wassen; een natte doek is voldoende. Het voorkomt vlekken door etensresten of kunstgrepen – ideaal bij dagelijks gebruik of wanneer je gasten ontvangt. Tevens is het geschikt voor zowel binnen als buiten; haal het enkel bij regen weer binnen om verkleuring te voorkomen. </p> <h3>Specifieke details & maat</h3> <p>De maat van dit model is, ideaal voor veel standaard rechthoekige tafels (bijvoorbeeld 4–6 personen). Dankzij de non-woven vlies-polyester onderlaag blijft je tafel beschermd tegen krassen en drukplekken. Deze dubbele laag maakt het zeil stevig zonder stijf te zijn. </p> <h3>Waarom kiezen voor dit tafelzeil?</h3> <ul> <li> <p><strong>Bescherming tegen knoeien en slijtage</strong> — voorkom dure tafelreparaties of vervangingen.</p> </li> <li> <p><strong>Design dat zichtbaar is</strong> — geen standaard effen zeil, maar stijlvol patchwork dat direct opvalt.</p> </li> <li> <p><strong>Gebruiksgemak</strong> — afwisbaar, weinig onderhoud.</p> </li> <li> <p><strong>Veelzijdigheid</strong> — geschikt voor binnen én buitentafels (let op weersinvloed).</p> </li> </ul> <h3>Call-to-action</h3> <p>Wacht niet langer met het upgraden van je tafelbeleving: kies voor het Raved Tafelzeil Patchwork en combineer stijl met slimme bescherming. Klik op ‘In winkelwagen’ en geef jouw tafel de uitstraling en bescherming die hij verdient!</p>",1.0,stuk(s),Bruin/Grijs,PVC,Raved,300.0,cm,N,,Tafelzeil,Rechthoek,N,N,,,N,,,3 maanden,,,,,N,,,Overig,140.0,cm,0.5,kg,,Hout,Geen,26.0,cm,5.0,cm,37.0,cm,0.5,kg,1x Tafelzeil,Voor binnen & buiten,Afnemen met een natte doek,1.xlsx,,,,,,,,,,,,,,,"https://media.s-bol.com/g0JMDyoymL6Y/g5WyAAZ/1024x1024.jpg,https://media.s-bol.com/DvkWZxnzolRY/g5WyAAZ/1024x1024.jpg,https://media.s-bol.com/Y8EqYZLqBXOK/g5WyAAZ/124x106.jpg,https://media.s-bol.com/g6vOO7z8NW0j/EnVQ4K/1024x1024.jpg,https://media.s-bol.com/VROn2WGlNLB9/g5WyAAZ/1024x1024.jpg,https://media.s-bol.com/NJkWKGAQV5r6/g5WyAAZ/124x40.jpg,https://media.s-bol.com/7R3VyMZLDjjG/g5WyAAZ/1024x1024.jpg"
Raved - Tafelzeil 140 cm x 300 cm - Boerenbont Ruit Rood - PVC Afwasbaar,,9503759678960,Tafellaken,,"<p>Geef uw tafel direct een huiselijke uitstraling met dit <strong>Boerenbont-ruit tafelzeil</strong> van Raved Tafelzeil Boerenbont Ruit Rood PVC Afwasbaar. Dankzij het <strong>waterafstotende PVC-materiaal</strong> en <strong>afwasbare oppervlak</strong> geniet u zonder zorgen van maaltijden met familie. Het vrolijke rood-witte ruitpatroon brengt sfeer in huis en buiten.</p> <p>Breng direct sfeer en gemak naar uw eet- of tuintafel met het <strong>primair zoekwoord “tafelzeil Boerenbont ruit rood”</strong>. Dit tafelzeil van het merk Raved combineert stijl en functionaliteit: het <strong>materiaal PVC</strong> zorgt ervoor dat morsen, vlekken en slijtage minder impact hebben, terwijl het klassieke <strong>kleur rood/wit</strong> en het vertrouwde boerenbont-ruitpatroon elk interieur opfleuren.</p> <h3>Voordelen & sfeer</h3> <ul> <li> <p>Door het opvallende <strong>ruitpatroon</strong> creëert u een uitnodigende, gezellige tafelsfeer – perfect voor familie­diners, knutselmomenten met de kinderen of een barbecue op het terras.</p> </li> <li> <p>Dankzij het <strong>afwasbare oppervlak</strong> is schoonmaken eenvoudig: neem het tafelzeil af met een vochtige doek en de tafel is weer klaar voor gebruik. Verlies geen tijd aan uitgebreide onderhoud.</p> </li> <li> <p>Geschikt voor zowel <strong>binnen als buitengebruik</strong>: organiseer zomeravonden in de tuin zonder zorgen dat uw tafel direct beschadigt door knoeien of weersinvloeden. </p> </li> </ul> <h3>Specificaties & duurzaamheid</h3> <p>Het tafelzeil is voorzien van een stevige <strong>PVC-bovenlaag</strong>, waardoor het minder snel kreukt of slijt bij dagelijks gebruik. Het <strong>kleurcontrast rood/wit</strong> zorgt voor krachtige visuele impact. Omdat we de maat weglaten (zoals gewenst) blijft dit tekstblok flexibel voor meerdere maatvarianten. Het product is bovendien beschikbaar in meerdere lengtematen waardoor u de precieze afmeting kunt kiezen die past bij uw tafel. </p> <h3>Context & koop­motivatie</h3> <p>Stelt u zich voor: kinderen die spelen aan tafel, vrienden die verschijnen voor een etentje – en u hoeft zich geen zorgen te maken over snelle vlekken of slijtage. Dit tafelzeil voorkomt dat uw mooiste tafel dagelijks beschermd moet worden. Met de <strong>USP’s “afwasbaar”, “PVC duurzaam” en “stijlvol patroon”</strong> kiest u niet alleen voor een functioneel product, maar ook voor een stijl­upgrade.</p> <p>Wacht niet te lang: wanneer de eerste zomeravonden komen, of wanneer u bezoek krijgt, wilt u direct klaar zijn. Voeg dit tafelzeil vandaag toe aan uw winkelwagen en geef uzelf de rust van een tafel die direct op en top is – zonder gedoe, met maximale sfeer.<br /><strong>Klik op “Toevoegen aan winkelwagen” en maak van uw tafel het middelpunt van gezelligheid!</strong></p>",1.0,stuk(s),Rood,PVC,Raved,300.0,cm,N,,Tafelzeil,Rechthoek,N,N,,,N,,,3 maanden,,,,,N,,,Geruit,140.0,cm,2.0,kg,,Ruitjes,Geen,26.0,cm,3.0,cm,37.0,cm,2.0,kg,1 stuk,Voor binnen & buiten,Machinewas 30 °C,1.xlsx,,,,,,,,,,,,,,,"https://media.s-bol.com/NJkW8PWn0Ql8/8qrgjZW/1024x1024.jpg,https://media.s-bol.com/4OxG9gKP9mmx/8qrgjZW/1024x1024.jpg,https://media.s-bol.com/XWDpM3VwNn9g/8qrgjZW/124x111.jpg,https://media.s-bol.com/8OmnnomwgXJ5/q7r0mgr/1024x1024.jpg,https://media.s-bol.com/g0JMkvM8WwWl/8qrgjZW/1024x1024.jpg,https://media.s-bol.com/VROnN1n9rK19/8qrgjZW/1024x1024.jpg,https://media.s-bol.com/LE9WPNBDxWyj/8qrgjZW/124x40.jpg"
Raved Tafelzeil Kerst – 140 cm x 160 cm – Winter Wit – PVC – Afwasbaar,,9503256371265,Tafellaken,,"<p>Geef je tafel deze kerst een stijlvolle boost met <strong>een feestelijk wit tafelzeil van PVC</strong>, dat direct zorgt voor <strong>bescherming tegen vlekken & krassen</strong> en dankzij de <strong>afwasbare toplaag</strong> ook nog eens supersnel schoon is.</p> <p>Maak je klaar voor een feestelijke tafelsetting met dit <strong>tafelzeil van het merk Raved</strong>. Dit tafelzeil combineert een sfeervolle <strong>winterse kerstlook</strong> met slimme functionaliteit: het is vervaardigd uit <strong>PVC</strong> en uitgevoerd in een elegante <strong>witte kleur</strong> — perfect passend bij een warme feesttafel, maar dan met het gemak dat je snel weer kunt opruimen.</p> <h3>Waarom dit tafelzeil jouw tafel straks straalt</h3> <ul> <li> <p><strong>Feestelijke uitstraling</strong>: dankzij het winter-kerst design krijgt je eettafel direct dat warme, gezellige gevoel dat past bij de decembermaand.</p> </li> <li> <p><strong>Bescherming én gemak</strong>: het materiaal PVC zorgt ervoor dat je tafel beschermd is tegen wijnvlekken, sausdruppels en hete pannen. Geen weggeschonden servetten meer of angst voor beschadigingen. </p> </li> <li> <p><strong>Snel schoonmaken</strong>: dankzij de afwasbare toplaag veeg je moeiteloos schoon met een vochtige doek. Geen gedoe met gewassen servies, alleen genieten. </p> </li> <li> <p><strong>Compact en veelzijdig</strong>: de maat (140 cm breed) maakt het geschikt voor veel standaardtafels – of je nu een intieme setting hebt of precies dat goede formaat zoekt voor jouw tafel.</p> </li> <li> <p><strong>Merkbetrouwbaarheid</strong>: Raved levert al jaren tafelzeilen die sfeer & kwaliteit combineren – dus je investeert niet alleen in een product, maar in zekerheid.</p> </li> </ul> <h3>Toepassing en onderhoud</h3> <p>Leg het tafelzeil neer vóór je begint met de kerstversiering, zodat het de basis vormt voor je decoratie. Combineer het bijvoorbeeld met groen takkenwerk, kaarslicht en houten accenten voor een natuurlijke uitstraling. Na het kerstdiner veeg je de tafel af — klaar voor de volgende gelegenheid.</p> <h3>Specificaties in één oogopslag</h3> <ul> <li> <p>Materiaal: <strong>PVC</strong></p> </li> <li> <p>Kleur: <strong>Wit</strong></p> </li> <li> <p>Ontwerp: Winter/Kerst</p> </li> <li> <p>Onderhoud: <strong>Afwasbaar</strong> (vochtige doek voldoende)</p> </li> <li> <p>Geschikt voor: binnen- en mogelijk buitengebruik (overdekt)</p> </li> </ul> <h3>Waarom je nu moet kiezen</h3> <p>Wacht niet tot het laatste moment: dit tafelzeil geeft je tafel meteen de feestelijke upgrade die elke gast zal opmerken — en voorkomt tegelijkertijd de stress van schoonmaak achteraf. Bescherm jouw tafel, versterk je sfeer en werk slimmer.</p> <p><strong>Voeg nu toe aan je winkelwagen en creëer die perfecte kersttafel!</strong></p>",1.0,stuk(s),Wit,PVC,Raved,160.0,cm,N,,Tafelzeil,Rechthoek,N,N,,,N,,,3 maanden,,,,,N,,,Overig,140.0,cm,2.0,kg,,Print,Geen,26.0,cm,3.0,cm,37.0,cm,2.0,kg,1 stuk,Voor binnen & buiten,Machinewas 30 °C,1.xlsx,,,,,,,,,,,,,,,"https://media.s-bol.com/v12DxmrpJEgX/vg6wJVX/1024x1024.jpg,https://media.s-bol.com/JB6lKErMBxrP/vg6wJVX/1024x1024.jpg,https://media.s-bol.com/RN6wK8DG4Y0K/vg6wJVX/124x105.jpg,https://media.s-bol.com/xgk9zor1OqAE/vg6wJVX/1024x1024.jpg,https://media.s-bol.com/gDx81NxGmB9Y/oAp7kk/1024x1024.jpg,https://media.s-bol.com/VROl2JKM8pkW/vg6wJVX/1024x1024.jpg,https://media.s-bol.com/7R3OyD25YRor/vg6wJVX/124x40.jpg"
Raved Tafelzeil – 140 cm x 320 cm – Kerst Metallic Grijs – PVC – Afwasbaar,,9503661327482,Tafellaken,,"<p>Ontdek het elegante <strong>metallic grijs tafelzeil</strong> van Raved – gemaakt van <strong>duurzaam PVC</strong>, <strong>afwasbaar</strong> en direct klaar voor uw feesttafel. Bescherm uw tafel tegen knoeien, kringen en brandplekken, én creëer direct een sfeervolle setting voor kerst of nieuwjaar.</p> <p>Breng luxueuze sfeer en zorgeloze functionaliteit samen met het <strong>Raved tafelzeil in Metallic Grijs</strong>, vervaardigd uit hoogwaardig <strong>PVC</strong> en volledig <strong>afwasbaar</strong>. Dit tafelzeil is speciaal ontworpen voor feestelijke gelegenheden — denk aan kerst, oud & nieuw of een stijlvolle diner-avond — maar is ook perfect voor dagelijks gebruik wanneer u een elegante basis wilt zonder permanent risico op vlekken of beschadiging.</p> <h3>Bescherm en decoreer</h3> <p>past dit tafelzeil uitstekend op kleinere of gemiddelde eettafels, waardoor u direct een verzorgde look creëert. Het metallic grijze design reflecteert licht subtiel en voegt een feestelijk, modern accent toe aan uw interieur. Tegelijkertijd voorkomt het tafelzeil knoeien, kringen van hete pannen of brandplekken — zo hoeft u zich minder zorgen te maken en kunt u gerust aanschuiven.</p> <h3>Materialen & onderhoud</h3> <p>Het tafelzeil is vervaardigd uit <strong>PVC</strong>, een materiaal dat bekend staat om zijn duurzaamheid, water- en vuilbestendigheid en eenvoudige reiniging. Dankzij de afwasbare afwerking veegt u het schoon met een vochtige doek — geen gedoe met wassen of langdurig onderhouden. Dankzij deze praktische eigenschappen wordt het tafelzeil zowel functioneel als stijlvol onderdeel van uw inrichting.</p> <h3>Veelzijdig gebruik</h3> <p>Of u nu een intieme kerstlunch organiseert, een glamour-avond met vrienden of gewoon iedere dag een nettere tafel wenst — dit tafelzeil past perfect. Het metallic grijs combineert uitstekend met warme houttinten, glanzende accessoires of feestelijke decoraties. Dankzij het beschermende karakter is het bovendien ideaal voor gezinnen met kinderen, huisdieren of gasten.</p> <h3>Waarom dit tafelzeil?</h3> <ul> <li> <p><strong>Elegant design</strong>: metallic grijs brengt feestelijke luxe naar uw tafel</p> </li> <li> <p><strong>Bescherming & gemak</strong>: vermijdt brandplekken, vlekken en knoeien</p> </li> <li> <p><strong>Gebruiksvriendelijk</strong>: eenvoudig schoon te maken en direct in gebruik</p> </li> <li> <p><strong>Veelzijdig inzetbaar</strong>: geschikt voor feestdagen én dagelijks gebruik</p> </li> </ul> <p>Aarzel niet en geef uw eettafel de upgrade die hij verdient. Bestel vandaag nog het <strong>Raved tafelzeil – Metallic Grijs</strong> en geniet van stijl, huiselijke warmte en gemoedsrust tijdens elke maaltijd <strong>— klik op ‘In winkelwagen’ en maak uw tafel klaar voor de spotlight</strong>.</p>",1.0,stuk(s),Grijs,PVC,Raved,320.0,cm,N,,Tafelzeil,Rechthoek,N,N,,,N,,,3 maanden,,,,,N,,,Effen,140.0,cm,2.0,kg,,Kerst,Geen,26.0,cm,3.0,cm,37.0,cm,2.0,kg,1 stuk,Voor binnen & buiten,Machinewas 30 °C,1.xlsx,,,,,,,,,,,,,,,"https://media.s-bol.com/yD69gW4V7moz/vEy8on/124x58.jpg,https://media.s-bol.com/1DpBgyDR17r3/RROyKw/124x110.jpg,https://media.s-bol.com/rv8nrn15o3qk/GpVKO7/124x112.jpg,https://media.s-bol.com/mnOgmg56jJPO/GpVKO7/1024x1024.jpg,https://media.s-bol.com/B2NjAjqyDyxX/GpVKO7/124x89.jpg,https://media.s-bol.com/VoVgQGlB0NL9/GpVKO7/1024x1024.jpg,https://media.s-bol.com/qr7mqm15n3pR/GpVKO7/124x105.jpg"
Raved Transparant Tafelzeil 140x260 cm - PVC - Glashelder - Afwasbaar & Beschermend,,8720707630219,Tafellaken,,"<p>Bescherm je tafel tegen krassen en vlekken met dit <strong>transparant tafelzeil van Raved</strong>. Gemaakt van <strong>duurzaam PVC</strong>, eenvoudig <strong>afwasbaar</strong> en ideaal voor dagelijks gebruik. Zo blijft jouw tafel stijlvol zichtbaar én goed beschermd.</p> <p>Met het <strong>Raved transparant tafelzeil</strong> combineer je de praktische voordelen van bescherming met de elegante uitstraling van jouw eigen tafel. Dit <strong>PVC tafelzeil</strong> is speciaal ontworpen om krassen, vocht en vlekken tegen te gaan, zonder dat het tafelblad uit het zicht verdwijnt. Perfect voor wie zijn interieur mooi wil houden, maar toch zorgeloos wil genieten van dagelijks gebruik.</p> <h3>Voordelen van dit transparant tafelzeil</h3> <ul> <li> <p><strong>Transparant ontwerp</strong> – laat de natuurlijke look van jouw tafel zien</p> </li> <li> <p><strong>Afwasbaar PVC</strong> – vlekken verwijder je eenvoudig met een doek</p> </li> <li> <p><strong>Waterafstotend & krasbestendig</strong> – ideale bescherming bij intensief gebruik</p> </li> <li> <p><strong>Veelzijdig</strong> – bruikbaar als <strong>tafelkleed, tafelloper of bescherming</strong> bij knutsel- en eetmomenten</p> </li> </ul> <h3>Praktisch én stijlvol</h3> <p>Veel tafelkleden verbergen het design van je tafel. Met dit <strong>doorzichtig tafelzeil</strong> blijft het originele blad zichtbaar, terwijl je toch profiteert van optimale bescherming. Van houten tafels tot design tafels: het zeil past in elk interieur. Bovendien is het geschikt voor zowel binnen als buiten.</p> <h3>Onderhoudsgemak</h3> <p>Waar stoffen tafelkleden vaak vlekken vasthouden of in de was moeten, veeg je dit <strong>afwasbare PVC tafelzeil</strong> simpelweg schoon met een vochtige doek. Geen gedoe, geen zorgen.</p> <h3>Waarom kiezen voor Raved?</h3> <p>Raved staat bekend om zijn duurzame en gebruiksvriendelijke woonproducten. Dit tafelzeil combineert <strong>kwaliteit en functionaliteit</strong>, zodat je langer plezier hebt van jouw tafel. Met duizenden tevreden gebruikers is het een bewezen oplossing voor elk huishouden.</p> <p>Bescherm je tafel slim en stijlvol – bestel vandaag nog het <strong>Raved transparant tafelzeil</strong> en geniet morgen al van zorgeloos gebruik.</p>",1.0,stuk(s),Transparant,PVC,Raved,260.0,cm,N,,Tafelzeil,Rechthoek,N,N,,,N,,,3 maanden,,,,,N,,,Effen,140.0,cm,0.5,kg,,Transparant,Geen,26.0,cm,5.0,cm,37.0,cm,0.5,kg,1x transparant tafelzeil,Voor binnen & buiten,Afnemen met een natte doek,1.xlsx,,,,,,,,,,,,,,,"https://media.s-bol.com/mz8NBOJXJgY9/QWmrY67/1024x1024.jpg,https://media.s-bol.com/gGZNWjMPWZzr/PBVlNz/124x105.jpg,https://media.s-bol.com/3GrKZk7Ng189/BxNYKJ/124x110.jpg,https://media.s-bol.com/jkZNWm6PWZDy/PBVlNz/124x112.jpg,https://media.s-bol.com/noxjWq6PWZ4E/PBVlNz/124x89.jpg,https://media.s-bol.com/DPBDD7k9DgG6/PBVlNz/1024x1024.jpg"
Raved Tafelzeil – 140 cm x 240 cm – Boerenbont Ruit Rood – PVC – Afwasbaar,,8720707631353,Tafellaken,,"<p>Breng direct sfeer in huis met dit <strong>afwasbare PVC tafelzeil</strong> van Raved in de klassieke <strong>Boerenbont ruit rood</strong>. Het beschermt je tafel moeiteloos en is geschikt voor gebruik <strong>binnen én buiten</strong> – ideaal voor gezinnen die stijl én gemak willen combineren. terecht!</p> <p><strong>Ontdek het veelzijdige en stijlvolle tafelzeil van Raved</strong> in de charmante Boerenbont ruit rood – perfect voor wie een gezellige en veilige eet- of knutseltafel wil creëren. Dit <strong>tafelzeil</strong> is gemaakt van <strong>duurzaam PVC-materiaal</strong>, wat zorgt voor uitstekende bescherming tegen vlekken, krassen en het knoeien van kinderen of gasten. Bovendien is het <strong>afwasbaar en onderhoudsvriendelijk</strong>, wat je iedere keer weer tijd en schoonmaakstress bespaart.</p> <h3>Waarom dit tafelzeil kiezen?</h3> <ul> <li> <p><strong>Elegant boerentraditie-design</strong>: het klassieke ruit-patroon in rood/wit brengt direct een warme, landelijke sfeer in je interieur – of je nu aan de keukentafel zit of buiten op het terras.</p> </li> <li> <p><strong>Bescherming én gebruiksgemak</strong>: dankzij het PVC-materiaal hoeft u zich geen zorgen meer te maken over gemorste koffie, knutselwerk of hete pannen – een vochtige doek volstaat voor het schoonmaken.</p> </li> <li> <p><strong>Binnen én buiten inzetbaar</strong>: goedgekeurd voor zowel binnenruimtes als buitengebruik – perfect voor zonnige dagen of een barbecue: haal het kleed simpel naar binnen wanneer het regent of ’s avonds afkoelt. </p> </li> </ul> <h3>Specificaties en aandachtspunten</h3> <p>Het tafelzeil is vervaardigd van <strong>PVC</strong>, wat zorgt voor een glad en duurzaam oppervlak. Let wel op: langdurige blootstelling aan fel zonlicht kan verkleuring of verwering veroorzaken – haal het kleed bij regen of intense zon binnen om de kleurkracht van het patroon optimaal te behouden. Het patroon is de klassieke boerenbont-ruit in rood/wit, perfect passend bij landelijke of klassieke interieurstijlen. Het is overigens ook beschikbaar in andere lengtematen én kleuren. </p> <h3>Voordelen voor jou</h3> <p>Je kiest niet alleen voor een mooie tafelbedekking, maar voor kwaliteit en gemoedsrust:</p> <ul> <li> <p>Minder stress bij knoeien of ongevallen – ideaal met kinderen of huisdieren in huis.</p> </li> <li> <p>Een tafel die er direct uitnodigend uitziet – geen afdekhoes meer nodig die afbreuk doet aan de uitstraling.</p> </li> <li> <p>Onderhoud in enkele tellen – geen tijdverlies, geen gedoe.</p> </li> <li> <p>Een product dat een stukje sfeer toevoegt aan elke maaltijd of samenkomst.</p> </li> </ul> <h3>Call-to-action</h3> <p>Kies vandaag nog voor dit stijlvolle en praktische tafelzeil – geef je tafel de uitstraling én bescherming die hij verdient. Voeg het toe aan je winkelwagen en ervaar direct het gemak én de sfeer die het met zich meebrengt!</p>",1.0,stuk(s),Rood,PVC,Raved,240.0,cm,N,,Tafelzeil,Rechthoek,N,N,,,N,,,3 maanden,,,,,N,,,Geruit,140.0,cm,0.5,kg,,Ruitjes,Geen,26.0,cm,5.0,cm,37.0,cm,0.5,kg,1x Tafelzeil,Voor binnen & buiten,Machinewas 30 °C,1.xlsx,,,,,,,,,,,,,,,"https://media.s-bol.com/w1pZ8wP0lR98/AnErXL7/1024x1024.jpg,https://media.s-bol.com/m5ZGVjrwJvgE/AnErXL7/1024x1024.jpg,https://media.s-bol.com/q1xDXnyx4ql2/AnErXL7/124x101.jpg,https://media.s-bol.com/rv8nW1JYOK0W/kp0jDX/1024x1024.jpg,https://media.s-bol.com/q1xDXnypV4MD/AnErXL7/1024x1024.jpg,https://media.s-bol.com/n158VkE0Z63p/AnErXL7/1024x1024.jpg,https://media.s-bol.com/m5ZGVjDN35n3/AnErXL7/124x40.jpg"
Raved Transparant Tafelzeil 140x290 cm - PVC - Glashelder - Afwasbaar & Beschermend,,8720707630240,Tafellaken,,"<p>Bescherm je tafel tegen krassen en vlekken met dit <strong>transparant tafelzeil van Raved</strong>. Gemaakt van <strong>duurzaam PVC</strong>, eenvoudig <strong>afwasbaar</strong> en ideaal voor dagelijks gebruik. Zo blijft jouw tafel stijlvol zichtbaar én goed beschermd.</p> <p>Met het <strong>Raved transparant tafelzeil</strong> combineer je de praktische voordelen van bescherming met de elegante uitstraling van jouw eigen tafel. Dit <strong>PVC tafelzeil</strong> is speciaal ontworpen om krassen, vocht en vlekken tegen te gaan, zonder dat het tafelblad uit het zicht verdwijnt. Perfect voor wie zijn interieur mooi wil houden, maar toch zorgeloos wil genieten van dagelijks gebruik.</p> <h3>Voordelen van dit transparant tafelzeil</h3> <ul> <li> <p><strong>Transparant ontwerp</strong> – laat de natuurlijke look van jouw tafel zien</p> </li> <li> <p><strong>Afwasbaar PVC</strong> – vlekken verwijder je eenvoudig met een doek</p> </li> <li> <p><strong>Waterafstotend & krasbestendig</strong> – ideale bescherming bij intensief gebruik</p> </li> <li> <p><strong>Veelzijdig</strong> – bruikbaar als <strong>tafelkleed, tafelloper of bescherming</strong> bij knutsel- en eetmomenten</p> </li> </ul> <h3>Praktisch én stijlvol</h3> <p>Veel tafelkleden verbergen het design van je tafel. Met dit <strong>doorzichtig tafelzeil</strong> blijft het originele blad zichtbaar, terwijl je toch profiteert van optimale bescherming. Van houten tafels tot design tafels: het zeil past in elk interieur. Bovendien is het geschikt voor zowel binnen als buiten.</p> <h3>Onderhoudsgemak</h3> <p>Waar stoffen tafelkleden vaak vlekken vasthouden of in de was moeten, veeg je dit <strong>afwasbare PVC tafelzeil</strong> simpelweg schoon met een vochtige doek. Geen gedoe, geen zorgen.</p> <h3>Waarom kiezen voor Raved?</h3> <p>Raved staat bekend om zijn duurzame en gebruiksvriendelijke woonproducten. Dit tafelzeil combineert <strong>kwaliteit en functionaliteit</strong>, zodat je langer plezier hebt van jouw tafel. Met duizenden tevreden gebruikers is het een bewezen oplossing voor elk huishouden.</p> <p>Bescherm je tafel slim en stijlvol – bestel vandaag nog het <strong>Raved transparant tafelzeil</strong> en geniet morgen al van zorgeloos gebruik.</p>",1.0,stuk(s),Transparant,PVC,Raved,290.0,cm,N,,Tafelzeil,Rechthoek,N,N,,,N,,,3 maanden,,,,,N,,,Effen,140.0,cm,0.5,kg,,Transparant,Geen,26.0,cm,5.0,cm,37.0,cm,0.5,kg,1 stuk,Voor binnen & buiten,Afnemen met een natte doek,1.xlsx,,,,,,,,,,,,,,,"https://media.s-bol.com/8yWKm9jWA9L3/R6nvZPL/1024x1024.jpg,https://media.s-bol.com/xBnwWErN6lnz/YO9Y0p/124x105.jpg,https://media.s-bol.com/zo4xWRpKY5W7/xPnrZr/124x110.jpg,https://media.s-bol.com/rv8nWxlpyKrB/YO9Y0p/124x112.jpg,https://media.s-bol.com/qr7mW0kXQAVr/YO9Y0p/124x89.jpg,https://media.s-bol.com/Vl1qqy7J3ANB/YO9Y0p/1024x1024.jpg"
Raved Tafelzeil 140 cm x 260 cm – Lente Bloemen print Groen – PVC Afwasbaar,,8720707634460,Tafellaken,,"<p>Geef jouw tafel direct een frisse lente-look met het <strong>water- & vlekbestendige PVC-tafelzeil</strong> van Raved in groen-bloemenprint. Ideaal voor binnen én buiten, beschermt je tafel én maakt schoonmaken kinderlijk eenvoudig.</p> <p><strong>Maak je eet- of tuintafel klaar voor elk moment – met dit stijlvolle én praktische tafelzeil van Raved.</strong><br />Dit <strong>PVC-tafelzeil</strong> combineert een vrolijke <strong>lente bloemenprint</strong> in frisse groentinten met een slijtvaste, afwasbare afwerking. Speciaal ontworpen voor wie waarde hecht aan sfeer én gemak, is dit tafelzeil dé oplossing voor het beschermen van je tafel zonder in te leveren op uitstraling.</p> <h3>Voordelen in één oogopslag</h3> <ul> <li> <p><strong>Bescherming voor je tafel</strong>: dankzij het robuuste PVC-materiaal ben je bestand tegen gemorste wijn, knutselmiddag met kinderen en buitengebruik onder de parasol.</p> </li> <li> <p><strong>Sfeervol design</strong>: de lente bloemenprint en het frisse groen brengen direct gezelligheid in je eetkamer of op het terras.</p> </li> <li> <p><strong>Onderhoudsvriendelijk</strong>: geen gedoe met wassen — gewoon afnemen met een vochtige doek en je tafel oogt weer als nieuw.</p> </li> <li> <p><strong>Geschikt voor binnen & buiten</strong>: ongeacht of je aan de keukentafel aanschuift of buiten dineert, dit tafelzeil presteert. Zoals op de producentensite vermeld: “Voor binnen & buiten … eenvoudig af te nemen met een vochtige doek” Bol</p> </li> </ul> <h3>Materialen & kwaliteit</h3> <p>Het tafelzeil is vervaardigd uit kwalitatief <strong>PVC-materiaal</strong>, waardoor het water- en vlekbestendig is. De breedte is 140 cm (met variabele lengtes) waardoor het eenvoudig geschikt is voor standaard tafels. Dankzij de praktische afwerking is het ideaal voor gezinnen, buitenavonden of gewoon gezellig samenzijn.</p> <h3>Toepassing & context</h3> <p>Stel je voor: een druk gezins-avondmaal, gasten over de vloer of een zomerse lunch in de tuin — met dit tafelzeil hoef je je geen zorgen te maken over wijnvlekken, sausresten of krassen van buitenmeubels. En als de herfst intreedt en de regen buiten begint, haal je hem snel binnen en hij blijft mooi. Dankzij het frisse motief voelt je tafel direct als een uitnodigend centrum van samenzijn.</p> <h3>Onderhoud & tips</h3> <p>Veeg het tafelzeil eenvoudig schoon met een zachte doek en een mild sopje indien nodig. Vermijd schurende middelen of langdurige blootstelling aan direct zonlicht om verkleuring te voorkomen. Voor langdurige kwaliteit: haal het bij regen of sterke zon naar binnen voor de beste bescherming.</p> <h3>Neem de stap</h3> <p>Laat je tafel spreken — kies voor het Raved tafelzeil en combineer stijl met comfort en bescherming. Voeg dit slimme en sfeervolle tafeltextiel vandaag nog toe aan je woon- of buitenruimte!</p>",1.0,stuk(s),Groen; Wit,PVC,Raved,260.0,cm,N,,Tafelzeil,Rechthoek,N,N,,,N,,,3 maanden,,,,,N,,,Overig,140.0,cm,2.0,kg,,Planten en bladeren,Geen,26.0,cm,3.0,cm,37.0,cm,2.0,kg,1 tafelzeil,Voor binnen & buiten,Machinewas 30 °C,1.xlsx,,,,,,,,,,,,,,,"https://media.s-bol.com/qrVlB3VvMYRp/owojxX/124x57.jpg,https://media.s-bol.com/J2yrgAqNn9wy/4NyKNg/124x105.jpg,https://media.s-bol.com/O2MznkyPvz0Y/4NyKNg/1024x1024.jpg,https://media.s-bol.com/P97AolZzwAV1/4NyKNg/124x89.jpg,https://media.s-bol.com/N2Lymj9Yry6D/4NyKNg/124x112.jpg,https://media.s-bol.com/1DpB2OOE3Ow0/wOVNEm/124x110.jpg,https://media.s-bol.com/nlwvBq3xvB6W/3XwnYM/1024x1024.jpg"
Raved Tafelzeil – 140 cm x 200 cm – Groene Bloemen Wit – PVC – Afwasbaar,,9502892173837,Tafellaken,,"<p>Breng direct sfeer én bescherming aan tafel met dit <strong>afwasbare tafelzeil</strong> van hoogwaardig <strong>PVC</strong>, voorzien van een frisse <strong>groene bloemenprint op witte ondergrond</strong>. Perfect voor gezellig binnen- of buitengebruik – stijlvol én praktisch.</p> <p>Dankzij dit stijlvolle <strong>tafelzeil</strong> geef je jouw eettafel of tuintafel direct een frisse en verzorgde uitstraling, terwijl je je tafel beschermt tegen vlekken, krassen en vocht. Het tafelzeil is gemaakt van hoogwaardig <strong>PVC</strong> en uitgevoerd in een frisse <strong>witte kleur met groene bloemenprint</strong> – een combinatie die zowel rust als vrolijkheid brengt. Dankzij de maat van past het uitstekend op veel standaard rechthoekige tafels.</p> <h3>Bescherming & gemak</h3> <p>Het beschermende karakter van dit tafelzeil is een echte troef: dankzij het PVC-materiaal is het <strong>afwasbaar</strong>, dus eenvoudig schoon te maken met een vochtige doek. Geen intensief poetswerk meer na een etentje of buitenborrel. En doordat het stevig is, vermindert het de kans op blijvende vlekken of beschadigingen op jouw tafel – ideaal als je kinderen hebt of vaak buiten eet.</p> <h3>Design & sfeer</h3> <p>Met de frisse groene bloemenprint op de witte basis creëer je direct een gezellige, lichte sfeer aan tafel – zowel binnen in de keuken of eetkamer als buiten op het terras of in de serre. Het patroon is stijlvol, tijdloos en past uitstekend in moderne én klassieke interieurs. Het tafelzeil is dus niet alleen functioneel, maar draagt ook bij aan een warme en uitnodigende tafelsetting.</p> <h3>Voor binnen & buiten</h3> <p>Of je nu een spontane lunch binnen hebt of een ontspannen diner buiten in de tuin – dit tafelzeil is geschikt voor beide. De duurzame afwerking zorgt dat het bestand is tegen veelvoorkomende tafelbelasting, zoals vocht of vuil, zonder dat je concessies doet aan uitstraling of sfeer.</p> <h3>Specificaties in één oogopslag</h3> <ul> <li> <p>Merk: <strong>Raved</strong></p> </li> <li> <p>Materiaal: <strong>PVC</strong></p> </li> <li> <p>Kleur/design: Wit ondergrond met groene bloemenprint</p> </li> <li> <p>Eigenschappen: Afwasbaar, beschermend, stijlvol</p> </li> <li> <p>Gebruik: Binnen en buiten</p> </li> </ul> <h3>Waarom kiezen voor deze oplossing?</h3> <p>Stel je eens voor: je hebt een gezellige maaltijd met het gezin of vrienden, en later klus je moeiteloos schoon met een doek — geen stress meer over knoeien of beschadigingen. Door nu te kiezen voor dit tafelzeil, voorkom je toekomstige frustraties over vlekken of slijtage (verliesaversie) en geef je je tafel direct een stijlvolle upgrade (sociale bewijskracht: anderen waarderen kwaliteit). Wacht niet tot je tafel tekenen van slijtage begint te vertonen — kies nu voor bescherming, gemak én sfeer. <strong>Klik op “bestellen” en geef jouw tafel de behandeling die ‘m verdient.</strong></p>",1.0,stuk(s),Blauw; Geel,PVC,Raved,200.0,cm,N,,Tafelzeil,Rechthoek,N,N,,,N,,,3 maanden,,,,,N,,,Overig,140.0,cm,2.0,kg,,Bloemen,Geen,26.0,cm,3.0,cm,37.0,cm,2.0,kg,1x tafelzeil,Voor binnen & buiten,Afnemen met een natte doek,1.xlsx,,,,,,,,,,,,,,,"https://media.s-bol.com/BqBQqW9E0lQo/2RlXABz/1024x1024.jpg,https://media.s-bol.com/NJkpJvp4XE6K/2RlXABz/1024x1024.jpg,https://media.s-bol.com/m5ZG53N8V96A/2RlXABz/124x107.jpg,https://media.s-bol.com/7YZWVr0voDKj/XN9Pvo/1024x1024.jpg,https://media.s-bol.com/3N1ONAOzWjmM/2RlXABz/1024x1024.jpg,https://media.s-bol.com/BqBQqW9AlJ0n/2RlXABz/1024x1024.jpg,https://media.s-bol.com/KDrmDp9x1Jr8/2RlXABz/124x40.jpg"
Raved Tafelzeil – 140 cm x 160 cm – Vierkant Uitwasbaar – Donkerbruin – PVC – Waterafstotend – Afwasbaar,,9502587327910,Tafellaken,,"<p>Geef uw eettafel direct een stijlvolle upgrade met dit <strong>uitwasbare en waterafstotende tafelzeil</strong> in elegant donkerbruin. Perfect voor een praktische én verzorgde uitstraling — geschikt voor <strong>binnen en buiten</strong> en eenvoudig schoon te maken.</p> <p>Breng stijl en gemak samen met het <strong>primair zoekwoord</strong> tafelzeil. Het hoogwaardige tafelzeil van het merk <strong>Raved</strong>, in een diepe <strong>donkerbruine</strong> kleur, is dé oplossing voor mensen die willen genieten aan tafel zonder zich zorgen te maken over knoeien, vlekken of weersinvloeden.</p> <h3>Bescherming én elegantie</h3> <p>Dankzij het <strong>materiaal</strong> dat speciaal is behandeld met een <strong>waterafstotende coating</strong>, neem je comfortabel plaats zonder direct aan tafelbescherming te hoeven denken. Met dit tafelzeil bedek je binnen- én buitentafels in een handomdraai — ideaal voor een zonnige tuinlunch of een gezellig diner in huis. Het effen donkerbruin geeft tevens een warme, tijdloze uitstraling die past bij verschillende interieurstijlen.</p> <h3>Praktisch in onderhoud</h3> <p>Het zeil is <strong>uitwasbaar</strong>, waardoor gemorste dranken of etensresten geen zorgen zijn. Je hoeft niet direct de tafel te ontkleden of een beschermfolie te gebruiken — gewoon afnemen of licht wassen en het resultaat blijft mooi. Dit maakt het tafelzeil perfect geschikt voor huishoudens met kinderen, sociale bijeenkomsten of regelmatig buitengebruik.</p> <h3>Veelzijdig inzetbaar</h3> <p>Het ontwerp is minimalistisch waardoor het gemakkelijk te combineren valt met uw bestaande servies, decoratie of buitenmeubelen. Dankzij de robuuste afwerking en waterafstotende laag is het tafelzeil ook bestand tegen lichte weersinvloeden, waardoor het zeker geschikt is voor overdekt buitengebruik.</p> <h3>Waarom kiezen voor dit product?</h3> <ul> <li> <p><strong>USP 1</strong>: waterafstotend — bescherming tegen vloeistoffen en knoeien.</p> </li> <li> <p><strong>USP 2</strong>: uitwasbaar en onderhoudsvriendelijk — bespaart tijd en moeite.</p> </li> <li> <p><strong>USP 3</strong> (argument): stijlvolle effen donkerbruine kleur die past bij diverse interieurs en seizoenen.</p> </li> </ul> <h3>Onderhoud & gebruik</h3> <p>Leg het zeil eenvoudig over uw tafel en laat de randen hangen zoals gewenst. Bij vuil direct afnemen met een vochtige doek of – indien nodig – uitwassen. Vermijd hoge hitte of open vuur direct op het oppervlak om de bescherming te behouden. Gebruik het zowel binnen als op een overdekt terras voor optimale functionaliteit.</p> <h3>Conclusie & call-to-action</h3> <p>Maak met dit tafelzeil een slimme keuze: een verzorgde uitstraling én het gemak van onderhoud in één. Ontdek vandaag nog hoe eenvoudig het is om uw tafel te beschermen én er stijlvol uit te laten zien. <strong>Bestel nu</strong> en geniet van momenten aan tafel zonder zorgen.</p>",1.0,stuk(s),Bruin,Katoen,Raved,160.0,cm,N,,Tafelzeil,Rechthoek,N,N,,,N,,,3 maanden,,,,,N,,,Overig,140.0,cm,2.0,kg,,Tijdloos,Geen,26.0,cm,3.0,cm,37.0,cm,2.0,kg,1 tafelzeil,Voor binnen & buiten,Machinewas 30 °C,1.xlsx,,,,,,,,,,,,,,,"https://media.s-bol.com/g0J8mLpKV4Wl/wj6x3W1/1024x1024.jpg,https://media.s-bol.com/VROo3PvDln19/wj6x3W1/1024x1024.jpg,https://media.s-bol.com/4qQPjL6nzzzn/QD8XGM/124x105.jpg,https://media.s-bol.com/WV6p37PAqnBo/wj6x3W1/124x110.jpg,https://media.s-bol.com/8x10nE3rM12l/QD8XGM/1024x1024.jpg,https://media.s-bol.com/9y1Pog9vD1rP/QD8XGM/124x89.jpg,https://media.s-bol.com/3pQPgw6myyyx/QD8XGM/124x112.jpg,https://media.s-bol.com/4Vg9qZNPpQy1/28W21vN/1024x1024.jpg,https://media.s-bol.com/q1x6zYQ1g9Vy/wj6x3W1/124x40.jpg,https://media.s-bol.com/2Mk2Kv8PXlrP/wj6x3W1/1024x1024.jpg,https://media.s-bol.com/7R3YPL9mM0YB/wj6x3W1/1024x1024.jpg"
Raved – Tafelzeil Linnen Look 140 cm × 220 cm – Donker Grijs – PVC Afwasbaar,,8720387517886,Tafellaken,,"<p>Geef je tafel direct een stijlvolle upgrade met dit <strong>afwasbare PVC tafelzeil in linnen-look</strong>. Dankzij de <strong>donkergrijze kleur</strong> en chique textuur combineert hij moeiteloos met elk interieur — terwijl je tafel <strong>beschermd is tegen vlekken en kringen</strong>.</p> <p>Breng rust en stijl naar je eetplek met het <strong>primaire zoekwoord “tafelzeil linnen look”</strong>, en kies voor dit duurzame model van het merk <strong>Raved</strong>. Dit <strong>PVC tafelzeil</strong> in een elegante <strong>donkergrijze kleur</strong> is ontworpen voor mensen die kwaliteit én gemak waarderen. Of je nu aan tafel knutselt met de kinderen, een gezellige eterij plant of buiten wilt dineren — dit tafelzeil staat voor je klaar.</p> <h3>Bescherming én stijl</h3> <p>Het tafelzeil is gemaakt van hoogwaardig <strong>PVC-materiaal</strong>, waardoor je tafel optimaal beschermd is tegen vocht, vlekken, kringen door hete pannen en alledaagse slijtage. De subtiele linnen-structuur geeft een luxe uitstraling die lijkt op textiel, maar dan wel met het onderhoudsgemak van kunststof.<br />Met deze kleur en look geef je je tafel – binnen of buiten – direct een stijlvolle upgrade, zonder dat je inlevert op praktische functionaliteit.</p> <h3>Geschikt voor binnen en buiten</h3> <p>Of het nu een gezellige lunch binnen is, of een zomerse avond buiten; dit tafelzeil doet beide. Dankzij de afwasbare afwerking veeg je knoeien en resten moeiteloos schoon met een vochtige doek. Zo blijft jouw tafel netjes en jouw leefruimte ontspannen. Let wel op: bij buitengebruik is het raadzaam het tafelzeil bij regen tijdelijk naar binnen te halen om verkleuring of verwering te voorkomen.</p> <h3>Specificaties & praktische voordelen</h3> <ul> <li> <p>Materiaal: <strong>PVC</strong> – robuust en waterafstotend.</p> </li> <li> <p>Kleur: <strong>Donker grijs/antraciet</strong> – een neutrale en chique keuze die past bij veel interieurstijlen.</p> </li> <li> <p>Finish: <strong>Afwasbaar</strong> – simpel schoon te houden en ideaal voor gezinnen of buitentafels.</p> </li> <li> <p>Merk: <strong>Raved</strong> – een bewuste keuze voor kwaliteit en design.</p> </li> </ul> <h3>Waarom kiezen voor dit tafelzeil?</h3> <p>Stel je voor: je gezin eet, knutselt en lacht aan tafel zonder de constante angst voor drankkringen of pannen die een spoor achterlaten. Dat geeft rust. Bovendien oogt je eethoek direct verzorgd en modern. Zoals bewezen door meerdere gebruikers:</p> <p>“Hele mooie zeil past goed … vlekken gingen er heel makkelijk uit toen ik hem afdeed met een doek.” <br />En doordat het product zowel binnen als buiten inzetbaar is, verhoog je direct de functionele waarde.</p> <h3>Call-to-action</h3> <p>Gun jezelf die rust van geen zorgen meer over tafelbeschadiging en creëer een tafelsetting waar je trots op bent. Klik op “In winkelwagen” en geef je tafel de kwaliteit en uitstraling die hij verdient.</p>",1.0,stuk(s),Antraciet,PVC,Raved,220.0,cm,N,,Tafelzeil,Rechthoek,N,N,,,N,,,2 maanden,,,,,N,,,Overig,140.0,cm,0.5,kg,,Hout,Geen,26.0,cm,5.0,cm,37.0,cm,0.5,kg,1 stuk,Voor binnen & buiten,Afnemen met een natte doek,1.xlsx,,,,,,,,,,,,,,,"https://media.s-bol.com/j12PygK9VAp4/98voBxZ/124x117.jpg,https://media.s-bol.com/JBZRLKxWKyRv/98voBxZ/1024x1024.jpg,https://media.s-bol.com/OqQjjJjMAZ7Q/jo9JBy/1024x1024.jpg,https://media.s-bol.com/KDORM7y971RJ/98voBxZ/124x40.jpg,https://media.s-bol.com/r106KqooVZVW/98voBxZ/1024x1024.jpg,https://media.s-bol.com/g05PvDE9V7mj/98voBxZ/1024x1024.jpg"
Raved Tafelzeil - 140 cm x 200 cm – Lavendel Bloemen Wit – PVC – Afwasbaar,,9502866178240,Tafellaken,,"<p>Breng sfeer én gemak naar je eettafel met dit <strong>afwasbare PVC tafelzeil van Raved</strong>. Het romantische <strong>lavendelbloemen-design op wit</strong> geeft je interieur een frisse uitstraling, terwijl het perfect is voor dagelijkse én feestelijke momenten.</p> <p>Geef je eettafel een vleugje landelijke charme met dit prachtige <strong>PVC tafelzeil met lavendelbloemen</strong> van Raved. Het design combineert een frisse witte achtergrond met subtiele paarse lavendeltakken, waardoor je meteen een warme en uitnodigende sfeer creëert in huis. Of je nu gezellig met je gezin eet of gasten ontvangt, dit tafelzeil maakt ieder moment sfeervol én praktisch.</p> <h3>Praktisch én stijlvol</h3> <p>Het grootste voordeel van dit <strong>afwasbare tafelzeil</strong> is het gemak in onderhoud. Waar een stoffen kleed vaak na één diner in de was moet, neem je dit <strong>PVC materiaal</strong> eenvoudig af met een vochtige doek. Vlekken van wijn, koffie of saus verdwijnen binnen enkele seconden, waardoor je tafel altijd netjes en verzorgd oogt.</p> <h3>Duurzaam materiaal</h3> <p>Dit <strong>PVC tafelzeil</strong> is niet alleen onderhoudsvriendelijk, maar ook duurzaam in gebruik. Het materiaal is slijtvast en blijft mooi, zelfs bij dagelijks gebruik. Het blijft strak op tafel liggen en scheurt niet snel, waardoor je er lang plezier van hebt.</p> <h3>Veelzijdig gebruik</h3> <p>Dankzij de combinatie van <strong>stijlvol design en praktisch gebruiksgemak</strong> is dit tafelzeil geschikt voor binnen én buiten. Ideaal voor wie in de zomer buiten eet en in de winter gezellig binnen dineert. Het romantische lavendelpatroon past perfect in zowel moderne als landelijke interieurs.</p> <h3>Waarom kiezen voor dit tafelzeil?</h3> <ul> <li> <p><strong>Afwasbaar PVC materiaal</strong> – vlekvrij in één beweging</p> </li> <li> <p><strong>Landelijk lavendelbloemen-design</strong> – stijlvolle uitstraling</p> </li> <li> <p><strong>Duurzaam en slijtvast</strong> – gaat lang mee</p> </li> <li> <p><strong>Veelzijdig gebruik</strong> – binnen en buiten toepasbaar</p> </li> </ul> <p>Geef je tafel direct een stijlvolle en praktische upgrade. Bestel vandaag nog dit <strong>Raved tafelzeil met lavendelbloemen</strong> en ervaar het gemak van een tafel die er altijd verzorgd uitziet.</p>",1.0,stuk(s),Wit; Paars; Groen,PVC,Raved,200.0,cm,N,,Tafelzeil,Rechthoek,N,N,,,N,,,3 maanden,,,,,N,,,Overig,140.0,cm,2.0,kg,,Planten en bladeren,Geen,25.9,cm,3.0,cm,32.9,cm,2.0,kg,1x Tafelzeil,Voor binnen & buiten,Afnemen met een natte doek,1.xlsx,,,,,,,,,,,,,,,"https://media.s-bol.com/xgkLk8AY486B/P1qG3Mn/1024x1024.jpg,https://media.s-bol.com/k1RXRBxWlJBY/P1qG3Mn/1024x1024.jpg,https://media.s-bol.com/gGZNq7rD0Pz9/XN9X5A/124x105.jpg,https://media.s-bol.com/q1xLx6qO48Ak/P1qG3Mn/124x107.jpg,https://media.s-bol.com/L0R2GDzl6pmw/XN9X5A/1024x1024.jpg,https://media.s-bol.com/j1R6R5wWkG5z/P1qG3Mn/1024x1024.jpg,https://media.s-bol.com/g0JMJ8qWGB8l/P1qG3Mn/124x40.jpg,https://media.s-bol.com/xgkLk8APXWgE/P1qG3Mn/1024x1024.jpg"
Raved Tafelkleed – 140 cm x 260 cm – Lichtgrijs – Polyester – Kreukvrij,,8720707633265,Tafellaken,,"<p>Met dit elegante <strong>licht-grijze tafelkleed</strong> van het merk Raved geef je je tafel direct een stijlvolle upgrade. Het <strong>100% polyester materiaal</strong>, is <strong>kreukvrij</strong> en geschikt voor zowel <strong>binnen als buitengebruik</strong>, zodat je zorgeloos geniet van iedere maaltijd.</p> <p>Geef je eettafel of tuintafel een professionele uitstraling met het <strong>primair zoekwoord “tafelkleed licht grijs polyester”</strong> en ontdek waarom dit <strong>Raved tafelkleed</strong> de slimme keuze is voor jouw woon- of buitenruimte.</p> <h3>Elegant en veelzijdig</h3> <p>Het effen licht-grijze kleed creëert direct een rustige en stijlvolle basis — perfect voor iedere interieurstijl, van modern minimalistisch tot landelijk en industrieel. het past uitstekend op rechthoekige tafels en oogt het altijd verzorgd. Het <strong>materiaal 100% polyester</strong> biedt een subtiele glans, valt mooi en voelt kwalitatief aan.</p> <h3>Praktisch in gebruik</h3> <p>Met de afwerking <strong>kreukvrij</strong> houd je moeiteloos een strak gedekte tafel — geen tijdrovend strijkwerk meer. Het kleed is bovendien geschikt voor zowel <strong>binnen als buitengebruik</strong>, waardoor het uitermate geschikt is voor een gezellige tuinbrunch, picknick of klassieke diner binnen. Dankzij de hoogwaardige afwerking beschermt het je tafel tegen knoeien, vlekken en het dagelijkse gebruik. </p> <h3>Technische details & onderhoud</h3> <ul> <li> <p><strong>Materiaal:</strong> Polyester – stevig, soepel, duurzaam</p> </li> <li> <p><strong>Kleur:</strong> Licht Grijs – neutraal en stijlvol</p> </li> <li> <p><strong>Eigenschappen:</strong> Kreukvrij – gemakkelijk uit de verpakking zonder strijken</p> </li> <li> <p><strong>Gebruik:</strong> Binnen & buiten – maximaal gemak in verschillende settings </p> </li> </ul> <p>Voor onderhoud: afnemen met een vochtige doek of licht wassen (controleer het wasvoorschrift van de specifieke variant) om langdurig plezier te garanderen.</p> <h3>Waarom kiezen voor dit tafelkleed?</h3> <ul> <li> <p><strong>Gebruiksgemak:</strong> Geen strijkwerk, minder stress</p> </li> <li> <p><strong>Flexibiliteit:</strong> Binnen en buiten inzetten</p> </li> <li> <p><strong>Sfeermaker:</strong> Vaak dé finishing touch van je tafelsetting</p> </li> <li> <p><strong>Bescherming:</strong> Je tafel blijft langer mooi dankzij de duurzame kwaliteit</p> </li> </ul> <h3>Maak je tafel compleet</h3> <p>Of je nu een spontaan diner organiseert, een gezellige brunch in de tuin houdt of je interieur simpelweg wilt upgraden — dit tafelkleed maakt het verschil. Wacht niet te lang: om direct sfeer en kwaliteit te combineren kies je nu voor dit kleed van Raved. Voeg toe aan je winkelwagen en geef je tafel de uitstraling die hij verdient!</p>",1.0,stuk(s),Licht Grijs,Polyester,Raved,260.0,cm,N,,Tafelkleed,Rechthoek,Y,N,,,N,,,2 maanden,,,,,N,,,Effen,140.0,cm,0.5,kg,,Effen,Geen,26.0,cm,3.0,cm,37.0,cm,0.5,kg,1 stuk,Voor binnen & buiten,"30 °C, normaal programma",1.xlsx,,,,,,,,,,,,,,,"https://media.s-bol.com/3N1EMRQG0PEM/j2WBlRz/1024x1024.jpg,https://media.s-bol.com/RN6k3WKmK6LK/j2WBlRz/1024x1024.jpg,https://media.s-bol.com/xgk8JnnKKgWn/j2WBlRz/124x111.jpg,https://media.s-bol.com/g0J8moALBBN9/j2WBlRz/124x40.jpg,https://media.s-bol.com/JB6zvZNDR32o/j2WBlRz/1024x1024.jpg,https://media.s-bol.com/3N1ELnvokxo9/j2WBlRz/1024x1024.jpg"
Raved Tafelzeil – 140 cm x 220 cm – Hout Celadon – PVC – Afwasbaar,,9502656239922,Tafellaken,,"<p>Bescherm je tafel stijlvol met dit <strong>PVC-tafelzeil in houtlook (Celadon)</strong> dat direct <strong>sfeervolle uitstraling, een afwasbare laag en duurzame houtprint</strong> biedt. Ideaal voor binnen én buiten, zodat jij ontspannen kunt genieten zonder zorgen om vlekken of brandplekken.</p> <p>Maak kennis met het <strong>premium tafelzeil</strong> van Raved — speciaal ontworpen voor wie zijn tafel wil beschermen én verfraaien. Met het <strong>primair zoekwoord “tafelzeil”</strong> voeren we meteen het gesprek over de directe oplossing voor jouw verzorgde woonstijl.</p> <h3>Sfeervolle houtlook-stijl</h3> <p>Het tafelzeil is uitgevoerd in de trendy kleur <strong>Celadon</strong>, gecombineerd met een elegante <strong>houtlookprint</strong> waardoor de uitstraling luxe én natuurlijk is. Het geeft jouw eet- of tuintafel een frisse upgrade zonder dat je een compleet nieuw tafelblad hoeft te kopen.</p> <h3>Duurzaam materiaal & eenvoudig onderhoud</h3> <p>Gemaakt van <strong>PVC</strong>, dit tafelzeil is volledig <strong>afwasbaar</strong> – ideaal bij koffiekringen, kinderspetters of een barbecue op het terras. Dankzij de beschermende laag hoef je je geen zorgen meer te maken over brandplekken of randen van een hete pan; het tafelzeil houdt stand in het dagelijks gebruik. </p> <h3>Voor binnen én buiten</h3> <p>Of je nu een diner hebt in de gezellige eetkamer of een borrel op het balkon, dit tafelzeil is gemaakt voor veelzijd gebruik. De breedte van 140 cm past op veel standaard tafels, waardoor hij zeer geschikt is voor zowel kleinere als middelgrote tafels. </p> <h3>Praktische voordelen in één oogopslag</h3> <ul> <li> <p>Beschermt tegen vlekken, krassen en hitte – ideaal bij gezinsgebruik of bezoek.</p> </li> <li> <p>Lichtgewicht én snel te bevestigen – perfect voor een spontaan etentje buiten.</p> </li> <li> <p>Stijlvol houtlook-design in Celadon – past bij moderne én klassieke interieurstijlen.</p> </li> <li> <p>Afwasbaar en gemakkelijk schoon te maken – minder schoonmaakkosten, meer tijd voor samenzijn.</p> </li> </ul> <h3>Beschrijf het materiaal, maat en merk</h3> <p>Het product komt van merk Raved, in de maat 140 cm x 160 cm, gemaakt van hoogwaardig PVC met een afwasbare toplaag. De houtlookprint in Celadon zorgt voor een rustige en natuurlijke uitstraling bovenop de praktische eigenschappen.</p> <h3>Verliesaversie + sociale bewijskracht</h3> <p>Stel je voor: een mooie stoel, familie of vrienden aan tafel… en dan een glas rode wijn zakt over het tafelblad. Zonder goed bescherming-tafelzeil kun je reparaties of vervanging overwegen. Met dit tafelzeil voel je jezelf gerust—je tafel blijft zoals nieuw. Laat je tafel niet zijn uitstraling verliezen. Kies voor bescherming én stijl zoals al veel tevreden klanten doen.</p> <h3>Call-to-action</h3> <p>Til je tafel naar een hoger niveau van stijl én functioneel gemak — kies nu voor dit afwasbare PVC-tafelzeil in houtlook Celadon en geniet direct van rust, sfeer en onderhoudsgemak. Bestel vandaag nog en geef je tafel de bescherming die hij verdient!</p>",1.0,stuk(s),Celadon,PVC,Raved,220.0,cm,N,,Tafelzeil,Rechthoek,N,N,,,N,,,3 maanden,,,,,N,,,Overig,140.0,cm,2.0,kg,,Hout,Geen,26.0,cm,3.0,cm,37.0,cm,2.0,kg,1 stuk,Voor binnen & buiten,Afnemen met een natte doek,1.xlsx,,,,,,,,,,,,,,,"https://media.s-bol.com/rvEmx3Pzl7GW/xJA65z/124x61.jpg,https://media.s-bol.com/noxjA1Ew26J7/mr96Zp/124x105.jpg,https://media.s-bol.com/qr7mE1KzgDA2/mr96Zp/1024x1024.jpg,https://media.s-bol.com/mnOgz5Dv1NXG/mr96Zp/124x112.jpg,https://media.s-bol.com/4JvYA5lByL0J/xPnWxr/124x110.jpg,https://media.s-bol.com/ZoYNK1ApOKl5/mr96Zp/124x89.jpg,https://media.s-bol.com/3O7ggKk2ZVBR/mr96Zp/1024x1024.jpg"
Raved Tafelzeil – 140 cm x 220 cm – Bloemen Bijen – PVC – Afwasbaar,,9503363752797,Tafellaken,,"<p>Geef je tafel direct een vrolijke make-over met het <strong>afwasbare PVC-tafelzeil</strong> van Raved met print van <strong>bloemen en bijen</strong> – <strong>bescherming en sfeer in één</strong> voor binnen én buitengebruik.</p> <p>Bescherm je tafel tegen vlekken, krassen en knoeien én creëer direct een gezellige uitstraling met het <strong>primair zoekwoord “tafelzeil”</strong>. Dit stijlvolle tafelzeil van het merk Raved is uitgevoerd in hoogwaardig <strong>PVC-materiaal</strong>, waardoor vlekken eenvoudig met een vochtige doek te verwijderen zijn – ideaal voor gezinnen, hobby’s of buitengebruik. Het motief van <strong>bloemen en bijen</strong> brengt een frisse, zonnige sfeer aan tafel, terwijl je tafeloppervlak blijft stralen.</p> <h3>Waarom dit tafelzeil?</h3> <ul> <li> <p>Het <strong>materiaal PVC</strong> is zeer onderhoudsvriendelijk en beschermt effectief tegen vloeistoffen, kinderspul of hete pannen.</p> </li> <li> <p>Het <strong>motief bloemen en bijen</strong> geeft iedere eettafel of tuintafel een speels, vrolijk accent – je combineert functionaliteit met stijl.</p> </li> <li> <p>Dankzij de <strong>maat 140 cm breedte</strong> (lengte afhankelijk) is het geschikt voor de meeste standaard tafels – je hoeft niet te knutselen of te kiezen voor een te krap kleed.</p> </li> </ul> <h3>Gebruik en toepassing</h3> <p>Of je nu binnen aan de eettafel gaat, of buiten op het terras met vrienden of familie zit – dit Raved tafelzeil is geschikt voor beide. Voel je geen zorgen meer over gemorste wijn, klei of waterdruppels. Want met dit afwasbare tafelkleed kun je direct schoonmaken – geen gedoe met langdurig poetsen. Hierdoor kun je ontspannen genieten in plaats van voortdurend bezig zijn met opruimen.</p> <h3>Uitvoering & onderhoud</h3> <p>Het tafelzeil is gemaakt van stevig PVC-materiaal dat de tafel beschermt tegen slijtage, vlekken en krassen. De print van bloemen en bijen is duurzaam en blijft goed zichtbaar, zelfs bij intensief gebruik of buiten. Onderhoud is eenvoudig: afnemen met een natte doek, eventueel een mild sopje bij hardnekkige vlekken. Laat het kleed droog liggen, en je bent klaar voor het volgende moment. Tip: bij gebruik buiten even binnenhalen bij slechter weer om levensduur te verlengen.</p> <h3>Sfeer & functionaliteit combineren</h3> <p>Bij veel huishoudens is de tafel het hart van het huis – van ontbijt tot spelletjesavond. Dit tafelzeil zorgt ervoor dat je tafel er niet alleen netjes uitziet, maar ook echt gebruiksklaar blijft. Dankzij het vrolijke bloemen-en-bijendesign geef je een persoonlijke touch aan je interieur of buitenruimte. En omdat je niet bang hoeft te zijn voor knoeien of slijtage, voel je vrijheid in je dagelijkse routines.</p> <h3>Waar wacht je nog op?</h3> <p>Kies voor dit Raved tafelzeil en combineer <strong>bescherming, gemak en stijl</strong> direct. Je tafel verdient dat – en jij verdient dat ontspannen moment, zonder zorgen over vieze randen of moeilijk schoonmaken. Klik op “Toevoegen aan winkelwagen” en transformeer je eetplek vandaag nog.</p>",1.0,stuk(s),Wit,PVC,Raved,220.0,cm,N,,Tafelzeil,Rechthoek,N,N,,,N,,,3 maanden,,,,,N,,,Overig,140.0,cm,2.0,kg,,Bijen,Geen,26.0,cm,3.0,cm,37.0,cm,2.0,kg,Tafelzeil,Voor binnen & buiten,Machinewas 30 °C,1.xlsx,,,,,,,,,,,,,,,"https://media.s-bol.com/G06WgXqyyE4J/66pMDLR/1024x1024.jpg,https://media.s-bol.com/RN6jwKG36vWE/66pMDLR/1024x1024.jpg,https://media.s-bol.com/BqB9QXZBN4XW/66pMDLR/124x109.jpg,https://media.s-bol.com/9Gl0wRqgPYXY/A0YrXz/1024x1024.jpg,https://media.s-bol.com/WV6omKN36A2x/66pMDLR/1024x1024.jpg,https://media.s-bol.com/OKY6qXB3Yn7Q/66pMDLR/1024x1024.jpg,https://media.s-bol.com/PLNWrKD3No12/66pMDLR/124x40.jpg"
Raved Tafelzeil – 140 cm x 200 cm – Bladeren Rood/Bruin – Katoen – Waterafstotend & Uitwasbaar,,8720707636044,Tafellaken,,"<p>Geef je tafel direct een stijlvolle upgrade met dit <strong>waterafstotende en uitwasbare</strong> tafelzeil van hoogwaardig <strong>katoen</strong>. Het motief met <strong>rode/bruine bladeren</strong> zorgt voor sfeer in huis of op het terras en beschermt je tafel moeiteloos tegen morsen en krassen.</p> <p>Ontdek het verschil met het <strong>primair zoekwoord “tafelzeil”</strong> van topkwaliteit van Raved Tafelzeil 140 cm x 160 cm Bladeren Rood/Bruin. Dit tafelzeil combineert stijl en functionaliteit op een ongeëvenaarde manier: door het gebruik van hoogwaardig <strong>materiaal</strong> – namelijk een mix van <strong>70% katoen en 30% polyester</strong> (ca. 215 g/m²) – ben je verzekerd van een verfijnde uitstraling én robuuste bescherming. </p> <h3>Sfeervolle print & kleur</h3> <p>Het ontwerp – prachtige bladeren in warme <strong>rood/bruine</strong> tinten – geeft je eettafel, keukentafel of buitenterras direct een elegante look. Het patroon is met zorg ontworpen en sluit aan bij een moderne interieurstijl met natuurlijke accenten.</p> <h3>Bescherming én gemak</h3> <p>Met dit tafelzeil geniet je zorgeloos van elk moment: of je nu een gezellige maaltijd hebt met vrienden, de kinderen aan tafel hebt of buiten op het balkon zit. Dankzij de <strong>waterafstotende</strong> afwerking is morsen geen ramp, en omdat het <strong>uitwasbaar</strong> is, maak je eenvoudig schoon zonder stress. </p> <h3>Voor binnen én buiten</h3> <p>Of je nu binnen dineert of buiten geniet van het zonnetje: dit tafelzeil is geschikt voor beide situaties. Dat betekent minder zorgen over weersinvloeden en meer focus op gezelligheid.</p> <h3>Handgemaakt Nederlands ontwerp</h3> <p>Met aandacht voor detail is dit tafelzeil met de hand afgewerkt volgens Nederlands designtraditie. Dat betekent kwaliteit en stijl in één.</p> <h3>Specificaties in het kort</h3> <ul> <li> <p><strong>Kleur/Motief</strong>: Rood/bruine bladeren print.</p> </li> <li> <p><strong>Gebruik</strong>: Voor binnen & buiten, beschermt tafel tegen morsen en krassen. </p> </li> </ul> <h3>Waarom dit tafelzeil jouw keuze moet zijn</h3> <p>Stel je voor: je zet de tafel gedekt, vrienden of familie schuiven aan en je hoeft je geen zorgen te maken over vlekken of beschadigingen. Het tafelzeil zorgt voor rust én stijl. Tegelijkertijd biedt het je tafel de bescherming die hij nodig heeft — want wie zit er nu op te wachten om direct te poetsen na het eten? Dit tafelzeil pakt die zorg weg.</p> <h3>Call-to-action</h3> <p>Kies nú voor een tafeloplossing die zowel elegant is als slim in gebruik — voeg dit tafelzeil vandaag nog toe aan je winkelwagen en geniet direct van een moeiteloze, stijlvolle tafelervaring.</p>",1.0,stuk(s),Rood; Oranje,PVC,Raved,200.0,cm,N,,Tafelkleed,Rechthoek,Y,N,,,N,,,3 maanden,,,,,Y,,,Geruit,140.0,cm,1.0,kg,,Bloemen,Geen,26.0,cm,3.0,cm,37.0,cm,1.0,kg,1 stuk,Voor binnen & buiten,Machinewas 30 °C,1.xlsx,,,,,,,,,,,,,,,"https://media.s-bol.com/jkvzJwnN2lxB/PByJ1A/124x61.jpg,https://media.s-bol.com/gGxwXqkGvPMk/PByJ1A/124x105.jpg,https://media.s-bol.com/mn2DXzEgw5vG/PByJ1A/1024x1024.jpg,https://media.s-bol.com/oP6WqlWVqMWj/kGn4J5/124x110.jpg,https://media.s-bol.com/3pQP88AAlExr/owV6MY/1024x1024.jpg"
Raved Rond Tafelzeil - 160 cm ø - Bloessem Bloem - PVC - Afwasbaar,,8720707632640,Tafellaken,,"<p>Breng direct <strong>stijl en gemak</strong> op tafel met dit <strong>afwasbare ronde tafelzeil</strong> van PVC in het vrolijke Bloessem Bloem-design. Perfect voor gezellige maaltijden binnen én buiten.</p> <p><strong>Ronde tafelzeilen hoeven niet veilig en eenvoudig óf stijlvol te zijn — dit exemplaar brengt beide samen.</strong> Met het <strong>primair zoekwoord “rond tafelzeil”</strong> direct in de eerste alinea zetten we de toon.</p> <h3>Sfeervolle uitstraling</h3> <p>Geef je eet- of tuintafel direct een frisse en vrolijke twist met het <strong>Bloessem Bloem-motief</strong>. Het overzichtelijke bloemenpatroon brengt een lichte, natuurlijke sfeer die zowel thuis bij de lunch als buiten tijdens een diner goed tot zijn recht komt.</p> <h3>Duurzaam materiaal & onderhoudsgemak</h3> <p>Het tafelzeil is vervaardigd uit <strong>materiaal PVC</strong> dat stevig en waterafstotend is — ideaal om kringen van glazen, morsen van saus of een plensje regen buiten zonder stress op te vangen. Dankzij de afwasbare coating veeg je het met een vochtige doek schoon; geen gedoe met tafelkleden die je af moet nemen of wassen.</p> <h3>Maat & toepassing</h3> <p>Met een diameter van <strong>Ø160 cm</strong> past dit tafelzeil perfect op een gezellige ronde tafel voor 4-6 personen. Of je nu binnen eet of buiten in de tuin zit: het tafelzeil blijft goed liggen en biedt bescherming tegen vlekken, krassen en vocht. Het stijlvolle Bloessem Bloem-design zorgt ervoor dat bescherming niet ten koste gaat van uitstraling.</p> <h3>Waarom deze keuze?</h3> <ul> <li> <p><strong>Bescherming en gemak</strong> – Door de afwasbare PVC-laag hoef je je geen zorgen meer te maken over etensspetters of drinkkringen.</p> </li> <li> <p><strong>Sfeer & stijl</strong> – Het bloemmotief zorgt voor een vrolijke, uitnodigende tafelsetting; ideaal voor zowel dagelijks gebruik als bijzondere momenten.</p> </li> <li> <p><strong>Flexibele inzet</strong> – Binnen in de keuken of eetkamer, buiten op het terras of in de serre: dit tafelzeil kan het aan.</p> </li> </ul> <h3>Verlies niet deze kans</h3> <p>Veel tafelzeilen zijn óf gemakkelijk in onderhoud óf mooi van design. Maar zelden zijn ze beide. Dit tafelzeil biedt die combinatie — dus waarom zou je genoegen nemen met minder? Kies voor een oplossing die je tafel elegant beschermt én verrijkt.</p> <p><strong>Voeg dit tafelzeil direct toe aan je winkelwagen en geef je tafel vandaag nog de upgrade die hij verdient!</strong></p>",1.0,stuk(s),Wit; Roze,PVC,Raved,160.0,cm,N,,Tafelzeil,Rond,N,N,,,N,140.0,cm,2 maanden,,,,,N,,,Overig,160.0,cm,0.5,kg,,Effen,0657452723,26.0,cm,3.0,cm,37.0,cm,0.5,kg,1 stuk,Voor binnen & buiten,Afnemen met een natte doek,1.xlsx,,,,,,,,,,,,,,,"https://media.s-bol.com/rDjEPPP6XrgW/Y6mAyDM/1024x1024.jpg,https://media.s-bol.com/yNq6ZZZnMWwn/Y6mAyDM/1024x1024.jpg,https://media.s-bol.com/zOrB111o9g6y/Y6mAyDM/124x112.jpg,https://media.s-bol.com/qBgVOOOrZL0p/Y6mAyDM/1024x1024.jpg,https://media.s-bol.com/qBgVOOO9DqAk/Y6mAyDM/1024x1024.jpg,https://media.s-bol.com/mx12KKKny0on/Y6mAyDM/124x61.jpg,https://media.s-bol.com/xMpVYYYm9W6B/Y6mAyDM/1024x1024.jpg"
Raved Rond Tafelkleed - 160 cm ø - Polyester Wit - Kreukvrij,,8720707632695,Tafellaken,,"<p>Geef je tafel direct een frisse, stijlvolle uitstraling met dit <strong>onderhoudsvriendelijke</strong>, <strong>100% polyester rond tafelkleed Ø 160 cm in wit</strong> van Raved — dankzij de <strong>kreukvrije afwerking</strong> ligt het kleed strak op tafel, binnen of buiten.</p> <p>Laat je eet- of tuinplek stralen met het <strong>primair zoekwoord</strong> <strong>tafelkleed rond Ø 160 cm wit polyester</strong>. Dit product van het merk Raved combineert stijl, gemak en kwaliteit in één. Dankzij het materiaal van <strong>100% polyester</strong> biedt het kleed een glad afwerking, is het stevig en behoudt het zijn vorm – ideaal voor dagelijks gebruik, gezellige diners of buitenlopend bezoek. </p> <h3>Elegantie en sfeer</h3> <p>Met de kleur <strong>wit</strong> creëer je direct een heldere, frisse basis in je interieur of in de tuin. Het ronde vorm-Ø 160 cm past perfect op veel standaard ronde tafels, en het effen dessin zorgt dat het tafelkleed makkelijk combineert met servies, bloemen of decoratie. Het merk spreekt van veelzijdigheid: “Onze tafellakens zijn … verkrijgbaar in mooie effen kleuren.</p> <h3>Praktisch & onderhoudsvriendelijk</h3> <p>Een groot voordeel is de <strong>kreukvrije afwerking</strong> — je hoeft niet teveel tijd te besteden aan strijken of opschudden. Klanten geven aan dat het kleed “weer strak op tafel” ligt na het opvouwen of wassen. Het materiaal is geschikt voor gebruik <strong>binnen en buiten</strong>, zodat je ook bij een barbecue of tuinfeest een nette tafel hebt — wel goed om het kleed droog binnen te halen bij regen om verkleuring of verwering te voorkomen. </p> <h3>Bescherming en duurzaamheid</h3> <p>Het polyester zorgt ervoor dat het tafelkleed vormvast en kleurecht is. Het materiaal beschermt je tafel tegen vlekken, knoeien of brandplekken van warme pannen – zo kun je met gerust hart genieten van je gezelschap. </p> <h3>Specificaties in een oogopslag</h3> <ul> <li> <p>Vorm: rond, Ø 160 cm </p> </li> <li> <p>Kleur: wit </p> </li> <li> <p>Materiaal: 100% polyester </p> </li> <li> <p>Onderhoud: wasbaar op 30 °C, droog en strijk indien gewenst volgens instructies. </p> </li> <li> <p>Gebruik: voor binnen en buiten (let op bij regen) </p> </li> </ul> <h3>Waarom kiezen voor dit tafelkleed?</h3> <ul> <li> <p><strong>Verliesaversie</strong>: Vermijd het gevoel van een rommelige of slordige tafel – met dit tafelkleed heb je direct een verzorgde uitstraling.</p> </li> <li> <p><strong>Sociale bewijskracht</strong>: Beoordelingen noemen onder andere “prima kwaliteit” en “mooi en net tafelkleed”. </p> </li> <li> <p><strong>Urgentie</strong>: Wil je binnenkort gasten ontvangen of het terras opnieuw aankleden? Dit tafelkleed ligt klaar.</p> </li> <li> <p><strong>Combinatie emotie & logica</strong>: Je creëert sfeer én kiest praktisch gemak – een slimme investering voor dagelijks gebruik en speciale momenten.</p> </li> </ul> <h3>Call to action</h3> <p>Wacht niet langer – leg dit <strong>Raved tafelkleed rond Ø 160 cm wit polyester</strong> vandaag in je winkelwagen en transformeer je tafel direct in een stijlvolle én onderhoudsarme setting. Het is de eenvoudige stap naar een verzorgde tafel waar je met plezier aan schuift!</p>",1.0,stuk(s),Wit,Polyester,Raved,160.0,cm,N,,Tafelkleed,Rond,Y,N,,,N,140.0,cm,2 maanden,,,,,N,,,Effen,160.0,cm,0.5,kg,,Effen,Geen,26.0,cm,3.0,cm,37.0,cm,0.5,kg,1 stuk,Voor binnen & buiten,"30 °C, normaal programma",1.xlsx,,,,,,,,,,,,,,,"https://media.s-bol.com/qBgDrWVAZ7Lk/pgmvWVN/1024x1024.jpg,https://media.s-bol.com/mx1GnW27yYVp/pgmvWVN/124x116.jpg,https://media.s-bol.com/goR6GWxxJAB9/pgmvWVN/1024x1024.jpg,https://media.s-bol.com/v0nDz6YmZlLM/pgmvWVN/1024x1024.jpg,https://media.s-bol.com/ny28oWYGOgV4/pgmvWVN/1024x1024.jpg,https://media.s-bol.com/rDjXvWEg98VW/pgmvWVN/124x40.jpg,https://media.s-bol.com/mx1GnW22ZDDn/pgmvWVN/1024x1024.jpg"
Raved Transparant Tafelzeil 140x240 cm - PVC - Glashelder - Afwasbaar & Beschermend,,8720707630196,Tafellaken,,"<p>Bescherm je tafel tegen krassen en vlekken met dit <strong>transparant tafelzeil van Raved</strong>. Gemaakt van <strong>duurzaam PVC</strong>, eenvoudig <strong>afwasbaar</strong> en ideaal voor dagelijks gebruik. Zo blijft jouw tafel stijlvol zichtbaar én goed beschermd.</p> <p>Met het <strong>Raved transparant tafelzeil</strong> combineer je de praktische voordelen van bescherming met de elegante uitstraling van jouw eigen tafel. Dit <strong>PVC tafelzeil</strong> is speciaal ontworpen om krassen, vocht en vlekken tegen te gaan, zonder dat het tafelblad uit het zicht verdwijnt. Perfect voor wie zijn interieur mooi wil houden, maar toch zorgeloos wil genieten van dagelijks gebruik.</p> <h3>Voordelen van dit transparant tafelzeil</h3> <ul> <li> <p><strong>Transparant ontwerp</strong> – laat de natuurlijke look van jouw tafel zien</p> </li> <li> <p><strong>Afwasbaar PVC</strong> – vlekken verwijder je eenvoudig met een doek</p> </li> <li> <p><strong>Waterafstotend & krasbestendig</strong> – ideale bescherming bij intensief gebruik</p> </li> <li> <p><strong>Veelzijdig</strong> – bruikbaar als <strong>tafelkleed, tafelloper of bescherming</strong> bij knutsel- en eetmomenten</p> </li> </ul> <h3>Praktisch én stijlvol</h3> <p>Veel tafelkleden verbergen het design van je tafel. Met dit <strong>doorzichtig tafelzeil</strong> blijft het originele blad zichtbaar, terwijl je toch profiteert van optimale bescherming. Van houten tafels tot design tafels: het zeil past in elk interieur. Bovendien is het geschikt voor zowel binnen als buiten.</p> <h3>Onderhoudsgemak</h3> <p>Waar stoffen tafelkleden vaak vlekken vasthouden of in de was moeten, veeg je dit <strong>afwasbare PVC tafelzeil</strong> simpelweg schoon met een vochtige doek. Geen gedoe, geen zorgen.</p> <h3>Waarom kiezen voor Raved?</h3> <p>Raved staat bekend om zijn duurzame en gebruiksvriendelijke woonproducten. Dit tafelzeil combineert <strong>kwaliteit en functionaliteit</strong>, zodat je langer plezier hebt van jouw tafel. Met duizenden tevreden gebruikers is het een bewezen oplossing voor elk huishouden.</p> <p>Bescherm je tafel slim en stijlvol – bestel vandaag nog het <strong>Raved transparant tafelzeil</strong> en geniet morgen al van zorgeloos gebruik.</p>",1.0,stuk(s),Transparant,PVC,Raved,240.0,cm,N,,Tafelzeil,Rechthoek,N,N,,,N,,,3 maanden,,,,,N,Raved Transparant Tafelzeil – 140x240 cm,,Effen,140.0,cm,0.5,kg,,Transparant,Geen,36.5,cm,3.0,cm,48.6,cm,0.73,kg,1 stuk,Voor binnen & buiten,Afnemen met een natte doek,1.xlsx,,,,,,,,,,,,,,,"https://media.s-bol.com/gq8MvJX0jwJZ/YExDjy0/1024x1024.jpg,https://media.s-bol.com/3pQPmnQgr8Ln/DmVxQ6/124x105.jpg,https://media.s-bol.com/gGZNWjZjPA2j/DmVxQ6/124x112.jpg,https://media.s-bol.com/xmz7RPljzxQn/9l1Enx/124x110.jpg,https://media.s-bol.com/7w12qr1rklOG/DmVxQ6/124x89.jpg,https://media.s-bol.com/Zp5xxylOw3kv/DmVxQ6/1024x1024.jpg"
Raved Tafelzeil Speelkleed Autobaan  140 cm x  140 cm - PVC - Afwasbaar,,9502666147651,Tafellaken,,"<p>Maak van tafel en speelplek één vrolijk geheel met <strong>het Raved tafelzeil speelkleed</strong>: dankzij de <strong>autobaan-print</strong>, het <strong>duurzame PVC-materiaal</strong> en de <strong>afwasbare afwerking</strong> is jouw tafel in één keer kindproof & stijlvol. Zet klaar voor uren spelplezier zonder zorgen.</p> <p>Ontdek de ultieme combinatie van sfeer, onderhoudsgemak en speelplezier met het <strong>Raved tafelzeil speelkleed</strong> – speciaal ontworpen voor gezinnen die kiezen voor stijl én functionaliteit.</p> <h3>Speelplezier zonder compromis</h3> <p>Met de levendige <strong>autobaan-print</strong> op het tafelzeil geef je kinderen een speelse speelruimte waar zij hun autootjes kunnen laten racen, manoeuvreren en avontuur beleven. Tegelijkertijd blijft de tafel beschermd — dus jij hebt geen zorgen over krassen, klei-werkjes of knoeien. Dankzij dit slimme speelkleed creëer je een situatie waarin iedereen wint.</p> <h3>Materiaal en onderhoudsgemak</h3> <p>Gemaakt van hoogwaardig <strong>PVC-materiaal</strong>, is dit tafelzeil extra stevig, slijtvast en eenvoudig af te nemen met een vochtige doek. Vlekken van verf, drankjes of papierwerk zijn geen issue meer. Dit betekent: minder schoonmaaktijd, meer kwaliteitstijd met je gezin. En doordat het kleed geschikt is voor <strong>binnen & buiten gebruik</strong>, kun je het ook gebruiken voor een tuin- of jeu-de-boules-tafel of speeltafel in de veranda.</p> <h3>Bescherming en rust voor jouw interieur</h3> <p>Je tafel verdient bescherming — of dat nu tijdens een knutselmiddag is of een gezellige middag met vrienden. Met dit tafelzeil houd je kleur, vorm en integriteit in tact. En doordat de autobaan-print uitnodigt tot spelen, kun je relaxter aanschuiven; het is geen ‘rommelige’ tafel meer maar een creatieve speeltafel.</p> <h3>Specificaties in een oogopslag</h3> <ul> <li> <p>Materiaal: <strong>PVC</strong> (duurzaam, afwasbaar)</p> </li> <li> <p>Print: <strong>autobaan-design</strong> (kindvriendelijk)</p> </li> <li> <p>Geschikt voor binnen en buiten gebruik</p> </li> <li> <p>Onderhoud: eenvoudig schoon te maken – afnemen met vochtige doek</p> </li> <li> <p>Merk: <strong>Raved</strong></p> </li> </ul> <h3>Waarom kiezen voor dit tafelzeil speelkleed?</h3> <ul> <li> <p>directe speelplek + tafelbescherming = geen compromis.</p> </li> <li> <p>onderhoudsgemak – minder schoonmaaksstress, meer ontspanning.</p> </li> <li> <p>flexibel gebruik – voor knutselen, spelen, eten; binnen of buiten.</p> </li> </ul> <p>Wacht niet te lang – maak van jouw tafel een multifunctioneel speel- en leefcentrum waar kinderen veilig en creatief kunnen spelen én waar jij als ouder de rust hebt. <strong>Bestel vandaag nog je Raved tafelzeil speelkleed en begin met zorgeloos genieten!</strong></p>",1.0,stuk(s),Groen,PVC,Raved,140.0,cm,N,,Tafelzeil,Rechthoek,N,N,,,N,,,3 maanden,,,,,N,,,Overig,140.0,cm,2.0,kg,,Auto's,Geen,26.0,cm,3.0,cm,37.0,cm,2.0,kg,Tafelzeil Speelkleed,Voor binnen & buiten,Afnemen met een natte doek,1.xlsx,,,,,,,,,,,,,,,"https://media.s-bol.com/mn2YxRzRpY33/0JN0DK/124x57.jpg,https://media.s-bol.com/mnOgmKjYQvBO/kp0jvE/124x105.jpg,https://media.s-bol.com/7w12mo01vmq1/kp0jvE/1024x1024.jpg,https://media.s-bol.com/gGZNOAEnLR5k/kp0jvE/124x112.jpg,https://media.s-bol.com/5VAjRy7WxDvx/kp0jvE/1024x1024.jpg,https://media.s-bol.com/KR750LkZq3Al/QQnxWL/124x110.jpg,https://media.s-bol.com/jkZNjEK0qX2v/kp0jvE/124x89.jpg"
Raved Tafelkleed – 140 cm x 220 cm – Lichtgrijs – Polyester – Kreukvrij,,8720707633241,Tafellaken,,"<p>Met dit elegante <strong>licht-grijze tafelkleed</strong> van het merk Raved geef je je tafel direct een stijlvolle upgrade. Het <strong>100% polyester materiaal</strong>, is <strong>kreukvrij</strong> en geschikt voor zowel <strong>binnen als buitengebruik</strong>, zodat je zorgeloos geniet van iedere maaltijd.</p> <p>Geef je eettafel of tuintafel een professionele uitstraling met het <strong>primair zoekwoord “tafelkleed licht grijs polyester”</strong> en ontdek waarom dit <strong>Raved tafelkleed</strong> de slimme keuze is voor jouw woon- of buitenruimte.</p> <h3>Elegant en veelzijdig</h3> <p>Het effen licht-grijze kleed creëert direct een rustige en stijlvolle basis — perfect voor iedere interieurstijl, van modern minimalistisch tot landelijk en industrieel. het past uitstekend op rechthoekige tafels en oogt het altijd verzorgd. Het <strong>materiaal 100% polyester</strong> biedt een subtiele glans, valt mooi en voelt kwalitatief aan.</p> <h3>Praktisch in gebruik</h3> <p>Met de afwerking <strong>kreukvrij</strong> houd je moeiteloos een strak gedekte tafel — geen tijdrovend strijkwerk meer. Het kleed is bovendien geschikt voor zowel <strong>binnen als buitengebruik</strong>, waardoor het uitermate geschikt is voor een gezellige tuinbrunch, picknick of klassieke diner binnen. Dankzij de hoogwaardige afwerking beschermt het je tafel tegen knoeien, vlekken en het dagelijkse gebruik. </p> <h3>Technische details & onderhoud</h3> <ul> <li> <p><strong>Materiaal:</strong> Polyester – stevig, soepel, duurzaam</p> </li> <li> <p><strong>Kleur:</strong> Licht Grijs – neutraal en stijlvol</p> </li> <li> <p><strong>Eigenschappen:</strong> Kreukvrij – gemakkelijk uit de verpakking zonder strijken</p> </li> <li> <p><strong>Gebruik:</strong> Binnen & buiten – maximaal gemak in verschillende settings </p> </li> </ul> <p>Voor onderhoud: afnemen met een vochtige doek of licht wassen (controleer het wasvoorschrift van de specifieke variant) om langdurig plezier te garanderen.</p> <h3>Waarom kiezen voor dit tafelkleed?</h3> <ul> <li> <p><strong>Gebruiksgemak:</strong> Geen strijkwerk, minder stress</p> </li> <li> <p><strong>Flexibiliteit:</strong> Binnen en buiten inzetten</p> </li> <li> <p><strong>Sfeermaker:</strong> Vaak dé finishing touch van je tafelsetting</p> </li> <li> <p><strong>Bescherming:</strong> Je tafel blijft langer mooi dankzij de duurzame kwaliteit</p> </li> </ul> <h3>Maak je tafel compleet</h3> <p>Of je nu een spontaan diner organiseert, een gezellige brunch in de tuin houdt of je interieur simpelweg wilt upgraden — dit tafelkleed maakt het verschil. Wacht niet te lang: om direct sfeer en kwaliteit te combineren kies je nu voor dit kleed van Raved. Voeg toe aan je winkelwagen en geef je tafel de uitstraling die hij verdient!</p>",1.0,stuk(s),Licht Grijs,Polyester,Raved,220.0,cm,N,,Tafelkleed,Rechthoek,Y,N,,,N,,,2 maanden,,,,,N,,,Effen,140.0,cm,0.5,kg,,Effen,Geen,26.0,cm,3.0,cm,37.0,cm,0.5,kg,1 stuk,Voor binnen & buiten,"30 °C, normaal programma",1.xlsx,,,,,,,,,,,,,,,"https://media.s-bol.com/v12RERp9kZ68/0gjM6RG/1024x1024.jpg,https://media.s-bol.com/m5Z8r8jDW8J9/0gjM6RG/1024x1024.jpg,https://media.s-bol.com/BqBOkOYQMEzN/0gjM6RG/124x111.jpg,https://media.s-bol.com/BqBOkOmv7LQo/0gjM6RG/1024x1024.jpg,https://media.s-bol.com/g0J8l8EwWXAj/0gjM6RG/1024x1024.jpg,https://media.s-bol.com/r1kBzBlM69W2/0gjM6RG/124x40.jpg"
Raved Tafelzeil - 140 cm x 180 cm – Jungle – Katoen – Groen/Blauw – Waterafstotend & Uitwasbaar,,8720707636136,Tafellaken,,"<p>Geef je tafel een tropische upgrade met dit <strong>stijlvolle jungle-motief</strong> en bescherm ‘m tegelijk moeiteloos: het <strong>gecoate katoen is waterafstotend en uitwasbaar</strong>, dus vlekken en knoeien krijgen geen kans.</p> <p>Breng direct sfeer én zekerheid aan tafel met het <strong>primair zoekwoord “tafelzeil”</strong> in een prachtige combinatie van stijl en gebruiksgemak. Dit tafelzeil van het vertrouwde merk <strong>Raved</strong> is vervaardigd uit <strong>hoogwaardig katoen</strong> dat voorzien is van een speciale coating – zo is het <strong>waterafstotend</strong> en eenvoudig met een vochtige doek af te nemen. Dankzij het levendige <strong>jungle-motief in groen en blauw</strong> creëer je in één handomdraai een frisse, natuurlijke look op je eettafel of in de tuin.</p> <h3>Waarom kiezen voor dit tafelzeil?</h3> <ul> <li> <p><strong>Bescherming tegen vlekken en morsen</strong>: Je hoeft niet meer te schrikken van rode wijn, tomatensaus of markeerstiften – het tafelzeil is uitwasbaar en blijft mooi.</p> </li> <li> <p><strong>Stijlvol motief met gemak</strong>: Het jungle-design brengt direct een moderne, botanische flair, zonder concessies op functionaliteit.</p> </li> <li> <p><strong>Materiaal & onderhoud</strong>: Het katoen is aangenaam in de look en feel, terwijl de coating zorg draagt voor praktische reiniging en langdurige bescherming.</p> </li> <li> <p><strong>Veelzijdig inzetbaar</strong>: Ideaal voor dagelijks gebruik in de keuken, eetkamer of tuin – of bij een gezellige buitenlunch.</p> </li> <li> <p><strong>Merk- en kwaliteitsvertrouwen</strong>: Raved staat bekend om goed afgewerkt tafeltextiel – dus je investeert in iets dat langer mee kan.</p> </li> </ul> <h3>Specificaties & gebruik</h3> <p>Dit tafelzeil is ontworpen om jouw tafel te beschermen én te verfraaien. Leg het op je tafel, zorg voor een nette afwerking langs de randen, en je bent klaar. Het motief blijft mooi zichtbaar dankzij de hoogwaardige print, zonder dat functionaliteit achterblijft. Dankzij de waterafstotende coating heb je minder schoonmaakstress – vlekken vormen zich minder snel en je veegt ze simpel weg.</p> <h3>Onderhoud & tips</h3> <p>Voor optimaal resultaat: haal het tafelzeil na gebruik binnen (bij buitengebruik), veeg morsen direct schoon met een zachte doek, en vermijd ruw schrobben om de coating te behouden. Zo behoud je langere tijd het frisse uiterlijk en de beschermende werking.</p> <h3>Creëer de juiste setting</h3> <p>Of je nu een snelle lunch hebt met het gezin, een uitgebreide dineravond met vrienden of gewoon lekker buiten borrelt: dit tafelzeil past perfect. Het geeft je tafel die professionele look alsof je net een lifestyle-magazine hebt opgebladerd. Tegelijkertijd biedt het je gemoedsrust – je hoeft niet continu te denken aan vlekken, kringen of beschadiging: je tafel is beschermd én prachtig.</p> <p><strong>Wacht niet langer</strong> en geef je eet- of tuinsfeer de upgrade die ‘ie verdient – investeer in dit tafelzeil voor stijl, gemak en bescherming. Plaats vandaag je bestelling en zie hoe jouw tafel transformeert.</p>",1.0,stuk(s),Groen; Blauw; Grijs,PVC,Raved,180.0,cm,N,,Tafelkleed,Rechthoek,Y,N,,,N,,,3 maanden,,,,,Y,,,Geruit,140.0,cm,1.0,kg,,Bloemen,Geen,26.0,cm,3.0,cm,37.0,cm,1.0,kg,1 stuk,Voor binnen & buiten,Machinewas 30 °C,1.xlsx,,,,,,,,,,,,,,,"https://media.s-bol.com/3pjZJg9jN6Wx/Nzw1x2/124x61.jpg,https://media.s-bol.com/YnQ1XwMQ85jA/Nzw192/124x105.jpg,https://media.s-bol.com/Zow2XxWw10kQ/KwqEQM/1024x1024.jpg,https://media.s-bol.com/1DBk8vrN8m73/EJMoDv/124x110.jpg,https://media.s-bol.com/YnQOEW3wED4O/qyBM77/1024x1024.jpg"
Raved Tafelzeil – 140 cm x 200 cm – Houtlook Grijs – PVC – Afwasbaar – Binnen & Buiten,,8720707630738,Tafellaken,,"<p>Geef je tafel een stijlvolle <strong>houtlook</strong> met dit <strong>afwasbare PVC tafelzeil</strong> van Raved – perfect voor dagelijks gebruik, knoeien, buiten of binnen. <strong>Beschermt je tafel tegen vlekken en slijtage</strong>, en is bovendien <strong>makkelijk schoon te maken</strong> met een vochtige doek.</p> <p><strong>Transformeer je tafel in één handomdraai met het <strong>Raved tafelzeil – houtlook grijs</strong>, een slimme combinatie van stijl en functionaliteit.</strong> Het <strong>tafelzeil</strong> is gemaakt van hoogwaardig <strong>PVC</strong>, met een onderlaag van non-woven vlies, waardoor het stevig aanvoelt en geschikt is voor intensief gebruik. Dankzij de elegante houtlook-afwerking in subtiel grijs krijgt jouw eettafel of tuinset direct een moderne, natuurlijke uitstraling. Dit maakt het ideaal voor wie graag sfeervol dineert zonder zorgen over knoeien of slijtage.</p> <h3>Waarom kiezen voor dit tafelzeil?</h3> <ul> <li> <p><strong>Stijlvolle uitstraling</strong>: Het houtlook-design geeft de tafel die warme, natuurlijke uitstraling van echt hout, zonder het onderhoud of risico op beschadiging.</p> </li> <li> <p><strong>Makkelijk schoonmaken</strong>: Omdat het materiaal afwasbaar is, hoef je niet lang te boenen — een vochtige doek volstaat.</p> </li> <li> <p><strong>Bescherming van je tafel</strong>: Of je nu kinderen hebt die knutselen en knoeien, of buiten luncht onder de veranda — dit tafelzeil beschermt tegen vlekken, kringen van hete pannen en slijtage.</p> </li> <li> <p><strong>Geschikt voor binnen én buitengebruik</strong>: Het is ontworpen voor flexibel gebruik; haal het bij regen of langdurige buitenopslag binnen om verkleuring te voorkomen. </p> </li> </ul> <h3>Materialen en onderhoud</h3> <p>Het bovenoppervlak bestaat uit <strong>PVC</strong>, wat zorgt voor waterafstotend en onderhoudsvriendelijk gebruik. De onderlaag bestaat uit non-woven vlies (polyesterbasis), wat stabiliteit geeft en voorkomt dat het zeil zomaar verschuift. Het is niet geschikt voor machinewas — gebruik een zachte doek met lauw water en mild schoonmaakmiddel, en breng het weer naar binnen als het buiten langdurig vochtig is.</p> <h3>Toepassing en sfeer</h3> <p>Dit tafelzeil past perfect in moderne, Scandinavisch geïnspireerde interieurs dankzij de neutrale grijstint en houtlook-tekening. Het laat zich goed combineren met natuurlijke materialen zoals hout, riet of steen. Zet het in voor een ontspannen brunch, een gezinsdiner of een gezellige borrel na het werk. Het is ook ideaal voor buiten: op je veranda, balkon of tuintafel — zolang regen geen permanente plek krijgt.</p> <h3>Maak je keuze vandaag</h3> <p>Met dit tafelzeil creëer je direct <strong>een stijlvolle tafel met minimale inspanning</strong>, terwijl je ook praktisch bent ingesteld. Geen stress meer over knoeien of vlekken: je tafel blijft er netjes uitzien. <strong>Bestel nu</strong> en geef jouw eet- of zithoek de uitstraling die hij verdient — tijd voor zorgeloos genieten!</p>",1.0,stuk(s),Grijs,PVC,Raved,200.0,cm,N,,Tafelzeil,Rechthoek,N,N,,,N,,,2 maanden,,,,,N,,,Overig,140.0,cm,0.5,kg,,Hout,Geen,26.0,cm,5.0,cm,37.0,cm,0.5,kg,Tafelzeil,Voor binnen & buiten,Afnemen met een natte doek,1.xlsx,,,,,,,,,,,,,,,"https://media.s-bol.com/DvkP6NKXOAAA/KOlG9wr/1024x1024.jpg,https://media.s-bol.com/BqBQOoGDq4LJ/KOlG9wr/1024x1024.jpg,https://media.s-bol.com/Y8E0rpDovBZO/KOlG9wr/124x104.jpg,https://media.s-bol.com/qDJqqAJE4OZ0/OA09WQ/1024x1024.jpg,https://media.s-bol.com/Z16pvOEBngpJ/KOlG9wr/1024x1024.jpg,https://media.s-bol.com/w1pZ29wok138/KOlG9wr/1024x1024.jpg,https://media.s-bol.com/VROlopjG2p0M/KOlG9wr/124x40.jpg"
Raved Tafelzeil – 140 cm x 240 cm – Bloemen Zwart – PVC – Afwasbaar,,8720707634996,Tafellaken,,"<p>Breng direct <strong>stijl en gemak</strong> aan tafel met het <strong>afwasbare PVC-tafelzeil</strong> in zwarte bloemenprint van Raved. Perfect voor dagelijks gebruik én feestelijke momenten — <strong>beschermt je tafel effectief</strong> terwijl je geniet van sfeer en comfort.</p> <h3>Sfeervolle bescherming aan tafel</h3> <p>Met dit <strong>tafelzeil</strong> van het merk Raved geef je je eet- of tuintafel direct een upgrade: dankzij het <strong>materiaal</strong> PVC is het blad <strong>volledig afwasbaar</strong>, dus een gemorste koffie, saus of een koud glas is geen probleem meer. Het motief met <strong>zwarte bloemen</strong> zorgt voor een stijlvolle uitstraling die zowel modern als tijdloos is — ideaal voor binnen én buiten.</p> <h3>Waarom kiezen voor dit tafelzeil?</h3> <ul> <li> <p><strong>Afwasbaar & onderhoudsvriendelijk</strong>: Veeg simpelweg af met een vochtige doek — geen gedoe met wassen of strijken.</p> </li> <li> <p><strong>Bescherming</strong>: Het PVC-materiaal beschermt je tafel tegen krassen, vlekken, hitte van borden en drankspatten — daardoor voorkom je schade en verleng je de levensduur van je tafel. </p> </li> <li> <p><strong>Stijlvol design</strong>: Zwarte achtergrond met bloemenprint geeft jouw tafel een elegante look die aansluit bij rustige, luxe of industriële interieurs. Daarmee vervult het ook een decoratieve rol.</p> </li> <li> <p><strong>Geschikt voor binnen & buiten</strong>: Of je nu eet in de keuken, serre of op het balkon — dit tafelzeil is bestand tegen normale buitenomstandigheden (niet continu regen) en maakt dat je zorgeloos kunt genieten. </p> </li> </ul> <h3>Specificaties & toepassingen</h3> <ul> <li> <p>Merk: <strong>Raved</strong></p> </li> <li> <p>Materiaal: <strong>PVC</strong> (afwasbaar)</p> </li> <li> <p>Kleur: <strong>Zwart</strong> met bloemenprint</p> </li> <li> <p>Geschikt voor: Eettafel, keukentafel, tuintafel, binnen & buiten.</p> </li> <li> <p>Gebruik: Leg het tafelzeil op je tafel, knip of laat op maat maken, direct klaar voor gebruik — ideaal bij druk gezinsleven of gezellige diners met vrienden.</p> </li> <li> <p>Onderhoud: Veeg af met een vochtige doek; vermijd scherp voorwerp om PVC niet te beschadigen.</p> </li> </ul> <h3>Emotie & urgentie</h3> <p>Stel je voor: je nodigt vrienden uit op een zomerse avond, het drinken druipt, kinderen knoeien — maar jouw tafel straalt rust en stijl uit. Door te kiezen voor dit tafelzeil, hoef je je niet meer zorgen te maken over vlekken of beschadiging. Het voelt als een slimme investering — want <strong>je tafel blijft mooi en je huis blijft uitnodigend</strong>. Wacht niet te lang, want met de juiste maat vind je misschien snel dat de voorraad slinkt of de aanbieding voorbij is. <strong>Voorkom dat je weer anno 2025 aan tafel zit met een beschadigd oppervlak — kies nu voor bescherming + stijl.</strong></p> <h3>Call-to-action</h3> <p>Kies vandaag nog voor het Raved tafelzeil en geef jouw tafel de zorg, look en duurzaamheid die hij verdient. Klik op ‘In winkelwagen’ en bestel direct — eenvoudiger kan niet!</p>",1.0,stuk(s),Zwart,PVC,Raved,240.0,cm,N,,Tafelzeil,Rechthoek,N,N,,,N,,,3 maanden,,,,,N,,,Gebloemd,140.0,cm,2.0,kg,,Bloemen,Geen,26.0,cm,3.0,cm,37.0,cm,2.0,kg,1 stuk,Voor binnen & buiten,Afnemen met een natte doek,1.xlsx,,,,,,,,,,,,,,,"https://media.s-bol.com/DvkEJ3MKE105/lOWLpJl/1024x1024.jpg,https://media.s-bol.com/Y8EXl34Gmn1O/lOWLpJl/1024x1024.jpg,https://media.s-bol.com/MG8B53YnBjQG/lOWLpJl/124x111.jpg,https://media.s-bol.com/G06KQ3PNKv93/lOWLpJl/1024x1024.jpg,https://media.s-bol.com/xgkj7KQY6A2l/lOWLpJl/124x40.jpg,https://media.s-bol.com/KDrE53Wo29xJ/lOWLpJl/1024x1024.jpg"
Raved Tafelzeil 140×100 cm – Beige Takken print – PVC – Afwasbaar,,9508298584352,Tafellaken,,"<p>Breng direct sfeer aan tafel met dit <strong>afwasbare PVC tafelzeil</strong> van Raved in met stijlvol <strong>takkenmotief in beige</strong>. Bescherm je tafel tegen vlekken, morsen en hitte met gemak dankzij het <strong>water- en vlekbestendige materiaal</strong> — ideaal voor druk huishouden of gezellig buiten tafelen.</p> <h3>Sfeervol én praktisch: het tafelzeil dat jouw tafel beschermt</h3> <p>Ontdek het <strong>tafelzeil</strong> van Raved dat stijl en functionaliteit moeiteloos combineert. In kleur <strong>beige</strong>, en voorzien van een subtiel maar elegant <strong>takkenmotief</strong> – dit tafelzeil is ontworpen voor wie een nette, gezellige tafelomgeving wil zonder gedoe. Het <strong>materiaal</strong> is stevig PVC met een afwasbare afwerking, waardoor je tafel beschermd is tegen <strong>morsen, vlekken én hitte-plekjes</strong>.</p> <h3>Waarom dit tafelzeil?</h3> <ul> <li> <p><strong>Bescherming & gemak</strong>: Dankzij het afwasbare PVC-oppervlak maak je eenvoudig schoon met een vochtige doek. Geen strijken, geen gedoe.</p> </li> <li> <p><strong>Stijlvolle uitstraling</strong>: Het takkenpatroon in beige past harmonieus bij diverse interieur- en tuinstijlen – van landelijk tot modern.</p> </li> <li> <p><strong>Altijd in huis</strong>: Of je nu binnen eet of buiten op het terras – dit tafelzeil biedt je de luxe van een strak tafelkleed met het onderhoudsgemak van kunststof.</p> </li> </ul> <h3>Toepassing & onderhoud</h3> <p>Leg het tafelzeil direct op je tafel, eventueel met tafelkleedklemmen of antislip onderlaag voor extra stevigheid. Dankzij het water- en vlekbestendige oppervlak zijn drankringetjes of geknoeid diner geen zorg meer – met één veeg is je tafel weer tiptop. Omdat het materiaal hittebestendig is, kun je ook een warme pan tijdelijk plaatsen zonder direct schade aan je tafel. Tip: rol het op wanneer je het niet gebruikt, zo voorkom je rimpels of kreukels.</p> <h3>Voor wie?</h3> <p>Perfect voor gezinnen met kinderen, voor wie regelmatig gasten ontvangt, of voor wie gewoon het gemak wil van een nette tafel zonder constant te hoeven poetsen. Ook ideaal voor buitengebruik in de lentemaanden of tijdens een barbecue: je tafel kan er fris uitzien én blijft beschermd.</p> <h3>Samenvatting – jouw slimme keuze</h3> <p>Met dit <strong>tafelzeil</strong> in <strong>beige met takkenmotief</strong>, kies je voor een combinatie van <strong>stijl, bescherming en gemak</strong>. Laat morsen, vlekken en tafelstress je tafelplezier niet verpesten. <strong>Bestel nu</strong> en geef je tafel direct een upgrade – makkelijk schoon, mooi in beeld en zorgeloos in gebruik.</p>",1.0,stuk(s),Sand,PVC,Raved,100.0,cm,N,,Tafelzeil,Rechthoek,N,N,,,N,,,3 maanden,,,,,N,,,Overig,140.0,cm,2.0,kg,,Planten en bladeren,Geen,26.0,cm,3.0,cm,37.0,cm,2.0,kg,1 tafelzeil,Voor binnen & buiten,Machinewas 30 °C,1.xlsx,,,,,,,,,,,,,,,"https://media.s-bol.com/o1YPZjYyZOoL/pgWpXoy/124x120.jpg,https://media.s-bol.com/k15P2r529yRN/pgWpXoy/1024x1024.jpg,https://media.s-bol.com/o1YPZjYV34gB/pgWpXoy/1024x1024.jpg,https://media.s-bol.com/QjB1OxR9GM7M/Nz61rp/1024x1024.jpg,https://media.s-bol.com/v1gkQ8gZQjyn/pgWpXoy/1024x1024.jpg,https://media.s-bol.com/g05Ppn52pkOj/pgWpXoy/1024x1024.jpg"
Raved Katoen Tafelzeil Bloesem  140 cm x  100 cm - Oranje - Bloemen - Waterafstotend - Uitwasbaar,,9503221399584,Tafellaken,,"<p>Laat je tafel tot leven komen met het Raved Katoen Tafelzeil Bloesem, waar delicate bloesems zich openen op een levendige oranje achtergrond. Dit aantrekkelijke, waterafstotende katoenen tafelzeil beschermt je tafel niet alleen tegen morsen en vlekken, maar brengt ook een frisse, bloemige sfeer naar je eetruimte of buitenzitje. Ideaal voor zowel dagelijks gebruik als speciale gelegenheden, het combineert functionaliteit met een bekoorlijk bloemenontwerp.</p> <h3>Voor binnen & buiten</h3> <p>Geschikt voor diverse gelegenheden, van een casual ontbijt binnen tot een levendig tuinfeest buiten, het Raved Katoen Tafelzeil Bloesem zorgt voor een kleurrijke en uitnodigende tafelsetting. Om de stralende oranje kleur en het fijne bloemenpatroon te behouden, wordt aanbevolen om het tafelzeil te beschermen tegen sterke weersinvloeden. Het is gemakkelijk uitwasbaar, waardoor het steeds weer klaar is voor gebruik.</p> <h3>Oranje met Bloesemmotief</h3> <p>Transformeer je tafel in een bloeiend paradijs met het Raved Katoen Tafelzeil Bloesem. De heldere oranje achtergrond, verfraaid met sierlijke bloesemprints, creëert een vrolijke en aantrekkelijke setting voor elke maaltijd. Dit tafelzeil dient niet alleen als bescherming voor je tafel, maar ook als een visueel aantrekkelijk element dat elke ruimte opfleurt.</p> <h3>Specificaties:</h3> <ul> <li><strong>Materiaal:</strong> Katoen, waterafstotend</li> <li><strong>Kleur:</strong> Oranje met Bloesemmotief</li> <li><strong>Fabrikant:</strong> Wicotex / 2Lif</li> <li><strong>Geschikt voor alle leeftijden:</strong> Perfect voor zowel knusse familiemaaltijden als grotere sociale evenementen. Dit tafelzeil brengt een warme en uitnodigende flair naar je tafeldecoratie, geschikt voor elke gelegenheid.</li> </ul> <p>Met het Raved Katoen Tafelzeil Bloesem kies je voor een levendige, kleurrijke look die elke eetervaring verrijkt met een vleugje natuurlijke elegantie en vreugde.</p>",1.0,stuk(s),Oranje; Beige; Groen,Katoen; Polyester,Raved,100.0,cm,N,,Tafelzeil,Rechthoek,N,N,,,N,,,3 maanden,,,,,N,,,Gebloemd,140.0,cm,2.0,kg,,Bloemen,Geen,26.0,cm,3.0,cm,37.0,cm,2.0,kg,1x Tafelzeil,Voor binnen & buiten,Afnemen met een natte doek,1.xlsx,,,,,,,,,,,,,,,"https://media.s-bol.com/xxWq1J2PgG33/0R0LAyV/124x61.jpg,https://media.s-bol.com/NBoD0zYZPRoz/0R0LAyV/124x105.jpg,https://media.s-bol.com/jKWQ8onY5OLR/0R0LAyV/1024x1024.jpg,https://media.s-bol.com/olWRywOZ8vjN/0R0LAyV/124x90.jpg,https://media.s-bol.com/YmDp5O5kDOZn/0R0LAyV/124x110.jpg,https://media.s-bol.com/gEWY2lkJvEl3/0R0LAyV/124x112.jpg,https://media.s-bol.com/gEWY2lnl7ZlG/0R0LAyV/1024x1024.jpg"
Raved Transparant Tafelzeil 140x230 cm - PVC - Glashelder - Afwasbaar & Beschermend,,8720707630189,Tafellaken,,"<p>Bescherm je tafel tegen krassen en vlekken met dit <strong>transparant tafelzeil van Raved</strong>. Gemaakt van <strong>duurzaam PVC</strong>, eenvoudig <strong>afwasbaar</strong> en ideaal voor dagelijks gebruik. Zo blijft jouw tafel stijlvol zichtbaar én goed beschermd.</p> <p>Met het <strong>Raved transparant tafelzeil</strong> combineer je de praktische voordelen van bescherming met de elegante uitstraling van jouw eigen tafel. Dit <strong>PVC tafelzeil</strong> is speciaal ontworpen om krassen, vocht en vlekken tegen te gaan, zonder dat het tafelblad uit het zicht verdwijnt. Perfect voor wie zijn interieur mooi wil houden, maar toch zorgeloos wil genieten van dagelijks gebruik.</p> <h3>Voordelen van dit transparant tafelzeil</h3> <ul> <li> <p><strong>Transparant ontwerp</strong> – laat de natuurlijke look van jouw tafel zien</p> </li> <li> <p><strong>Afwasbaar PVC</strong> – vlekken verwijder je eenvoudig met een doek</p> </li> <li> <p><strong>Waterafstotend & krasbestendig</strong> – ideale bescherming bij intensief gebruik</p> </li> <li> <p><strong>Veelzijdig</strong> – bruikbaar als <strong>tafelkleed, tafelloper of bescherming</strong> bij knutsel- en eetmomenten</p> </li> </ul> <h3>Praktisch én stijlvol</h3> <p>Veel tafelkleden verbergen het design van je tafel. Met dit <strong>doorzichtig tafelzeil</strong> blijft het originele blad zichtbaar, terwijl je toch profiteert van optimale bescherming. Van houten tafels tot design tafels: het zeil past in elk interieur. Bovendien is het geschikt voor zowel binnen als buiten.</p> <h3>Onderhoudsgemak</h3> <p>Waar stoffen tafelkleden vaak vlekken vasthouden of in de was moeten, veeg je dit <strong>afwasbare PVC tafelzeil</strong> simpelweg schoon met een vochtige doek. Geen gedoe, geen zorgen.</p> <h3>Waarom kiezen voor Raved?</h3> <p>Raved staat bekend om zijn duurzame en gebruiksvriendelijke woonproducten. Dit tafelzeil combineert <strong>kwaliteit en functionaliteit</strong>, zodat je langer plezier hebt van jouw tafel. Met duizenden tevreden gebruikers is het een bewezen oplossing voor elk huishouden.</p> <p>Bescherm je tafel slim en stijlvol – bestel vandaag nog het <strong>Raved transparant tafelzeil</strong> en geniet morgen al van zorgeloos gebruik.</p>",1.0,stuk(s),Transparant,PVC,Raved,230.0,cm,N,,Tafelzeil,Rechthoek,N,N,,,N,,,3 maanden,,,,,N,,,Effen,140.0,cm,0.5,kg,,Transparant,Geen,26.0,cm,5.0,cm,37.0,cm,0.5,kg,1 stuk,Voor binnen & buiten,Afnemen met een natte doek,1.xlsx,,,,,,,,,,,,,,,"https://media.s-bol.com/nA76D5J1qKB5/J6AkOND/1024x1024.jpg,https://media.s-bol.com/jPgOzEzElO4W/mAO9LO/124x110.jpg,https://media.s-bol.com/O2MzpnJ0gZRN/owgnAj/124x89.jpg,https://media.s-bol.com/VkAKzxJVv72B/owgnAj/124x112.jpg,https://media.s-bol.com/Vl1qqyOPqE4z/owgnAj/1024x1024.jpg"
Raved Tafelzeil 140 cm x 50 cm – Lavendel print – PVC - Afwasbaar – Binnen & Buiten,,9502572146113,Tafellaken,,"<p>Breng moeiteloos sfeer én praktisch gemak naar je tafel met dit <strong>afwasbare PVC tafelzeil</strong> in rustgevend <strong>lavendel-motief</strong>. Bescherm je tafel tegen vlekken en krassen terwijl je geniet van een stijlvolle binnen- of buitensetting.</p> <p>Maak van iedere maaltijd een ontspannen beleving met dit <strong>tafelzeil</strong> van Raved, speciaal ontworpen voor wie stijl en gemak wil combineren. Het <strong>primair zoekwoord “tafelzeil”</strong> komt hier in de eerste alinea, zodat het direct duidelijk is wat het product is.</p> <h3>Sfeervolle bescherming voor je tafel</h3> <p>Het tafelzeil is uitgevoerd in <strong>PVC</strong>, een materiaal dat stevig is, licht in onderhoud en zeer geschikt voor dagelijks gebruik in een druk gezin of bij gezellige buitenetentjes. Het prachtige <strong>lavendel-motief</strong> zorgt voor een rustgevende uitstraling — denk aan een veld vol lavendel dat zich uitstrekt over je tafel: verfijnd, stijlvol, en perfect passend in moderne interieurs of landelijke tuinen.</p> <h3>Veelzijdig binnen en buiten</h3> <p>Of je nu binnen aan de eettafel zit of buiten op het terras geniet van koffie en taart, dit tafelzeil is gemaakt voor beide situaties. Dankzij het onderhoudsvriendelijke PVC-oppervlak kun je makkelijk gemorste koffie, taartglazuur of jus wegvegen — dus geen stress meer over vlekken of bubbeltjes. Volgens de productpagina is het eenvoudig schoon te maken met een vochtige doek. </p> <h3>Specificaties & voordelen</h3> <ul> <li> <p>Materiaal: <strong>PVC</strong> — duurzaam, water- en vuilafstotend, bestand tegen dagelijkse slijtage. </p> </li> <li> <p>Kleur / design: <strong>lavendel print</strong> — een zachte, natuurlijke tint die rust uitstraalt en jouw interieur of tuinsetting direct opwaardeert.</p> </li> <li> <p>Onderhoud: <strong>afwasbaar / afnemen met vochtige doek</strong> — ideaal voor gezinnen, feestjes, buitengebruik. </p> </li> <li> <p>Gebruik: geschikt voor binnen én buiten — je hoeft niet voor elk seizoen een ander kleed aan te schaffen.</p> </li> <li> <p>Eigenschappen: beschermt je tafel tegen krassen, vlekken en vocht — zo blijft je tafel mooi en hoef je minder vaak te vervangen of te repareren.</p> </li> </ul> <h3>Waarom kiezen voor dit tafelzeil?</h3> <p>De emotie speelt hier mee: je wilt geen last van knoeien, vlekken of een tafel die snel versleten is. Met dit tafelzeil kun je zonder zorgen aanschuiven — de praktische bescherming zorgt dat je tafel veilig is, terwijl het lavendel-design je eetmoment opwaardeert. Je creëert sfeer zonder in te boeten op functionaliteit. En logistiek gezien: minder zorgen over tafelzeil dat snel slijt of moeilijk schoon te maken is — dat betekent een betere koopervaring én minder herhaalbestelling door falende kwaliteit.</p> <h3>Call to action</h3> <p>Voeg vandaag nog dit stijlvolle en onderhoudsvriendelijke tafelzeil toe aan je winkelwagen en geef jouw tafel de bescherming én uitstraling die het verdient. Bestel nu en transformeer elke tafelsetting in een ontspannen en sfeervol moment.</p>",1.0,stuk(s),Paars; Blauw; Geel,PVC,Raved,50.0,cm,N,,Tafelzeil,Rechthoek,N,N,,,N,0.0,cm,2 maanden,,,,,N,,,Gebloemd,140.0,cm,0.3,kg,,Kersen - Bloemen - Zomer,,26.0,cm,3.0,cm,37.0,cm,0.2,kg,Afnemen met een natte doek,Voor binnen & buiten,Afnemen met een natte doek,1.xlsx,,,,,,,,,,,,,,,"https://media.s-bol.com/OK7RXAoKwEgR/MjnPNEO/124x118.jpg,https://media.s-bol.com/3NlGrM3XGNkn/MjnPNEO/1024x1024.jpg,https://media.s-bol.com/g05PDlD1140j/MjnPNEO/1024x1024.jpg,https://media.s-bol.com/Y86RYOZNYRx9/MjnPNEO/124x40.jpg,https://media.s-bol.com/zkmo4LAljP52/MjnPNEO/1024x1024.jpg,https://media.s-bol.com/m5wP0rkZOAE3/MjnPNEO/1024x1024.jpg"
Raved Rond Tafelzeil - 160 cm ø - Houtlook - Blauw - PVC - Afwasbaar,,8720707632480,Tafellaken,,"<p>Geef je tafel direct een stijlvolle upgrade én praktische bescherming met dit <strong>rond tafelzeil Ø160 cm</strong> in realistische <strong>houtlook Blauw</strong>. Het <strong>PVC-materiaal is afwasbaar</strong>, geschikt voor binnen en buiten, en houdt knoeien, krassen en vlekken moeiteloos tegen.</p> <p>Breng sfeer en veiligheid samen aan tafel met het <strong>rond tafelzeil Ø160 cm van Raved</strong>. Dankzij de <strong>realistische houtlook Blauw</strong> geeft het direct warmte en karakter aan zowel je eetkamer als tuinset, terwijl de functionele eigenschappen je tafel effectief beschermen tegen dagelijks gebruik.</p> <h3>Stijlvol design & direct resultaat</h3> <p>Het unieke motief in houtlook zorgt ervoor dat je tafel niet enkel wordt afgedekt, maar er juist extra stijlvol uitziet. De combinatie van blauw accent met houtnerf-look maakt het een blikvanger, zonder dat het de rest van je interieur overheerst. Ideaal voor wie functionaliteit wil met een interieurwaarde.</p> <h3>Duurzaam materiaal & onderhoudsgemak</h3> <p>Gemaakt van <strong>PVC-materiaal</strong>, is dit tafelzeil stevig, waterafstotend en eenvoudig te reinigen met een vochtige doek. Geen gedoe met wassen of strijken — ideaal voor families, kinderen of diners buiten. Het is bovendien ontworpen voor <strong>binnen én buiten gebruik</strong>, dus ook geschikt voor op je terras of veranda. </p> <h3>Bescherming die je niet voelt</h3> <p>Met een diameter van Ø160 cm biedt dit tafelzeil voldoende overhang voor een standaard tafelblad, zodat je randen én tafelpoten meeneemt. Het houdt vloeistoffen buiten de deur en voorkomt zichtbare gebruikssporen. Dankzij de afwasbare laag ben je gerust; haal gewoon een doekje over het oppervlak na een gezellige eter. </p> <h3>Speciaal voor jouw situatie</h3> <ul> <li> <p>Gebruik je je tafel regelmatig buiten? Geen probleem — het tafelzeil is geschikt voor zowel binnen als buiten. Let er bij buitengebruik wel op dat je het binnen haalt bij regen om verkleuring te voorkomen.</p> </li> <li> <p>Heb je kinderen of veel gasten over de vloer? Dan is dit tafelzeil een praktische oplossing om je tafel mooi te houden zonder concessies aan stijl.</p> </li> <li> <p>Wil je zorgen dat het motief en de kleur mooi blijven? Vermijd langdurige blootstelling aan directe zon en kleurstofrijke etenswaar kan enige invloed hebben op de print. </p> </li> </ul> <h3>Waarom dit tafelzeil kiezen?</h3> <ul> <li> <p><strong>Hetprimair zoekwoord</strong>, ‘rond tafelzeil Ø160 cm’, komt direct aan bod.</p> </li> <li> <p><strong>USP 1</strong>: realistische houtlook in blauw — stijl + sfeer.</p> </li> <li> <p><strong>USP 2</strong>: PVC-materiaal + afwasbaar — onderhoudsgemak.</p> </li> <li> <p><strong>USP 3</strong>: geschikt voor binnen en buiten — veelzijdig gebruik.</p> </li> <li> <p><strong>Merk-vertrouwen</strong>: Raved biedt kwaliteits-tablelinen die je tafel beschermen én verfraaien.</p> </li> </ul> <h3>Call to action</h3> <p>Wacht niet tot je tafel schade oploopt of minder uitnodigend oogt — kies nu voor het ronde tafelzeil Ø160 cm in blauw houtlook en geniet direct van een stijlvolle én beschermde tafelomgeving. Voeg toe aan je winkelwagen en transformeer je ruimte vandaag nog!</p> <p> </p>",1.0,stuk(s),Blauw,PVC,Raved,160.0,cm,N,,Tafelzeil,Rond,N,N,,,N,140.0,cm,2 maanden,,,,,N,,,Overig,160.0,cm,0.5,kg,,Effen,0657452723,26.0,cm,3.0,cm,37.0,cm,0.0,kg,1 stuk,Voor binnen & buiten,Afnemen met een natte doek,1.xlsx,,,,,,,,,,,,,,,"https://media.s-bol.com/r105OrKl8Exw/LgmpMo4/1024x1024.jpg,https://media.s-bol.com/q1j5NqJmPJjk/LgmpMo4/124x109.jpg,https://media.s-bol.com/Bqgp4AzG8poW/LgmpMo4/1024x1024.jpg,https://media.s-bol.com/q1j5NqJk7V03/LgmpMo4/1024x1024.jpg,https://media.s-bol.com/DvRr4DBKYrN5/LgmpMo4/124x40.jpg,https://media.s-bol.com/xgG5XAQrn1xE/LgmpMo4/1024x1024.jpg,https://media.s-bol.com/m5w6JmBgLlyp/LgmpMo4/1024x1024.jpg"
Raved Tafelzeil – 140 cm x 200 cm – Zonnebloem Geel – PVC – Afwasbaar,,9503454874124,Tafellaken,,"<p>Breng zonnige vrolijkheid aan je tafel met dit <strong>duurzame PVC-tafelzeil met vrolijke Zonnebloem-print</strong>. Dankzij de <strong>afwasbare</strong> en makkelijk te onderhouden afwerking heb je nooit meer stress over vlekken of slijtage. Perfect voor een stijlvolle en praktische eetomgeving.</p> <p>Geef je tafel direct een frisse en zonnige make-over met het <strong>primair zoekwoord “tafelzeil”</strong>: dit prachtige model van Raved combineert stijl én functionaliteit. Het is uitgevoerd in <strong>PVC</strong> en voorzien van een vrolijke <strong>zonnebloem-print in Geel</strong> — een combinatie die sfeer creëert in zowel keuken als tuin. Door de afmeting van <strong>140 cm breed</strong> past het ideaal op de meeste tafels of als stijlvolle tafelloper op langere modellen.</p> <h3>Waarom dit tafelzeil jouw beste keuze is</h3> <ul> <li> <p><strong>Gebruiksgemak & onderhoud:</strong> Dankzij het afwasbare oppervlak trek je in een handomdraai vlekken zoals koffie, tomatensaus of kinderkringen uit het tafelzeil — ideaal voor gezinnen of als je graag gasten ontvangt.</p> </li> <li> <p><strong>Duurzaam & stevig materiaal:</strong> Het PVC-materiaal is slijtvast, gemakkelijk schoon te maken én behoudt zijn kleur, zelfs bij regelmatig gebruik. Hierdoor voorkom je dat je tafel snel gedateerd oogt of vervang moet worden. </p> </li> <li> <p><strong>Sfeervol design:</strong> De print met zonnebloemen en het warme geel zorgen voor een vakantiegevoel in je interieur of op je terras. Dat maakt deze aankoop niet alleen praktisch, maar ook emotioneel aantrekkelijk.</p> </li> <li> <p><strong>Veelzijdig binnen & buiten:</strong> Of je nu een eettafel in huis hebt of een tuintafel op het terras — dit tafelzeil is geschikt voor beide locaties. Let erop dat je het bij langdurig buitengebruik af en toe beschermt tegen extreme weersinvloeden. </p> </li> </ul> <h3>Specificaties in één oogopslag</h3> <ul> <li> <p>Merk: Raved</p> </li> <li> <p>Materiaal: PVC (afwasbaar)</p> </li> <li> <p>Kleur/patroon: Geel – Zonnebloemprint</p> </li> <li> <p>Gebruik: Binnen en buiten</p> </li> <li> <p>Onderhoud: Afnemen met een vochtige doek</p> </li> </ul> <h3>Voor wie is dit ideaal?</h3> <p>Als jij waarde hecht aan een huis dat er verzorgd uitziet, en tegelijk houdt van praktische oplossingen — dan is dit tafelzeil perfect. Geen gedoe meer met vlekken of snel slijtagegevoelige tafelkleden. In plaats daarvan een stijlvolle, duurzame tafeloplossing waar je met plezier aan plaatsneemt.</p> <h3>Waar wacht je nog op?</h3> <p>Transformeer je tafel vandaag nog en geniet van een vrolijke, gepimpte eetomgeving zonder concessies aan onderhoud of kwaliteit. Voeg dit tafelzeil toe aan je winkelwagen en ervaar zelf het verschil!</p>",1.0,stuk(s),Beige; Geel; Groen,PVC,Raved,200.0,cm,N,,Tafelzeil,Rechthoek,N,N,,,N,0.0,cm,3 maanden,,,,,N,,,Gebloemd,140.0,cm,2.0,kg,,Planten en bladeren,Geen,26.0,cm,3.0,cm,37.0,cm,2.0,kg,1 stuk,Voor binnen & buiten,Afnemen met een natte doek,1.xlsx,,,,,,,,,,,,,,,"https://media.s-bol.com/7R3JY8z1KjkQ/RgvnM1E/1024x1024.jpg,https://media.s-bol.com/Z16XvOgDEjzE/RgvnM1E/1024x1024.jpg,https://media.s-bol.com/JB6XzDKjLR2D/RgvnM1E/124x111.jpg,https://media.s-bol.com/mGBmm7VXgj1E/EnVypm/1024x1024.jpg,https://media.s-bol.com/Y8EXrpZBDgy9/RgvnM1E/1024x1024.jpg,https://media.s-bol.com/7R3JY8MwZv2B/RgvnM1E/124x40.jpg,https://media.s-bol.com/8V2YW8A1Lklj/RgvnM1E/1024x1024.jpg"
Raved Tafelzeil 140 cm x 160 cm – Rood Aardbei Print – PVC afwasbaar,,9503736981120,Tafellaken,,"<p>Breng direct gezelligheid en gemak aan tafel met dit <strong>rood-aardbeien print tafelzeil</strong> van Raved in <strong>PVC</strong>: <strong>afwasbaar</strong>, <strong>stijlvol én bescherming</strong> voor jouw tafel – ideaal voor dagelijks gebruik binnen én buiten.</p> <p><strong>Verbeter je eettafel in één stap met het <strong>rood-aardbeien print tafelzeil</strong> van Raved.</strong><br />Stel je voor: een vrolijke print met sappige aardbeien op een rode achtergrond, die je tafel direct omtovert tot een gezellige plek voor ontbijt, lunch of diner. Tegelijkertijd hoef je niet meer bang te zijn voor geknoei of krassen – dit tafelzeil is namelijk gemaakt van stevig <strong>PVC-materiaal</strong>, dat eenvoudig afneembaar is en langdurige bescherming biedt.</p> <h3>Waarom dit tafelzeil?</h3> <ul> <li> <p><strong>Bescherming & gemak</strong> – Dankzij het duurzame PVC-materiaal is het tafelzeil bestand tegen vlekken, morsen en slijtage. Je veegt het zo af met een vochtige doek, waardoor je tafel netjes blijft zonder gedoe.</p> </li> <li> <p><strong>Sfeervol design</strong> – De opvallende aardbei-print in rood zorgt voor een frisse, vrolijke uitstraling. Perfect voor gezinnen, voor buiten op het terras of binnen in de keuken.</p> </li> <li> <p><strong>Geschikt voor binnen én buiten</strong> – Of je nu de tuintafel dekt voor een zomerse lunch of de keuken opfrist: dit tafelzeil doet het allemaal.</p> </li> <li> <p><strong>Merkkwaliteit van Raved</strong> – Als merk staat Raved bekend om praktische, stijlvolle tafeltextieloplossingen. </p> </li> </ul> <h3>Goed om te weten</h3> <p>Dit tafelzeil is niet alleen functioneel maar ook designbewust. Door het patroon met aardbeien creëer je een speels accent in je interieur of tuin, zonder dat je hoeft te kiezen tussen mooi en praktisch. Het PVC-materiaal zorgt ervoor dat de levensduur hoger is dan een standaard tafelkleed en dat je tafel minder snel verslijt.<br />Let op: het gebruik buitenshuis vereist enige zorg — om de print mooi te houden en verkleuring te voorkomen, is het aan te raden het zeil binnen te halen bij slecht weer of langdurige blootstelling. </p> <h3>Specificaties in één oogopslag</h3> <ul> <li> <p>Materiaal: <strong>PVC</strong> (met non-woven vliesrug)</p> </li> <li> <p>Kleur/print: rood met aardbei motief</p> </li> <li> <p>Eigenschappen: afwasbaar, geschikt voor binnen & buiten</p> </li> <li> <p>Merk: Raved</p> </li> </ul> <h3>Jouw tafel verdient dit</h3> <p>Laat geen plek meer voor morsen, vlekken of wegglijdende tafelkleden. Kies voor dit praktische én stijlvol tafelzeil en geef je tafel het onderhoud en de uitstraling die hij verdient. <strong>Bestel vandaag nog</strong> en geniet morgen al van een fris, beschermd en vrolijk gedekte tafel!</p>",1.0,stuk(s),Rood; Wit,PVC,Raved,160.0,cm,N,,Tafelzeil,Rechthoek,N,N,,,N,,,3 maanden,,,,,N,,,Effen,140.0,cm,2.0,kg,,Aardbeien,Geen,26.0,cm,3.0,cm,37.0,cm,2.0,kg,1 stuk,Voor binnen & buiten,Machinewas 30 °C,1.xlsx,,,,,,,,,,,,,,,"https://media.s-bol.com/R0ODm3EDp26E/0JrMzN/124x104.jpg,https://media.s-bol.com/n15JGNBlBzAY/VmzrNjo/1024x1024.jpg,https://media.s-bol.com/q1x8AMJ4gjX0/VmzrNjo/124x108.jpg,https://media.s-bol.com/g0JX7Qv16B8r/VmzrNjo/124x40.jpg,https://media.s-bol.com/N2Lyg3zyVkYN/0JrMzN/1024x1024.jpg,https://media.s-bol.com/WlLXr3MXxk6x/0JrMzN/124x112.jpg,https://media.s-bol.com/VkAKq3LKwgOX/0JrMzN/124x89.jpg,https://media.s-bol.com/XpQGGvjqZxwm/0JrMzN/1024x1024.jpg,https://media.s-bol.com/q1x8AMJwDP6y/VmzrNjo/1024x1024.jpg,https://media.s-bol.com/j1RJAOy7Lxnl/VmzrNjo/1024x1024.jpg,https://media.s-bol.com/m5ZX7MLR6Y4r/VmzrNjo/1024x1024.jpg"
Raved Badmat 75×45 cm – Memory Foam – Anti-Slip – Wasbaar – Licht Grijs,,9506998965419,Badkamermat,,"<p>Stap elke dag met <strong>zachte voeten</strong> uit de douche dankzij deze <strong>stilvolle badmat met ruitpatroon</strong> in beige. De <strong>antislip-onderlaag</strong> zorgt voor maximale veiligheid en het <strong>waterabsorberende, uitwasbare materiaal</strong> biedt comfort en hygiëne in één.</p> <p>Ervaar direct het verschil in comfort en stijl met de <strong>primair zoekwoord</strong> <strong>badkamermat</strong> van het merk <strong>Raved</strong>. Deze prachtige mat in maat <strong>75 × 45 cm</strong> is dé upgrade voor iedere badkamer die veiligheid, comfort en design wil combineren.</p> <h3>Veilig en stabiel</h3> <p>Dankzij de <strong>antislip-laag</strong> blijft de mat stevig op zijn plaats liggen op natte tegels – geen verschuiven of uitglijden meer. Met deze mat vergroot u niet alleen het comfort, maar ook de veiligheid in de badkamer.</p> <h3>Luxe onder de voeten</h3> <p>De toplaag is gemaakt van <strong>polyester</strong> met een comfortabele schuim-/foamvulling, waardoor elke stap voelt als een zacht welkommoment. Direct na het douchen ervaart u het verschil: geen koude tegels, maar een rustige, verzorgde ondergrond.</p> <h3>Optimaal onderhoud & hygiëne</h3> <p>Deze mat is <strong>uitwasbaar</strong> op 30 °C en blijft dankzij de <strong>vormvaste afwerking</strong> mooi in model, zelfs na meerdere wasbeurten. Het <strong>waterabsorberende</strong> vermogen zorgt ervoor dat vocht snel wordt opgenomen en uw badkamervloer droog blijft.</p> <h3>Tijdloos design in neutrale kleur</h3> <p>Met het subtiele <strong>ruitpatroon</strong> en de neutrale <strong>beige kleur</strong> past deze mat perfect bij zowel moderne als klassieke badkamerinrichtingen. Of u nu gaat voor een strakke look of juist een warme sfeer: deze mat past moeiteloos.</p> <h3>Multifunctioneel gebruik</h3> <p>Plaats hem naast het bad, de douche of onder de wastafel — deze mat is gemaakt om dagelijks ingezet te worden en voegt direct comfort toe aan uw routine. En natuurlijk eenvoudig te reinigen.</p> <h3>Waarom kiezen voor deze mat?</h3> <ul> <li> <p><strong>Antislip-laag</strong>: zorgt voor veiligheid onder natte omstandigheden.</p> </li> <li> <p><strong>Waterabsorberend materiaal</strong>: voorkomt natte plekken op de vloer.</p> </li> <li> <p><strong>Uitwasbaar en vormvast</strong>: duurzaam in gebruik, blijft lang mooi.</p> </li> <li> <p><strong>Stijlvol ruitpatroon & neutraal beige</strong>: gewoon goed in elk interieur.</p> </li> <li> <p><strong>Comfort onder uw voeten</strong>: voelt zacht aan en geeft een luxe gevoel.</p> </li> </ul> <p>Mis deze kans niet om uw badkamer direct te upgraden — kies voor deze Raved badkamermat en stap morgen al in comfort. Voeg hem nu toe aan uw winkelwagen en geniet binnenkort van een veiliger én stijlvoller badkamergevoel.</p>",,,Lichtgrijs,Polyester,Raved,75.0,cm,,Badmat,,Rechthoek,Y,,1.0,stuk(s),Y,,,2 maanden,,,,N,,,,Effen,45.0,cm,,,,,,26.0,cm,5.0,cm,37.0,cm,0.5,kg,1x Raved Badkamermat 75 x 45 cm – Zwart,,Machinewas,1.xlsx,,,,,,,,,,,,,,,https://media.s-bol.com/JBZ2V978B859/BgGA1Gx/550x550.jpg
Raved Rond Tafelzeil - 160 cm ø - Zonnebloem Geel - PVC - Afwasbaar,,8720707635764,Tafellaken,,"<p>Maak je eet- of tuintafel direct sfeervol met het <strong>vrolijke zonnebloem-design</strong>, terwijl je profiteert van <strong>praktisch onderhoudsgemak dankzij het 100 % PVC-materiaal</strong>. Dit <strong>rond tafelzeil (Ø 160 cm) is afwasbaar</strong>, ideaal voor gezellige momenten binnen en buiten.</p> <p>Met het <strong>rond tafelzeil Ø 160 cm van het merk Raved</strong> haal je niet zomaar een tafelkleed in huis, maar een combinatie van stijl, gemak en bescherming. Dit tafelzeil is uitgevoerd in hoogwaardig <strong>PVC-materiaal</strong>, waardoor het <strong>afwasbaar</strong> is en eenvoudig schoon te houden – geen gesleep meer naar de ­wasmachine of zorgen om knoeiers aan tafel. De zonnige <strong>gele zonnebloemenprint</strong> geeft direct een vrolijke en warme uitstraling aan je tafelsetting, perfect voor zowel binnen- als buitengebruik.</p> <h3>Waarom kiezen voor dit tafelzeil?</h3> <ul> <li> <p><strong>Bescherming & onderhoudsgemak</strong>: Dankzij het PVC-oppervlak veeg je vlekken zoals tomatensaus, sap of koffie moeiteloos weg – ideaal wanneer kinderen mee-eten of het terras in gebruik is. Volgens productvergelijkingen is PVC-materiaal juist makkelijk schoon te vegen dankzij het gladde oppervlak. </p> </li> <li> <p><strong>Sfeervol design</strong>: De print met zonnebloemen en het warme gele accent brengen direct levenslust en een zomerse vibe aan tafel – zonder in te boeten op praktische functionaliteit.</p> </li> <li> <p><strong>Voor ronde tafels van circa Ø 160 cm</strong>: Perfect afgestemd op standaard ronde eet- of tuintafels, waardoor het goed past zonder teveel overhang of krulranden.</p> </li> <li> <p><strong>Binnen én buiten geschikt</strong>: Of je nu een binnen-eettafel hebt of een buitenterras waar je regelmatig geniet van ontbijt of diner, dit tafelzeil biedt flexibiliteit.</p> </li> <li> <p><strong>Duurzame keuze</strong>: PVC-tafelzeil is vaak robuuster dan traditionele stoffen of gecoate tafelkleden, wat betekent dat je langer kunt genieten van je setting zonder snel te hoeven vervangen. </p> </li> </ul> <h3>Materialen & onderhoud</h3> <p>Het <strong>materiaal (PVC)</strong> maakt het tafelzeil stevig, water- en vuilafstotend. Voor de beste levensduur raden we aan om gemorste vloeistoffen direct af te nemen en geen hete pannen direct op het zeil te plaatsen – gebruik liever een onderzetter om hitte-gevoelige kringen te voorkomen. Volgens gebruikershandleidingen van vergelijkbare producten wordt dit geadviseerd om krimp of verkleuring te beperken. <br />Leg het zeil bij voorkeur soepel uit of rol het op om hardnekkige vouwlijnen te voorkomen en bewaar het op een koele, droge plek wanneer het niet gebruikt wordt.</p> <h3>Toepassingen & sfeer</h3> <p>Of je nu een familiediner organiseert, vrienden uitnodigt voor brunch of gezellig buiten wilt dineren – dit tafelzeil ondersteunt veelzijdig gebruik. Het vrolijke ontwerp maakt het ook geschikt voor feestjes of seizoensdecoratie, terwijl het materiaal je tafel beschermt tegen dagelijks leven. Denk aan kinderen die kleuren, glazen die rammelen of uitschieters met drankjes: je tafel blijft mooi en beschermd.<br />Bovendien versterkt de print de sfeer – van casual weekendontbijt met kinderen tot een uitnodigend avondmoment met vrienden: de <strong>gele zonnebloemenprint</strong> nodigt uit tot zitten en genieten.</p> <h3>Call-to-action</h3> <p>Geef jouw tafel direct een opkikker met dit <strong>stijlvolle én praktisch afwasbare tafelzeil</strong> – kies nu voor bescherming én sfeer in één. Voeg toe aan winkelwagen en creëer vandaag nog jouw zonnige tafelmoment!</p>",1.0,stuk(s),Geel,PVC,Raved,160.0,cm,N,,Tafelzeil,Rond,N,N,,,N,140.0,cm,2 maanden,,,,,N,,,Gebloemd,160.0,cm,0.5,kg,,Bloemen,0657452723,26.0,cm,3.0,cm,37.0,cm,0.5,kg,contact@ravedfabrics.com,Voor binnen & buiten,Afnemen met een natte doek,1.xlsx,,,,,,,,,,,,,,,https://media.s-bol.com/jrXLGR6ZYm2y/LgzkOvw/550x550.jpg
Raved Tafelzeil - 140x350 cm - Beige - Linnen Look - Afwasbaar PVC,,8720707631155,Tafellaken,,"<p>Geef je eettafel een <strong>stijlvolle linnen-look</strong> met dit <strong>afwasbare PVC tafelzeil van Raved</strong>. Het<strong> tafelkleed in beige</strong> combineert de warme uitstraling van stof met het gemak van eenvoudig schoonmaken – ideaal voor dagelijks gebruik en feestelijke diners.</p> <p>Breng warmte en gemak samen in je interieur met dit <strong>Raved tafelzeil in beige linnen look</strong>. Waar traditionele tafelkleden vaak vlekgevoelig en bewerkelijk zijn, biedt dit <strong>afwasbare PVC tafelzeil</strong> de perfecte balans tussen stijl en praktisch gebruik.</p> <h3>Stijlvol design voor ieder interieur</h3> <p>De <strong>linnen look</strong> geeft het zeil een elegante, natuurlijke uitstraling die moeiteloos aansluit bij verschillende woonstijlen – van modern tot landelijk. De neutrale <strong>beige kleur</strong> creëert een rustige basis en laat jouw servies, bloemen of decoratie extra tot hun recht komen.</p> <h3>Praktisch in gebruik</h3> <ul> <li> <p><strong>Afwasbaar PVC</strong>: eenvoudig schoon te maken met een vochtige doek</p> </li> <li> <p><strong>Water- en vlekafstotend</strong>: beschermt je tafel tegen kringen en ongelukjes</p> </li> <li> <p><strong>Duurzaam materiaal</strong>: blijft mooi, ook bij dagelijks gebruik</p> </li> </ul> <p>Of het nu gaat om een gezellig ontbijt met het gezin, een drukke verjaardag of een romantisch diner: dit tafelzeil zorgt ervoor dat je tafel er altijd verzorgd uitziet.</p> <h3>Minder gedoe, meer genieten</h3> <p>Dankzij het onderhoudsvriendelijke PVC hoef je je geen zorgen te maken over wassen, strijken of hardnekkige vlekken. Een snelle veeg met een doek en je tafel is weer als nieuw. Zo houd je meer tijd over voor de dingen die er echt toe doen.</p> <h3>Waarom kiezen voor Raved?</h3> <p>Raved staat bekend om kwaliteit en functionaliteit in huis & wonen. Met dit <strong>afwasbare tafelzeil</strong> kies je voor een product dat niet alleen mooi oogt, maar ook jarenlang meegaat.</p> <p><strong>Creëer sfeer, bescherm je tafel en bespaar tijd – kies vandaag nog voor dit Raved tafelzeil en geniet morgen al van een stijlvolle, zorgeloze tafelsetting.</strong></p>",1.0,stuk(s),Beige,PVC,Raved,350.0,cm,N,,Tafelzeil,Rechthoek,N,N,,,N,,,3 maanden,,,,,N,,,Effen,140.0,cm,0.5,kg,,Effen,Geen,26.0,cm,5.0,cm,37.0,cm,0.5,kg,1x Tafelzeil,Voor binnen & buiten,Afnemen met een natte doek,1.xlsx,,,,,,,,,,,,,,,https://media.s-bol.com/OK72Npkp62xp/mwWm7wp/550x550.jpg
Raved Rond Tafelzeil - 160 cm ø Bloemen Design - Paardenbloem - Grijs - PVC - Afwasbaar,,8720707633531,Tafellaken,,"<p>Geef je tafel direct een <strong>verrassende bloemenlook</strong> én een slimme bescherming met dit <strong>afwasbare PVC-tafelzeil</strong>. Het ronde formaat en frisse grijze paardenbloemprint zijn perfect voor binnen en buiten — stijlvol, praktisch en onderhoudsvriendelijk.</p> <p>Geef je tafel een frisse uitstraling en bescherm ‘m tegelijkertijd tegen knoeien, kringen en kleurverschil met dit <strong>rond tafelzeil Ø160 cm</strong> van Raved. Dankzij het <strong>primair zoekwoord “tafelzeil”</strong> in deze tekst is je pagina direct geoptimaliseerd voor mensen die een praktisch én stijlvol tafelkleed zoeken.</p> <h3>Sfeervolle look met bloemenmotief</h3> <p>Het bloemen-design met paardenbloemen op een subtiele grijze achtergrond geeft je eettafel of tuintafel een zachte, natuurlijke uitstraling. Of je nu een gezellig diner hebt, een knutselmiddag met de kinderen of gewoon wilt genieten van z’n tweeën — dit tafelzeil maakt het plaatje compleet.</p> <h3>Duurzaam materiaal & slimme bescherming</h3> <p>Gemaakt van hoogwaardig <strong>PVC</strong>, is dit tafelzeil bestand tegen dagelijk gebruik. Het stevige, afwasbare oppervlak is ideaal voor gezinnen met kinderen of voor buitengebruik. Het beschermt je tafel effectief tegen gemorste drankjes, etensresten, potlood- of knutselschade — zo kun je relaxed aan tafel zitten.</p> <h3>Passend voor ronde tafels</h3> <p>Met een diameter van Ø160 cm is dit ronde tafelzeil perfect afgestemd op ronder tafels: het valt mooi over de rand heen voor een verzorgde uitstraling. Ideaal voor in de keuken, eetkamer of op het terras.</p> <h3>Binnen én buiten te gebruiken</h3> <p>Of de setting nu binnen is of buiten op het balkon of terras: dit tafelzeil past zich moeiteloos aan. Let er wel op dat bij regen of felle zon het zeil naar binnen wordt gehaald om verkleuring of verwering te voorkomen. </p> <h3>Onderhoud in een handomdraai</h3> <p>Het afwasbare oppervlak maakt schoonmaken snel en simpel: veeg af met een vochtige doek — geen gedoe met wassen of strijken. Vermijd contact met intense hitte (zoals hete pannen direct op het zeil) of scherpe voorwerpen — zo verleng je de levensduur aanzienlijk. </p> <h3>Waarom kiezen voor dit tafelzeil?</h3> <ul> <li> <p><strong>Sfeervol design</strong>: bloemenprint brengt direct sfeer.</p> </li> <li> <p><strong>Beschermt je tafel</strong>: minder zorgen over vlekken of beschadigingen.</p> </li> <li> <p><strong>Onderhoudsvriendelijk & afwasbaar</strong>: ideaal voor kinderen of buitengebruik.</p> </li> <li> <p><strong>Merk kwaliteit</strong>: Raved staat voor betrouwbare tafelkleden en tafelzeilen die zorgvuldig geselecteerd zijn. </p> </li> </ul> <p>Maak dus vandaag nog een stijlvolle én verstandige keuze — kies voor dit ronde tafelzeil van Raved en geniet elke dag van een verzorgde tafel zonder stress. Voeg ‘m direct toe aan je winkelwagen en begin met ontspannen aan tafel!</p>",1.0,stuk(s),Grijs; Wit,PVC,Raved,160.0,cm,N,,Tafelzeil,Rond,N,N,,,N,140.0,cm,2 maanden,,,,,N,,,Gebloemd,160.0,cm,0.5,kg,,Bloemen,0657452723,26.0,cm,3.0,cm,37.0,cm,0.0,kg,1 stuk,Voor binnen & buiten,Afnemen met een natte doek,1.xlsx,,,,,,,,,,,,,,,https://media.s-bol.com/g0J6kVk8yQvZ/nZWl84Y/550x550.jpg
Raved Tafelkleed – 140 cm x 200 cm – Polyester Rood – Kreukvrij,,8720707633043,Tafellaken,,"<p>Geef je tafel direct een upgrade met dit <strong>kreukvrije en onderhoudsvriendelijke</strong> tafelkleed van 100 % polyester in stijlvol rood. Ideaal voor zowel binnen- als buitengebruik – <strong>Raved Tafelkleed</strong> biedt <strong>bescherming én sfeer</strong> in één.</p> <p><strong>Transformeer je tafel met het comfortabele, stijlvolle en praktische tafelkleed van het merk Raved.</strong> Het <strong>primair zoekwoord “tafelkleed”</strong> vindt je direct in de eerste alinea, zodat zowel mens als zoekmachine direct weten waar het om gaat.</p> <h3>Sfeervolle uitstraling en direct resultaat</h3> <p>Voel het verschil zodra je dit tafelkleed over je eettafel of tuintafel legt. De diepe, warme <strong>rode kleur</strong> zorgt direct voor een gezellige en uitnodigende sfeer. Of je nu een ontspannen brunch met het gezin hebt of een tuinfeest in de zomer, dit kleed voegt elegantie toe zonder poespas.</p> <h3>Praktisch materiaal en onderhoudsgemak</h3> <p>Gemaakt van <strong>100% polyester</strong>, wat zorgt voor een soepele, licht glanzende afwerking én eenvoudige verzorging. Dankzij de kreukvrije afwerking blijft het kleed netjes liggen zonder veel strijken of generen. De combinatie van schone look en weinig onderhoud betekent dat je weer kunt genieten van je tafel, niet van het kleed.</p> <h3>Voor binnen én buiten</h3> <p>Met de veelzijdigheid om zowel binnen in de eetkamer als buiten op het terras gebruikt te worden, is dit tafelkleed een slimme keuze. Let er bij buitengebruik wel op dat je het kleed droog binnenhaalt bij regen om verkleuring of verwering te voorkomen — zo geniet je er langer van. </p> <h3>Bescherming & duurzaamheid</h3> <p>Naast esthetiek biedt het kleed ook bescherming: het vangt morsen, kruimels en lichte troep op die normaal direct je tafeloppervlak zouden raken. Zo blijft je tafel langer mooi. Klanten geven aan dat het materiaal hoogwaardig en soepel is — ideaal voor huishoudens met kinderen of regelmatig gasten. </p> <h3>Specificaties in één oogopslag</h3> <ul> <li> <p>Merk: Raved</p> </li> <li> <p>Materiaal: 100% polyester</p> </li> <li> <p>Kleur: Rood</p> </li> <li> <p>Kenmerken: Kreukvrij, geschikt voor binnen & buiten</p> </li> <li> <p>Onderhoud: Eenvoudig afnemen met vochtige doek (bij gebruik binnen/buiten)</p> </li> </ul> <h3>Waarom kiezen voor dit tafelkleed?</h3> <p>Stel je voor dat je elk diner zonder stress begint — geen zorgen over plooien, vlekken of gebrek aan sfeer. Dit kleed geeft je die peace of mind én zorgt dat je tafel er tip-top uitziet. Wil je indruk maken op gasten of gewoon genieten met je gezin zonder extra werk? Dan is dit de oplossing.</p> <h3>Bereid je tafel voor op het beste</h3> <p>Kies vandaag nog voor dit stijlvolle tafelkleed en geef je eet- of tuintafel de uitstraling én bescherming die hij verdient. Klik op toevoegen aan winkelwagen en maak je tafel klaar voor gezinsdiner, feest of gewoon een mooie avond aan tafel.</p> <p><strong>Call-to-action:</strong> Bestel nu en ervaar direct de combinatie van stijl, gemak en kwaliteit met dit Raved tafelkleed!</p>",1.0,stuk(s),Rood,Polyester,Raved,200.0,cm,N,,Tafelkleed,Rechthoek,Y,N,,,N,,,2 maanden,,,,,N,,,Effen,140.0,cm,0.5,kg,,Effen,Geen,26.0,cm,3.0,cm,37.0,cm,0.5,kg,1 stuk,Voor binnen & buiten,"30 °C, normaal programma",1.xlsx,,,,,,,,,,,,,,,https://media.s-bol.com/J2YNmD1jP3z2/yKBXEg/550x243.jpg
Raved Rond Tafelzeil - 160 cm ø - Lente Bloemen Grijs - PVC - Afwasbaar,,8720707633135,Tafellaken,,"<p>Breng direct sfeer aan tafel met het <strong>Raved ronde tafelzeil Lente Bloemen</strong> in stijlvol grijs. Het <strong>afwasbare PVC-materiaal</strong> beschermt je tafel tegen krassen en vlekken, terwijl het vrolijke <strong>bloemenmotief</strong> elke maaltijd een frisse lente-uitstraling geeft.</p> <p>Creëer moeiteloos een warme, gezellige tafelsfeer met het <strong>Raved ronde tafelzeil Lente Bloemen</strong>. Dit stijlvolle tafelzeil combineert <strong>praktisch gebruiksgemak</strong> met een sfeervolle uitstraling die elk interieur – van modern tot landelijk – direct opvrolijkt. Dankzij het <strong>afwasbare PVC-materiaal</strong> is het niet alleen een lust voor het oog, maar ook een slimme bescherming tegen dagelijkse ongelukjes.</p> <h3>Sfeervol design met lentegevoel</h3> <p>Het subtiele <strong>bloemenmotief in grijstinten</strong> geeft je tafel een frisse, natuurlijke look zonder te overheersen. Perfect voor wie houdt van seizoensgebonden decoratie, maar wél met een tijdloze twist. Gebruik het binnen voor gezellige diners of buiten tijdens zomerse etentjes – het <strong>Raved tafelzeil</strong> is bestand tegen dagelijks gebruik en makkelijk te reinigen.</p> <h3>Praktisch & onderhoudsvriendelijk</h3> <p>Gemaakt van hoogwaardig <strong>PVC</strong> is dit tafelzeil <strong>waterafstotend, stevig en eenvoudig schoon te maken</strong> met een vochtige doek. Geen gedoe meer met wassen, strijken of vlekverwijderaars – een snelle afveegbeurt en je tafel ziet er weer als nieuw uit. Ideaal voor gezinnen met kinderen, huisdieren of frequente etentjes.</p> <h3>Duurzaam en veelzijdig</h3> <p>Dankzij de slijtvaste afwerking gaat het tafelzeil lang mee, zelfs bij intensief gebruik. Of je nu een ontbijttafel wilt beschermen of een tuintafel wilt verfraaien, dit zeil is geschikt voor <strong>binnen én buiten</strong>. Combineer stijl, gemak en functionaliteit – precies waar moderne huishoudens naar zoeken.</p> <h3>Waarom kiezen voor Raved</h3> <p>Raved staat bekend om kwaliteit, design en gebruiksgemak. Dit <strong>PVC tafelzeil</strong> met <strong>bloemenprint</strong> is daar een perfect voorbeeld van: duurzaam, sfeervol en onderhoudsarm. Geef jouw tafel een stijlvolle upgrade en bescherm hem tegelijkertijd tegen krassen en vlekken.</p> <p><strong>Kies voor gemak, kies voor Raved. Bestel vandaag nog en geniet morgen al van een frisse lentedekoratie aan tafel.</strong></p>",1.0,stuk(s),Grijs,PVC,Raved,160.0,cm,N,,Tafelzeil,Rond,N,N,,,N,140.0,cm,2 maanden,,,,,N,,,Gebloemd,160.0,cm,0.5,kg,,Bloemen,0657452723,26.0,cm,3.0,cm,37.0,cm,0.0,kg,contact@ravedfabrics.com,Voor binnen & buiten,Afnemen met een natte doek,1.xlsx,,,,,,,,,,,,,,,https://media.s-bol.com/v1gxWKDD10Vm/xGW0Kv3/550x550.jpg
Raved Tafelzeil - 140x220 cm - Beige - Linnen Look - Afwasbaar PVC,,8720707631049,Tafellaken,,"<p>Geef je eettafel een <strong>stijlvolle linnen-look</strong> met dit <strong>afwasbare PVC tafelzeil van Raved</strong>. Het<strong> tafelkleed in beige</strong> combineert de warme uitstraling van stof met het gemak van eenvoudig schoonmaken – ideaal voor dagelijks gebruik en feestelijke diners.</p> <p>Breng warmte en gemak samen in je interieur met dit <strong>Raved tafelzeil in beige linnen look</strong>. Waar traditionele tafelkleden vaak vlekgevoelig en bewerkelijk zijn, biedt dit <strong>afwasbare PVC tafelzeil</strong> de perfecte balans tussen stijl en praktisch gebruik.</p> <h3>Stijlvol design voor ieder interieur</h3> <p>De <strong>linnen look</strong> geeft het zeil een elegante, natuurlijke uitstraling die moeiteloos aansluit bij verschillende woonstijlen – van modern tot landelijk. De neutrale <strong>beige kleur</strong> creëert een rustige basis en laat jouw servies, bloemen of decoratie extra tot hun recht komen.</p> <h3>Praktisch in gebruik</h3> <ul> <li> <p><strong>Afwasbaar PVC</strong>: eenvoudig schoon te maken met een vochtige doek</p> </li> <li> <p><strong>Water- en vlekafstotend</strong>: beschermt je tafel tegen kringen en ongelukjes</p> </li> <li> <p><strong>Duurzaam materiaal</strong>: blijft mooi, ook bij dagelijks gebruik</p> </li> </ul> <p>Of het nu gaat om een gezellig ontbijt met het gezin, een drukke verjaardag of een romantisch diner: dit tafelzeil zorgt ervoor dat je tafel er altijd verzorgd uitziet.</p> <h3>Minder gedoe, meer genieten</h3> <p>Dankzij het onderhoudsvriendelijke PVC hoef je je geen zorgen te maken over wassen, strijken of hardnekkige vlekken. Een snelle veeg met een doek en je tafel is weer als nieuw. Zo houd je meer tijd over voor de dingen die er echt toe doen.</p> <h3>Waarom kiezen voor Raved?</h3> <p>Raved staat bekend om kwaliteit en functionaliteit in huis & wonen. Met dit <strong>afwasbare tafelzeil</strong> kies je voor een product dat niet alleen mooi oogt, maar ook jarenlang meegaat.</p> <p><strong>Creëer sfeer, bescherm je tafel en bespaar tijd – kies vandaag nog voor dit Raved tafelzeil en geniet morgen al van een stijlvolle, zorgeloze tafelsetting.</strong></p>",1.0,stuk(s),Beige,PVC,Raved,220.0,cm,N,,Tafelzeil,Rechthoek,N,N,,,N,,,3 maanden,,,,,N,,,Effen,140.0,cm,0.5,kg,,Effen,Geen,26.0,cm,5.0,cm,37.0,cm,0.5,kg,1x Tafelzeil,Voor binnen & buiten,Afnemen met een natte doek,1.xlsx,,,,,,,,,,,,,,,https://media.s-bol.com/7R6wg2ZPRNxB/76qmD6w/550x550.jpg
Raved Tafelzeil – 140 cm x 180 cm – Zwarte Stippen – Wit – PVC – Afwasbaar,,9501478495929,Tafellaken,,"<p>Geef je tafel direct een stijlvolle upgrade met <strong>een trendy stippenprint</strong> en de <strong>praktische bescherming van PVC</strong>. Dit tafelzeil is <strong>afwasbaar</strong>, geschikt voor zowel binnen als buiten, en laat knoeien geen kans meer.</p> <p><strong>Bescherm je tafel met stijl</strong><br />Maak kennis met het <strong>tafelzeil</strong> van het merk <strong>Raved</strong>, uitgevoerd in een fris motorwit met moderne zwarte stippenprint. Dankzij het <strong>materiaal</strong> PVC is dit tafelzeil uitzonderlijk makkelijk in het onderhoud — een snel afvegen met een vochtige doek is vaak voldoende. En omdat het ontwerp zowel trendy als tijdloos is, past het perfect in zowel een strak interieur als een gezellige buitenruimte.</p> <h3>Waarom kiezen voor dit tafelzeil?</h3> <ul> <li> <p><strong>Bescherming & onderhoudsgemak</strong>: vocht, vlekken en zelfs brandplekken door hete pannen maken voortaan geen kans. Het PVC-oppervlak zorgt voor bescherming én eenvoud.</p> </li> <li> <p><strong>Stijlvol design</strong>: de combinatie van wit en zwarte stippen geeft je tafel direct een moderne, speelse uitstraling — ideaal als blikvanger of als subtiele accent.</p> </li> <li> <p><strong>Binnen én buiten inzetbaar</strong>: of je nu dineert in de stijlvol ingerichte eetkamer of in de tuin bij een zomerse avond, dit tafelzeil is geschikt. Wel: bij veel regen is binnen halen aan te raden om verkleuring of slijtage te voorkomen. </p> </li> <li> <p><strong>Verschillende afmetingen beschikbaar</strong>: breedte van 140 cm met diverse lengtes beschikbaar — handig voor langwerpige tuintafels of ronde formaten.</p> </li> </ul> <h3>Specificaties in één oogopslag</h3> <ul> <li> <p>Merk: Raved </p> </li> <li> <p>Materiaal: <strong>PVC</strong> (kunststof) </p> </li> <li> <p>Kleur/design: wit met <strong>zwarte stippen</strong> print </p> </li> <li> <p>Geschikt voor gebruik: binnen & buiten (bij voorkeur droog houden) </p> </li> <li> <p>Onderhoud: eenvoudig afnemen met vochtige doek</p> </li> </ul> <h3>Voor wie is dit tafelzeil ideaal?</h3> <p>Heb je jonge kinderen of worden er regelmatig gasten ontvangen? Dan is dit tafelzeil een slimme keuze. Want waar vroeger vlekken of kringen op je tafel je het plezier van dineren konden vergallen, staat hier nu comfort en zekerheid centraal. En ben je dol op buiten eten? Dan zorgt het voor een praktische beschermlaag én een stijlvol uiterlijk — zonder dat je aan sfeer hoeft in te boeten.</p> <h3>Tips voor optimaal gebruik</h3> <ul> <li> <p>Laat het tafelzeil bij regen of extreme zon liever even naar binnen halen om het printdessin te behouden.</p> </li> <li> <p>Voor een mooie valrand aan de zijkanten: zorg dat de lengte iets groter is dan je tafeloppervlak.</p> </li> <li> <p>Combineer met eenvoudige accessoires in zwart-wit of natuurlijke houttinten om de stippen écht tot hun recht te laten komen.</p> </li> </ul> <p><strong>Conclusie & call-to-action</strong><br />Gun je tafel de stijlvolle bescherming die hij verdient met dit premium tafelzeil van Raved. Kies vandaag nog jouw lengte, leg het op de tafel en ontdek direct het verschil in gemak, uitstraling én gemoedsrust. Voeg het toe aan je winkelwagen en verander je eetplek instant — zonder stress of gedoe.</p>",1.0,stuk(s),Wit; Zwart,PVC,Raved,180.0,cm,N,,Tafelzeil,Rechthoek,N,N,,,N,0.0,cm,3 maanden,,,,,N,,,Gestipt,140.0,cm,2.0,kg,,Stippen,Geen,26.0,cm,3.0,cm,37.0,cm,2.0,kg,1 stuk,Voor binnen & buiten,Afnemen met een natte doek,1.xlsx,,,,,,,,,,,,,,,https://media.s-bol.com/l1Y6RGJJ0BWJ/k5WK7N6/550x550.jpg
Raved Tafelkleed – 140 cm x 260 cm – Donkergrijs – Polyester – Kreukvrij,,8720707633036,Tafellaken,,"<p>Geef je tafel direct een stijlvolle look met dit <strong>kreukvrije 100% polyester tafelkleed</strong> in <strong>donkergrijs</strong>, geschikt voor <strong>binnen én buiten</strong>. Dankzij het onderhoudsvriendelijke materiaal is mooi tafelen volledig zorgeloos.</p> <p><strong>Tafelkleed voor stijl & gemak: het ultieme keuze voor zorgeloos tafelen</strong><br />Op zoek naar een tafelkleed dat er niet alleen prachtig uitziet, maar ook praktisch is in het gebruik? Het <strong>primair zoekwoord “tafelkleed”</strong> komt hier in beeld: dit bijzondere model biedt u beide. Het <strong>merk Raved</strong> staat voor kwaliteit en eenvoud en dat ziet u terug in dit stijlvolle ontwerp. Het <strong>materiaal: 100% polyester</strong>, zorgt voor een blijvende nette uitstraling zonder moeite. De <strong>kleur: donkergrijs</strong> geeft een moderne, neutrale basis die past in vrijwel elk interieur – van Scandinavisch tot industrieel.</p> <h3>Elegant én praktisch</h3> <p>Met dit rechthoekige tafelkleed creëert u direct een opgeruimde en sfeervolle tafelsetting. Of u nu gezin, visite of een borrel met vrienden hebt – dit kleed ondersteunt alle momenten. Dankzij de <strong>kreukvrije afwerking</strong> ervaart u geen gedoe met strijken of glad maken: uitpakken en klaar!</p> <h3>Binnen én buiten gebruik</h3> <p>Dit tafelkleed is ontworpen voor veelzijdigheid: geschikt voor binnen én buiten. Tijdens zonnige middagen op het terras of een gezellige avond aan de eettafel – u zit goed. Let wel op dat het kleed bij regen binnen gehaald wordt om verkleuring of verwering te voorkomen (zoals aanbevolen). </p> <h3>Onderhoudsvriendelijk</h3> <p>Met gemak schoonmaken na het diner? Geen probleem. Een vochtige doek is vaak al genoeg om het tafelkleed er weer fris uit te laten zien. Het polyester materiaal is modern en duurzaam – ideaal voor dagelijks gebruik of voor click-en-collect momenten wanneer het snel moet gaan.</p> <h3>Waarom dit tafelkleed kiezen?</h3> <ul> <li> <p><strong>100% polyester</strong>: duurzaam, soepel vallend en makkelijk in onderhoud.</p> </li> <li> <p><strong>Donkergrijs</strong>: neutrale kleur die rust en elegantie brengt.</p> </li> <li> <p><strong>Kreukvrij</strong>: minder werk, meer genieten.</p> </li> <li> <p><strong>Geschikt voor binnen & buiten</strong>: veelzijdig toepasbaar.</p> </li> </ul> <h3>Verlies-aversie & sociale bewijskracht</h3> <p>Stelt u zich eens voor: u hebt visite, tafel ligt netjes, sfeer is goed – en u hoeft zich nergens druk over te maken. Voorkom het scenario waarin vlekjes, kreukels of een tekortkomend kleed uw tafelervaring verstoren. Klanten geven aan dat ze uiterst tevreden zijn over de kwaliteit en kleur van dit kleed; “soepel materiaal”, “mooi van kleur”, zo luidt een gebruiker. </p> <h3>Call-to-action</h3> <p>Laat uw tafel stralen – met dit onderhoudsvriendelijke en stijlvolle tafelkleed kunt u direct zorgeloos genieten. Klik op “bestellen” en geef uw tafel de upgrade die hij verdient.</p>",1.0,stuk(s),Donker Grijs,Polyester,Raved,260.0,cm,N,,Tafelkleed,Rechthoek,Y,N,,,N,,,2 maanden,,,,,N,,,Effen,140.0,cm,0.5,kg,,Effen,Geen,26.0,cm,3.0,cm,37.0,cm,0.5,kg,1 stuk,Voor binnen & buiten,"30 °C, normaal programma",1.xlsx,,,,,,,,,,,,,,,"https://media.s-bol.com/Vk57Bpkn6pm1/rzr9wW/124x54.jpg,https://media.s-bol.com/7kQMWwBvvqAy/gvQ5Xk/1024x1024.jpg,https://media.s-bol.com/J2yrpAYKPqV9/PBVKE6/124x93.jpg"
Raved Tafelkleed 140 cm x 240 cm - Oranje Polyester - Kreukvrij,,8720707633210,Tafellaken,,"<p>Maak elke tafel direct feestelijk met dit <strong>kleurige en onderhoudsvriendelijke tafelkleed</strong>. Het gekleurde <strong>polyester</strong> kleed is <strong>kreukvrij</strong> en geschikt voor gebruik <strong>binnen én buiten</strong>, zodat je moeiteloos een gezellige en zorgeloze sfeer creëert.</p> <p>Geef je tafel direct een upgrade met het <strong>primair zoekwoord tafelkleed</strong>: het Raved Oranje Polyester Tafelkleed – Kreukvrij. Dit stijlvolle kleed combineert gevoel en logica: enerzijds creëer je een warme, feestelijke sfeer, anderzijds kies je voor een praktisch en duurzaam materiaal.</p> <h3>Sfeervolle uitstraling bij elk moment</h3> <p>Met de frisse <strong>oranje kleur</strong> breng je direct energie op tafel – ideaal voor de borrel, een bbq met vrienden of een sportavond waarop een sfeeraccent niet mag ontbreken. Binnen of buiten: dit kleed zorgt dat jouw tafel het middelpunt wordt van gezelligheid.</p> <h3>Duurzaam materiaal, moeiteloos onderhoud</h3> <p>Het kleed is gemaakt van <strong>100% polyester</strong>, een materiaal dat sterker is dan katoen, minder krimpt, de kleur beter houdt en makkelijker in onderhoud is. Volgens de productbeschrijving is het kleed vormvast, kleurecht, strijkbaar en wasbaar op 30 °C. Ook is het <strong>waterafstotend</strong>, waardoor een gemorste drank of hapje sneller afgeveegd kan worden. <br />Deze combinatie van eigenschappen betekent: minder zorgen over vlekken of verkleuring, meer tijd om te genieten.</p> <h3>Praktisch in gebruik</h3> <p>Het kleed is ideaal voor gebruik <strong>binnen & buiten</strong> – perfect voor een zomeravond op het terras, maar ook fijn als je gewoon binnen wilt genieten zonder het kleed iedere keer te wisselen. Dankzij de kreukvrije werking ligt het kleed strak zonder dat je veel hoeft te strijken: een groot voordeel bij haast of spontane etentjes.</p> <h3>Beschermt én verfraait je tafel</h3> <p>Een tafelkleed doet meer dan decoreren: het beschermt je tafelblad tegen krassen, vlekken en hitte van borden. Dit kleed maakt die bescherming stijlvol, zonder gedoe. Door de combinatie van kleur en materiaal lever je ook een statement – jouw tafel is klaar voor gasten, voor thema-feestjes of voor dagelijkse gezelligheid.</p> <h3>Waarom dit kleed jouw keuze moet zijn</h3> <ul> <li> <p><strong>Merk</strong>: Raved — vertrouwd merk in tafelkleden.</p> </li> <li> <p><strong>Maat</strong>: maat (laat deze invullen) zorgt voor een juiste overhang en verzorgde uitstraling.</p> </li> <li> <p><strong>Materiaal & eigenschappen</strong>: 100% polyester, waterafstotend, kreukvrij, vormvast, kleurecht.</p> </li> <li> <p><strong>Gebruikssituatie</strong>: binnen en buiten, voor gezellige momenten of thema-avonden.</p> </li> <li> <p><strong>Emotie + logica</strong>: sfeer én gemak — je kiest niet alleen voor uitstraling, maar ook voor praktisch gemak.</p> </li> </ul> <h3>Call-to-action</h3> <p>Wacht niet tot je tafel er weer saai uitziet: kies nu voor dit kleed en creëer vandaag nog een tafel vol sfeer én gemak. Klik op “in winkelwagen” en haal jouw nieuwe sfeermaker in huis!</p>",1.0,stuk(s),Oranje,Polyester,Raved,240.0,cm,N,,Tafelkleed,Rechthoek,Y,N,,,N,,,2 maanden,,,,,N,,,Effen,140.0,cm,0.5,kg,,Effen,Geen,26.0,cm,3.0,cm,37.0,cm,0.5,kg,1 stuk,Voor binnen & buiten,"30 °C, normaal programma",1.xlsx,,,,,,,,,,,,,,,https://media.s-bol.com/1L18lZv40m2V/oYW6VXK/550x502.jpg
Raved Tafelzeil 140x180 cm - Jungle Roze - PVC - Afwasbaar - Binnen/Buiten,,9502878586347,Tafellaken,,"<p>Breng sfeer en gemak in huis met het <strong>Raved tafelzeil Jungle roze 140x240 cm</strong>. Gemaakt van <strong>duurzaam PVC</strong> en <strong>100% afwasbaar</strong>, zodat je tafel altijd schoon en beschermd blijft. Ideaal voor dagelijks gebruik, feestjes of buiten in de tuin.</p> <p>Een tafel is vaak het middelpunt van je huis – hier wordt gegeten, gewerkt, gelachen en geleefd. Juist daarom wil je een tafelzeil dat niet alleen beschermt, maar ook bijdraagt aan de uitstraling van je interieur. Met het <strong>Raved tafelzeil Jungle</strong> kies je voor een combinatie van stijl en praktisch gemak.</p> <h3>Waarom kiezen voor dit tafelzeil?</h3> <p>Het <strong>tafelzeil van PVC</strong> is ontworpen om je tafel optimaal te beschermen tegen vlekken, kringen en krassen. Dankzij de <strong>afwasbare laag</strong> veeg je vuil eenvoudig weg met een vochtige doek – ideaal na een drukke maaltijd of een feestje. Zo blijft je tafel langer mooi en hoef je nooit meer te stressen over hardnekkige vlekken.</p> <h3>Stijlvol design voor elke ruimte</h3> <p>De trendy <strong>jungleprint in zacht roze tinten</strong> brengt direct sfeer in je interieur. Perfect voor een gezellige eetkamer, maar ook een eyecatcher in de tuin. Of je nu een etentje organiseert of gewoon samen met je gezin dineert: dit tafelzeil maakt van ieder moment een stijlvolle gelegenheid.</p> <h3>Veelzijdig in gebruik</h3> <ul> <li> <p>Geschikt voor <strong>binnen én buiten</strong></p> </li> <li> <p>Ideaal voor gezinnen met kinderen</p> </li> <li> <p>Handig tijdens verjaardagen en feestjes</p> </li> <li> <p>Past perfect op tafels van 6 tot 8 personen</p> </li> </ul> <h3>Duurzaamheid en gemak</h3> <p>Het <strong>stevige PVC-materiaal</strong> zorgt ervoor dat het zeil lang meegaat en tegen een stootje kan. Bovendien is het licht van gewicht, waardoor je het eenvoudig kunt opbergen of meenemen naar buiten.</p> <h3>Onderhoudsvriendelijk</h3> <p>Geen gedoe met wassen of strijken – een simpele veeg is genoeg. Zo hou je meer tijd over voor de dingen die er écht toe doen.</p> <p>Met het <strong>Raved tafelzeil Jungle roze</strong> geniet je van een combinatie van gemak, stijl en bescherming. Bescherm je tafel, voeg sfeer toe aan je interieur en maak van elke maaltijd een mooi moment.</p> <p><strong>Bestel nu en ontdek hoe makkelijk én sfeervol jouw tafel kan zijn.</strong></p>",1.0,stuk(s),Groen; Roze,PVC,Raved,180.0,cm,N,,Tafelzeil,Rechthoek,N,N,,,N,,,3 maanden,,,,,N,,,Gebloemd,140.0,cm,2.0,kg,,Jungle,Geen,26.0,cm,3.0,cm,37.0,cm,2.0,kg,1x Tafelzeil,Voor binnen & buiten,Afnemen met een natte doek,1.xlsx,,,,,,,,,,,,,,,"https://media.s-bol.com/XWDXDJNy1Gmo/xGW5jm3/1024x1024.jpg,https://media.s-bol.com/JB6K6ov03KRv/xGW5jm3/1024x1024.jpg,https://media.s-bol.com/KDr7rpwg0x1r/xGW5jm3/124x111.jpg,https://media.s-bol.com/LzZ6k5zM03WX/J6y5lQK/124x112.jpg,https://media.s-bol.com/OKYXYwAmOBMg/xGW5jm3/124x40.jpg,https://media.s-bol.com/PLNKNxBnPD7z/xGW5jm3/1024x1024.jpg,https://media.s-bol.com/PLNKNxBnPw22/xGW5jm3/1024x1024.jpg"
Raved Rond Tafelzeil - 140 cm ø - Watermeloen Rood - PVC - Afwasbaar,,9502882278931,Tafellaken,,"<p>Breng direct sfeer en bescherming naar je tafel met <strong>een vrolijk watermeloenmotief</strong> – dit <strong>PVC-tafelzeil</strong> is <strong>afwasbaar</strong>, ideaal voor zowel binnen als buiten, en zorgt dat je tafel mooi blijft terwijl je geniet van zorgeloos eten.</p> <p>Voeg vandaag nog een vrolijke en functionele twist toe aan je tafelsetting met het <strong>primair zoekwoord</strong> <strong>tafelzeil</strong>. Het <strong>Raved Tafelzeil – Watermeloen – 140 cm Ø – Rood – PVC – Afwasbaar</strong> combineert stijl, gemak en bescherming in één klasse-product.<br />Met zijn frisse roodtinten en speelse watermeloenprint maak je van je eettafel of tuintafel direct een gezellige blikvanger — en ondertussen zorg je ervoor dat je tafel beschermd is tegen vlekken en krassen.</p> <h3>Bescherming én stijl</h3> <p>Dankzij het duurzame <strong>materiaal</strong> <strong>PVC</strong> krijg je een afwasbare, robuuste laag die ideaal is voor dagelijks gebruik. Of er nu kinderen mee aan tafel zitten of je buiten op het terras dineert — het tafelzeil trotseert spetters, etensresten en onvoorziene knoeimomenten. Het onderhoud is simpel: een vochtige doek is al voldoende om resten te verwijderen — geen gedoe met speciaal textiel of complexe reiniging.</p> <h3>Binnen én buiten toepasbaar</h3> <p>Dit tafelzeil is ontworpen voor veelzijdigheid: ideaal voor binnen in de keuken of eetkamer, maar ook prima buiten op het terras of balkon. De ronde maat van <strong>140 cm Ø</strong> maakt het perfect voor ronde tafels — zo past het precies en oogt het netjes afgewerkt. Omdat het ontwerp vrolijk en opvallend is, geeft elke setting direct een zomerse, gastvrije sfeer.</p> <h3>Unieke print voor de sfeer-zoeker</h3> <p>Het kleurrijke watermeloenuitzicht in rood is niet zomaar een tafelzeil — dit is een statement. Het geeft je ruimte een frisse, fruitige uitstraling waar je gasten op zullen reageren. Zo verander je een gewone maaltijd in een gezellige gelegenheid. Tegelijkertijd zorg je ervoor dat je tafel blijft zoals jij ‘m wilt: schoon, beschermd en zonder zorgen over slijtage.</p> <h3>Waarom kiezen?</h3> <ul> <li> <p><strong>Afwasbaar en onderhoudsvriendelijk</strong>: ideaal voor drukke gezinnen of tuinfeesten.</p> </li> <li> <p><strong>Bescherming tegen vlekken en krassen</strong>: dankzij het robuuste PVC-materiaal.</p> </li> <li> <p><strong>Decoratief watermeloenpatroon</strong>: maakt van je tafel iets bijzonders.</p> </li> <li> <p><strong>Ronde maat 140 cm Ø</strong>: perfect afgestemd op ronde tafels.</p> </li> <li> <p><strong>Binnen & buiten gebruik</strong>: maximale flexibiliteit voor jouw interieur of tuin.</p> </li> </ul> <p>Laat je tafel weer stralen en kies voor het Raved tafelzeil dat zowel stijl als functie brengt. <strong>Voeg nu toe aan je winkelwagen</strong> en geef je tafel de beschermlaag én vrolijke uitstraling die het verdient!</p>",1.0,stuk(s),Groen; Geel; Rood,PVC,Raved,140.0,cm,N,,Tafelzeil,Rond,N,N,,,N,140.0,cm,2 maanden,,,,,N,,,Overig,140.0,cm,0.3,kg,,Fruit,0657452723,26.0,cm,3.0,cm,37.0,cm,0.0,kg,contact@ravedfabrics.com,Voor binnen & buiten,Afnemen met een natte doek,1.xlsx,,,,,,,,,,,,,,,https://media.s-bol.com/70xpyvklLx8G/QW650jG/550x551.jpg
Raved Transparant Tafelzeil 140x220 cm - PVC - Glashelder - Afwasbaar & Beschermend,,9502896157475,Tafellaken,,"<p>Bescherm je tafel tegen krassen en vlekken met dit <strong>transparant tafelzeil van Raved</strong>. Gemaakt van <strong>duurzaam PVC</strong>, eenvoudig <strong>afwasbaar</strong> en ideaal voor dagelijks gebruik. Zo blijft jouw tafel stijlvol zichtbaar én goed beschermd.</p> <p>Met het <strong>Raved transparant tafelzeil</strong> combineer je de praktische voordelen van bescherming met de elegante uitstraling van jouw eigen tafel. Dit <strong>PVC tafelzeil</strong> is speciaal ontworpen om krassen, vocht en vlekken tegen te gaan, zonder dat het tafelblad uit het zicht verdwijnt. Perfect voor wie zijn interieur mooi wil houden, maar toch zorgeloos wil genieten van dagelijks gebruik.</p> <h3>Voordelen van dit transparant tafelzeil</h3> <ul> <li> <p><strong>Transparant ontwerp</strong> – laat de natuurlijke look van jouw tafel zien</p> </li> <li> <p><strong>Afwasbaar PVC</strong> – vlekken verwijder je eenvoudig met een doek</p> </li> <li> <p><strong>Waterafstotend & krasbestendig</strong> – ideale bescherming bij intensief gebruik</p> </li> <li> <p><strong>Veelzijdig</strong> – bruikbaar als <strong>tafelkleed, tafelloper of bescherming</strong> bij knutsel- en eetmomenten</p> </li> </ul> <h3>Praktisch én stijlvol</h3> <p>Veel tafelkleden verbergen het design van je tafel. Met dit <strong>doorzichtig tafelzeil</strong> blijft het originele blad zichtbaar, terwijl je toch profiteert van optimale bescherming. Van houten tafels tot design tafels: het zeil past in elk interieur. Bovendien is het geschikt voor zowel binnen als buiten.</p> <h3>Onderhoudsgemak</h3> <p>Waar stoffen tafelkleden vaak vlekken vasthouden of in de was moeten, veeg je dit <strong>afwasbare PVC tafelzeil</strong> simpelweg schoon met een vochtige doek. Geen gedoe, geen zorgen.</p> <h3>Waarom kiezen voor Raved?</h3> <p>Raved staat bekend om zijn duurzame en gebruiksvriendelijke woonproducten. Dit tafelzeil combineert <strong>kwaliteit en functionaliteit</strong>, zodat je langer plezier hebt van jouw tafel. Met duizenden tevreden gebruikers is het een bewezen oplossing voor elk huishouden.</p> <p>Bescherm je tafel slim en stijlvol – bestel vandaag nog het <strong>Raved transparant tafelzeil</strong> en geniet morgen al van zorgeloos gebruik.</p>",1.0,stuk(s),"Transparant 0,1mm",PVC,Raved,220.0,cm,N,,Tafelzeil,Rechthoek,N,N,,,N,0.0,cm,3 maanden,,,,,N,,,Effen,140.0,cm,2.0,kg,,Transparant,Geen,26.0,cm,3.0,cm,37.0,cm,2.0,kg,1 stuk,Voor binnen & buiten,Afnemen met een natte doek,1.xlsx,,,,,,,,,,,,,,,"https://media.s-bol.com/VZ7E1EV3N665/ZP9G9Q/124x99.jpg,https://media.s-bol.com/WlLXElmZ3Yjv/ZP9G9Q/124x89.jpg,https://media.s-bol.com/VkAKDklY3X0W/ZP9G9Q/124x112.jpg,https://media.s-bol.com/gPDQRjr5NoX6/RROvnO/124x110.jpg,https://media.s-bol.com/E1JM9kzLNjP4/ZP9G9Q/1024x1024.jpg,https://media.s-bol.com/Q2nBx2vQ9P5L/ZP9G9Q/124x105.jpg"
Raved Tafelzeil – 140 cm x 260 cm – Klaprozen Rood – PVC – Afwasbaar,,9502422463223,Tafellaken,,"<p>Geef je tafel direct een vrolijke en beschermende upgrade met dit <strong>afwasbare PVC-tafelzeil</strong> in een warm rood met elegant <strong>klaprozenmotief</strong>. Ideaal voor binnen én buiten, combineert <strong>duurzaam materiaal</strong>, <strong>goed onderhoud</strong> en sfeervolle uitstraling.</p> <p>Breng direct warmte en stijl in je eetruimte met het <strong>primair zoekwoord ""tafelzeil klaprozen""</strong>, een opvallend model uit de collectie van Raved. Dit tafelzeil is vervaardigd uit hoogwaardig <strong>PVC-materiaal</strong>, met een frisse <strong>rode kleur</strong> en een levendig klaprozen-bloemmotief — perfect als sfeervolle basis voor iedere maaltijd, of het nu gaat om een gezellige familielunch of een zomerse borrel buiten.</p> <h3>Bescherming en sfeer in één</h3> <p>Het tafelzeil biedt je niet alleen een prachtige uitstraling, maar ook functionele bescherming: het PVC-materiaal voorkomt vlekken, krassen en slijtage van je tafeloppervlak. Dankzij het afwasbare oppervlak is onderhoud eenvoudig: een vochtige doek is in de meeste gevallen al voldoende. Zo bespaar je tijd én moeite en blijft je tafel er mooi uitzien. Verlies nu geen slaap over een gemorste glas rode wijn of kindersaus – dit tafelzeil zorgt voor rust en zekerheid.</p> <h3>Geschikt voor binnen én buiten</h3> <p>Of je nu binnen aan tafel zit of buiten op het terras geniet, dit tafelzeil is veelzijdig inzetbaar. De combinatie van vochtbestendig PVC, een vrolijke bloemenprint en de warme rode kleur zorgt voor gezellige sfeer in huis of tuin. Let er wel op dat je het zeil bij hevige regen of zon langdurig buitenbeschermd gebruikt zodat de kleur mooi blijft.</p> <h3>Specificaties in één oogopslag</h3> <ul> <li> <p>Materiaal: <strong>PVC</strong> (duurzaam en onderhoudsvriendelijk)</p> </li> <li> <p>Kleur / design: <strong>Rood</strong> met klaprozenmotief</p> </li> <li> <p>Afwasbaar: eenvoudig schoon te maken</p> </li> <li> <p>Sfeer: bloemenprint geeft vrolijkheid en karakter aan je tafel</p> </li> </ul> <h3>Waarom kiezen voor dit model?</h3> <p>Veel tafelzeilen richten zich puur op functionaliteit, maar dit exemplaar doet meer: het combineert <strong>stijl</strong> + <strong>practiciteit</strong>. Daardoor voelt je eetmoment uitnodigend aan en kun je veilig genieten zonder voortdurend alert te zijn op vlekken of beschadigingen. Social proof: gebruikers kiezen dit model omdat “het er prachtig uitziet en echt makkelijk in onderhoud is”.</p> <h3>Call-to-action</h3> <p>Wacht niet langer – geef je tafel direct die extra dosis sfeer en bescherming met dit prachtige tafelzeil. Klik op “in winkelwagen” en maak van je eetmomenten telkens weer iets bijzonders.</p>",1.0,stuk(s),Rood,PVC,Raved,260.0,cm,N,,Tafelzeil,Rechthoek,N,N,,,N,,,3 maanden,,,,,N,,,Gebloemd,140.0,cm,0.4,kg,,Bloemen,Geen,26.0,cm,3.0,cm,37.0,cm,0.4,kg,1 stuk,Voor binnen & buiten,Afnemen met een natte doek,1.xlsx,,,,,,,,,,,,,,,"https://media.s-bol.com/8V2WlrlLOM6L/KOlGx7M/1024x1024.jpg,https://media.s-bol.com/Y8ErRDRX1qBA/KOlGx7M/1024x1024.jpg,https://media.s-bol.com/4OxVJn3nk8zn/KOlGx7M/124x106.jpg,https://media.s-bol.com/3N1EGmGDO99A/KOlGx7M/1024x1024.jpg,https://media.s-bol.com/8V2WlrlA6Qgj/KOlGx7M/1024x1024.jpg,https://media.s-bol.com/8V2WlrNro82l/KOlGx7M/124x40.jpg"
Raved Tafelzeil 140 cm x 200 cm – Lente Bloemen print Groen – PVC Afwasbaar,,8720707634408,Tafellaken,,"<p>Geef jouw tafel direct een frisse lente-look met het <strong>water- & vlekbestendige PVC-tafelzeil</strong> van Raved in groen-bloemenprint. Ideaal voor binnen én buiten, beschermt je tafel én maakt schoonmaken kinderlijk eenvoudig.</p> <p><strong>Maak je eet- of tuintafel klaar voor elk moment – met dit stijlvolle én praktische tafelzeil van Raved.</strong><br />Dit <strong>PVC-tafelzeil</strong> combineert een vrolijke <strong>lente bloemenprint</strong> in frisse groentinten met een slijtvaste, afwasbare afwerking. Speciaal ontworpen voor wie waarde hecht aan sfeer én gemak, is dit tafelzeil dé oplossing voor het beschermen van je tafel zonder in te leveren op uitstraling.</p> <h3>Voordelen in één oogopslag</h3> <ul> <li> <p><strong>Bescherming voor je tafel</strong>: dankzij het robuuste PVC-materiaal ben je bestand tegen gemorste wijn, knutselmiddag met kinderen en buitengebruik onder de parasol.</p> </li> <li> <p><strong>Sfeervol design</strong>: de lente bloemenprint en het frisse groen brengen direct gezelligheid in je eetkamer of op het terras.</p> </li> <li> <p><strong>Onderhoudsvriendelijk</strong>: geen gedoe met wassen — gewoon afnemen met een vochtige doek en je tafel oogt weer als nieuw.</p> </li> <li> <p><strong>Geschikt voor binnen & buiten</strong>: ongeacht of je aan de keukentafel aanschuift of buiten dineert, dit tafelzeil presteert. Zoals op de producentensite vermeld: “Voor binnen & buiten … eenvoudig af te nemen met een vochtige doek” Bol</p> </li> </ul> <h3>Materialen & kwaliteit</h3> <p>Het tafelzeil is vervaardigd uit kwalitatief <strong>PVC-materiaal</strong>, waardoor het water- en vlekbestendig is. De breedte is 140 cm (met variabele lengtes) waardoor het eenvoudig geschikt is voor standaard tafels. Dankzij de praktische afwerking is het ideaal voor gezinnen, buitenavonden of gewoon gezellig samenzijn.</p> <h3>Toepassing & context</h3> <p>Stel je voor: een druk gezins-avondmaal, gasten over de vloer of een zomerse lunch in de tuin — met dit tafelzeil hoef je je geen zorgen te maken over wijnvlekken, sausresten of krassen van buitenmeubels. En als de herfst intreedt en de regen buiten begint, haal je hem snel binnen en hij blijft mooi. Dankzij het frisse motief voelt je tafel direct als een uitnodigend centrum van samenzijn.</p> <h3>Onderhoud & tips</h3> <p>Veeg het tafelzeil eenvoudig schoon met een zachte doek en een mild sopje indien nodig. Vermijd schurende middelen of langdurige blootstelling aan direct zonlicht om verkleuring te voorkomen. Voor langdurige kwaliteit: haal het bij regen of sterke zon naar binnen voor de beste bescherming.</p> <h3>Neem de stap</h3> <p>Laat je tafel spreken — kies voor het Raved tafelzeil en combineer stijl met comfort en bescherming. Voeg dit slimme en sfeervolle tafeltextiel vandaag nog toe aan je woon- of buitenruimte!</p>",1.0,stuk(s),Groen; Wit,PVC,Raved,200.0,cm,N,,Tafelzeil,Rechthoek,N,N,,,N,,,3 maanden,,,,,N,,,Overig,140.0,cm,2.0,kg,,Planten en bladeren,Geen,26.0,cm,3.0,cm,37.0,cm,2.0,kg,1x Tafelzeil,Voor binnen & buiten,Machinewas 30 °C,1.xlsx,,,,,,,,,,,,,,,"https://media.s-bol.com/D2YQjgNZWwwB/vEy8A8/124x57.jpg,https://media.s-bol.com/N2LymGVVAwx8/3MxJM4/124x105.jpg,https://media.s-bol.com/R0ODqXZZGmWO/3MxJM4/1024x1024.jpg,https://media.s-bol.com/ynAJ0BlrR3Pn/vNlM8r/124x110.jpg,https://media.s-bol.com/P97AoG00Dy16/3MxJM4/124x89.jpg,https://media.s-bol.com/O2MznGWWBx7E/3MxJM4/124x112.jpg,https://media.s-bol.com/zELOMEJ3r188/8G6g45/1024x1024.jpg"
Raved Tafelzeil – 140 cm x 240 cm – Zwarte Stippen – Wit – PVC – Afwasbaar,,9502764838123,Tafellaken,,"<p>Geef je tafel direct een stijlvolle upgrade met <strong>een trendy stippenprint</strong> en de <strong>praktische bescherming van PVC</strong>. Dit tafelzeil is <strong>afwasbaar</strong>, geschikt voor zowel binnen als buiten, en laat knoeien geen kans meer.</p> <p><strong>Bescherm je tafel met stijl</strong><br />Maak kennis met het <strong>tafelzeil</strong> van het merk <strong>Raved</strong>, uitgevoerd in een fris motorwit met moderne zwarte stippenprint. Dankzij het <strong>materiaal</strong> PVC is dit tafelzeil uitzonderlijk makkelijk in het onderhoud — een snel afvegen met een vochtige doek is vaak voldoende. En omdat het ontwerp zowel trendy als tijdloos is, past het perfect in zowel een strak interieur als een gezellige buitenruimte.</p> <h3>Waarom kiezen voor dit tafelzeil?</h3> <ul> <li> <p><strong>Bescherming & onderhoudsgemak</strong>: vocht, vlekken en zelfs brandplekken door hete pannen maken voortaan geen kans. Het PVC-oppervlak zorgt voor bescherming én eenvoud.</p> </li> <li> <p><strong>Stijlvol design</strong>: de combinatie van wit en zwarte stippen geeft je tafel direct een moderne, speelse uitstraling — ideaal als blikvanger of als subtiele accent.</p> </li> <li> <p><strong>Binnen én buiten inzetbaar</strong>: of je nu dineert in de stijlvol ingerichte eetkamer of in de tuin bij een zomerse avond, dit tafelzeil is geschikt. Wel: bij veel regen is binnen halen aan te raden om verkleuring of slijtage te voorkomen.</p> </li> <li> <p><strong>Verschillende afmetingen beschikbaar</strong>: breedte van 140 cm met diverse lengtes beschikbaar — handig voor langwerpige tuintafels of ronde formaten.</p> </li> </ul> <h3>Specificaties in één oogopslag</h3> <ul> <li> <p>Merk: Raved</p> </li> <li> <p>Materiaal: <strong>PVC</strong> (kunststof)</p> </li> <li> <p>Kleur/design: wit met <strong>zwarte stippen</strong> print</p> </li> <li> <p>Geschikt voor gebruik: binnen & buiten (bij voorkeur droog houden)</p> </li> <li> <p>Onderhoud: eenvoudig afnemen met vochtige doek</p> </li> </ul> <h3>Voor wie is dit tafelzeil ideaal?</h3> <p>Heb je jonge kinderen of worden er regelmatig gasten ontvangen? Dan is dit tafelzeil een slimme keuze. Want waar vroeger vlekken of kringen op je tafel je het plezier van dineren konden vergallen, staat hier nu comfort en zekerheid centraal. En ben je dol op buiten eten? Dan zorgt het voor een praktische beschermlaag én een stijlvol uiterlijk — zonder dat je aan sfeer hoeft in te boeten.</p> <h3>Tips voor optimaal gebruik</h3> <ul> <li> <p>Laat het tafelzeil bij regen of extreme zon liever even naar binnen halen om het printdessin te behouden.</p> </li> <li> <p>Voor een mooie valrand aan de zijkanten: zorg dat de lengte iets groter is dan je tafeloppervlak.</p> </li> <li> <p>Combineer met eenvoudige accessoires in zwart-wit of natuurlijke houttinten om de stippen écht tot hun recht te laten komen.</p> </li> </ul> <p><strong>Conclusie & call-to-action</strong><br />Gun je tafel de stijlvolle bescherming die hij verdient met dit premium tafelzeil van Raved. Kies vandaag nog jouw lengte, leg het op de tafel en ontdek direct het verschil in gemak, uitstraling én gemoedsrust. Voeg het toe aan je winkelwagen en verander je eetplek instant — zonder stress of gedoe.</p>",1.0,stuk(s),Wit; Zwart,PVC,Raved,240.0,cm,N,,Tafelzeil,Rechthoek,N,N,,,N,0.0,cm,3 maanden,,,,,N,,,Gestipt,140.0,cm,2.0,kg,,Stippen,Geen,26.0,cm,3.0,cm,37.0,cm,2.0,kg,1 stuk,Voor binnen & buiten,Afnemen met een natte doek,1.xlsx,,,,,,,,,,,,,,,https://media.s-bol.com/m5ZXqJBJ2jyp/wj65rv1/100x100.jpg
Raved Tafelzeil – 140 cm x 220 cm – Zwart – Uitwasbaar & Waterdicht,,9506685357268,Tafellaken,,"<p>Ontdek het <strong>grote gemak en stijlvolle bescherming</strong> van het <strong>uitwasbare tafelzeil</strong> van Raved: dit <strong>waterdichte zwart tafelzeil</strong> combineert een luxe uitstraling met <strong>onderhoudsvriendelijkheid</strong> voor al uw binnen- en buitentafels — ideaal om zorgeloos te tafelen.</p> <p>Maak uw tafel direct klaar voor gezelligheid met het <strong>primair zoekwoord “tafelzeil”</strong> en kies voor een slimme combinatie van stijl én bescherming. Dit hoogwaardige tafelzeil is ontworpen voor mensen zoals u die niet enkel aandacht willen voor uitstraling, maar ook voor praktisch gebruiksgemak.</p> <h3>Luxe uitstraling én passende bescherming</h3> <p>Het zwarte ontwerp sluit moeiteloos aan bij zowel een moderne zwarte eettafel als een sfeervolle houten buiten­tafel. Dankzij de <strong>waterdichte coating</strong> is het tableoppervlak extra beschermd tegen gemorste drankjes, vette vingers of een plotseling regenbuitje. U hoeft zich minder zorgen te maken over beschadigingen of vlekken — zo houdt u meer tijd over voor onbezorgd samenzijn.</p> <h3>Uitwasbaar en onderhoudsvriendelijk</h3> <p>Het materiaal is <strong>uitwasbaar</strong> en eenvoudig te reinigen: afnemen met een vochtige doek volstaat vaak al. Voor ernstiger vlekken biedt de coating extra grip zodat álle sabbelende peuters, gemorste koffie en winters buiten- etentje geen drama hoeven te worden. De combinatie van stijl en onderhoudsgemak maakt dit tafelzeil perfect voor zowel dagelijks gebruik als speciale momenten.</p> <h3>Binnen, buiten, elk moment</h3> <p>Of u nu binnen aan eettafel zit of buiten op het terras geniet van de zomeravond — dit tafelzeil is geschikt voor <strong>binnen en buitengebruik</strong>. Het formaat van maakt het ideaal voor vier- tot zespersoons tafels. Geen gedoe meer met ongewenste randen of te korte afmetingen.</p> <h3>Technische specificaties</h3> <ul> <li> <p><strong>Kleur</strong>: Zwart — een tijdloze kleur die past bij vrijwel elk interieur of exterieur</p> </li> <li> <p><strong>Materiaal/coating</strong>: Waterdichte afwerking zorgt voor optimale bescherming</p> </li> <li> <p><strong>Merk</strong>: Raved — een betrouwbare naam in tafeltextiel</p> </li> <li> <p><strong>USP’s</strong>: Uitwasbaar, waterdicht, geschikt voor binnen & buiten</p> </li> </ul> <h3>Voordelen in één oogopslag</h3> <ul> <li> <p>Beschermt uw tafel tegen vocht en vlekken</p> </li> <li> <p>Luxe zwarte kleur die van eettafel een stijlvolle setting maakt</p> </li> <li> <p>Onderhoudsvriendelijk: minder gedoe, meer genieten</p> </li> <li> <p>Flexibele inzet: van dagelijks gebruik tot feestelijke momenten</p> </li> <li> <p>Snelle upgrade van uw tafellook zonder dure investering</p> </li> </ul> <p>Verlies geen tijd meer aan kiezen tussen stijl of gemak — met dit tafelzeil kiest u voor állebei. Bestel vandaag nog en ervaar zelf hoe snel uw tafel transformeert tot een uitnodigende, verzorgde plek. <strong>Klik op ‘In winkelwagen’ en geef uw eet- of buitenruimte de upgrade die het verdient.</strong></p>",1.0,stuk(s),Effen Zwart,Katoen,Raved,180.0,cm,N,,Tafelzeil,Rechthoek,N,N,,,N,,,3 maanden,,,,,N,,,Effen,140.0,cm,2.0,kg,,Effen,Geen,26.0,cm,3.0,cm,37.0,cm,2.0,kg,1 stuk,Voor binnen & buiten,Machinewas 30 °C,1.xlsx,,,,,,,,,,,,,,,"https://media.s-bol.com/p7Op6OZN518y/wGqg3J/124x74.jpg,https://media.s-bol.com/BqBEmP6n555N/76qzW2y/1024x1024.jpg,https://media.s-bol.com/vDXy7XQW41ln/wGqg3J/124x108.jpg,https://media.s-bol.com/RN6BJP1wl7LK/76qzW2y/124x113.jpg,https://media.s-bol.com/mGLmVLqK45O3/wGqg3J/1024x1024.jpg,https://media.s-bol.com/rXQrNQ2P418L/wGqg3J/1024x1024.jpg,https://media.s-bol.com/JB6XxNQ7DlvK/76qzW2y/1024x1024.jpg,https://media.s-bol.com/g0JXEn2PLVnk/76qzW2y/124x40.jpg,https://media.s-bol.com/r1k7om99xWp2/76qzW2y/1024x1024.jpg,https://media.s-bol.com/JB6XxNQYODEP/76qzW2y/1024x1024.jpg"
Raved Tafelzeil 140 cm x 300 cm – Kerst Sneeuwvlokken Beige – PVC - Afwasbaar,,9507374149485,Tafellaken,,"<p>Breng direct <strong>feestsfeer</strong> op tafel met dit <strong>kerst-tafelzeil</strong> in sneeuwvlokdesign, gemaakt van <strong>duurzaam PVC</strong> en <strong>afwasbaar</strong> voor moeiteloos onderhoud – ideaal voor een zorgeloos kerstdiner.</p> <p><strong>Beschrijving van het product</strong><br />Met het <strong>kerst tafelzeil</strong> van Raved in het elegante sneeuwvlok-design geef je jouw kersttafel direct een warme, feestelijke uitstraling. Het hoogwaardige <strong>PVC-materiaal</strong> is <strong>afwasbaar</strong>, waardoor gemorste wijn, saus of chocolademelk geen kans krijgt – jij nodigt uit, geniet en ruimt achteraf moeiteloos op.</p> <h3>Feestelijke sfeer & bescherming</h3> <p>Met het motif van sneeuwvlokken in zachte beige tint brengt dit tafelzeil een subtiele en stijlvolle kerstlook op je tafel. Maar het mooie uiterlijk is slechts één kant van het verhaal: onder de motieven schuilt een functionele beschermlaag die jouw tafel helpt vrijwaren van krassen, brandplekken door hete pannen of vlekken van kinderspel – zo blijft je tafel er na de feestdagen nog prachtig bij.</p> <h3>Onderhoudsgemak & praktische instelling</h3> <p>Dankzij het <strong>afwasbare PVC-oppervlak</strong> veeg je eenvoudig en snel schoon met een vochtige doek – geen gedoe met wassen of strijken. Ideaal als je meerdere gangen serveert, met gasten werkt of gewoon geen uren wilt besteden aan opruimen. En aangezien het zeil breed 140 cm is, past het moeiteloos across veel standaard eettafels.</p> <h3>Veelzijdige toepassing</h3> <p>Of je nu een intiem kerstdiner hebt met het gezin of een uitgebreide feesttafel deelt met vrienden en familie: dit tafelzeil is flexibel inzetbaar. Dankzij het klassieke design en de neutrale beige kleur kun je makkelijk combineren met servies, kaarslicht en accessoires zonder dat het overheerst – maar het voegt wel direct feestgevoel toe.</p> <h3>Waarom dit tafelzeil kiezen?</h3> <ul> <li> <p><strong>Sterke bescherming</strong>: je tafel blijft vrij van vlekken, krassen en hitteplekken.</p> </li> <li> <p><strong>Stijlvol design</strong>: sneeuwvlokkenmotief past perfect bij kerst en winter, én laat ruimte voor je eigen styling.</p> </li> <li> <p><strong>Onderhoudsarm</strong>: afnemen is voldoende; geen tijdverslindend onderhoud.</p> </li> <li> <p><strong>Direct sfeer</strong>: je tafel ziet er meteen feestelijk uit, zonder extra aankleding.</p> </li> <li> <p><strong>Duurzaam gebruik</strong>: het materiaal is stevig, waardoor je het seizoen na seizoen opnieuw kunt inzetten.</p> </li> </ul> <h3>Actie-call</h3> <p>Maak jouw kersttafel klaar voor het feest – kies dit sneeuwvlok tafelzeil van Raved en combineer stijl met gemak. <strong>Bestel nu</strong> en laat tijdens het diner alleen het genieten over – niet het schoonmaken.</p>",1.0,stuk(s),Rood,PVC,Raved,300.0,cm,N,,Tafelzeil,Rechthoek,N,N,,,N,,,3 maanden,,,,,N,,,Overig,140.0,cm,2.0,kg,,Print,Geen,26.0,cm,3.0,cm,37.0,cm,2.0,kg,1 stuk,Voor binnen & buiten,Machinewas 30 °C,1.xlsx,,,,,,,,,,,,,,,"https://media.s-bol.com/m5ZXlY4J2ooO/X6BwV5l/1024x1024.jpg,https://media.s-bol.com/3N1JByDV20Rr/X6BwV5l/1024x1024.jpg,https://media.s-bol.com/7R3JNpKJAKkw/X6BwV5l/124x108.jpg,https://media.s-bol.com/r1k7ym4mgwxw/X6BwV5l/1024x1024.jpg,https://media.s-bol.com/BXM7p8ln7N2X/Woxxv4/1024x1024.jpg,https://media.s-bol.com/r1k7ym4A7ZgE/X6BwV5l/1024x1024.jpg,https://media.s-bol.com/xgkjO24Kjqo9/X6BwV5l/124x40.jpg"
Raved Transparant Tafelzeil 140x240 cm - PVC - Glashelder - Afwasbaar & Beschermend,,9509158644520,Tafellaken,,"<p>Bescherm je tafel tegen krassen en vlekken met dit <strong>transparant tafelzeil van Raved</strong>. Gemaakt van <strong>duurzaam PVC</strong>, eenvoudig <strong>afwasbaar</strong> en ideaal voor dagelijks gebruik. Zo blijft jouw tafel stijlvol zichtbaar én goed beschermd.</p> <p>Met het <strong>Raved transparant tafelzeil</strong> combineer je de praktische voordelen van bescherming met de elegante uitstraling van jouw eigen tafel. Dit <strong>PVC tafelzeil</strong> is speciaal ontworpen om krassen, vocht en vlekken tegen te gaan, zonder dat het tafelblad uit het zicht verdwijnt. Perfect voor wie zijn interieur mooi wil houden, maar toch zorgeloos wil genieten van dagelijks gebruik.</p> <h3>Voordelen van dit transparant tafelzeil</h3> <ul> <li> <p><strong>Transparant ontwerp</strong> – laat de natuurlijke look van jouw tafel zien</p> </li> <li> <p><strong>Afwasbaar PVC</strong> – vlekken verwijder je eenvoudig met een doek</p> </li> <li> <p><strong>Waterafstotend & krasbestendig</strong> – ideale bescherming bij intensief gebruik</p> </li> <li> <p><strong>Veelzijdig</strong> – bruikbaar als <strong>tafelkleed, tafelloper of bescherming</strong> bij knutsel- en eetmomenten</p> </li> </ul> <h3>Praktisch én stijlvol</h3> <p>Veel tafelkleden verbergen het design van je tafel. Met dit <strong>doorzichtig tafelzeil</strong> blijft het originele blad zichtbaar, terwijl je toch profiteert van optimale bescherming. Van houten tafels tot design tafels: het zeil past in elk interieur. Bovendien is het geschikt voor zowel binnen als buiten.</p> <h3>Onderhoudsgemak</h3> <p>Waar stoffen tafelkleden vaak vlekken vasthouden of in de was moeten, veeg je dit <strong>afwasbare PVC tafelzeil</strong> simpelweg schoon met een vochtige doek. Geen gedoe, geen zorgen.</p> <h3>Waarom kiezen voor Raved?</h3> <p>Raved staat bekend om zijn duurzame en gebruiksvriendelijke woonproducten. Dit tafelzeil combineert <strong>kwaliteit en functionaliteit</strong>, zodat je langer plezier hebt van jouw tafel. Met duizenden tevreden gebruikers is het een bewezen oplossing voor elk huishouden.</p> <p>Bescherm je tafel slim en stijlvol – bestel vandaag nog het <strong>Raved transparant tafelzeil</strong> en geniet morgen al van zorgeloos gebruik.</p>",1.0,stuk(s),"Transparant 0,15mm",PVC,Raved,240.0,cm,N,,Tafelzeil,Rechthoek,N,N,,,N,,,3 maanden,,,,,N,,,Effen,140.0,cm,2.0,kg,,Transparant,Geen,26.0,cm,3.0,cm,37.0,cm,2.0,kg,1 stuk,Voor binnen & buiten,Afnemen met een natte doek,1.xlsx,,,,,,,,,,,,,,,"https://media.s-bol.com/3qEV4MrpPGgO/pYKWNk1/1024x1024.jpg,https://media.s-bol.com/rv8nGNZLBxYw/MyVXBA/124x105.jpg,https://media.s-bol.com/qr7mEXRK6023/MyVXBA/124x112.jpg,https://media.s-bol.com/mnOgzVRD8x8r/MyVXBA/124x89.jpg,https://media.s-bol.com/P8K5nkwxQPNA/12Wk7m/124x110.jpg,https://media.s-bol.com/lXJo5wGAWK66/MyVXBA/1024x1024.jpg"
Raved Tafelzeil 140×320 cm – Planken houtprint bruin – PVC – afwasbaar tafelkleed,,9507891126280,Tafellaken,,"<p>Ontdek het <strong>praktische & stijlvolle</strong> tafelzeil dat uw tafel direct in een warme houtlook stijl giet. Deze <strong>afwasbare PVC-toplaag</strong> beschermt uw tafel tegen knoeien, vlekken en brandplekken — ideaal voor zowel binnen als buiten. Met de houtplanken-print in bruin creëert u moeiteloos een gezellige, sfeervolle tafelsetting.</p> <p>Geef uw tafel een stijlvolle upgrade met het <strong>primair zoekwoord “tafelzeil”</strong>: dit is het ontworpen voor wie gemak én uitstraling wil combineren.</p> <h3>Stilvolle houtlook & direct sfeer</h3> <p>Met de houtplanken-print in warme bruine tinten valt dit tafelzeil direct op — alsof u een tafelblad van echt hout hebt, zonder de nadelen ervan. Dankzij de print in planken-look geeft het tafeldesign een natuurlijke, rustieke ambiance die past in zowel woonkamer, keuken als op het terras.</p> <h3>Bescherming & onderhoudsgemak</h3> <p>Het tafelzeil is vervaardigd uit <strong>materiaal: hoogwaardig PVC</strong>, afwasbaar en vlekbestendig — een slimme keuze voor dagelijks gebruik. Hete pannen, gemorste koffie of buitendruppels? Geen stress: veeg het simpel schoon. Ook brandplekken of krassen behoren tot het verleden; het zeil beschermt uw tafelblad effectief.</p> <h3>Maat & toepassing</h3> <p>Met de afmeting past dit tafelzeil prima op standaard rechthoekige tafels; u creëert eenvoudig ruimte voor 4-6 personen. Omdat het ook voor buitengebruik geschikt is, brengt u de mogelijkheid tot buiten dineren of loungen met stijl én gemak binnen handbereik.</p> <h3>Veelzijdige inzet</h3> <p>Of u nu binnen eet of buiten op het balkon of terras, dit tafelzeil is geschikt voor beide. Het ontwerp is strak genoeg voor elke gelegenheid — van een ontspannen brunch tot een gezellige barbecueavond. Dankzij de bruine kleur combineert het goed met houten stoelen, rotan meubels of moderne buitenmeubelen.</p> <h3>Waarom kiezen voor dit tafelzeil?</h3> <ul> <li> <p><strong>Twee-prime USP’s:</strong> afwasbaar PVC en houtplanken-print zorgen voor stijl én comfort.</p> </li> <li> <p>U bespaart tijd én zorgen: geen natte doeken, geen nieuwe tafelkleden elk seizoen.</p> </li> <li> <p>U beschermt uw tafel tegen slijtage, vlekken en brandplekken.</p> </li> <li> <p>U verhoogt de sfeer in huis of buitenruimte, waardoor het dagelijkse maaltijden uitnodigender worden.</p> </li> </ul> <h3>Let op voordat u bestelt</h3> <p>Controleer de maat van uw tafel — voor dekking van is dit tafelzeil ideaal. Wil u een langere lengte, dan biedt het merk ook varianten aan. Zorg verder dat het zeil glad ligt en geen scherpe voorwerpen onder het oppervlak zitten voor de beste bescherming.</p> <p><strong>Klaar om uw tafel een upgrade te geven?</strong> Klik op “In winkelwagen” en ervaar direct het verschil dat dit tafelzeil maakt — uw tafel verdient het.</p>",1.0,stuk(s),Bruin; Beige,PVC,Raved,320.0,cm,N,,Tafelzeil,Rechthoek,N,N,,,N,0.0,cm,3 maanden,,,,,N,,,Gestreept,140.0,cm,2.0,kg,,Hout,Geen,26.0,cm,3.0,cm,37.0,cm,2.0,kg,1 stuk,Voor binnen & buiten,Afnemen met een natte doek,1.xlsx,,,,,,,,,,,,,,,"https://media.s-bol.com/NJk1KNV8RPpv/Z4EyZOv/1024x1024.jpg,https://media.s-bol.com/yjPkA0qmVG46/Z4EyZOv/1024x1024.jpg,https://media.s-bol.com/g0JXDrAyVA7j/Z4EyZOv/124x107.jpg,https://media.s-bol.com/3N1Jr4kOo7V9/Z4EyZOv/1024x1024.jpg,https://media.s-bol.com/mGBmmMznv22r/VLVrAB/1024x1024.jpg,https://media.s-bol.com/zkpl4RrnWJ8q/Z4EyZOv/124x40.jpg,https://media.s-bol.com/r1k7qJP7Eq9p/Z4EyZOv/1024x1024.jpg"
Raved Tafelzeil – 140 cm x 100 cm – Wilde Bloemen Roze – Katoen – Waterafstotend – Uitwasbaar,,9503888272435,Tafellaken,,"<p>Geef je tafel direct een bloeiende upgrade met dit <strong>waterafstotende katoenen tafelzeil</strong> in een vrolijke <strong>wilde bloemen-print op roze achtergrond</strong>. Dankzij de <strong>uitwasbare afwerking</strong> bescherm je jouw tafel moeiteloos tegen vlekken en morsen — stijl en gemak in één.</p> <p>Maak van elke maaltijd een stijlvol moment met het <strong>primair zoekwoord: tafelzeil</strong> — het stijlvolle en functionele accessoire voor een gastvrije tafeldressing. Het merk Raved brengt met dit tafelzeil een prachtige combinatie van design en praktische bescherming.</p> <h3>Een feest voor je tafel</h3> <p>Het tafelzeil is vervaardigd van hoogwaardig <strong>materiaal: katoen</strong> dat is behandeld met een <strong>waterafstotende laag</strong>. Hierdoor vormen gemorste drankjes en vlekken geen bedreiging meer voor je houten tafel of tafellaken. De zachte <strong>kleur: roze</strong> in combinatie met een <strong>wilde bloemen-print</strong> zorgt voor een vrolijke en natuurlijke sfeer — perfect voor zowel een gezellige lunch als een zomerse tuinborrel. Bij aankoop voeg je direct flair toe aan je eetruimte.</p> <h3>Duurzaam gebruik & gemak</h3> <p>Dankzij de <strong>uitwasbare afwerking</strong> kun je het zeil eenvoudig schoonmaken — even afnemen of, indien nodig, wassen. Door deze onderhoudsvriendelijkheid geef je je tafel jarenlang bescherming, en vermijd je constant schrikken van nieuwe vlekken of slijtage. Zo houd je meer tijd over voor het samenzijn en minder voor onderhoud.</p> <h3>Voor binnen én buiten</h3> <p>Het ontwerp is veelzijdig. Gebruik het op de eettafel, op een tuintafel of een gezellige picknicktafel. Dankzij de waterafstotende werking is het geschikt voor verschillende omstandigheden — van spontane familiediners tot buiten doorgebrachte zomeravonden. Geen stress meer over weer of morsen, gewoon genieten.</p> <h3>Waarom kiezen voor dit model?</h3> <ul> <li> <p><strong>USP 1: waterafstotend</strong> – optimale bescherming tegen vocht en morsen.</p> </li> <li> <p><strong>USP 2: uitwasbaar</strong> – eenvoudig te reinigen en herbruikbaar.</p> </li> <li> <p><strong>USP 3: stijlvol wilde bloemen-design</strong> – brengt direct sfeer en aandacht naar je tafel.<br />Daarnaast kies je met katoen voor een natuurlijke textuur die luxe uitstraalt, in plaats van standaard plastic tafelkleden.</p> </li> </ul> <h3>Let op: maatvoering</h3> <p>Het product is beschikbaar in maat <strong>140 cm</strong> breed (lengte variabel) wat ideaal is voor de meeste rechthoekige tafels. Controleer de gewenste lengte voor jouw tafel zodat het optimaal past.</p> <p>Stap over van praktisch naar stijlvol — maak je tafel klaar voor zowel dagelijks gebruik als bijzondere momenten. <strong>Klik op ‘in winkelwagen’</strong> en geef je tafel direct een nieuwe bloeiende look met bescherming die je niet ziet, maar wel voelt.</p>",1.0,stuk(s),Roze,Katoen; Polyester,Raved,100.0,cm,N,,Tafelzeil,Rechthoek,N,N,,,N,,,3 maanden,,,,,N,,,Gebloemd,140.0,cm,2.0,kg,,Bloemen,Geen,26.0,cm,3.0,cm,37.0,cm,2.0,kg,1 tafelzeil,Voor binnen & buiten,Afnemen met een natte doek,1.xlsx,,,,,,,,,,,,,,,"https://media.s-bol.com/mj91pLOg70E3/4xzz5R6/124x60.jpg,https://media.s-bol.com/mj91pLOko6Gn/4xzz5R6/124x105.jpg,https://media.s-bol.com/kL0YnJ8N6KBY/4xzz5R6/1024x1024.jpg,https://media.s-bol.com/3XxznoQJP7V9/4xzz5R6/124x110.jpg,https://media.s-bol.com/nk92qMxjGmzp/4xzz5R6/124x112.jpg,https://media.s-bol.com/8NDGvw1g5xgl/4xzz5R6/1024x1024.jpg,https://media.s-bol.com/mj91pLYQmEZn/4xzz5R6/124x90.jpg"
Raved Tafelzeil - 160 Ø cm Rond - Tropische Bloemen Roze - PVC - Afwasbaar - Extra sterk - Beschermrand,,9506265415432,Tafellaken,,"<p>Geef jouw tafel direct een stijlvolle update én betrouwbare bescherming met dit <strong>extra sterke, afwasbare PVC-tafelzeil</strong> in vrolijk tropisch bloemenmotief. Perfect voor wie gemak zoekt én een vrolijke woonstijl.</p> <p>Geef jouw eet- of tuintafel die verzorgde uitstraling waar je al zo lang naar op zoek bent. Met dit <strong>tafelzeil</strong> van het merk <strong>Raved</strong> kies je voor combinatie van uitstraling én functionaliteit. Dit 160 cm ronde model is uitgevoerd in <strong>duurzaam PVC-materiaal</strong> en voorzien van een vrolijke <strong>tropische bloemenprint in roze tinten</strong>, waardoor je tafel meteen een sfeervolle upgrade krijgt.</p> <h3>Bescherming én stijl in één</h3> <p>Het <strong>PVC-tafelzeil</strong> biedt robuuste bescherming tegen vlekken, krassen en vocht—ideaal voor gezinnen met kinderen, bij het ontbijt, lunchen of gezellige diners. Dankzij de slimme <strong>beschermrand</strong> en de aanduiding <strong>extra sterk</strong> weet je zeker dat dit tafelzeil bestand is tegen intensiever gebruik. Daarnaast maakt het vrolijke bloemenpatroon jouw interieur of tuinset direct gezelliger—een slimme combinatie van praktisch én decoratief.</p> <h3>Praktisch onderhoud en veelzijdig gebruik</h3> <p>Dankzij het materiaal kun je het tafelzeil eenvoudig <strong>afnemen met een vochtige doek</strong> of spons—geen gedoe met wassen of strijken. Hierdoor bespaar je tijd én moeite. Dit maakt het product bijzonder geschikt voor dagelijks gebruik, zowel binnen als buiten (controleer of jouw uitvoering geschikt is voor buitengebruik). Het afwasbare oppervlak zorgt ervoor dat gemorste drank of etensrestjes geen blijvende sporen achterlaten.</p> <h3>Details die het verschil maken</h3> <ul> <li> <p><strong>Merk:</strong> Raved</p> </li> <li> <p><strong>Maat:</strong> 160 cm rond (Ø)</p> </li> <li> <p><strong>Kleur/design:</strong> roze tropische bloemenprint</p> </li> <li> <p><strong>Materiaal:</strong> PVC</p> </li> <li> <p><strong>Extra eigenschap:</strong> extra sterk, beschermrand</p> </li> <li> <p><strong>Onderhoud:</strong> eenvoudig afnemen / afwasbaar</p> </li> </ul> <h3>Waarom kiezen voor dit tafelzeil?</h3> <p>Stel je voor: een strakke tafelblad zonder vlekken, kinderen die zorgeloos spelen terwijl je geniet van je koffie, een buitenplek die direct uitnodigt — dit tafelzeil maakt het mogelijk. Kies je voor gemak en stijl dan kies je hier precies voor wat je zoekt. Laat slijtage, hardnekkige vlekken of loslatende randen achter je en investeer in een product dat jouw tafel beschermt én verrijkt.</p> <p><strong>Wil je jouw tafel transformeren naar een stijlvolle en beschermde leefplek? Klik dan op ‘Toevoegen aan winkelwagen’ en kies voor betrouwbaarheid én plezier.</strong></p>",1.0,stuk(s),Roze,PVC,Raved,160.0,cm,N,,Tafelzeil,Rond,Y,N,,,N,160.0,cm,Geen fabrieksgarantie,,,,,N,,,Overig,160.0,cm,0.2,kg,,"Gebloemd ,Tropisch, botansiche print",,20.0,cm,3.0,cm,30.0,cm,0.2,kg,tafelzeil rond 160 cm,Voor binnen & buiten,Afnemen met een natte doek,1.xlsx,,,,,,,,,,,,,,,https://media.s-bol.com/goR715JVZM9Y/483oVOg/550x550.jpg
Raved Tafelzeil 140 cm x 100 cm – Grote Bladeren – Groen – PVC – Afwasbaar,,9503831942194,Tafellaken,,"<p>Geef je eetplek direct een frisse, natuurlijke uitstraling met dit <strong>afwasbare PVC-tafelzeil</strong> in een mooi <strong>groen bladmotief</strong>. Dankzij de <strong>grote bladerenprint</strong> en de eenvoudige reiniging ben je binnen én buiten verzekerd van stijl zonder concessies.</p> <p>Ontdek het stijlvolle en praktische tafeltextiel — het <strong>primair zoekwoord</strong> hier is <strong>tafelzeil</strong> — van Raved: het prachtige tafelzeil met <strong>grote bladerenprint</strong> in <strong>groen</strong>, uitgevoerd in <strong>PVC</strong> waardoor hij eenvoudig schoon te maken is en geschikt voor zowel binnen als buiten.</p> <h3>Sfeervolle bladprint voor elke tafel</h3> <p>Met het Raved tafelzeil creëer je een uitnodigende tafelsetting: het levendige bladmotief brengt meteen de natuur binnen of verbindt je terras met de buitenlucht. De combinatie van de <strong>groene kleur</strong> en het uitgesproken bladerdessin geeft een speels én stijlvol accent aan jouw interieur of buitenplek. Wil je een gezellige brunch, een zonovergoten lunch op het balkon of een ontspannen avondeten buiten? Dit tafelzeil past daar perfect bij.</p> <h3>Bescherming én gemak in één</h3> <p>Het tafelzeil is vervaardigd van <strong>PVC</strong>, wat zorgt voor een glad en robuust oppervlak dat tegen een stootje kan. Gemorst? Geen probleem: je neemt het simpel met een vochtige doek af — dit onderhoudsgemak is een belangrijk <strong>USP</strong>. Bovendien verloopt het motief door tot aan de rand, wat zorgt voor een verzorgde en complete uitstraling.</p> <h3>Voor binnen én buiten</h3> <p>Kies je voor een eetkamer, keuken, tuintafel of veranda? Dankzij de veelzijdigheid is dit tafelzeil geschikt voor verschillende gebruikssituaties. Houd er wel rekening mee dat voor langdurige buitenstelling (intensieve zon, harde wind) enige bescherming van de kleur kan helpen — de rijke groen­tinten blijven het mooist als ze niet continu vol in de zon liggen.</p> <h3>Specificaties op een rij</h3> <ul> <li> <p>Materiaal: PVC (duurzaam, water- en vlekresistent)</p> </li> <li> <p>Kleur: groen met grote bladerenmotief</p> </li> <li> <p>Onderhoud: afnemen met een vochtige doek, niet in de wasmachine</p> </li> <li> <p>Gebruik: geschikt voor tafelbescherming, binnen & buiten</p> </li> <li> <p>Brandmerk: Raved</p> </li> </ul> <h3>Waarom kiezen voor dit tafelzeil?</h3> <ul> <li> <p><strong>Stijlvol motief</strong>: grote bladeren zorgen voor een natuurlijke, frisse look.</p> </li> <li> <p><strong>Onderhoudsgemak</strong>: PVC + afwasbaar oppervlak zorgt voor zorgeloos gebruik, juist handig bij gezinnen met kinderen of buitenmaaltijden.</p> </li> <li> <p><strong>Veelzijdigheid</strong>: geschikt voor diverse tafels, binnen of onder de pergola.</p> </li> <li> <p><strong>Bescherming</strong>: je tafel is beschermd tegen vlekken, vocht en lichte slijtage — verlies het risico op beschadiging niet.</p> </li> </ul> <h3>Call to action</h3> <p>Verander je tafel in een sfeervolle blikvanger en geniet iedere dag opnieuw van een frisse uitstraling. Bestel vandaag het Raved tafelzeil met groene grote bladerenprint en ervaar direct de perfecte combinatie van design én praktisch gemak! Klik op de knop en maak van iedere maaltijd een moment vol stijl.</p>",1.0,stuk(s),Wit; Donker Groen; Groen,PVC,Raved,100.0,cm,N,,Tafelzeil,Rechthoek,N,N,,,N,0.0,cm,2 maanden,,,,,N,,,Gebloemd,140.0,cm,0.3,kg,,Bloemen,0657452723,26.0,cm,3.0,cm,37.0,cm,0.2,kg,Afnemen met een natte doek,Voor binnen & buiten,Afnemen met een natte doek,1.xlsx,,,,,,,,,,,,,,,"https://media.s-bol.com/JB6lkK2Zkmmy/LgmGDJ4/1024x1024.jpg,https://media.s-bol.com/PLNrqK9ZLm66/LgmGDJ4/1024x1024.jpg,https://media.s-bol.com/YmKPrNv612RO/jR0rWxP/124x105.jpg,https://media.s-bol.com/r1kXWqNyg0BL/LgmGDJ4/124x111.jpg,https://media.s-bol.com/XWDnBX0oWxYV/LgmGDJ4/124x40.jpg,https://media.s-bol.com/k1RDWjVGYDmN/LgmGDJ4/1024x1024.jpg,https://media.s-bol.com/VROlz2kPRpJo/LgmGDJ4/1024x1024.jpg"
Raved Rond Tafelzeil - 160 cm ø - Boerenruit Rood - PVC - Afwasbaar,,9507261448738,Tafellaken,,"<p>Bescherm uw tafel stijlvol met dit <strong>ronde PVC-tafelzeil Ø 160 cm</strong> in een trendy <strong>boerenruit patroon</strong>. Dankzij het <strong>afwasbare materiaal</strong> creëert u direct een gezellige tafelsetting én kiest u voor slimme bescherming tegen vlekken en kringen.</p> <p>Breng sfeer én functionaliteit samen met het <strong>primair zoekwoord “tafelzeil”</strong> en wel in de vorm van dit elegante ronde model van het merk <strong>Raved</strong>.</p> <h3>Bescherm en verfraai uw tafel met gemak</h3> <p>Met een diameter van Ø 160 cm is dit tafelzeil perfect voor een ronde tafel en zorgt het voor een mooie overhang – wat niet alleen elegant oogt, maar ook de randen van uw tafel beschermt tegen slijtage of ongelukjes. Het <strong>materiaal PVC</strong> is speciaal gekozen voor zijn veerkracht, waterbestendigheid en eenvoudige onderhoud: u hoeft slechts even af te nemen met een vochtige doek om hem weer netjes te hebben. De combinatie van <strong>boerenruit-patroon</strong> en past moeiteloos in zowel landelijke als hedendaagse interieurs én buitenopstellingen.</p> <h3>Binnen én buiten gebruik</h3> <p>Of u nu een gezellige familie-lunch binnen organiseert of een zomerse borrel buiten op het terras – dit tafelzeil is geschikt voor beide situaties. Dankzij het afwasbare vermogen en het onderhoudsgemak is het ideaal voor gezinnen met kinderen, huisdieren of frequent gebruik. Natuurlijk: bij langdurige blootstelling aan fel zonlicht adviseren we het zeil naar binnen te halen om verkleuring te voorkomen.</p> <h3>Waarom kiezen voor dit tafelzeil?</h3> <ul> <li> <p><strong>Stijlvolle bescherming</strong>: het ruit-patroon geeft direct sfeer en is bovendien tijdloos.</p> </li> <li> <p><strong>Praktisch materiaal</strong>: PVC zorgt ervoor dat vloeistoffen niet direct intrekken, vlekken zijn eenvoudig weg te vegen.</p> </li> <li> <p><strong>Direct klaar voor gebruik</strong>: u hoeft geen tafelkleden te wassen of strijken – gewoon uitrollen en genieten.</p> </li> <li> <p><strong>Merkvertrouwen</strong>: Raved staat bekend om praktische én mooie tafelkleden/zeilen.</p> </li> </ul> <h3>Onderhoud en aandachtspunten</h3> <p>Veeg het zeil regelmatig schoon met een zachte doek en milde zeep. Vermijd agressieve schoonmaakmiddelen of een schuurspons die het oppervlak kan beschadigen. Voor buitenshuis gebruik: rol het op en berg het uit de regen of direct zonlicht wanneer u geen gebruik maakt – zo behoudt u kleur en kwaliteit.</p> <h3>Call to action</h3> <p>Verwen uw tafel vandaag nog met een slimme én stijlvolle oplossing: kies nu voor dit <strong>afwasbare PVC tafelzeil Ø 160 cm met boerenruit patroon</strong> en geniet van een nette, sfeervolle tafel – elke dag opnieuw!</p>",1.0,stuk(s),Donkerblauw,PVC,Raved,160.0,cm,N,,Tafelzeil,Rond,N,N,,,N,140.0,cm,2 maanden,,,,,N,,,Geruit,160.0,cm,0.5,kg,,Ruitjes,0657452723,26.0,cm,3.0,cm,37.0,cm,0.0,kg,1 stuk,Voor binnen & buiten,Afnemen met een natte doek,1.xlsx,,,,,,,,,,,,,,,"https://media.s-bol.com/G0Z74ZAkEjJ7/KOlN1V8/1024x1024.jpg,https://media.s-bol.com/QM1q41XpyO2q/KOlN1V8/1024x1024.jpg,https://media.s-bol.com/MGjm4jXPPDwA/KOlN1V8/124x113.jpg,https://media.s-bol.com/Ewl74lygB5Ev/KOlN1V8/1024x1024.jpg,https://media.s-bol.com/r10NO0pWqomE/KOlN1V8/124x40.jpg,https://media.s-bol.com/xgGNXGyWzmkn/KOlN1V8/1024x1024.jpg,https://media.s-bol.com/PL1p41GoxY9l/KOlN1V8/1024x1024.jpg"
Raved Tafelzeil Takken  140 cm x  200 cm - Groen - PVC - Afwasbaar,,9509339866628,Tafellaken,,"<p><strong>De tafelkleden van Raved zijn veelzijdig en brengen sfeer in huis. Onze Tafelkleden/Tafelzeilen/Tafelzeilen zijn zowel verkrijgbaar in vrolijke motieven en prints, als in mooie effen kleuren. Een Toile cirée van Raved is ook nog eens erg praktisch en beschermt je tafel tegen geknoei of brandplekken door hete pannen. Zo schuift iedereen met een gerust hart aan!</strong></p> <h3>Voor binnen & buiten</h3> <p>Dit Tafelkleed/Tafelzeil is geschikt voor zowel binnen als buiten. Let er wel op dat je het kleed naar binnen haalt als het regent. dit voorkomt namelijk verkleuring en verwering. Na gebruik is het kleed eenvoudig af te nemen met een vochtige doek en kan het weer de kast in. voor een volgend gebruik!</p> <h3>Bloemen design</h3> <p>Dit tafelkleed/tafelzeil, met een bloemen/takken print en neutrale kleuren, past perfect bij ieder interieur. Het ontwerp bestaat uit witte bloemen/takken op een sand ondergrond. Het geeft de tafel een rustige en moderne uitstraling en sfeer aan uw interieur. </p> <h3>Specificaties:</h3> <p> Materiaal: PVC / plastic <br /> Afmetingen: 280 x 140 cm <br /> Kleur: Groen / groen<br /> Inhoud: 1 stuk<br /> Fabrikant: Wicotex / 2Lif<br /> Onze tafelzijlen zijn geschikt voor jong en oud. Of je nu gezellig een avondje met vrienden of familie aan tafel schuift of kinderen hebt die graag knutselen en knoeien. je tafel kan alles aan!</p> <p>Raved, ook wel bekend als Raved Musthaves, verkoopt zowel praktische als mooie items! Onze artikelen worden zorgvuldig geselecteerd voor de beste kwaliteit. Van prachtige tafelkleden tot de mooiste muurdecoratie: bij Raved kunt u altijd terecht!</p>",1.0,stuk(s),Groen,PVC,Raved,200.0,cm,N,,Tafelzeil,Rechthoek,N,N,,,N,,,3 maanden,,,,,N,,,Geruit,140.0,cm,2.0,kg,,Planten en bladeren,Geen,26.0,cm,3.0,cm,37.0,cm,2.0,kg,1x Tafelzeil,Voor binnen & buiten,Machinewas 30 °C,1.xlsx,,,,,,,,,,,,,,,"https://media.s-bol.com/lmxN4pgGZxKM/yKvAm7/124x105.jpg,https://media.s-bol.com/Em9X7mlBBx1m/W24mo4/1024x1024.jpg,https://media.s-bol.com/nPmNDl3WyJDR/JJynkP/124x110.jpg,https://media.s-bol.com/vzlr4jvVnZoL/yKvAm7/1024x1024.jpg,https://media.s-bol.com/mnOg4EjJ1OLG/yKvAm7/124x112.jpg,https://media.s-bol.com/kl8N4oLEY8J6/yKvAm7/124x89.jpg,https://media.s-bol.com/6vmBQw2721Bl/BkA6P2/124x61.jpg"
Raved Tafelzeil 140x220 cm - Geel Groen Citroentjes - PVC - Afwasbaar,,9506242718884,Tafellaken,,"<p>Breng direct <strong>zomerse gezelligheid</strong> op tafel met dit Raved tafelzeil. Het frisse <strong>citroendesign</strong> zorgt voor sfeer, terwijl het <strong>PVC-materiaal afwasbaar en onderhoudsvriendelijk</strong> is. Ideaal voor dagelijks gebruik, tuinfeesten en barbecues.</p> <h3>Voeg kleur en gemak toe aan je tafel</h3> <p>Met het <strong>Raved tafelzeil</strong> geniet je elke dag van een frisse, zomerse uitstraling aan tafel. Het vrolijke <strong>geel-groene citroenmotief</strong> zorgt voor instant gezelligheid, of je nu met het gezin eet, vrienden uitnodigt voor een barbecue of buiten dineert op een warme zomeravond.</p> <h3>Praktisch & stijlvol</h3> <p>Het tafelzeil is gemaakt van <strong>hoogwaardig PVC</strong>, waardoor het <strong>100% afwasbaar</strong> en eenvoudig schoon te houden is. Even afnemen met een vochtige doek en je tafel ziet er weer perfect uit. Geen gedoe meer met hardnekkige vlekken of het steeds moeten wassen van katoenen tafelkleden – dit zeil is de praktische oplossing waar je naar zocht.</p> <h3>Perfect voor binnen én buiten</h3> <p>Of je nu je eettafel in de keuken wilt beschermen of een sfeervol accent zoekt voor je tuintafel, dit tafelzeil past overal. ideaal voor rechthoekige tafels en biedt voldoende overhang voor een nette, stijlvolle uitstraling. Dankzij het sterke materiaal blijft het mooi liggen en is het bestand tegen intensief gebruik.</p> <h3>Waarom kiezen voor dit Raved tafelzeil?</h3> <ul> <li> <p><strong>Afwasbaar PVC-materiaal</strong> – schoon in één veeg</p> </li> <li> <p><strong>Zomers citroendesign</strong> – brengt kleur en vrolijkheid in huis of tuin</p> </li> <li> <p><strong>Geschikt voor dagelijks gebruik én feestjes</strong></p> </li> <li> <p><strong>Duurzaam en onderhoudsvriendelijk</strong> – gaat lang mee</p> </li> </ul> <h3>Een slimme keuze</h3> <p>Veel klanten kiezen tegenwoordig voor een <strong>PVC tafelzeil</strong> omdat het hygiënisch, praktisch en duurzaam is. Je bespaart tijd en moeite, terwijl je tafel altijd beschermd blijft tegen krassen, vlekken en vocht. Met het frisse citroenmotief voeg je bovendien een decoratief element toe dat past bij zowel een moderne als landelijke woonstijl.</p> <p><strong>Bestel vandaag nog dit Raved tafelzeil en ervaar het gemak én de gezelligheid die het aan tafel brengt.</strong></p>",1.0,stuk(s),Geel,PVC,Raved,220.0,cm,N,,Tafelzeil,Rechthoek,N,N,,,N,,,3 maanden,,,,,N,,,Overig,140.0,cm,2.0,kg,,Watermeloen,Geen,26.0,cm,3.0,cm,37.0,cm,2.0,kg,1 stuk,Voor binnen & buiten,Afnemen met een natte doek,1.xlsx,,,,,,,,,,,,,,,"https://media.s-bol.com/j1RJXk5xvgRP/Y6DxqJ9/1024x1024.jpg,https://media.s-bol.com/m5ZX1n8DLKQG/Y6DxqJ9/1024x1024.jpg,https://media.s-bol.com/G06K12WnmzGL/Y6DxqJ9/124x106.jpg,https://media.s-bol.com/NJk1l2Wk36nD/Y6DxqJ9/1024x1024.jpg,https://media.s-bol.com/MG8Bk2WDv5y3/Y6DxqJ9/124x40.jpg,https://media.s-bol.com/q1x8gr6JLkor/Y6DxqJ9/1024x1024.jpg"
Raved Tafelzeil - 140 cm Rond - Getekende Takken Groen - Uitwasbaar - Extra sterk -,,9504949545567,Tafellaken,,"<p>Geef je tafel direct een stijlvolle én beschermende upgrade met dit <strong>afwasbare PVC tafelzeil</strong> van Raved in een elegant <strong>groen takken-dessin</strong>. Dankzij de <strong>extra sterke beschermrand</strong> beschermt hij je tafel tegen vlekken, krassen en vocht – zonder concessies te doen aan design.</p> <p>Breng het stijlvolle en praktische samen met het <strong>primair zoekwoord “tafelzeil”</strong> en kies voor zekerheid aan tafel. Dit tafelzeil van het gerenommeerde merk <strong>Raved</strong> is uitgevoerd in hoogwaardig <strong>PVC</strong> en uitgevoerd in een fris <strong>groen getekende takken-dessin</strong>. Dankzij de maat <strong>140 cm rond</strong> is het speciaal geschikt voor ronde tafels – ideaal voor een eethoek, keuken of tuintafel.</p> <h3>Bescherming én stijl</h3> <p>Heb je ooit vlekken gehad van rode biet, tomatensaus of een onuitwisbare kring van een kopje? Met dit tafelzeil heb je daar geen zorgen meer over. Het <strong>afwasbare oppervlak</strong> maakt schoonmaken supersimpel: één veeg met een vochtige doek en je tafel is weer schoon. De <strong>extra sterke beschermrand</strong> zorgt dat randen niet snel rafelen of loskomen, waardoor je lange tijd profiteert van een nette uitstraling.</p> <h3>Materiaal & gebruik</h3> <p>Het gekozen materiaal, <strong>PVC</strong>, is robuust, water- en vlekbestendig en biedt betrouwbare bescherming tegen dagelijks gebruik. Het motief met groene takken voegt subtiel een natuurlijke sfeer toe aan je interieur – zowel binnen als buiten. Ideaal voor gezellige diners, rustige koffiemomenten of speelplezier met kinderen aan tafel. Let wel op: kleuren van intensieve voedingsmiddelen (zoals kerrie, rode biet, rode kool) kunnen in bepaalde materialen trekken — daarom raden we aan gemorst voedsel direct af te nemen. </p> <h3>Voor wie & wanneer</h3> <p>Dit tafelzeil is perfect voor gezinnen, enthousiaste thuiskoks, terrasgebruikers of iedereen die waarde hecht aan een verzorgde tafel zonder intensief onderhoud. Dankzij de neutrale maar stijlvolle combinatie van groen en takkenprint past het in moderne, Scandinavische of botanische interieurs. En omdat hij afwasbaar is, mag hij gerust geselecteerd worden voor intensief gebruik – van spelletjesavond tot verjaardagslunch.</p> <h3>Waarom kiezen voor deze versie?</h3> <ul> <li> <p><strong>Afwasbaar & gemakkelijk schoon te maken</strong> – minder stress, meer genieten.</p> </li> <li> <p><strong>Extra sterke beschermrand</strong> – langdurige kwaliteit.</p> </li> <li> <p><strong>Elegant takken-dessin in groen</strong> – beschermt je tafel én geeft sfeer.</p> </li> <li> <p><strong>Robuust PVC-materiaal</strong> – bestand tegen vlekken, vocht en druk.</p> </li> <li> <p><strong>Gerichte maat 140 cm rond</strong> – sluit netjes aan op ronde tafels.</p> </li> </ul> <h3>Maak je tafel moment compleet</h3> <p>Laat je eettafel of tuintafel stralen van dag tot avond, zonder concessies te doen aan functioneel gemak. Wacht niet tot de tafel opknapt door slijtage of vlekken – investeer vandaag in bescherming en stijl. Klik op de bestelknop en geef je tafel de upgrade die ‘ie verdient.</p>",1.0,stuk(s),Licht Groen,PVC,Raved,140.0,cm,N,,Tafelzeil,Rond,Y,N,,,N,140.0,cm,Geen fabrieksgarantie,,,,,N,,,Gebloemd,140.0,cm,0.2,kg,,Fruit / Gebloemd,,20.0,cm,3.0,cm,30.0,cm,0.2,kg,tafelzeil rond 140 cm,Voor binnen & buiten,Afnemen met een natte doek,1.xlsx,,,,,,,,,,,,,,,"https://media.s-bol.com/qWNgYgj3ymgk/xkjGAEB/124x99.jpg,https://media.s-bol.com/oWL3Q3YqE1AB/xkjGAEB/1024x1024.jpg,https://media.s-bol.com/lWGZ5ZOnAn61/xkjGAEB/124x90.jpg,https://media.s-bol.com/jWDXqX23oklP/xkjGAEB/1024x1024.jpg"
Raved Tafelzeil 140×140 cm – Delfts Tegels – Beige/Blauw – PVC – Afwasbaar,,9507714352186,Tafellaken,,"<p>Breng direct sfeer aan tafel met dit <strong>stijlvolle en praktisch afneembare</strong> tafelzeil van met authentiek <strong>Delfts Tegels-motief</strong>. Dankzij het <strong>hoogwaardige PVC-materiaal</strong> en de <strong>afwasbare kwaliteit</strong> is jouw tafel beschermd én mooi, zowel binnen als buiten.</p> <p>Maak van iedere maaltijd of bijeenkomst een moment om naar uit te kijken met het <strong>premium tafelzeil</strong> van Raved met <strong>Delfts Tegels-design</strong>. Dit tafelzeil combineert <strong>stijlvol Hollands motief</strong>, functioneel materiaalgebruik en slimme onderhoudsvriendelijkheid – precies wat je zoekt wanneer je tafel er zowel mooi uit moet zien als praktisch in gebruik moet zijn.</p> <h3>Waarom kiezen voor dit tafelzeil?</h3> <p>Met het <strong>primair zoekwoord “tafelzeil”</strong> in gedachten: dit model is ideaal voor wie een tafel al voldoende aandacht geeft en zoekt naar een oplossing voor knoeien, hitteplekken of verkleuring. Het klassieke <strong>Delfts Tegels-patroon</strong> in beige/­blauw voegt direct landelijke charme toe aan je eetkamer, serre of buitenruimte. Omdat het van <strong>materiaal PVC</strong> is gemaakt, zit je nooit met stof of vervelende stof‐nesten: vlekken neem je eenvoudig af met een vochtige doek – geen gedoe meer met grote wasbeurten of vervangingen.</p> <h3>Specificaties & toepassingen</h3> <ul> <li> <p><strong>Materiaal</strong>: sterk PVC – waterafstotend en bestand tegen knoeien, kringen en algemene slijtage.</p> </li> <li> <p><strong>Kleur/Design</strong>: beige basis met blauw Delfts Tegels-motief – passend bij zowel een landelijk interieur als een frisse buitenlook.</p> </li> <li> <p><strong>Gebruik</strong>: voor binnen en buiten – let op: bij regen of langdurig buitengebruik liever binnen opbergen om verkleuring of slijtage te voorkomen. </p> </li> <li> <p><strong>Onderhoud</strong>: eenvoudig afnemen i.p.v. wassen – zo blijft je tafel altijd uitnodigend en netjes.</p> </li> </ul> <h3>Voordelen voor jou</h3> <ul> <li> <p>Beschermt je tafel tegen hitte, vocht en kringen – zodat je je tafel behoudt in nieuwstaat.</p> </li> <li> <p>Creëert direct een sfeervol tafelbeeld – je hoeft nauwelijks extra styling toe te voegen.</p> </li> <li> <p>Gemakkelijk in gebruik – ideaal voor gezinnen, buitengebruik of als je weinig tijd hebt voor onderhoud.</p> </li> <li> <p>Duurzaam en stijlvol – het ontwerp is tijdloos genoeg om seizoen na seizoen te blijven passen.</p> </li> </ul> <h3>Verlies-aversie & sociale bewijskracht</h3> <p>Stel je voor: je kinderen spelen aan tafel, gasten schuiven aan … en binnen een minuut is er geknoeid. Met dit tafelzeil hoef jij je geen zorgen te maken. Twee tevreden klanten geven een gemiddelde score van 5,0 sterren – “Mooi design, soepel materiaal” en “Heel mooi tafelkleed en een fantastische service”. <br />Waarom wachten tot je tafel beschadigd is?</p> <h3>Call-to-action</h3> <p>Maak indruk én werk efficiënt: kies voor dit <strong>Raved tafelzeil met Delfts Tegels-print</strong> en geef je tafel direct de bescherming én uitstraling die het verdient. Voeg ‘m vandaag nog toe aan je winkelwagen – jouw tafel zal je dankbaar zijn!</p>",1.0,stuk(s),Blauw; beige,PVC,Raved,140.0,cm,N,,Tafelzeil,Rechthoek,N,N,,,N,,,3 maanden,,,,,N,,,Geruit,140.0,cm,2.0,kg,,Ruitjes,Geen,26.0,cm,3.0,cm,37.0,cm,2.0,kg,1 stuk,Voor binnen & buiten,Machinewas 30 °C,1.xlsx,,,,,,,,,,,,,,,https://media.s-bol.com/BqBEpjp7GOjx/98vB3XD/550x550.jpg
Raved Tafelzeil 140 cm x 240 cm – Jungle Groen – PVC - Afwasbaar,,9506989116356,Tafellaken,,"<p>Ontdek het <strong>stijlvolle & functionele</strong> tafelzeil van Raved: met een levendig jungle-motief in groen en de praktische <strong>PVC-bovenlaag die simpel met een vochtige doek afneembaar is</strong>. Ideaal voor binnen en buiten — creëer direct een sfeervolle tafel én bescherm je meubels moeiteloos.</p> <p>Breng een frisse, tropische vibe in huis of buiten met het <strong>primair zoekwoord</strong> tafelzeil jungle groen — dit prachtige product van het merk <strong>Raved</strong> is gemaakt van stevig <strong>PVC-materiaal</strong> en heeft twee grote <strong>USP’s</strong>: <strong>afwasbaar gemak</strong> en <strong>all-round bescherming</strong> voor tafeloppervlakken.</p> <h3>Waarom dit tafelzeil?</h3> <ul> <li> <p><strong>Bescherming & gemak</strong><br />Dankzij de robuuste PVC-laag is dit tafelzeil vlek- en vochtbestendig — kruimels, drankjes of kids die mor­sen? Geen probleem, gewoon een vochtige doek en klaar is kees.</p> </li> <li> <p><strong>Sfeervol design</strong><br />Het jungle-motief in groen brengt direct leven op je tafel: ideaal voor zowel een gezellig etentje in huis als een ontspannen tafel op het terras. Het product is geschikt voor binnen én buiten: “voor binnen & buiten” zoals vermeld door de fabrikant. </p> </li> <li> <p><strong>Slim materiaal</strong><br />Het gekozen materiaal PVC biedt zowel bescherming tegen brandplekken (door bijvoorbeeld hete pannen) als tegen slijtage. Zoals de productbeschrijving aangeeft: “beschermd je tafel tegen geknoei of brandplekken door hete pannen”. </p> </li> <li> <p><strong>Veel gebruiksmogelijkheden</strong><br />Of je nu een gezin hebt, regelmatig gasten over de vloer ontvangt of vaak buiten eet — dit tafelzeil maakt je leven gemakkelijker. Uitermate geschikt voor dagelijkse maaltijden, brunches of gezellige zomerdagen in de tuin.</p> </li> </ul> <h3>Specificaties & aandachtspunten</h3> <ul> <li> <p>Merk: <strong>Raved</strong></p> </li> <li> <p>Materiaal: <strong>PVC</strong> (gemakkelijk afneembaar)</p> </li> <li> <p>Kleur: <strong>Groen</strong> met jungle-print</p> </li> <li> <p>Gebruik: Voor zowel binnen- als buitengebruik. Wel aanbevolen om bij regen eventueel binnen te halen om verkleuring en verwering te voorkomen. </p> </li> </ul> <h3>Onderhoud & praktische tips</h3> <ul> <li> <p>Veeg het tafelzeil regelmatig schoon met een vochtige doek — geen machine-was nodig.</p> </li> <li> <p>Trekt u veel buiten? Haal het bij slechter weer even naar binnen om de levensduur te verlengen (kleurbehoud).</p> </li> <li> <p>Voor extra bescherming: gebruik eventueel placemats of pannenonderzetters — al is het zeil al ontworpen om brandplekken te weerstaan.</p> </li> <li> <p>Leg de lengte iets over de rand voor een nette uitstraling en eenvoudige montage.</p> </li> </ul> <h3>Verliesaversie & overtuiging</h3> <p>Stel je voor: een avond met vrienden in de tuin, pannen worden verschoven, glaasjes worden weer bijgevuld — maar jouw tafel blijft onbeschadigd dankzij dit tafelzeil. Of: je had nét die nieuwe tafel gekocht, en dit tafelzeil voorkomt dat vlekken of krassen je investering in gevaar brengen. Kies voor zekerheid én stijl.</p> <h3>Call-to-action</h3> <p>Gun je tafel de uitstraling <strong>én</strong> bescherming die hij verdient — klik op ‘in winkelwagen’ en leg nu dit tafelzeil van Raved in je huis of buitenruimte. Maak van je tafel opnieuw een statement — koop vandaag nog!</p>",1.0,stuk(s),Wit; Goen,PVC,Raved,240.0,cm,N,,Tafelzeil,Rechthoek,N,N,,,N,,,3 maanden,,,,,N,,,Gebloemd,140.0,cm,2.0,kg,,Bloemen,Geen,26.0,cm,3.0,cm,37.0,cm,2.0,kg,1x Tafelzeil,Voor binnen & buiten,Afnemen met een natte doek,1.xlsx,,,,,,,,,,,,,,,"https://media.s-bol.com/g0JMnGwN9vz9/98vjVVZ/124x122.jpg,https://media.s-bol.com/g0JMnGwzRW59/98vjVVZ/1024x1024.jpg,https://media.s-bol.com/3N1VypZAnQQr/98vjVVZ/124x108.jpg,https://media.s-bol.com/m5ZNYnDjxEMp/98vjVVZ/124x40.jpg,https://media.s-bol.com/g0JMnGwEo7D3/98vjVVZ/1024x1024.jpg,https://media.s-bol.com/j1R60kzDXW2W/98vjVVZ/1024x1024.jpg"
Raved Tafelzeil – 140 cm x 250 cm – Boerenbont Ruit Donker Groen – PVC – Afwasbaar,,9508419691853,Tafellaken,,"<p>Breng direct <strong>sfeervolle landelijke stijl</strong> op tafel met dit <strong>praktische afwasbare PVC tafelzeil</strong> in <strong>Boerenbont ruit Donker Groen</strong>. Binnen én buiten te gebruiken, ideaal voor gezellige etentjes zonder zorgen.</p> <p>Maak van elke tafel een warme en uitnodigende plek met het <strong>primair zoekwoord</strong> <strong>tafelzeil boerenbont</strong>, in de uitvoering van Raved Tafelzeil Boerenbont Ruit Donker Groen. Dit kwaliteits­product van het merk <strong>Raved</strong> combineert een tijdloze <strong>boerenruit groen-wit print</strong> met een praktische, afwasbare <strong>PVC materiaal</strong>-laag – speciaal ontworpen om eenvoudig schoon te maken en geschikt voor dagelijks gebruik.</p> <h3>Gebruik & sfeer</h3> <p>Of u nu gezellig binnen dineert of een zomerse lunch buiten serveert – dit tafelzeil creëert direct een gezellige landelijke uitstraling. Dankzij de kleur <strong>donkergroen met wit ruitpatroon</strong> past het perfect in een interieur met landelijke of boerderijstijl accent. Het is ook ideaal voor gezinnen: kindvriendelijk, knoeibestendig en stijlvol.</p> <h3>Materiaal & onderhoud</h3> <p>Het tafelzeil is vervaardigd uit stevig PVC, wat betekent dat hij bestand is tegen kringen, morsen en vlekken. De onderzijde is vaak voorzien van een non-woven vlieslaag voor extra stabiliteit (zoals vermeld door de fabrikant). U hoeft slechts met een vochtige doek af te nemen: geen ingewikkeld wassen of strijken. Zo bespaart u tijd én houdt u uw tafel beschermd.</p> <h3>Binnen én buiten</h3> <p>Deze versie is geschikt voor zowel binnen als buiten gebruik. Let op: haal het tafelzeil naar binnen of bescherm het bij regen of langdurige blootstelling aan weer en wind om verkleuring en verwering te vermijden – een eenvoudige stap voor langdurig plezier. </p> <h3>Waarom kiezen voor dit tafelzeil?</h3> <ul> <li> <p><strong>Praktisch & onderhoudsvriendelijk</strong>: de PVC-laag is afwasbaar en beschermt uw tafel.</p> </li> <li> <p><strong>Sfeervol design</strong>: boerenbont ruit staat voor rustieke charme en geeft meteen karakter.</p> </li> <li> <p><strong>Merkvertrouwen</strong>: Raved staat bekend om tafeltextiel van goede kwaliteit, dus u koopt minder om opnieuw te moeten kopen.</p> </li> <li> <p><strong>Veelzijdig gebruik</strong>: geschikt voor binnen en buiten – van gezinseten tot picknick of tuinlunch.</p> </li> <li> <p><strong>Risico-vrij gevoel</strong>: geen zorgen meer over vlekken of beschadigingen – uw tafel is veilig.</p> </li> </ul> <h3>Specificaties</h3> <ul> <li> <p>Merk: Raved</p> </li> <li> <p>Materiaal: PVC (bovenlaag)</p> </li> <li> <p>Patroon: Boerenbont Ruit Donker Groen (groen/wit)</p> </li> <li>Gebruik: binnen & buiten, afwasbaar</li> <li> <p>Onderhoud: afnemen met vochtige doek, niet langdurig blootstellen aan regen of zon voor optimale levensduur</p> </li> </ul> <p>Mis deze kans niet om in één stap sfeer én praktisch gemak aan uw tafel toe te voegen. Klik op <strong>“Toevoegen aan winkelwagen”</strong> en transformeer uw eetplek in een uitnodigende landelijke setting. <strong>Bestel vandaag nog</strong> en geniet direct van een stijlvolle tafel waar je met plezier aan gaat zitten.</p>",1.0,stuk(s),Groen,PVC,Raved,250.0,cm,N,,Tafelzeil,Rechthoek,N,N,,,N,,,3 maanden,,,,,N,,,Geruit,140.0,cm,2.0,kg,,Vierkantjes,Geen,26.0,cm,3.0,cm,37.0,cm,2.0,kg,1 tafelzeil,Voor binnen & buiten,Afnemen met een natte doek,1.xlsx,,,,,,,,,,,,,,,"https://media.s-bol.com/j671JB8ZREWY/kp0g4v/124x56.jpg,https://media.s-bol.com/RN68yYpDR5Oz/Z4EGP3Q/1024x1024.jpg,https://media.s-bol.com/oXp1JmYmRwMX/kp0g4v/124x100.jpg,https://media.s-bol.com/xgko01RVx7LP/Z4EGP3Q/124x106.jpg,https://media.s-bol.com/j671JB2BQEQB/kp0g4v/1024x1024.jpg,https://media.s-bol.com/3VBNJ3lo5r1p/kp0g4v/1024x1024.jpg,https://media.s-bol.com/Y8EVJy9ZDMRO/Z4EGP3Q/1024x1024.jpg,https://media.s-bol.com/3N1Yq6V3Mqo4/Z4EGP3Q/1024x1024.jpg,https://media.s-bol.com/BqB1GlRwL9xo/Z4EGP3Q/124x40.jpg,https://media.s-bol.com/g0J7Wr2J079Y/Z4EGP3Q/1024x1024.jpg"
Raved Tafelzeil 140 cm x 220 cm – Kerst Rendieren Blauw – PVC - Afwasbaar,,9509791861995,Tafellaken,,"<p>Breng sfeer én gemak naar je kersttafel met het <strong>tafelzeil van Raved met rendieren-motief</strong>. Dit stijlvolle tafelzeil combineert een prachtig blauw kerstdesign met praktische functies, waardoor je zonder zorgen kunt genieten van een gezellige dineravond.</p> <h3>Feestelijke look voor elke gelegenheid</h3> <p>Met het <strong>kerst-motief van rendieren in blauw</strong> creëer je direct een warme, feestelijke tafelsetting die uitnodigt tot samenzijn. Het motief past perfect bij het seizoen en maakt je eettafel klaar voor de kersttijd – van kerstdiner tot borrel met vrienden. Je tafel oogt verzorgd, stijlvol en sfeervol zonder extra accessoires.</p> <h3>Praktisch en beschermend</h3> <p>Gemaakt van <strong>duurzaam PVC</strong>, is dit tafelzeil afwasbaar en eenvoudig te reinigen – een vochtige doek is vaak al voldoende. Zo voorkom je vlekken door wijn, saus of koffie en hoef je geen kant en klaar stoffen kleed telkens te wassen. Bovendien biedt het bescherming tegen krassen en brandplekken door hete pannen of schalen – ideaal voor langere, gezellige eetmomenten.</p> <h3>Binnen én buiten mogelijk</h3> <p>Of je nu binnen aan tafel schuift of buiten op het terras kerstviert – dit tafelzeil is geschikt voor beide omgevingen. Dankzij het PVC-materiaal hoef je niet bang te zijn voor knoeien of een beetje vocht. (Voor langdurig buitengebruik is het aan te raden het kleed droog op te bergen na gebruik.)</p> <h3>Waarom kiezen voor Raved?</h3> <p>Het merk Raved staat bekend om woonaccessoires die stijl combineren met functionaliteit. Dit tafelzeil is daar een perfect voorbeeld van: je haalt niet alleen een decoratief element in huis, maar ook een slimme bescherming voor je tafel – zonder concessies aan stijl.</p> <h3>Tot slot</h3> <p>Laat knoeien, vlekken of het gedoe met stoffen kleedjes je kerstvreugde niet drukken. Kies dit <strong>afwasbare PVC tafelzeil met rendieren</strong> en geniet van een tafel die er tiptop uitziet én praktisch is. <strong>Bestel vandaag nog</strong> en maak je klaar voor een zorgeloos, sfeervol kerstdiner.</p>",1.0,stuk(s),Blauw,PVC,Raved,220.0,cm,N,,Tafelzeil,Rechthoek,N,N,,,N,,,3 maanden,,,,,N,,,Overig,140.0,cm,2.0,kg,,Print,Geen,26.0,cm,3.0,cm,37.0,cm,2.0,kg,1x Tafelzeil,Voor binnen & buiten,Machinewas 30 °C,1.xlsx,,,,,,,,,,,,,,,"https://media.s-bol.com/QMWjPjKG8B0M/oYWmqJB/1024x1024.jpg,https://media.s-bol.com/NJkXMXKB6y9m/oYWmqJB/1024x1024.jpg,https://media.s-bol.com/o128G8nmN8zA/oYWmqJB/124x108.jpg,https://media.s-bol.com/xgk8R8zyZ7Wl/oYWmqJB/124x40.jpg,https://media.s-bol.com/5w5xOxrWMkMB/K7GKrY/1024x1024.jpg,https://media.s-bol.com/NJkXMXKynER2/oYWmqJB/1024x1024.jpg,https://media.s-bol.com/EwR1z1XjmQ3W/oYWmqJB/1024x1024.jpg"
Raved Tafelzeil - 140 cm Rond - Linnen Grijs - PVC - Uitwasbaar - Extra sterk,,9506134993788,Tafellaken,,"<p>Bescherm je tafel stijlvol met dit <strong>extra sterke ronde tafelzeil van PVC</strong> in een elegante <strong>linnen grijstint</strong>—<strong>uitwasbaar</strong>, voorzien van een <strong>beschermrand</strong> en ideaal voor dagelijks gebruik zonder concessies aan design.</p> <p>Breng rust en stijl naar je eetkamer met het <strong>lijnvrije, functionele tafelzeil</strong> van het merk <strong>Raved</strong>. Het <strong>primair zoekwoord “tafelzeil”</strong> staat centraal in deze tekst, zodat zowel de zoekmachine als de koper direct weten wat dit product biedt.</p> <h3>Stijlvolle bescherming voor je tafel</h3> <p>Met dit <strong>ronde tafelzeil Ø 140 cm</strong> creëer je direct een verzorgde look op je eettafel: de <strong>linnen grijze kleur</strong> en subtiele linnen-look structuur geven je interieur een moderne en rustige uitstraling. Maar belangrijker: dit is géén gewone decoratie — dit is bescherming. Dankzij het <strong>materiaal PVC</strong> is het doek stevig, vlek- en vochtbestendig, en combineert het stijl met functie.</p> <h3>Duurzaam en onderhoudsvriendelijk</h3> <p>Je wilt geen doek wat na één seizoen uitgehaald moet worden. Dit tafelzeil is <strong>extra sterk</strong> uitgevoerd en voorzien van een <strong>beschermrand</strong>, waardoor slijtage door het gebruik — denk aan kinderen, servies, of het gewoon dagelijks tafelen — beperkt wordt. Het <strong>uitwasbare oppervlak</strong> maakt schoonmaken tot een fluitje van een cent: gemorst sap, saus, een plasje drinken? Een doekje erover en je tafel ziet er weer netjes uit. Want waarom zou je kiezen tussen mooi én praktisch, als je beide kunt hebben?</p> <h3>Ideaal voor dagelijks gebruik en meer</h3> <p>Of je nu een gezellig diner organiseert, een knutselmiddag met de kids doet of gewoon een rustige avond aan tafel hebt — dit tafelzeil houdt je tafel beschermd zonder dat je concessies doet aan stijl. De ronde vorm Ø 140 cm sluit perfect aan op standaard ronde tafels, waardoor je geen last hebt van overhang of scheefhangende hoeken.<br />Daarnaast is het geschikt voor zowel binnen- als (mits overdekt) buitengebruik – al adviseren we om direct contact met zonlicht of warme pannen te vermijden om de kleur zo lang mogelijk mooi te houden.</p> <h3>Materiaal & specificaties</h3> <ul> <li> <p><strong>Materiaal:</strong> PVC (duurzaam, stevig, afwasbaar)</p> </li> <li> <p><strong>Kleur/design:</strong> Linnen look, grijs</p> </li> <li> <p><strong>Maat:</strong> Ø 140 cm</p> </li> <li> <p><strong>Rand:</strong> Verstevigde beschermrand voor extra levensduur</p> </li> <li> <p>Onderhoud: eenvoudig schoon te houden met een vochtige doek; vermijd langdurige contact met kleurstoffen zoals tomaat, kerrie of rode biet, omdat deze in verloop kunnen trekken.</p> </li> </ul> <h3>Waarom kiezen voor dit model?</h3> <ul> <li> <p> Je tafel blijft beschermd tegen vlekken, kringen en beschadigingen.</p> </li> <li> <p> Een stijlvolle linnen-look past in veel moderne interieurstijlen.</p> </li> <li> <p> Het praktische en onderhoudsvriendelijke materiaal zorgt voor minder stress en meer genieten.</p> </li> <li> <p> Extra sterk uitgevoerd – je investering doet er écht toe.</p> </li> </ul> <p>Maak een bewuste keuze voor een tafelafdekking die zowel mooi is als functioneel. <strong>Bestel vandaag nog</strong> en transformeer je tafel tot een stijlvolle én beschermde eettafel - waar je met een gerust hart aan kunt zitten.</p>",1.0,stuk(s),Donker Grijs,PVC,Raved,140.0,cm,N,,Tafelzeil,Rond,Y,N,,,N,140.0,cm,Geen fabrieksgarantie,,,,,N,,,Gebloemd,140.0,cm,0.2,kg,,Effen,,20.0,cm,3.0,cm,30.0,cm,0.2,kg,tafelzeil rond 140 cm,Voor binnen & buiten,Afnemen met een natte doek,1.xlsx,,,,,,,,,,,,,,,"https://media.s-bol.com/Rv9pPR92K7wz/DkERDLK/124x99.jpg,https://media.s-bol.com/Op4mPO4VXDGN/DkERDLK/1024x1024.jpg,https://media.s-bol.com/Vz6w7Y6g29lB/DkERDLK/124x90.jpg,https://media.s-bol.com/No4lYN4QKBGz/DkERDLK/1024x1024.jpg"
Raved Tafelzeil – 140 cm x 100 cm – Linnenlook Groen – PVC – Afwasbaar,,9504858117749,Tafellaken,,"<p>Geef je eettafel direct een stijlvolle upgrade met dit <strong>afwasbare PVC-tafelzeil</strong> in een prachtige <strong>linnenlook groen</strong>. Combineer <strong>bescherming tegen vlekken en krassen</strong> met een sfeervolle uitstraling — ideaal voor een ontspannen tafelmoment zonder stress.</p> <h3>Bescherming en stijl in één</h3> <p>Met dit hoogwaardige <strong>tafelzeil</strong> van het merk <strong>Raved</strong> kies je voor een slimme oplossing die zowel mooi oogt als functioneel is. Het tafelzeil is gemaakt van <strong>PVC</strong>, waardoor het eenvoudig schoon te maken is en bestand tegen dagelijkse gebruikssporen. De <strong>linnenlook in groen</strong> geeft jouw tafel een natuurlijke uitstraling — alsof je een luxe tafelkleed hebt, maar dan zonder het gedoe.<br />Je beschermt je tafel tegen vlekken, krassen of hete pannen; zo kun je met een gerust hart genieten van het gezins­ of vriendendiner.</p> <h3>Waarom kiezen voor dit tafelzeil?</h3> <ul> <li> <p><strong>Afwasbaar oppervlak</strong>: dankzij het PVC-materiaal veeg je simpelweg met een vochtige doek schoon — geen wassen of strijken nodig. </p> </li> <li> <p><strong>Linnenlook design</strong>: de rustige, stijlvolle groen tint past zowel in een modern interieur als in een landelijke of buiten-setting.</p> </li> <li> <p><strong>Duurzaam en veelzijdig</strong>: geschikt voor binnen én buitengebruik — ideaal voor gebruik op het balkon, terras of binnen thuis. </p> </li> <li> <p><strong>Bescherming van je tafel</strong>: het tafelzeil fungeert als barrière tegen gemorste vloeistoffen, krassen of hitteplekken — zo blijft je tafel langer mooi.</p> </li> </ul> <h3>Toepassing en onderhoud</h3> <p>Leg het tafelzeil gemakkelijk op je eet- of tuintafel. De gestructureerde linnenlook zorgt voor een elegante textuur, terwijl het gladde PVC-oppervlak praktisch is in gebruik. Na het eten veeg je simpelweg schoon met een zachte doek. Vermijd de wasmachine of droger; handmatig reinigen is voldoende en verlengt de levensduur. <br />Dankzij de afmeting (maat varieert) past het op veel standaard tafels — let op: kies de juiste variant voor jouw tafel.</p> <h3>Voor wie is dit product?</h3> <p>Voor gezinnen met kinderen die regelmatig aan tafel zitten, voor mensen die genieten van gezellige maaltijden maar geen gedoe willen, voor wie een stijlvol interieur wil zonder in te leveren op gemak.<br />Stel je voor: kinderen knoeien, maar jij drinkt je koffie in alle rust, want je tafel is beschermd. Gasten over de vloer? Je tafel ziet er direct verzorgd uit dankzij de linnenlook groen.</p> <h3>Call-to-action</h3> <p>Wacht niet langer met het geven van een nieuwe look aan jouw tafel — bestel vandaag nog dit praktische én stijlvolle tafelzeil en ervaar hoe gemakkelijk sfeervol tafelen kan zijn!</p>",1.0,stuk(s),Groen,PVC,Raved,100.0,cm,N,,Tafelzeil,Rechthoek,N,N,,,N,,,3 maanden,,,,,N,,,Overig,140.0,cm,1.0,kg,,Print,Geen,26.0,cm,3.0,cm,37.0,cm,1.0,kg,1x Tafelzeil,Voor binnen & buiten,Machinewas 30 °C,1.xlsx,,,,,,,,,,,,,,,"https://media.s-bol.com/7R3O43lryz2B/Z4EgoWQ/1024x1024.jpg,https://media.s-bol.com/PLNr4NRBMZn6/Z4EgoWQ/1024x1024.jpg,https://media.s-bol.com/Y8E0gE4zB9OY/Z4EgoWQ/124x111.jpg,https://media.s-bol.com/7R3O43loB5Ay/Z4EgoWQ/124x40.jpg,https://media.s-bol.com/n158K5M5gDWE/Z4EgoWQ/1024x1024.jpg,https://media.s-bol.com/8V2O42mpD59g/Z4EgoWQ/1024x1024.jpg"
Raved Tafelzeil 140×350 cm – Delfts Tegels – Beige/Blauw – PVC – Afwasbaar,,9509323578629,Tafellaken,,"<p>Breng direct sfeer aan tafel met dit <strong>stijlvolle en praktisch afneembare</strong> tafelzeil van met authentiek <strong>Delfts Tegels-motief</strong>. Dankzij het <strong>hoogwaardige PVC-materiaal</strong> en de <strong>afwasbare kwaliteit</strong> is jouw tafel beschermd én mooi, zowel binnen als buiten.</p> <p>Maak van iedere maaltijd of bijeenkomst een moment om naar uit te kijken met het <strong>premium tafelzeil</strong> van Raved met <strong>Delfts Tegels-design</strong>. Dit tafelzeil combineert <strong>stijlvol Hollands motief</strong>, functioneel materiaalgebruik en slimme onderhoudsvriendelijkheid – precies wat je zoekt wanneer je tafel er zowel mooi uit moet zien als praktisch in gebruik moet zijn.</p> <h3>Waarom kiezen voor dit tafelzeil?</h3> <p>Met het <strong>primair zoekwoord “tafelzeil”</strong> in gedachten: dit model is ideaal voor wie een tafel al voldoende aandacht geeft en zoekt naar een oplossing voor knoeien, hitteplekken of verkleuring. Het klassieke <strong>Delfts Tegels-patroon</strong> in beige/­blauw voegt direct landelijke charme toe aan je eetkamer, serre of buitenruimte. Omdat het van <strong>materiaal PVC</strong> is gemaakt, zit je nooit met stof of vervelende stof‐nesten: vlekken neem je eenvoudig af met een vochtige doek – geen gedoe meer met grote wasbeurten of vervangingen.</p> <h3>Specificaties & toepassingen</h3> <ul> <li> <p><strong>Materiaal</strong>: sterk PVC – waterafstotend en bestand tegen knoeien, kringen en algemene slijtage.</p> </li> <li> <p><strong>Kleur/Design</strong>: beige basis met blauw Delfts Tegels-motief – passend bij zowel een landelijk interieur als een frisse buitenlook.</p> </li> <li> <p><strong>Gebruik</strong>: voor binnen en buiten – let op: bij regen of langdurig buitengebruik liever binnen opbergen om verkleuring of slijtage te voorkomen. </p> </li> <li> <p><strong>Onderhoud</strong>: eenvoudig afnemen i.p.v. wassen – zo blijft je tafel altijd uitnodigend en netjes.</p> </li> </ul> <h3>Voordelen voor jou</h3> <ul> <li> <p>Beschermt je tafel tegen hitte, vocht en kringen – zodat je je tafel behoudt in nieuwstaat.</p> </li> <li> <p>Creëert direct een sfeervol tafelbeeld – je hoeft nauwelijks extra styling toe te voegen.</p> </li> <li> <p>Gemakkelijk in gebruik – ideaal voor gezinnen, buitengebruik of als je weinig tijd hebt voor onderhoud.</p> </li> <li> <p>Duurzaam en stijlvol – het ontwerp is tijdloos genoeg om seizoen na seizoen te blijven passen.</p> </li> </ul> <h3>Verlies-aversie & sociale bewijskracht</h3> <p>Stel je voor: je kinderen spelen aan tafel, gasten schuiven aan … en binnen een minuut is er geknoeid. Met dit tafelzeil hoef jij je geen zorgen te maken. Twee tevreden klanten geven een gemiddelde score van 5,0 sterren – “Mooi design, soepel materiaal” en “Heel mooi tafelkleed en een fantastische service”. <br />Waarom wachten tot je tafel beschadigd is?</p> <h3>Call-to-action</h3> <p>Maak indruk én werk efficiënt: kies voor dit <strong>Raved tafelzeil met Delfts Tegels-print</strong> en geef je tafel direct de bescherming én uitstraling die het verdient. Voeg ‘m vandaag nog toe aan je winkelwagen – jouw tafel zal je dankbaar zijn!</p>",1.0,stuk(s),Blauw; beige,PVC,Raved,350.0,cm,N,,Tafelzeil,Rechthoek,N,N,,,N,,,3 maanden,,,,,N,,,Geruit,140.0,cm,2.0,kg,,Ruitjes,Geen,26.0,cm,3.0,cm,37.0,cm,2.0,kg,1 stuk,Voor binnen & buiten,Machinewas 30 °C,1.xlsx,,,,,,,,,,,,,,,https://media.s-bol.com/o12JKkK7G3rK/66pyYVR/550x550.jpg
Raved Tafelzeil - 140 cm x 270 cm - Paardenbloem - Groen PVC Afwasbaar,,9509532874550,Tafellaken,,"<p>Breng direct sfeer aan je tafel met het <strong>stijlvolle groene paardenbloem-motief</strong> van dit <strong>afwasbare PVC tafelzeil</strong>, dat jouw tafel optimaal <strong>beschermt tegen knoeien en vlekken</strong> – ideaal voor dagelijks gebruik binnen én buiten.</p> <p>Ontdek het veelzijdige <strong>tafelzeil van het merk Raved</strong> met een fris motief van groene paardenbloemen – een slimme combinatie van stijl én functionaliteit. Dit <strong>tafelzeil (het primair zoekwoord)</strong> is vervaardigd uit hoogwaardig <strong>PVC-materiaal</strong>, wat betekent dat uw tafel direct wordt beschermd tegen vlekken, krassen, vocht en knoeien – zonder in te boeten op uitstraling.</p> <h3>Bescherming voor iedere tafel</h3> <p>Of het nu gaat om een gezinsdiner, borrel op het terras of knutselmoment met de kinderen: dit tafelzeil biedt betrouwbare bescherming. De gladde bovenlaag is eenvoudig schoon te maken met een vochtig doekje, waardoor u kostbare tijd bespaart en uw tafel er netjes blijft uitzien. Volgens specialisten heeft PVC-tafelzeil als groot voordeel dat het “makkelijk schoon te vegen” is dankzij het gladde oppervlak. </p> <h3>Sfeervol design</h3> <p>Het motief met paardenbloemen in een groene tint brengt een natuurlijke en frisse sfeer in huis of buitenomgeving. Dankzij het subtiele patroon oogt het tafelzeil niet alleen praktisch maar ook decoratief – een perfecte match voor wie leeft in een interieur waar stijl telt.</p> <h3>Materiaal & onderhoud</h3> <p>Het materiaal is <strong>PVC</strong>, wat zorgt voor een water- en vlekbestendige bovenlaag. Het tafelzeil is geschikt voor gebruik <strong>binnen en buiten</strong>, waardoor u flexibel bent in de toepassing. Houd er wel rekening mee dat bepaalde intensieve kleurstoffen (zoals tomatensaus of kerrie) na verloop van tijd kunnen intrekken in PVC-materialen. Voor optimaal onderhoud: veeg vlekken direct weg en vermijd langdurige blootstelling aan direct zonlicht.</p> <h3>Waarom kiezen voor dit tafelzeil</h3> <ul> <li> <p><strong>Afwasbaar en onderhoudsvriendelijk</strong>: een vochtig doekje is voldoende.</p> </li> <li> <p><strong>Stijlvol motief en kleur</strong>: de paardenbloemprint en groene tint geven sfeer.</p> </li> <li> <p><strong>Veelzijdig inzetbaar</strong>: geschikt voor voorgaande tafelmomenten én buitengebruik.</p> </li> <li> <p><strong>Bescherming voor uw tafel</strong>: voorkomt schade, vlekken en slijtage – hierdoor behoudt uw meubel zijn waarde.</p> </li> </ul> <h3>Maak het compleet</h3> <p>Kies de juiste maat voor uw tafel (breedte × lengte) en knip of werk afhangende delen netjes bij. Zet misschien een schaal of plant in het midden om het design extra te accentueren. Zo combineert u gemak met stijl.</p> <p><strong>Wacht niet langer</strong>: geef uw tafel direct de bescherming én uitstraling die het verdient. Voeg dit Raved tafelzeil toe aan uw winkelmand en ervaar het gemak én de sfeer – uw tafel zal er meteen verzorgd uitzien.</p>",1.0,stuk(s),Groen; Wit,PVC,Raved,270.0,cm,N,,Tafelzeil,Rechthoek,N,N,,,N,,,3 maanden,,,,,N,,,Overig,140.0,cm,2.0,kg,,Bloemen,Geen,26.0,cm,3.0,cm,37.0,cm,2.0,kg,Tafelzeil,Voor binnen & buiten,Afnemen met een natte doek,1.xlsx,,,,,,,,,,,,,,,"https://media.s-bol.com/JB6KqY54VKPo/DRKrEVq/1024x1024.jpg,https://media.s-bol.com/DvkZ9Y4yyqvn/DRKrEVq/1024x1024.jpg,https://media.s-bol.com/g0JDLxgxZj93/DRKrEVq/124x109.jpg,https://media.s-bol.com/q69ro5OZ1xD3/A0YXJ7/1024x1024.jpg,https://media.s-bol.com/BqBXL84wwrqJ/DRKrEVq/1024x1024.jpg,https://media.s-bol.com/g0JDLxzgD2m6/DRKrEVq/124x40.jpg,https://media.s-bol.com/G06X5Y41PxzL/DRKrEVq/1024x1024.jpg"
Raved Tafelzeil – 140 cm x 240 cm – Kippen Rood – PVC – Afwasbaar,,9505621543819,Tafellaken,,"<p>Met dit <strong>praktische en stijlvolle tafelzeil</strong> geef je je tafel direct een vrolijke uitstraling met <strong>kippenmotief en rood accent</strong>, terwijl het <strong>eenvoudig schoon te maken PVC-materiaal</strong> en de <strong>geschiktheid voor binnen en buiten</strong> zorgen voor zorgeloos gebruik bij dagelijks leven.</p> <p><strong>Verhoog je tafelbeleving met het stijlvolle en functionele tafelzeil</strong> van Raved: met uniek <strong>kippenmotief</strong>, opvallende rode kleuraccenten en een breedte van 140 cm is dit tafelzeil de perfecte combinatie van sfeer en praktisch gebruik.<br />Vanaf de eerste aanblik ziet je tafel er uitnodigend uit: het vrolijke kippenprint-design brengt een huiselijke en frisse twist in je interieur of tuinsetting. Tegelijkertijd is het uitgevoerd in <strong>PVC-materiaal</strong>, wat betekent dat het <strong>afwasbaar</strong>, slijtagebestendig en geschikt is voor <strong>binnen én buitengebruik</strong>.</p> <h3>Waarom dit tafelzeil kiezen?</h3> <ul> <li> <p><strong>Betrouwbare bescherming</strong> – Dankzij het robuuste PVC-oppervlak worden je tafelblad en onderlaag effectief beschermd tegen knoeien, vlekken, vocht en zelfs warme pannen.</p> </li> <li> <p><strong>Vrolijk ontwerp</strong> – Het kippenprint-motief in combinatie met de rode ondertoon ondersteunt een gezellige woonstijl of landelijke sfeer; ideaal voor gezinnen met kinderen of liefhebbers van speelser tafeltextiel.</p> </li> <li> <p><strong>Gebruiksgemak & onderhoud</strong> – Geen gedoe met wassen of speciale behandeling: gewoon afnemen met een vochtige doek en klaar. Het materiaal behoudt kleur en print, ook bij buitengebruik op het terras of in de serre.</p> </li> <li> <p><strong>Veelzijdig toepasbaar</strong> – Of je nu binnen dineert of buiten geniet van een zomeravond, dit tafelzeil past. Het maakt je tafel direct feestelijker én functioneler, zonder in te leveren op stijl.</p> </li> </ul> <h3>Specificaties & details</h3> <ul> <li> <p>Merk: Raved.</p> </li> <li>Kleur: rood accent met kippenprint.</li> <li> <p>Materiaal: <strong>PVC-materiaal</strong> bovenlaag (met vaak non-woven onderlaag) voor stevigheid en duurzaam gebruik. </p> </li> <li> <p>Geschikt voor binnen en buiten; wel aanbevolen om droog binnen te halen bij regen om verkleuring of verwering te voorkomen. </p> </li> </ul> <h3>Praktische tips & beleving</h3> <p>Stel je voor: je nodigt vrienden of familie uit voor een gezellige avond, je tafel is al aangekleed met dit vrolijke tafelzeil en je hoeft je geen zorgen te maken over kruimels of kids die knoeien – het doek maakt alles simpel schoon. Er ontstaat een sfeer van zorgeloos samen zijn, terwijl je interieurtoon intact blijft. En mocht dan toch een drup per ongeluk terechtkomen, geen stress: een doek eroverheen en het ziet er weer netjes uit.</p> <p><strong>Maak er nu een gewoonte van</strong> om je tafel eenvoudig én sfeervol te dekken met dit tafelzeil – je zal merken dat je tafel niet alleen beter beschermd is, maar ook uitnodigender oogt.<br /><strong>Voeg dit tafelzeil vandaag nog toe aan je huis-en tafelbeleving</strong> en creëer een stijlvolle, functionele omgeving zonder concessies.</p>",1.0,stuk(s),Rood,PVC,Raved,240.0,cm,N,,Tafelzeil,Rechthoek,N,N,,,N,,,3 maanden,,,,,N,,,Overig,140.0,cm,2.0,kg,,Print,Geen,26.0,cm,3.0,cm,37.0,cm,2.0,kg,1x Tafelzeil,Voor binnen & buiten,Machinewas 30 °C,1.xlsx,,,,,,,,,,,,,,,"https://media.s-bol.com/N2EYv9wgoqgp/REm1nO/124x61.jpg,https://media.s-bol.com/0oY8qyZLYVlN/3YRQEQ/1024x1024.jpg,https://media.s-bol.com/3GrK7AwDpm3Q/pE8pgV/124x110.jpg,https://media.s-bol.com/mnOg49JgkqnR/mr90wG/1024x1024.jpg,https://media.s-bol.com/noxj49KjlRo5/mr90wG/124x89.jpg,https://media.s-bol.com/gGZN49zPQRBr/mr90wG/124x112.jpg,https://media.s-bol.com/qr7m4kNmoYLG/mr90wG/124x105.jpg"
Raved Tafelzeil - 140 cm x 240 cm – Lavendel Bloemen Wit – PVC – Afwasbaar,,9506646346928,Tafellaken,,"<p>Breng sfeer én gemak naar je eettafel met dit <strong>afwasbare PVC tafelzeil van Raved</strong>. Het romantische <strong>lavendelbloemen-design op wit</strong> geeft je interieur een frisse uitstraling, terwijl het perfect is voor dagelijkse én feestelijke momenten.</p> <p>Geef je eettafel een vleugje landelijke charme met dit prachtige <strong>PVC tafelzeil met lavendelbloemen</strong> van Raved. Het design combineert een frisse witte achtergrond met subtiele paarse lavendeltakken, waardoor je meteen een warme en uitnodigende sfeer creëert in huis. Of je nu gezellig met je gezin eet of gasten ontvangt, dit tafelzeil maakt ieder moment sfeervol én praktisch.</p> <h3>Praktisch én stijlvol</h3> <p>Het grootste voordeel van dit <strong>afwasbare tafelzeil</strong> is het gemak in onderhoud. Waar een stoffen kleed vaak na één diner in de was moet, neem je dit <strong>PVC materiaal</strong> eenvoudig af met een vochtige doek. Vlekken van wijn, koffie of saus verdwijnen binnen enkele seconden, waardoor je tafel altijd netjes en verzorgd oogt.</p> <h3>Duurzaam materiaal</h3> <p>Dit <strong>PVC tafelzeil</strong> is niet alleen onderhoudsvriendelijk, maar ook duurzaam in gebruik. Het materiaal is slijtvast en blijft mooi, zelfs bij dagelijks gebruik. Het blijft strak op tafel liggen en scheurt niet snel, waardoor je er lang plezier van hebt.</p> <h3>Veelzijdig gebruik</h3> <p>Dankzij de combinatie van <strong>stijlvol design en praktisch gebruiksgemak</strong> is dit tafelzeil geschikt voor binnen én buiten. Ideaal voor wie in de zomer buiten eet en in de winter gezellig binnen dineert. Het romantische lavendelpatroon past perfect in zowel moderne als landelijke interieurs.</p> <h3>Waarom kiezen voor dit tafelzeil?</h3> <ul> <li> <p><strong>Afwasbaar PVC materiaal</strong> – vlekvrij in één beweging</p> </li> <li> <p><strong>Landelijk lavendelbloemen-design</strong> – stijlvolle uitstraling</p> </li> <li> <p><strong>Duurzaam en slijtvast</strong> – gaat lang mee</p> </li> <li> <p><strong>Veelzijdig gebruik</strong> – binnen en buiten toepasbaar</p> </li> </ul> <p>Geef je tafel direct een stijlvolle en praktische upgrade. Bestel vandaag nog dit <strong>Raved tafelzeil met lavendelbloemen</strong> en ervaar het gemak van een tafel die er altijd verzorgd uitziet.</p>",1.0,stuk(s),Wit; Paars; Groen,PVC,Raved,240.0,cm,N,,Tafelzeil,Rechthoek,N,N,,,N,,,3 maanden,,,,,N,,,Overig,140.0,cm,2.0,kg,,Planten en bladeren,Geen,26.3,cm,2.5,cm,32.6,cm,2.0,kg,1x Tafelzeil,Voor binnen & buiten,Afnemen met een natte doek,1.xlsx,,,,,,,,,,,,,,,"https://media.s-bol.com/Y8pGvBL2kjQW/wj6nPLz/124x107.jpg,https://media.s-bol.com/q1RvYVl032w0/wj6nPLz/1024x1024.jpg,https://media.s-bol.com/NJDq9K1K5x9m/wj6nPLz/1024x1024.jpg,https://media.s-bol.com/JB6WDZxP4P12/k5WgEyJ/1024x1024.jpg,https://media.s-bol.com/q1xLRjnlqvkp/k5WgEyJ/124x40.jpg,https://media.s-bol.com/Bqo5LQZ52L6J/wj6nPLz/1024x1024.jpg"
Raved Transparant Tafelzeil 140x100 cm - PVC - Glashelder - Afwasbaar & Beschermend,,9505945372140,Tafellaken,,"<p>Bescherm je tafel tegen krassen en vlekken met dit <strong>transparant tafelzeil van Raved</strong>. Gemaakt van <strong>duurzaam PVC</strong>, eenvoudig <strong>afwasbaar</strong> en ideaal voor dagelijks gebruik. Zo blijft jouw tafel stijlvol zichtbaar én goed beschermd.</p> <p>Met het <strong>Raved transparant tafelzeil</strong> combineer je de praktische voordelen van bescherming met de elegante uitstraling van jouw eigen tafel. Dit <strong>PVC tafelzeil</strong> is speciaal ontworpen om krassen, vocht en vlekken tegen te gaan, zonder dat het tafelblad uit het zicht verdwijnt. Perfect voor wie zijn interieur mooi wil houden, maar toch zorgeloos wil genieten van dagelijks gebruik.</p> <h3>Voordelen van dit transparant tafelzeil</h3> <ul> <li> <p><strong>Transparant ontwerp</strong> – laat de natuurlijke look van jouw tafel zien</p> </li> <li> <p><strong>Afwasbaar PVC</strong> – vlekken verwijder je eenvoudig met een doek</p> </li> <li> <p><strong>Waterafstotend & krasbestendig</strong> – ideale bescherming bij intensief gebruik</p> </li> <li> <p><strong>Veelzijdig</strong> – bruikbaar als <strong>tafelkleed, tafelloper of bescherming</strong> bij knutsel- en eetmomenten</p> </li> </ul> <h3>Praktisch én stijlvol</h3> <p>Veel tafelkleden verbergen het design van je tafel. Met dit <strong>doorzichtig tafelzeil</strong> blijft het originele blad zichtbaar, terwijl je toch profiteert van optimale bescherming. Van houten tafels tot design tafels: het zeil past in elk interieur. Bovendien is het geschikt voor zowel binnen als buiten.</p> <h3>Onderhoudsgemak</h3> <p>Waar stoffen tafelkleden vaak vlekken vasthouden of in de was moeten, veeg je dit <strong>afwasbare PVC tafelzeil</strong> simpelweg schoon met een vochtige doek. Geen gedoe, geen zorgen.</p> <h3>Waarom kiezen voor Raved?</h3> <p>Raved staat bekend om zijn duurzame en gebruiksvriendelijke woonproducten. Dit tafelzeil combineert <strong>kwaliteit en functionaliteit</strong>, zodat je langer plezier hebt van jouw tafel. Met duizenden tevreden gebruikers is het een bewezen oplossing voor elk huishouden.</p> <p>Bescherm je tafel slim en stijlvol – bestel vandaag nog het <strong>Raved transparant tafelzeil</strong> en geniet morgen al van zorgeloos gebruik.</p>",1.0,stuk(s),"Transparant 0,15mm",PVC,Raved,100.0,cm,N,,Tafelzeil,Rechthoek,N,N,,,N,,,3 maanden,,,,,N,,,Effen,140.0,cm,2.0,kg,,Transparant,Geen,26.0,cm,3.0,cm,37.0,cm,2.0,kg,1 stuk,Voor binnen & buiten,Afnemen met een natte doek,1.xlsx,,,,,,,,,,,,,,,"https://media.s-bol.com/NrXWNzKGY48D/kRKWGrx/1024x1024.jpg,https://media.s-bol.com/R0ODynNKM05q/LxVGX4/124x105.jpg,https://media.s-bol.com/gPDQROD4J9ZD/wOV6g8/124x110.jpg,https://media.s-bol.com/VkAKDrR25k0M/LxVGX4/124x112.jpg,https://media.s-bol.com/YnWNJx8YQxy9/LxVGX4/124x89.jpg,https://media.s-bol.com/Xqgzo9V2g4R5/LxVGX4/1024x1024.jpg"
Raved Rond Tafelzeil - 140 cm ø - Roze Fruit - Groen - PVC - Afwasbaar,,9508696681479,Tafellaken,,"<p>Geef je tafel direct een vrolijke én beschermende upgrade met dit <strong>afwasbare PVC tafelzeil</strong> in <strong>roze fruit-motief op groen</strong>. Dankzij de <strong>rond Ø 140 cm vorm</strong> perfect voor gezelschappen, zowel binnen als buiten — stijl én gemak in één.</p> <p>Breng sfeer én functionaliteit samen met het <strong>primair zoekwoord “rond tafelzeil”</strong> van het merk <strong>Raved</strong>, in de maat <strong>Ø 140 cm</strong>. Dit stijlvolle tafelzeil combineert een <strong>roze fruit-motief op groene achtergrond</strong> met een onderhoudsvriendelijk <strong>PVC-materiaal</strong> en biedt je tafel optimale bescherming — zonder in te leveren op uitstraling.</p> <h3>Bescherming én stijl</h3> <p>Dankzij het <strong>PVC-materiaal</strong> is dit tafelzeil water- en vuilafstotend en eenvoudig schoon te maken met een vochtige doek. Geen zorgen meer over gemorste sapjes, vette vingers of onhandige schoonmaakacties — je tafel blijft netjes en klaar voor gebruik. De vrolijke print met roze fruit en groene accenten brengt meteen een frisse, gezellige ambiance op je eettafel of tuintafel.</p> <h3>Voor binnen en buiten</h3> <p>Of je nu kiest voor een knus ontbijt in de keuken of een levendig tuinfeest buiten, dit tafelzeil past perfect. De maat <strong>Ø 140 cm</strong> is ideaal voor ronde tafels waar je wilt dat het zeil netjes valt zonder overslaan of te strak te zijn. Let op: bij slechter weer is het verstandig het zeil binnen te halen om de kleuren en kwaliteit te behouden.</p> <h3>Praktisch in gebruik</h3> <ul> <li> <p><strong>Vorm</strong>: rond, Ø 140 cm – makkelijk passend en netjes vallend.</p> </li> <li> <p><strong>Kleur/design</strong>: roze fruit-motief op groen – vrolijk, fris en uitnodigend.</p> </li> <li> <p><strong>Materiaal</strong>: duurzaam PVC – robuust, afwasbaar en lang houdbaar.</p> </li> <li> <p><strong>Onderhoud</strong>: eenvoudig afnemen met natte doek – geen machinewas nodig.</p> </li> <li> <p><strong>Gebruik</strong>: geschikt voor dagelijks gebruik én feestelijke gelegenheden.</p> </li> </ul> <h3>Waarom dit tafelzeil kiezen?</h3> <ul> <li> <p>Je voorkomt permanente vlekken of krassen op je tafel — verlies-aversie: liever één investering dan jaren spijt.</p> </li> <li> <p>Je creëert direct een uitnodigende tafelomgeving – sociale bewijskracht: gasten zullen de sfeer opmerken.</p> </li> <li> <p>De combinatie van vrolijk design en praktisch materiaal maakt het een slimme keuze voor wie geen compromis wil: <strong>stijl + bescherming</strong>.</p> </li> </ul> <h3>Conclusie en call-to-action</h3> <p>Wacht niet langer met het transformeren van je tafel: kies voor dit <strong>rond tafelzeil Ø 140 cm van Raved</strong> met roze fruit-print op groen en geniet van een tafel die er áltijd uitnodigend uitziet — én die je met gemak schoonhoudt. Voeg het vandaag nog toe aan je winkelwagen en geef je tafel de upgrade die hij verdient!</p>",1.0,stuk(s),Roze; Groen,PVC,Raved,140.0,cm,N,,Tafelzeil,Rond,N,N,,,N,140.0,cm,2 maanden,,,,,N,,,Overig,140.0,cm,0.3,kg,,Fruit,0657452723,26.0,cm,3.0,cm,37.0,cm,0.0,kg,contact@ravedfabrics.com,Voor binnen & buiten,Afnemen met een natte doek,1.xlsx,,,,,,,,,,,,,,,"https://media.s-bol.com/YmJymD1oJEg9/68BzRGO/1024x1024.jpg,https://media.s-bol.com/RJyPJvQ403k0/68BzRGO/124x99.jpg,https://media.s-bol.com/43rzkpWA0G16/1wGBjrG/124x110.jpg,https://media.s-bol.com/DoOQYMwvBGMn/1wGBjrG/1024x1024.jpg,https://media.s-bol.com/43rzkpWlXjDV/1wGBjrG/124x110.jpg,https://media.s-bol.com/yy4961JlJypW/1wGBjrG/124x90.jpg"
Raved Rond Tafelzeil - 140 cm ø - Boerenruit Rood - PVC - Afwasbaar,,9503981186622,Tafellaken,,"<p>Bescherm je tafel direct met dit <strong>onderhoudsvriendelijke PVC-tafelzeil</strong> in een sfeervolle <strong>boerenruit rood</strong> uitvoering. Het ronde ontwerp en <strong>afwasbare materiaal</strong> maken het perfect voor dagelijks gebruik, binnen én buiten — stijl én gemak gecombineerd.</p> <p><strong>Waarom dit ronde tafelzeil jouw tafel verdient</strong><br />Met het <strong>Raved Rond Tafelzeil – Boerenruit rood</strong> kies je voor <strong>een stijlvolle en duurzame bescherming</strong> van je tafelblad. Het <strong>primair zoekwoord “tafelzeil”</strong> komt in deze eerste alinea voor om SEO-technisch scherp te zijn. Dit tafelzeil is vervaardigd van hoogwaardig <strong>materiaal: PVC</strong>, dat vloeistoffen en vlekken stevig buiten houdt. Dankzij het klassieke <strong>boerenruit-patroon in rood-wit</strong> geef je je interieur of tuin direct een warme, vertrouwde uitstraling.</p> <h3>Sfeervolle stijl die blijft</h3> <p>Of je nu heerlijk binnen dineert of buiten met vrienden borrelt: het ronde formaat zorgt voor een perfecte pasvorm op ronde tafels. Het ontwerp met boerenruit roept gezellige, landelijke sfeer op — ideaal voor wie praktisch én stijlvol wil wonen. Met deze kleurstelling geef je je eettafel of tuinset direct karakter.</p> <h3>Praktisch & onderhoudsvriendelijk</h3> <p>Dit tafelzeil is <strong>afwasbaar</strong>, dus gemorste drankjes, saus of knoeiwerk door kinderen zijn geen ramp meer. Een vochtige doek volstaat voor schoonmaak. Omdat het materiaal PVC is, is het eenvoudig te onderhouden — je bespaart tijd en moeite en houdt je tafel altijd netjes verzorgt. Onderhoudstips voor PVC-tafelzeil tonen dat het materiaal tot circa 1 % kan krimpen en dat warme pannen of scherpe voorwerpen voorzichtig moeten worden behandeld. </p> <h3>Voor binnen én buiten</h3> <p>Hoewel het tafelzeil speciaal geschikt is voor gebruik binnen én buiten, wordt aanbevolen om bij regen of direct zonlicht de overkapping of het zeil tijdelijk te beschermen — dat verlengt de levensduur. Zo kun je genieten van zomerse diners op het terras zonder concessies te doen aan uitstraling of bescherming.</p> <h3>Bescherming gekoppeld aan emotie</h3> <p>Stel je voor: je nodigt vrienden uit, de tafel staat prachtig gedekt met dit zeil — je hoeft je geen zorgen meer te maken over vlekken of krassen. Je tafel blijft mooi, de sfeer blijft warm. Waarom wachten op schade als je die nu kunt voorkomen?</p> <h3>Samenvatting van USP’s</h3> <ul> <li> <p>Klassiek boerenruit-patroon in rood voor een warme woonstijl.</p> </li> <li> <p>Gemaakt van <strong>PVC</strong>, duurzaam en waterbestendig.</p> </li> <li> <p><strong>Afwasbaar</strong>: makkelijk schoonmaken en weinig onderhoud.</p> </li> <li> <p>Rond formaat voor ronde tafels — stijlvol én functioneel.</p> </li> <li> <p>Geschikt voor binnen- en buitengebruik (met verstand van buitengebruik).</p> </li> </ul> <h3>Call-to-action</h3> <p>Wacht niet langer op de volgende vlek of kringen — kies vandaag nog voor dit stijlvolle en praktische tafelzeil en geef je tafel de bescherming én uitstraling die het verdient. Voeg dit product toe aan je winkelwagen en ervaar meteen het gemak en de sfeer!</p>",1.0,stuk(s),Rood,PVC,Raved,140.0,cm,N,,Tafelzeil,Rond,N,N,,,N,140.0,cm,2 maanden,,,,,N,,,Overig,160.0,cm,0.3,kg,,Tegels,0657452723,23.8,cm,4.3,cm,25.3,cm,0.0,kg,1 stuk,Voor binnen & buiten,Afnemen met een natte doek,1.xlsx,,,,,,,,,,,,,,,"https://media.s-bol.com/YNDEgMXM8APW/NQvZg8/1024x1024.jpg,https://media.s-bol.com/Jrk65PXNRYvD/NQvZg8/124x99.jpg,https://media.s-bol.com/Kvlr46ELRYwr/NQvZg8/1024x1024.jpg"
Raved Transparant Tafelzeil 140x320 cm - PVC - Glashelder - Afwasbaar & Beschermend,,9506958889168,Tafellaken,,"<p>Bescherm je tafel tegen krassen en vlekken met dit <strong>transparant tafelzeil van Raved</strong>. Gemaakt van <strong>duurzaam PVC</strong>, eenvoudig <strong>afwasbaar</strong> en ideaal voor dagelijks gebruik. Zo blijft jouw tafel stijlvol zichtbaar én goed beschermd.</p> <p>Met het <strong>Raved transparant tafelzeil</strong> combineer je de praktische voordelen van bescherming met de elegante uitstraling van jouw eigen tafel. Dit <strong>PVC tafelzeil</strong> is speciaal ontworpen om krassen, vocht en vlekken tegen te gaan, zonder dat het tafelblad uit het zicht verdwijnt. Perfect voor wie zijn interieur mooi wil houden, maar toch zorgeloos wil genieten van dagelijks gebruik.</p> <h3>Voordelen van dit transparant tafelzeil</h3> <ul> <li> <p><strong>Transparant ontwerp</strong> – laat de natuurlijke look van jouw tafel zien</p> </li> <li> <p><strong>Afwasbaar PVC</strong> – vlekken verwijder je eenvoudig met een doek</p> </li> <li> <p><strong>Waterafstotend & krasbestendig</strong> – ideale bescherming bij intensief gebruik</p> </li> <li> <p><strong>Veelzijdig</strong> – bruikbaar als <strong>tafelkleed, tafelloper of bescherming</strong> bij knutsel- en eetmomenten</p> </li> </ul> <h3>Praktisch én stijlvol</h3> <p>Veel tafelkleden verbergen het design van je tafel. Met dit <strong>doorzichtig tafelzeil</strong> blijft het originele blad zichtbaar, terwijl je toch profiteert van optimale bescherming. Van houten tafels tot design tafels: het zeil past in elk interieur. Bovendien is het geschikt voor zowel binnen als buiten.</p> <h3>Onderhoudsgemak</h3> <p>Waar stoffen tafelkleden vaak vlekken vasthouden of in de was moeten, veeg je dit <strong>afwasbare PVC tafelzeil</strong> simpelweg schoon met een vochtige doek. Geen gedoe, geen zorgen.</p> <h3>Waarom kiezen voor Raved?</h3> <p>Raved staat bekend om zijn duurzame en gebruiksvriendelijke woonproducten. Dit tafelzeil combineert <strong>kwaliteit en functionaliteit</strong>, zodat je langer plezier hebt van jouw tafel. Met duizenden tevreden gebruikers is het een bewezen oplossing voor elk huishouden.</p> <p>Bescherm je tafel slim en stijlvol – bestel vandaag nog het <strong>Raved transparant tafelzeil</strong> en geniet morgen al van zorgeloos gebruik.</p>",1.0,stuk(s),"Transparant 0,15mm",PVC,Raved,320.0,cm,N,,Tafelzeil,Rechthoek,N,N,,,N,,,3 maanden,,,,,N,,,Effen,140.0,cm,2.0,kg,,Transparant,Geen,26.0,cm,3.0,cm,37.0,cm,2.0,kg,1 stuk,Voor binnen & buiten,Afnemen met een natte doek,1.xlsx,,,,,,,,,,,,,,,"https://media.s-bol.com/mnOgzVXoQM2O/pxjVBm/124x105.jpg,https://media.s-bol.com/8yWKkRzx070o/v256W8V/1024x1024.jpg,https://media.s-bol.com/YRYlzAm5n962/6gXpmz/124x110.jpg,https://media.s-bol.com/rv8nGN7wRE8k/pxjVBm/124x89.jpg,https://media.s-bol.com/noxjAVJprNYR/pxjVBm/124x112.jpg,https://media.s-bol.com/mXY3B3mr0qrR/pxjVBm/1024x1024.jpg"
Raved Tafelzeil – 140 cm x 180 cm – Lichtgroene Bladeren – Groen – PVC – Afwasbaar,,9506785551122,Tafellaken,,"<p>Breng direct sfeer én gemak aan tafel met dit <strong>afwasbare PVC tafelzeil</strong> in een fris motief van <strong>lichtgroene bladeren</strong>, perfect voor elke eet- of tuintafel. <strong>Bescherm je tafel</strong> tegen vlekken en slijtage, terwijl je ruimte er stijlvol uitziet.</p> <p>Met het <strong>Raved Tafelzeil – Lichtgroene Bladeren</strong> kies je voor zowel functionaliteit als stijl. Dit tafelzeil is vervaardigd uit <strong>duurzaam PVC-materiaal</strong>, waardoor het <strong>afwasbaar en onderhoudsvriendelijk</strong> is — ideaal als je kinderen hebt, vaak gasten ontvangt of de eettafel ook buiten gebruikt. Dankzij het subtiele motief van lichtgroene bladeren krijgt iedere maaltijd een natuurlijke én opgeruimde uitstraling.</p> <h3>Waarom kiezen voor dit tafelzeil?</h3> Beschermend & praktisch <p>Je tafel wordt dagelijks blootgesteld aan drankkringen, sausvlekken en krassen. Door dit tafelzeil te gebruiken, voorkom je schade en bespaar je op reinigingstijd én in vervanging. Het afneembare oppervlak maakt schoonmaken eenvoudig — pak een vochtige doek en je bent klaar.</p> Design dat uitnodigt <p>Het bladmotief in zachte lichtgroene tinten brengt een frisse, natuurlijke sfeer in huis of op het terras. Of je nu binnen dineert of buiten borrelt, dit tafelzeil werkt als een stijlmaker én beschermingslaag in één.</p> Geschikt voor binnen én buiten <p>Dankzij de kwaliteit van het materiaal kun je dit tafelzeil zowel binnen plaatsen als buiten op de tuin- of balkontafel. Let wel op dat je het bij extreme weersomstandigheden even beschut opbergt om het motief optimaal te behouden.</p> <h3>Specificaties</h3> <ul> <li> <p>Materiaal: <strong>PVC</strong> (duurzaam, afwasbaar)</p> </li> <li> <p>Kleur/design: groen achtergrond met lichtgroene bladerenmotief</p> </li> <li> <p>Merk: Raved</p> </li> <li> <p>Gebruik: geschikt voor dagelijks gebruik, familiediners, tuinfeestjes</p> </li> </ul> <h3>Voordelen op een rij</h3> <ul> <li> <p><strong>Onderhoudsgemak</strong>: ideaal voor drukke gezinnen of buitentafels.</p> </li> <li> <p><strong>Stijlvolle uitstraling</strong>: het bladmotief combineert met natuurlijke en moderne interieurs.</p> </li> <li> <p><strong>Bescherming van je tafel</strong>: vermindert kans op vlekken, krassen en slijtage.</p> </li> <li> <p><strong>Veelzijdigheid</strong>: geschikt voor eetkamer, buiten-tuin, balkon of zomerveranda.</p> </li> </ul> <h3>Voor wie is het perfect?</h3> <p>Voor ouders die een praktische en mooie tafelsetting willen zonder veel gedoe. Voor mensen die hun tuinset regelmatig gebruiken en niets willen vinden dat “gewoon een tafelkleed” is — maar iets dat slim, strak én functioneel is. En ook voor iedereen die zijn interieur een kleine refresh wil geven met een subtiel motief.</p> <h3>Nu actie!</h3> <p>Laat vlekken en slijtage je tafel niet langer bepalen — met dit afwasbare tafelzeil van Raved ben je altijd voorbereid. Klik op Bestellen en geef je tafel direct die beschermende én stijlvolle upgrade.</p>",1.0,stuk(s),Groen,PVC,Raved,180.0,cm,N,,Tafelzeil,Rechthoek,N,N,,,N,,,3 maanden,,,,,N,,,Gebloemd,140.0,cm,0.4,kg,,Bloemen,Geen,26.0,cm,3.0,cm,37.0,cm,0.4,kg,1 stuk,Voor binnen & buiten,Afnemen met een natte doek,1.xlsx,,,,,,,,,,,,,,,"https://media.s-bol.com/m5Z8mJlNJgvp/xGWyg6q/1024x1024.jpg,https://media.s-bol.com/n1570Kn6Kjw4/xGWyg6q/1024x1024.jpg,https://media.s-bol.com/xgk8AXQxLr4n/xGWyg6q/124x114.jpg,https://media.s-bol.com/4OxVjXEYwMv2/xGWyg6q/124x40.jpg,https://media.s-bol.com/6Q8GlZLYG4Zz/xGWyg6q/1024x1024.jpg,https://media.s-bol.com/8V2Wn4PBA5BW/xGWyg6q/1024x1024.jpg"
Raved Rond Tafelkleed - 140 cm ø - Barok Tegels Bruin - Polyester - Waterafstotend,,9506351858679,Tafellaken,,"<p>Transformeer je eettafel in een stijlvolle blikvanger met dit <strong>waterafstotende polyester tafelkleed</strong> in het elegant-barokke tegeldessin. Ontworpen voor rond Ø 140 cm tafels, combineert <strong>slank design</strong> met <strong>praktisch onderhoudsgemak</strong>.</p> <p><strong>Ontdek het stijlvolle gemak van dit rond tafelkleed van het merk Raved</strong> en geef jouw interieur direct een upgrade. Het <strong>primair zoekwoord “rond tafelkleed Ø 140 cm”</strong> komt in deze beschrijving terug zodat zowel zoekmachines als potentiële kopers begrijpend getriggerd worden.</p> <h3>Elegantie met barok-karakter</h3> <p>Met een warme <strong>bruine barok tegels-print</strong> brengt dit tafelkleed een klassieke, luxe uitstraling in huis. Of je nu dineert met familie of een gezellige borrel organiseert op het terras, dit design springt in het oog en creëert direct sfeer.</p> <h3>Duurzaam materiaal & onderhoudsgemak</h3> <p>Gemaakt van hoogwaardig <strong>polyester</strong>, is het kleed stevig én soepel in de toepassing. Dankzij de <strong>waterafstotende afwerking</strong> kun je gerust zijn bij een gemorst glas of een regenachtige barbecue-avond buiten. Het materiaal zorgt ervoor dat vocht snel afgevoerd wordt en vlekken minder kans krijgen. </p> <h3>Perfect passend formaat</h3> <p>Met een diameter van Ø 140 cm sluit het kleed mooi aan op ronde tafels van vergelijkbare afmetingen. Hierdoor ligt het netjes over de rand, zonder slordige plooien of rimpels — ideaal voor binnen én buitengebruik waar een nette presentatie belangrijk is.</p> <h3>Waarom kiezen voor dit tafelkleed?</h3> <ul> <li> <p><strong>Stijlvol barokdessin</strong>: onderscheidend design dat jouw tafel tot blikvanger maakt.</p> </li> <li> <p><strong>Waterafstotend polyester</strong>: minder zorgen over gemorste dranken of buitenshuisgebruik.</p> </li> <li> <p><strong>Eenvoudig te onderhouden</strong>: afnemen met vochtige doek volstaat, dus minder tijd kwijt aan schoonmaak.</p> </li> <li> <p><strong>Veelzijdig gebruik</strong>: geschikt voor eetkamer, tuin, veranda of horeca-setting dankzij slim materiaal.</p> </li> </ul> <h3>Tips voor gebruik & onderhoud</h3> <p>Leg het kleed direct over een schone en vlakke tafel zodat het mooi valt. Bij buitengebruik: berg het op tijdens harde wind om rimpelen te voorkomen. Voor het reinigen: vlekken direct afnemen met een milde doek, machine-was wordt meestal afgeraden voor behoud van waterafstotende coating. </p> <h3>Verlies-aversie: mis het niet</h3> <p>Laat geen middag of avond voorbijgaan met een tafel die minder straalt dan je interieur verdient. Zorg dat je tafel er zowel stijlvol uitziet als praktisch blijft — voordat er écht een vlek of ongelukje gebeurt.</p> <p><strong>Bestel vandaag nog</strong> dit Raved ronde tafelkleed Ø 140 cm en geniet direct van een stijlvolle en zorgeloze tafelmoment. Voeg ‘m toe aan je winkelwagen en maak van iedere tafelsetting een feestje.</p>",1.0,stuk(s),Bruin; Beige,Polyester,Raved,140.0,cm,N,,Tafelzeil,Rond,N,N,,,N,140.0,cm,2 maanden,,,,,N,Wicotex / 2Lif,,Effen,140.0,cm,0.5,kg,,Fruit,Geen,26.0,cm,3.0,cm,37.0,cm,0.5,kg,1 stuk,Voor binnen & buiten,"30 °C, normaal programma",1.xlsx,,,,,,,,,,,,,,,https://media.s-bol.com/qnE3vYzgkM73/zp791kr/550x549.jpg
Raved Tafelzeil – 140 cm x 180 cm – Kersen Rood – PVC – Afwasbaar,,9504768585133,Tafellaken,,"<p>Breng direct sfeer en gemak aan tafel met dit <strong>afwasbare PVC tafelzeil</strong> met speelse <strong>kerenprint in rood</strong>. Ideaal voor binnen én buiten – kies voor <strong>duurzaam, stijlvol en onderhoudsvriendelijk</strong> in één stap.</p> <p>Ontdek het <strong>tafelzeil Kersenprint van Raved</strong> – de slimme combinatie van stijl en praktische functionaliteit voor elke eettafel, tuintafel of picknickplek. Het <strong>primair zoekwoord “tafelzeil”</strong> komt direct in het begin naar voren: dit is de kernoplossing voor wie een tafel netjes wil houden zonder in te leveren op uitstraling.</p> <h3>Sfeervolle uitstraling met kersenprint</h3> <p>Met een vrolijke <strong>kerenprint op een rode achtergrond</strong> voegt dit tafelzeil direct warmte en persoonlijkheid toe aan je interieur (of exterieur). Of je nu gezellig dineert met familie of een barbecue houdt in de tuin – dit zeil zorgt ervoor dat je tafel gezien mag worden.</p> <h3>Duurzaam materiaal & onderhoudsgemak</h3> <p>Gemaakt van hoogwaardig <strong>PVC-materiaal</strong>, is dit tafelzeil uitzonderlijk <strong>afwasbaar</strong>: een vochtige doek is vaak voldoende om gemorste drankjes of etensresten te verwijderen. Geen gedoe met wassen of strijken. Dit betekent: <strong>minder schoonmaaktijd</strong>, meer tijd om te genieten.</p> <h3>Bescherm je tafel effectief</h3> <p>Laat mooie tableauschoonheid niet verloren gaan door krassen, vlekken of hitteplekken. Dit tafelzeil fungeert als stijlvolle beschermlaag die je tafelbladeffect slim verlengt. Verliesaversie-trigger: stel je voor dat je tafeldoorleeft terwijl hij er steeds minder mooi uitziet… dat voorkomt je hiermee.</p> <h3>Waarom dit tafelzeil de juiste keuze is</h3> <ul> <li> <p><strong>USP 1:</strong> Afwasbaar PVC – direct schoon.</p> </li> <li> <p><strong>USP 2:</strong> Levendige kersenprint – vrolijke sfeer voor iedere setting.</p> </li> <li> <p><strong>USP 3:</strong> Geschikt voor binnen én buiten – één aankoop, meerdere toepassingen.<br />Social proof-gevoel: duizenden gebruikers kiezen voor het gemak en de uitstraling.</p> </li> </ul> <h3>Conclusie & call-to-action</h3> <p>Geef je tafel de uitstraling én bescherming die hij verdient – met het Raved tafelzeil Kersenprint. Herkent u het gemak van een tafel die er altijd verzorgd uitziet zonder extra tijd ? Wacht dan niet langer: klik op “In winkelwagen” en ervaar direct de combinatie van stijl, gemak en kwaliteit. Koop vandaag nog en maak van elke maaltijd een mooi moment.</p>",1.0,stuk(s),Rood; Bordeaux; Beige; Groen,PVC,Raved,180.0,cm,N,,Tafelzeil,Rechthoek,N,N,,,N,,,2 maanden,,,,,N,,,Gebloemd,140.0,cm,0.3,kg,,Fruit/groente,,26.0,cm,3.0,cm,37.0,cm,0.2,kg,Afnemen met een natte doek,Voor binnen & buiten,Afnemen met een natte doek,1.xlsx,,,,,,,,,,,,,,,"https://media.s-bol.com/RN6Bvm3wRgKz/98vBODZ/1024x1024.jpg,https://media.s-bol.com/Z16XEx7p3OmQ/98vBODZ/1024x1024.jpg,https://media.s-bol.com/Y8EXDw302plA/98vBODZ/124x111.jpg,https://media.s-bol.com/m5ZXWmvYEmgE/98vBODZ/1024x1024.jpg,https://media.s-bol.com/KDrElN3AxlBl/98vBODZ/124x40.jpg,https://media.s-bol.com/KDrElN3YV9Ml/98vBODZ/1024x1024.jpg"
Raved Tafelzeil 140 cm x 250 cm – Boerenbont Ruit Blauw – PVC - Afwasbaar,,9505489423438,Tafellaken,,"<p>Geef je tafel de charmante <strong>landelijke uitstraling</strong> van het klassieke <strong>boerenbont-ruitpatroon</strong>, terwijl je met <strong>PVC-materiaal dat makkelijk afwasbaar is</strong> zorgeloos eet en geniet. Het ruime formaat en het robuuste design vormen de ideale combinatie van <strong>stijl en functionaliteit</strong>.</p> <p>Breng direct sfeer en gemak in je eetkamer of op je terras met dit prachtige <strong>tafelzeil</strong> van Raved – voorzien van een tijdloos <strong>boerenbont-ruitpatroon in blauw/wit</strong> dat landelijkheid en gezelligheid uitstraalt. Door het duurzame <strong>PVC-materiaal</strong> heb je een tafelkleed-look met extra voordelen: het is <strong>afwasbaar</strong>, slijtvast en eenvoudig schoon te houden.</p> <h3>Waarom kiezen voor dit tafelzeil?</h3> <p>Je tafel is het hart van je huis – van een rustig ontbijt tot een feestelijke dinnerparty – maar een tafellakendrama als kringen, knoeien of vlekken zit niemand op te wachten. Dit tafelzeil voorkomt exact dat soort stress. Het stevige PVC-oppervlak beschermt je tafelblad tegen vocht, kruimels, kinderspeelgoed, knutselplezier én hete schalen.<br />Met het kenmerkende patroon creëer je direct een warme, uitnodigende sfeer: het bekende boerenbont-ruit in blauw/wit zorgt voor herkenbaarheid én rust. Hierdoor past het zowel in een landelijke inrichting als in een moderne setting als accent.</p> <h3>Producteigenschappen in een oogopslag</h3> <ul> <li> <p>Materiaal: <strong>PVC</strong> – slijtvast, afwasbaar, onderhoudsvriendelijk.</p> </li> <li> <p>Patroon/kleur: blauw/wit boerenbont-ruit – een klassieke look.</p> </li> <li> <p>Geschikt voor: binnen én buitengebruik (let op: bij regen binnenhalen om verkleuring te voorkomen). </p> </li> <li> <p>Gebruiksgemak: eenvoudig afnemen met een vochtige doek, geen gedoe met strijken of wassen.</p> </li> </ul> <h3>Sfeer en gemak combineren</h3> <p>Stel je een zonnige middag voor: kinderen bouwen iets op tafel, vrienden schuiven aan voor een borrel, jij serveert lichte gerechten – met dit tafelzeil hoef je je geen zorgen te maken over knoeien of morsen. Het patroon zorgt voor een vrolijke basis, het materiaal zorgt dat jij ontspannen kunt genieten.<br />En ben je een BBQ-avond in de tuin aan het organiseren? Geen probleem: door de buitenmogelijkheden van dit tafelzeil (binnen/­buiten) heb je direct een stijlvolle tafelsetting klaar.</p> <h3>Verliesaversie & sociale bewijskracht</h3> <p>Veel huishoudens kiezen alsnog voor standaard tafelzeilen of tafelkleden die net niet veilig genoeg zijn – denk aan permanente vlekken of beschadigingen. Met dit tafelzeil zie je binnen no-time dat het anders kan.</p> <h3>Onderhoud & tip</h3> <p>Voor de beste levensduur: neem het tafelzeil af met een zachte vochtige doek, en haal het naar binnen zodra het begint te regenen om verkleuring te voorkomen. Zo blijft het patroon helder en het materiaal in topconditie.<br />Wil je extra stijl? Combineer het met placemats of servetten in wit of lichtblauw voor een complete landelijke tafelsetting.</p> <p><strong>Voeg vandaag nog dit stijlvolle én praktische tafelzeil toe aan je tafel – kies rust, sfeer én zekerheid</strong> en bestel nu terwijl je voorraad is!</p>",1.0,stuk(s),Blauw,PVC,Raved,250.0,cm,N,,Tafelzeil,Rechthoek,N,N,,,N,,,3 maanden,,,,,N,,,Geruit,140.0,cm,2.0,kg,,Ruitjes,Geen,26.0,cm,3.0,cm,37.0,cm,2.0,kg,1x Tafelzeil,Voor binnen & buiten,Machinewas 30 °C,1.xlsx,,,,,,,,,,,,,,,"https://media.s-bol.com/ZowzQLEWZ52R/joj00y/124x59.jpg,https://media.s-bol.com/V9204wgwN971/grZWlr/124x110.jpg,https://media.s-bol.com/O2MzjnjmKNGg/pxjoKX/1024x1024.jpg,https://media.s-bol.com/N2LygmglJMGL/pxjoKX/124x112.jpg,https://media.s-bol.com/P97AkoknLOGz/pxjoKX/124x89.jpg,https://media.s-bol.com/Vl8qy1R5QDM1/pxjoKX/1024x1024.jpg,https://media.s-bol.com/VkAKqxqwR3lO/pxjoKX/124x105.jpg"
Raved Tafelzeil - 140 cm x 50 cm Lente Bloemen Grijs - PVC – Afwasbaar,,9509548943950,Tafellaken,,"<p>Maak je eettafel direct sfeervol én praktisch met dit <strong>afwasbare PVC-­tafelzeil</strong> van Raved met een stijlvol <strong>bloemenmotief op grijze ondergrond</strong>, dat je tafel beschermt tegen vlekken, knoeien en slijtage. Perfect voor zowel <strong>binnen als buiten</strong>.</p> <p>Breng een frisse lentevibe naar je tafel met dit <strong>T</strong><strong>afelzeil “Lente Bloemen” van Raved</strong> — ideaal voor wie stijl én gemak wil combineren. Het <strong>primair zoekwoord tafelzeil”</strong> wordt direct zichtbaar in de eerste alinea, samen met de belangrijkste eigenschappen.<br />Dit tafelzeil is vervaardigd uit <strong>duurzaam PVC-materiaal</strong>, waardoor het eenvoudig te reinigen is en bestand tegen knutselende kinderen, spontane buitenmaaltijden of gezellige diners met vrienden. De <strong>kleur grijs met wit bloemenpatroon</strong> geeft een moderne en frisse uitstraling die moeiteloos past bij allerlei interieur- of tuinstijlen.</p> <h3>Voordelen in één oogopslag</h3> <ul> <li> <p><strong>Bescherming & gemak</strong>: door het gladde PVC kun je direct eten of drinken serveren zonder bang te zijn voor vlekken of beschadigingen.</p> </li> <li> <p><strong>Flexibel gebruik</strong>: geschikt voor gebruik <strong>binnen én buiten</strong>, waardoor je tafel het hele jaar door verzorgd oogt. </p> </li> <li> <p><strong>Stijlvol design</strong>: het bloemenmotief op de grijze ondergrond zorgt voor een frisse, natuurlijke sfeer die zowel in de keuken als op het terras werkt.</p> </li> </ul> <h3>Specificaties & kwaliteit</h3> <ul> <li> <p>Materiaal: <strong>PVC / plastic</strong> – stevig, praktisch én afwasbaar. Kleur: grijze ondergrond met een wit bloemenpatroon – subtiel en elegant. </p> </li> <li> <p>Merk: Raved – specialist in tafelkleden/tafelzeilen met oog voor design en gebruiksgemak. </p> </li> <li> <p>Geschikt voor: dagelijks gebruik, gezinsmaaltijden, buitenmaaltijden, knutselmomenten, feestmomenten – kortom: jouw tafel kan alles aan.</p> </li> </ul> <h3>Waarom kiezen voor dit tafelzeil?</h3> <p>Stel je voor: je hebt net een prachtig gedekte tafel, de kinderen eten buiten, vrienden schuiven aan voor een borrel – en jij hoeft je geen zorgen te maken over vlekken of krassen. Dit tafelzeil geeft je die rust én stijl. Veel tafelkleden zien er mooi uit, maar dit exemplaar maakt het écht makkelijk – schoonmaken is zo gedaan.<br /><strong>Sociale bewijskracht</strong>: veel gebruikers waarderen hoe moeiteloos het onderhoud is en hoe het design direct de sfeer verhoogt.<br /><strong>Verliesaversie-trigger</strong>: Een tafel zonder goede bescherming loopt risico op blijvende vlekken of beschadiging – kies nu voor zekerheid.<br /><strong>Urgentie</strong>: Met het juiste zeil zorg je dat het nieuwe seizoen vliegend van start gaat en de tafel meteen uitnodigend is.</p> <h3>Onderhoud & gebruikstips</h3> <ul> <li> <p>Veeg het tafelzeil af met een vochtige doek – geen gedoe met speciale schoonmaakmiddelen.</p> </li> <li> <p>Gebruik het buiten? Haal het bij aanhoudende regen naar binnen om verkleuring of verwering te voorkomen. </p> </li> <li> <p>Combineer met placemats of dienbladen voor extra bescherming én stijl.</p> </li> </ul> <p><strong>Conclusie:</strong> Kies dit tafelzeil van Raved voor een combinatie van stijl, gemak en duurzaamheid. Breng frisheid in huis of tuin met het bloemenmotief, en ervaar hoe eenvoudig het wordt om je tafel er verzorgd uit te laten zien.<br /><strong>Bestel vandaag nog</strong> en geef je tafel de bescherming én uitstraling die het verdient.</p>",1.0,stuk(s),Wit; Grijs,PVC,Raved,50.0,cm,N,,Tafelzeil,Rechthoek,N,N,,,N,,,3 maanden,,,,,N,,,Overig,140.0,cm,2.0,kg,,Bloemen,Geen,26.0,cm,3.0,cm,37.0,cm,2.0,kg,Een afwasbaar tafelzeil,Voor binnen & buiten,Afnemen met een natte doek,1.xlsx,,,,,,,,,,,,,,,"https://media.s-bol.com/NJkWXZXzR4j8/k5WgGBY/1024x1024.jpg,https://media.s-bol.com/m5ZN8AEgxB5p/k5WgGBY/1024x1024.jpg,https://media.s-bol.com/m5ZNNw0XO6JE/k5WgGBY/124x101.jpg,https://media.s-bol.com/Y8EqrOgAyxk2/k5WgGBY/1024x1024.jpg,https://media.s-bol.com/poQrD1x0xvYp/AQj2xB/1024x1024.jpg,https://media.s-bol.com/q1xL6K0O2WNk/k5WgGBY/124x40.jpg,https://media.s-bol.com/Y8EqqpxkBjAp/k5WgGBY/1024x1024.jpg"
Raved Tafelzeil – 140 cm x 310 cm – Hortensia Roze – PVC – Afwasbaar,,9506527562157,Tafellaken,,"<p>Transformeer je eetruimte direct met dit <strong>stijlvolle en functionele tafelzeil</strong>. Het <strong>duurzame PVC-materiaal</strong> en de <strong>levendige hortensia-print in roze</strong> zorgen voor sfeer, terwijl het zeil moeiteloos jouw tafel beschermt en schoon te maken is dankzij de <strong>afwasbare afwerking</strong>.</p> <p>Breng een frisse, stijlvolle look naar je tafel met het <strong>primair zoekwoord: tafelzeil</strong>. Het <strong>Raved Tafelzeil Hortensia</strong> in <strong>materiaal PVC</strong>, uitgevoerd in <strong>kleur Roze</strong> met een levendig hortensia-dessin, combineert elegantie en praktisch gemak op uitstekende wijze.</p> <h3>Elegantie en bescherming</h3> <p>Je tafel is een plek waar geleefd, gelachen en gedeeld wordt. Met dit tafelzeil kies je niet alleen voor een decoratieve upgrade, maar ook voor bewuste bescherming. Het stevige hoogwaardig PVC-materiaal biedt een duurzame barrière tegen morsen, krassen en vlekken — ideaal voor gezinnen, diners met vrienden of een ontspannen moment op het terras. Bol+2meubelo.nl+2</p> <h3>Voor binnen én buiten</h3> <p>Dankzij de multifunctionele toepassing is dit tafelzeil geschikt voor zowel binnen- als buitengebruik. Zet het op de eettafel in de keuken, op de tuintafel tijdens warme dagen of op het balkon voor een gezellige sfeer. Voor het behoud van de levendige kleuren raden wij aan het zeil bij slecht weer of langdurige zonblootstelling naar binnen te halen. Bol</p> <h3>Gebruiksgemak & onderhoud</h3> <p>Het afwasbare oppervlak maakt schoonmaken een kwestie van seconden: een vochtige doek volstaat om vlekken te verwijderen. Geen worsteling meer met hardnekkige resten of ingewikkeld onderhoud, gewoon direct weer klaar voor de volgende maaltijd. meubelo.nl+1</p> <h3>Stijlvol dessin & sfeer</h3> <p>De print met hortensia’s in zachte roze/paars tinten brengt een subtiele bloemrijke sfeer in je woonruimte. Het perfecte middelpunt van jouw tafelsetting dat opvalt zonder te overheersen — en dat bij verschillende interieurstijlen past, van landelijk tot modern.</p> <h3>Specificaties in één oogopslag</h3> <ul> <li> <p>Merk: Raved</p> </li> <li> <p>Materiaal: PVC</p> </li> <li> <p>Kleur: Roze (Hortensia-dessin)</p> </li> <li> <p>Maat: 140 cm x 240 cm</p> </li> <li> <p>Afwasbaar: Ja</p> </li> <li> <p>Geschikt voor binnen & buiten: Ja</p> </li> </ul> <h3>Waarom kiezen voor dit tafelzeil?</h3> <p>Omdat je tafel méér verdient dan alleen functioneel te zijn. Je wilt een plek creëren waar je echt ontspannen kunt zitten, waar je trots op bent en die klaar is voor het leven — zonder dat je je zorgen maakt over gemorste drankjes of krassen. Het is de slimme investering voor mensen die stijl én gemak waarderen.</p> <h3>Call-to-action</h3> <p>Wacht niet langer en geef je tafel de upgrade die hij verdient. Klik op “In winkelwagen” en ervaar direct het verschil — jouw nieuwe favoriete tafelsetting wacht op je!</p>",1.0,stuk(s),Roze,PVC,Raved,310.0,cm,N,,Tafelzeil,Rechthoek,N,N,,,N,,,3 maanden,,,,,N,,,Overig,140.0,cm,2.0,kg,,Bloemen,Geen,26.0,cm,3.0,cm,37.0,cm,2.0,kg,1 stuk,Voor binnen & buiten,Afnemen met een natte doek,1.xlsx,,,,,,,,,,,,,,,"https://media.s-bol.com/yjPAlW9VAO1W/lOWL661/1024x1024.jpg,https://media.s-bol.com/RN6KYvPvg9v0/lOWL661/1024x1024.jpg,https://media.s-bol.com/v12xq6ZzmZzV/lOWL661/124x108.jpg,https://media.s-bol.com/m5Z0RWyNmALE/lOWL661/1024x1024.jpg,https://media.s-bol.com/m5Z0RWyklpkn/lOWL661/124x40.jpg,https://media.s-bol.com/g0JDYW2y1oN9/lOWL661/1024x1024.jpg"
Raved Tafelzeil – 140 cm x 320 cm – Zwarte Stippen – Wit – PVC – Afwasbaar,,9507873513442,Tafellaken,,"<p>Geef je tafel direct een stijlvolle upgrade met <strong>een trendy stippenprint</strong> en de <strong>praktische bescherming van PVC</strong>. Dit tafelzeil is <strong>afwasbaar</strong>, geschikt voor zowel binnen als buiten, en laat knoeien geen kans meer.</p> <p><strong>Bescherm je tafel met stijl</strong><br />Maak kennis met het <strong>tafelzeil</strong> van het merk <strong>Raved</strong>, uitgevoerd in een fris motorwit met moderne zwarte stippenprint. Dankzij het <strong>materiaal</strong> PVC is dit tafelzeil uitzonderlijk makkelijk in het onderhoud — een snel afvegen met een vochtige doek is vaak voldoende. En omdat het ontwerp zowel trendy als tijdloos is, past het perfect in zowel een strak interieur als een gezellige buitenruimte.</p> <h3>Waarom kiezen voor dit tafelzeil?</h3> <ul> <li> <p><strong>Bescherming & onderhoudsgemak</strong>: vocht, vlekken en zelfs brandplekken door hete pannen maken voortaan geen kans. Het PVC-oppervlak zorgt voor bescherming én eenvoud.</p> </li> <li> <p><strong>Stijlvol design</strong>: de combinatie van wit en zwarte stippen geeft je tafel direct een moderne, speelse uitstraling — ideaal als blikvanger of als subtiele accent.</p> </li> <li> <p><strong>Binnen én buiten inzetbaar</strong>: of je nu dineert in de stijlvol ingerichte eetkamer of in de tuin bij een zomerse avond, dit tafelzeil is geschikt. Wel: bij veel regen is binnen halen aan te raden om verkleuring of slijtage te voorkomen. </p> </li> <li> <p><strong>Verschillende afmetingen beschikbaar</strong>: breedte van 140 cm met diverse lengtes beschikbaar — handig voor langwerpige tuintafels of ronde formaten.</p> </li> </ul> <h3>Specificaties in één oogopslag</h3> <ul> <li> <p>Merk: Raved </p> </li> <li> <p>Materiaal: <strong>PVC</strong> (kunststof) </p> </li> <li> <p>Kleur/design: wit met <strong>zwarte stippen</strong> print </p> </li> <li> <p>Geschikt voor gebruik: binnen & buiten (bij voorkeur droog houden) </p> </li> <li> <p>Onderhoud: eenvoudig afnemen met vochtige doek</p> </li> </ul> <h3>Voor wie is dit tafelzeil ideaal?</h3> <p>Heb je jonge kinderen of worden er regelmatig gasten ontvangen? Dan is dit tafelzeil een slimme keuze. Want waar vroeger vlekken of kringen op je tafel je het plezier van dineren konden vergallen, staat hier nu comfort en zekerheid centraal. En ben je dol op buiten eten? Dan zorgt het voor een praktische beschermlaag én een stijlvol uiterlijk — zonder dat je aan sfeer hoeft in te boeten.</p> <h3>Tips voor optimaal gebruik</h3> <ul> <li> <p>Laat het tafelzeil bij regen of extreme zon liever even naar binnen halen om het printdessin te behouden.</p> </li> <li> <p>Voor een mooie valrand aan de zijkanten: zorg dat de lengte iets groter is dan je tafeloppervlak.</p> </li> <li> <p>Combineer met eenvoudige accessoires in zwart-wit of natuurlijke houttinten om de stippen écht tot hun recht te laten komen.</p> </li> </ul> <p><strong>Conclusie & call-to-action</strong><br />Gun je tafel de stijlvolle bescherming die hij verdient met dit premium tafelzeil van Raved. Kies vandaag nog jouw lengte, leg het op de tafel en ontdek direct het verschil in gemak, uitstraling én gemoedsrust. Voeg het toe aan je winkelwagen en verander je eetplek instant — zonder stress of gedoe.</p>",1.0,stuk(s),Wit; Zwart,PVC,Raved,320.0,cm,N,,Tafelzeil,Rechthoek,N,N,,,N,0.0,cm,3 maanden,,,,,N,,,Gestipt,140.0,cm,2.0,kg,,Stippen,Geen,26.0,cm,3.0,cm,37.0,cm,2.0,kg,1 stuk,Voor binnen & buiten,Afnemen met een natte doek,1.xlsx,,,,,,,,,,,,,,,https://media.s-bol.com/p1YVZMNGvo52/2RlrWN1/550x550.jpg
Raved Tafelzeil – 140 cm x 240 cm – Hortensia Roze – PVC – Afwasbaar,,9508966681369,Tafellaken,,"<p>Transformeer je eetruimte direct met dit <strong>stijlvolle en functionele tafelzeil</strong>. Het <strong>duurzame PVC-materiaal</strong> en de <strong>levendige hortensia-print in roze</strong> zorgen voor sfeer, terwijl het zeil moeiteloos jouw tafel beschermt en schoon te maken is dankzij de <strong>afwasbare afwerking</strong>.</p> <p>Breng een frisse, stijlvolle look naar je tafel met het <strong>primair zoekwoord: tafelzeil</strong>. Het <strong>Raved Tafelzeil Hortensia</strong> in <strong>materiaal PVC</strong>, uitgevoerd in <strong>kleur Roze</strong> met een levendig hortensia-dessin, combineert elegantie en praktisch gemak op uitstekende wijze.</p> <h3>Elegantie en bescherming</h3> <p>Je tafel is een plek waar geleefd, gelachen en gedeeld wordt. Met dit tafelzeil kies je niet alleen voor een decoratieve upgrade, maar ook voor bewuste bescherming. Het stevige hoogwaardig PVC-materiaal biedt een duurzame barrière tegen morsen, krassen en vlekken — ideaal voor gezinnen, diners met vrienden of een ontspannen moment op het terras. Bol+2meubelo.nl+2</p> <h3>Voor binnen én buiten</h3> <p>Dankzij de multifunctionele toepassing is dit tafelzeil geschikt voor zowel binnen- als buitengebruik. Zet het op de eettafel in de keuken, op de tuintafel tijdens warme dagen of op het balkon voor een gezellige sfeer. Voor het behoud van de levendige kleuren raden wij aan het zeil bij slecht weer of langdurige zonblootstelling naar binnen te halen. Bol</p> <h3>Gebruiksgemak & onderhoud</h3> <p>Het afwasbare oppervlak maakt schoonmaken een kwestie van seconden: een vochtige doek volstaat om vlekken te verwijderen. Geen worsteling meer met hardnekkige resten of ingewikkeld onderhoud, gewoon direct weer klaar voor de volgende maaltijd. meubelo.nl+1</p> <h3>Stijlvol dessin & sfeer</h3> <p>De print met hortensia’s in zachte roze/paars tinten brengt een subtiele bloemrijke sfeer in je woonruimte. Het perfecte middelpunt van jouw tafelsetting dat opvalt zonder te overheersen — en dat bij verschillende interieurstijlen past, van landelijk tot modern.</p> <h3>Specificaties in één oogopslag</h3> <ul> <li> <p>Merk: Raved</p> </li> <li> <p>Materiaal: PVC</p> </li> <li> <p>Kleur: Roze (Hortensia-dessin)</p> </li> <li> <p>Maat: 140 cm x 240 cm</p> </li> <li> <p>Afwasbaar: Ja</p> </li> <li> <p>Geschikt voor binnen & buiten: Ja</p> </li> </ul> <h3>Waarom kiezen voor dit tafelzeil?</h3> <p>Omdat je tafel méér verdient dan alleen functioneel te zijn. Je wilt een plek creëren waar je echt ontspannen kunt zitten, waar je trots op bent en die klaar is voor het leven — zonder dat je je zorgen maakt over gemorste drankjes of krassen. Het is de slimme investering voor mensen die stijl én gemak waarderen.</p> <h3>Call-to-action</h3> <p>Wacht niet langer en geef je tafel de upgrade die hij verdient. Klik op “In winkelwagen” en ervaar direct het verschil — jouw nieuwe favoriete tafelsetting wacht op je!</p>",1.0,stuk(s),Roze;Paars,PVC,Raved,240.0,cm,N,,Tafelzeil,Rechthoek,N,N,,,N,,,3 maanden,,,,,N,,,Overig,140.0,cm,2.0,kg,,Bloemen,Geen,26.0,cm,3.0,cm,37.0,cm,2.0,kg,1 stuk,Voor binnen & buiten,Afnemen met een natte doek,1.xlsx,,,,,,,,,,,,,,,"https://media.s-bol.com/8V2z8rEOgx82/3lmvJJp/1024x1024.jpg,https://media.s-bol.com/JB6KDkQN37n9/3lmvJJp/1024x1024.jpg,https://media.s-bol.com/7R3y8qXKALYw/3lmvJJp/124x108.jpg,https://media.s-bol.com/q1xpRWZ8vZXD/3lmvJJp/1024x1024.jpg,https://media.s-bol.com/zkp4PgXEq6lO/3lmvJJp/1024x1024.jpg,https://media.s-bol.com/Z16GOEzxvvBJ/3lmvJJp/124x40.jpg"
Raved Tafelzeil – 140 cm x 260 cm – Bloemen Bijen – PVC – Afwasbaar,,9504677319652,Tafellaken,,"<p>Geef je tafel direct een vrolijke make-over met het <strong>afwasbare PVC-tafelzeil</strong> van Raved met print van <strong>bloemen en bijen</strong> – <strong>bescherming en sfeer in één</strong> voor binnen én buitengebruik.</p> <p>Bescherm je tafel tegen vlekken, krassen en knoeien én creëer direct een gezellige uitstraling met het <strong>primair zoekwoord “tafelzeil”</strong>. Dit stijlvolle tafelzeil van het merk Raved is uitgevoerd in hoogwaardig <strong>PVC-materiaal</strong>, waardoor vlekken eenvoudig met een vochtige doek te verwijderen zijn – ideaal voor gezinnen, hobby’s of buitengebruik. Het motief van <strong>bloemen en bijen</strong> brengt een frisse, zonnige sfeer aan tafel, terwijl je tafeloppervlak blijft stralen.</p> <h3>Waarom dit tafelzeil?</h3> <ul> <li> <p>Het <strong>materiaal PVC</strong> is zeer onderhoudsvriendelijk en beschermt effectief tegen vloeistoffen, kinderspul of hete pannen.</p> </li> <li> <p>Het <strong>motief bloemen en bijen</strong> geeft iedere eettafel of tuintafel een speels, vrolijk accent – je combineert functionaliteit met stijl.</p> </li> <li> <p>Dankzij de <strong>maat 140 cm breedte</strong> (lengte afhankelijk) is het geschikt voor de meeste standaard tafels – je hoeft niet te knutselen of te kiezen voor een te krap kleed.</p> </li> </ul> <h3>Gebruik en toepassing</h3> <p>Of je nu binnen aan de eettafel gaat, of buiten op het terras met vrienden of familie zit – dit Raved tafelzeil is geschikt voor beide. Voel je geen zorgen meer over gemorste wijn, klei of waterdruppels. Want met dit afwasbare tafelkleed kun je direct schoonmaken – geen gedoe met langdurig poetsen. Hierdoor kun je ontspannen genieten in plaats van voortdurend bezig zijn met opruimen.</p> <h3>Uitvoering & onderhoud</h3> <p>Het tafelzeil is gemaakt van stevig PVC-materiaal dat de tafel beschermt tegen slijtage, vlekken en krassen. De print van bloemen en bijen is duurzaam en blijft goed zichtbaar, zelfs bij intensief gebruik of buiten. Onderhoud is eenvoudig: afnemen met een natte doek, eventueel een mild sopje bij hardnekkige vlekken. Laat het kleed droog liggen, en je bent klaar voor het volgende moment. Tip: bij gebruik buiten even binnenhalen bij slechter weer om levensduur te verlengen.</p> <h3>Sfeer & functionaliteit combineren</h3> <p>Bij veel huishoudens is de tafel het hart van het huis – van ontbijt tot spelletjesavond. Dit tafelzeil zorgt ervoor dat je tafel er niet alleen netjes uitziet, maar ook echt gebruiksklaar blijft. Dankzij het vrolijke bloemen-en-bijendesign geef je een persoonlijke touch aan je interieur of buitenruimte. En omdat je niet bang hoeft te zijn voor knoeien of slijtage, voel je vrijheid in je dagelijkse routines.</p> <h3>Waar wacht je nog op?</h3> <p>Kies voor dit Raved tafelzeil en combineer <strong>bescherming, gemak en stijl</strong> direct. Je tafel verdient dat – en jij verdient dat ontspannen moment, zonder zorgen over vieze randen of moeilijk schoonmaken. Klik op “Toevoegen aan winkelwagen” en transformeer je eetplek vandaag nog.</p>",1.0,stuk(s),Wit,PVC,Raved,260.0,cm,N,,Tafelzeil,Rechthoek,N,N,,,N,,,3 maanden,,,,,N,,,Overig,140.0,cm,2.0,kg,,Bijen,Geen,26.0,cm,3.0,cm,37.0,cm,2.0,kg,1 stuk,Voor binnen & buiten,Machinewas 30 °C,1.xlsx,,,,,,,,,,,,,,,"https://media.s-bol.com/KDr9m7qGPEl8/8qrgGP3/1024x1024.jpg,https://media.s-bol.com/NJkWpKwkLv5v/8qrgGP3/1024x1024.jpg,https://media.s-bol.com/v12LDx0LvBQn/8qrgGP3/124x109.jpg,https://media.s-bol.com/PWgEpD33y36w/ZP9Gy2/1024x1024.jpg,https://media.s-bol.com/xgkL9zM85jx3/8qrgGP3/1024x1024.jpg,https://media.s-bol.com/NJkWpKwGVX2D/8qrgGP3/124x40.jpg,https://media.s-bol.com/w1p7ZyL25gw1/8qrgGP3/1024x1024.jpg"
Raved Tafelzeil – 140 cm x 100 cm – Roze Fruit Groen – Bloemen – PVC – Afwasbaar,,9507218526755,Tafellaken,,"<p>Breng direct sfeer aan tafel met dit <strong>afwasbare PVC tafelzeil</strong> van Raved: met een vrolijk <strong>roze fruit- en groene bloemenmotief</strong> beschermt het je tafel tegen vlekken en krassen, zowel binnenshuis als buiten.</p> <p>Met dit <strong>tafelzeil</strong> van het merk Raved combineer je stijl en functionaliteit moeiteloos. Het <strong>primair zoekwoord “tafelzeil”</strong> komt direct terug. Het tafelzeil is uitgevoerd in een frisse <strong>groene kleur</strong> met een speels <strong>roze fruit- en bloemenmotief</strong>, en is vervaardigd uit stevig <strong>PVC-materiaal</strong> dat eenvoudig met een vochtige doek te reinigen is.</p> <h3>Bescherm en verfraai je tafel</h3> <p>Of je nu geniet van een ontspannen ontbijt in de keuken of een tuinlunch op het terras: dit tafelzeil biedt directe bescherming tegen morsen, vlekken en kleine krassen dankzij de afwasbare kunststoflaag. De vrolijke print maakt dat je tafel er elke dag uitnodigend uitziet – een kleine sfeerupgrade met groot effect. De combinatie van groen en roze motiveert een positieve huiselijke vibe voor zowel gezinnen als gezellige etentjes.</p> <h3>Geschikt voor binnen én buiten</h3> <p>Dankzij het praktische materiaal is het tafelzeil geschikt voor gebruik zowel <strong>binnen als buiten</strong>. Denk aan middag-zon in de serre, barbecue op het terras of simpelweg bescherming van je eettafel. Omdat kleur en kwaliteit behouden blijven, is het aan te raden het tafelzeil bij langdurige blootstelling aan slecht weer binnen te halen. </p> <h3>Materiaal & onderhoud</h3> <p>Het gebruikte PVC is duurzaam en eenvoudig te reinigen: veeg af met een vochtige doek en je tafel is weer klaar voor het volgende moment. Het tafelzeil is slijt­ en vlek­bestendig, wat bijdraagt aan een langere levensduur in het dagelijks gebruik. <br /><br /><strong>Waarom kiezen voor dit Raved-tafelzeil?</strong></p> <ul> <li> <p><strong>Vrolijke print</strong> met roze fruit en groene bloemen zorgt voor een sfeervolle uitstraling</p> </li> <li> <p><strong>Afwasbaar PVC-materiaal</strong> zorgt dat je tafel langdurig beschermd is</p> </li> <li> <p><strong>Binnen & buiten inzetbaar</strong>, flexibel in gebruik</p> </li> <li> <p>Makkelijk in onderhoud, ideaal voor gezinnen of regelmatig gebruik</p> </li> </ul> <p>Laat je tafel niet langer eenvoudig achtergaan door morsen of slijtage. Kies voor dit tafelzeil van Raved en combineer direct <strong>bescherming van je meubel</strong> met <strong>vrolijke, vernieuwende styling</strong>. Klik nu op “in winkelwagen” en geef je tafel de upgrade die ‘ie verdient!</p>",1.0,stuk(s),Roze,PVC,Raved,100.0,cm,N,,Tafelzeil,Rechthoek,N,N,,,N,,,3 maanden,,,,,N,,,Gebloemd,140.0,cm,2.0,kg,,Bloemen,Geen,26.0,cm,3.0,cm,37.0,cm,2.0,kg,1 stuk,Voor binnen & buiten,Afnemen met een natte doek,1.xlsx,,,,,,,,,,,,,,,"https://media.s-bol.com/3N1VMnJE0xo9/48nwRQ1/1024x1024.jpg,https://media.s-bol.com/NJkWzm179MyN/48nwRQ1/1024x1024.jpg,https://media.s-bol.com/yjP2KG2yqDNW/48nwRQ1/124x109.jpg,https://media.s-bol.com/1Lw3Kl3M4wKj/48nwRQ1/124x40.jpg,https://media.s-bol.com/JB6WvgKvk0Bg/48nwRQ1/1024x1024.jpg,https://media.s-bol.com/JB6WvgK0BNzv/48nwRQ1/1024x1024.jpg"
Raved Tafelzeil – 140 cm x 100 cm – Kerstballen Beige – PVC – Afwasbaar,,9506785961921,Tafellaken,,"<p>Breng direct <strong>kerstsfeer</strong> in huis met dit <strong>sfeervolle tafelzeil</strong> van Raved, voorzien van een warme kerstballenprint en <strong>duurzaam PVC-materiaal</strong>. Dankzij de <strong>afwasbare laag</strong> leg je met een gerust hart de feesttafel klaar—lekker, veilig en stijlvol.</p> <p>Geef jouw kersttafel deze winter een blikvanger met het <strong>kerst tafelzeil</strong> van Raved. Dit stijlvolle tafelzeil is speciaal ontworpen om jouw interieur feestelijk én praktisch te maken tijdens de decemberdagen.</p> <h3>Sfeervolle uitstraling</h3> <p>Met een mooie <strong>kerstballenprint</strong> tegen een elegante beige achtergrond creëer je meteen een warme, gezellige tafelsetting waar familie en vrienden zich welkom voelen. Of je nu een uitgebreid kerstdiner organiseert of een knusse brunch op eerste kerstdag: het tafelzeil past perfect bij jouw kerstmoment.</p> <h3>Praktisch en beschermd</h3> <p>Het <strong>PVC-materiaal</strong> biedt niet alleen een luxe uitstraling, maar ook eenvoudige onderhoudsmogelijkheden: gemorste drankjes, restjes na het diner of zelfs spelende kinderen? Geen probleem. Het tafelzeil is <strong>afwasbaar</strong> en veeg je moeiteloos schoon met een vochtige doek—zodat je tafel beschermd blijft tegen vlekken en brandplekjes door hete pannen. (Tip: gebruik onderzetters voor extra veiligheid.)</p> <h3>Geschikt voor jouw tafel</h3> <p>Met een standaard breedte van 140 cm zie je het product meteen goed terugkomen in advertenties. De lengte varieert (zie variantspecificatie), zodat je kiest wat past bij jouw tafel—rechthoekig of langer uitlopend. Kies voor een variant die past bij jouw salon of eetkamer. Dankzij het materiaal is het tafelzeil zowel mooi als functioneel.</p> <h3>Waarom kiezen voor Raved?</h3> <p>Brand & burn-out van je interieur? Niet met dit tafelzeil. Raved heeft een stevig tafelzeil ontwikkeld dat de kerstsfeer combineert met gemak. Geen stress meer over rondslingerende servetten of onverwachte wijnvlekken—met dit tafelzeil zit je goed. Andere gebruikers gingen je voor en waarderen de combinatie van print + kwaliteit.<br />Voel je uitgeblust na het opruimen? Met dit afwasbare tafelzeil ben je sneller klaar en kun je écht genieten van je maaltijd en gezelschap.</p> <h3>Gebruik & onderhoud</h3> <ul> <li> <p>Leg het tafelzeil vlak op je tafel; indien te lang kun je overtollig materiaal aan de zijkant wegsnijden of omvouwen.</p> </li> <li> <p>Veeg vuil direct weg met een vochtige doek; het PVC-materiaal behoudt zijn kwaliteit en print.</p> </li> <li> <p>Berg het tafelzeil schoon en droog op voor hergebruik komende jaren—zo is jouw aankoop een slimme investering in jouw kerstsfeer.</p> </li> </ul> <h3>Call-to-action</h3> <p>Maak jouw kersttafel af met dit stijlvolle én praktische tafelzeil—klik op ‘Toevoegen aan winkelwagen’ en leg vandaag nog de basis voor een zorgeloze en sfeervolle feestmaaltijd.</p>",1.0,stuk(s),Beige; Rood,PVC,Raved,100.0,cm,N,,Tafelzeil,Rechthoek,N,N,,,N,,,3 maanden,,,,,N,,,Overig,140.0,cm,2.0,kg,,Print,Geen,26.0,cm,3.0,cm,37.0,cm,2.0,kg,1 tafelzeil,Voor binnen & buiten,Machinewas 30 °C,1.xlsx,,,,,,,,,,,,,,,"https://media.s-bol.com/mn2Y32n9ymNA/GpJ828/124x61.jpg,https://media.s-bol.com/noxj4yxpD2ql/OA0G0B/124x105.jpg,https://media.s-bol.com/qr7m4B7vJynD/OA0G0B/1024x1024.jpg,https://media.s-bol.com/q954rBkVL7yp/GDwmDy/1024x1024.jpg,https://media.s-bol.com/P8K5RBK5EYl2/vNlyQX/124x110.jpg,https://media.s-bol.com/mnOg4xOoB1p0/OA0G0B/124x112.jpg,https://media.s-bol.com/o0Vk4zVqE3rK/OA0G0B/124x89.jpg"
Raved Tafelzeil – 140 cm x 100 cm – Wilde Bloemen Groen – PVC – Afwasbaar,,9506919927311,Tafellaken,,"<p>Vier direct een vrolijk moment aan tafel met <strong>dit afwasbare PVC tafelzeil met een stijlvol bloemenmotief</strong>. Het beschermt je tafel tegen vlekken en krassen, én voegt een frisse, kleurrijke sfeer toe aan elke maaltijd – <strong>perfect voor binnen en buiten</strong>.</p> <p>Ontdek hoe je met <strong>dit Raved Tafelzeil Wilde Bloemen</strong> je tafel in een handomdraai transformeert in een sfeervolle ontmoetingsplek. Dit <strong>PVC-tafelzeil</strong>, uitgevoerd in een frisse groene kleur met een vrolijk bloemenmotief, combineert stijl en functionaliteit op een slimme manier.</p> <h3>Bescherming én stijl</h3> <p>Iedere maaltijd, ieder samenzijn kent zijn uitdagingen: een kleverige hand, een rode wijnvlek, of een brandpunt van een hete pan. Dit tafelzeil biedt een stevige bescherming voor je tafelblad – dankzij het duurzame PVC-materiaal, weet je zeker dat je tafel bestand is tegen dagelijkse slijtage. Het motief van wilde bloemen brengt een natuurlijke, vrolijke uitstraling in huis of tuin.</p> <h3>Geschikt voor binnen én buiten</h3> <p>Dankzij de afwasbare toplaag is het zeil eenvoudig schoon te maken met een vochtige doek – geen wasmachine of stijfsel, gewoon snel afnemen en verder genieten. Of je nu een rustige koffie doet in de ochtend of een tuinmaaltijd met vrienden hebt, dit tafelzeil past zich moeiteloos aan. Het is ontworpen om zowel binnen als buiten gebruikt te worden – ideaal voor gezinnen met kinderen of voor wie vaak aan het loungen is buiten. </p> <h3>Specificaties & voordelen</h3> <ul> <li> <p><strong>Materiaal</strong>: PVC – waterafstotend, vlekbestendig, onderhoudsvriendelijk. </p> </li> <li> <p><strong>Kleur/Design</strong>: Groen met een levendig bloemenmotief – zorgt direct voor sfeer.</p> </li> <li> <p><strong>Gebruik</strong>: Binnen én buiten, geschikt voor dagelijks gebruik en speciale gelegenheden. </p> </li> <li> <p><strong>Voordelen in één oogopslag</strong>:</p> <ul> <li> <p>Beschermt tegen vlekken, krassen en vocht</p> </li> <li> <p>Sfeervol bloemenprint versterkt de tafelsetting</p> </li> <li> <p>Eenvoudig schoon te maken – maximaal gemak</p> </li> <li> <p>Met een materiaal dat lang meegaat zonder in te boeten op uitstraling</p> </li> </ul> </li> </ul> <h3>Waarom kiezen voor dit tafelzeil?</h3> <p>Stel je voor: je hebt net een nieuwe tafel gekocht of je oude tafel wil je graag beschermen zonder saai te oogsten op stijl. Met dit tafelzeil kies je voor gemoedsrust én een vrolijke uitstraling. Veel gezinnen ervaren dat een mooi tafelkleed vaak direct verweerd, verkleurd of beschadigd is – met dit voorbeeld is dat verleden tijd. Door de combinatie van een levendig design en praktische bruikbaarheid speel je in op twee belangrijke wensen: <strong>esthetiek</strong> en <strong>functionaliteit</strong>.</p> <h3>Slot & call-to-action</h3> <p>Laat geen plek meer onbenut gaan wanneer het op sfeer en gemak aankomt: kies voor dit tafelzeil en geniet direct van een vrolijk ingerichte tafel zonder de stress van onderhoud. Klik nu op “In winkelwagen” en geef je tafel de uitstraling én bescherming die het verdient!</p>",1.0,stuk(s),Groen; Wit; Rood,PVC,Raved,100.0,cm,N,,Tafelzeil,Rechthoek,N,N,,,N,,,2 maanden,,,,,N,,,Gebloemd,140.0,cm,0.3,kg,,Jungle,0657452723,26.0,cm,3.0,cm,37.0,cm,0.2,kg,contact@ravedfabrics.com,Voor binnen & buiten,Afnemen met een natte doek,1.xlsx,,,,,,,,,,,,,,,https://media.s-bol.com/9WrGlBMkjXw8/8qrg41o/550x550.jpg
Raved Tafelzeil – 140 cm x 100 cm – Vierkant Uitwasbaar – Donkerbruin – PVC – Waterafstotend – Afwasbaar,,9505945142361,Tafellaken,,"<p>Geef uw eettafel direct een stijlvolle upgrade met dit <strong>uitwasbare en waterafstotende tafelzeil</strong> in elegant donkerbruin. Perfect voor een praktische én verzorgde uitstraling — geschikt voor <strong>binnen en buiten</strong> en eenvoudig schoon te maken.</p> <p>Breng stijl en gemak samen met het <strong>primair zoekwoord</strong> tafelzeil. Het hoogwaardige tafelzeil van het merk <strong>Raved</strong>, in een diepe <strong>donkerbruine</strong> kleur, is dé oplossing voor mensen die willen genieten aan tafel zonder zich zorgen te maken over knoeien, vlekken of weersinvloeden.</p> <h3>Bescherming én elegantie</h3> <p>Dankzij het <strong>materiaal</strong> dat speciaal is behandeld met een <strong>waterafstotende coating</strong>, neem je comfortabel plaats zonder direct aan tafelbescherming te hoeven denken. Met dit tafelzeil bedek je binnen- én buitentafels in een handomdraai — ideaal voor een zonnige tuinlunch of een gezellig diner in huis. Het effen donkerbruin geeft tevens een warme, tijdloze uitstraling die past bij verschillende interieurstijlen.</p> <h3>Praktisch in onderhoud</h3> <p>Het zeil is <strong>uitwasbaar</strong>, waardoor gemorste dranken of etensresten geen zorgen zijn. Je hoeft niet direct de tafel te ontkleden of een beschermfolie te gebruiken — gewoon afnemen of licht wassen en het resultaat blijft mooi. Dit maakt het tafelzeil perfect geschikt voor huishoudens met kinderen, sociale bijeenkomsten of regelmatig buitengebruik.</p> <h3>Veelzijdig inzetbaar</h3> <p>Het ontwerp is minimalistisch waardoor het gemakkelijk te combineren valt met uw bestaande servies, decoratie of buitenmeubelen. Dankzij de robuuste afwerking en waterafstotende laag is het tafelzeil ook bestand tegen lichte weersinvloeden, waardoor het zeker geschikt is voor overdekt buitengebruik.</p> <h3>Waarom kiezen voor dit product?</h3> <ul> <li> <p><strong>USP 1</strong>: waterafstotend — bescherming tegen vloeistoffen en knoeien.</p> </li> <li> <p><strong>USP 2</strong>: uitwasbaar en onderhoudsvriendelijk — bespaart tijd en moeite.</p> </li> <li> <p><strong>USP 3</strong> (argument): stijlvolle effen donkerbruine kleur die past bij diverse interieurs en seizoenen.</p> </li> </ul> <h3>Onderhoud & gebruik</h3> <p>Leg het zeil eenvoudig over uw tafel en laat de randen hangen zoals gewenst. Bij vuil direct afnemen met een vochtige doek of – indien nodig – uitwassen. Vermijd hoge hitte of open vuur direct op het oppervlak om de bescherming te behouden. Gebruik het zowel binnen als op een overdekt terras voor optimale functionaliteit.</p> <h3>Conclusie & call-to-action</h3> <p>Maak met dit tafelzeil een slimme keuze: een verzorgde uitstraling én het gemak van onderhoud in één. Ontdek vandaag nog hoe eenvoudig het is om uw tafel te beschermen én er stijlvol uit te laten zien. <strong>Bestel nu</strong> en geniet van momenten aan tafel zonder zorgen.</p>",1.0,stuk(s),Bruin,Katoen,Raved,100.0,cm,N,,Tafelzeil,Rechthoek,N,N,,,N,,,3 maanden,,,,,N,,,Overig,140.0,cm,2.0,kg,,Tijdloos,Geen,26.0,cm,3.0,cm,37.0,cm,2.0,kg,1 stuk,Voor binnen & buiten,Machinewas 30 °C,1.xlsx,,,,,,,,,,,,,,,"https://media.s-bol.com/3pQPgwR6DwmQ/8RDg43/124x105.jpg,https://media.s-bol.com/VROo3PP1j3M9/DRKxg4y/1024x1024.jpg,https://media.s-bol.com/WV6p377gNLjJ/DRKxg4y/124x110.jpg,https://media.s-bol.com/9WrG0Q16qN14/DRKxg4y/1024x1024.jpg,https://media.s-bol.com/7w12mX89K9w8/8RDg43/1024x1024.jpg,https://media.s-bol.com/gGZNO2YnzXvZ/8RDg43/124x89.jpg,https://media.s-bol.com/8x10nE83L3x2/8RDg43/124x112.jpg,https://media.s-bol.com/q6OXgDQDX9Gp/Qk7WAp0/1024x1024.jpg,https://media.s-bol.com/5PyVN99JY3kZ/DRKxg4y/124x40.jpg,https://media.s-bol.com/4OxVMRREX4j0/DRKxg4y/1024x1024.jpg,https://media.s-bol.com/m5Z8vQQJr0JA/DRKxg4y/1024x1024.jpg"
Raved nieuwjaar Tafelzeil - 140 cm x 230 cm - Metallic Grijs - PVC - Afwasbaar,,9508869982181,Tafellaken,,"<p>Met dit stijlvolle <strong>PVC tafelzeil</strong> geef je jouw tafel direct een <strong>elegante metallic grijze uitstraling</strong> en geniet je van <strong>praktisch onderhoudsgemak – afwasbaar en vlekbestendig</strong>. Ideaal voor feestelijke gelegenheden én dagelijks gebruik.</p> <p>Geef jouw eettafel of tuinset een stijlvolle upgrade met het <strong>primair zoekwoord: tafelzeil</strong> van het merk <strong>Raved</strong>. Dit prachtige tafelzeil in <strong>kleur metallic grijs</strong>, uitgevoerd in <strong>materiaal PVC</strong>, biedt de perfecte combinatie van elegantie en gebruiksgemak. Of je nu een gezellige familiediner hebt of een feestelijke gelegenheid viert, dit tafelzeil zorgt ervoor dat jouw tafel er telkens verzorgd uitziet.</p> <h3>Waarom dit tafelzeil een slimme keuze is</h3> <ul> <li> <p>Dankzij het <strong>PVC-materiaal</strong> ben je verzekerd van een water- en vlekbestendige bovenlaag: gemorst? Even afnemen met een doek en klaar.</p> </li> <li> <p>De <strong>afwasbare</strong> afwerking maakt onderhoud eenvoudig en tijdbesparend – geen stress meer over geknoei of lastige reiniging.</p> </li> <li> <p>Het formaat <strong>140 cm x 240 cm</strong> is ruim voldoende voor een standaard eettafel of tuintafel, waardoor je tafel direct goed gedekt is.</p> </li> <li> <p>De <strong>metallic grijze kleur</strong> geeft een subtiele luxe uitstraling en past goed bij zowel moderne als klassieke interieurstijlen – ideaal voor feestdagen, nieuwjaar of sfeervolle diners.</p> </li> </ul> <h3>Toepassing en sfeer</h3> <p>Gebruik dit tafelzeil binnen in de eetkamer of buiten op het terras – het is geschikt voor beide. De neutrale metallic grijstint creëert direct sfeer, zonder te overheersen, zodat je decoratie, servies of centrepiece extra welkom is. Het product is bedoeld voor wie een stijlvolle tafel verwacht, zonder in te boeten op gemak.</p> <h3>Onderhoud en praktische details</h3> <p>Het tafelzeil is eenvoudig schoon te maken: vlekken wip je eraf met een vochtige doek – ideaal voor gezinnen met kinderen of mensen die regelmatig gasten ontvangen. Let op: bij direct contact met zeer hete pannen geen garantie dat er geen sporen ontstaan – gebruik indien nodig onderzetters. Zo behoud je de mooie uitstraling duurzaam.</p> <h3>Verliesaversie en sociale bewijskracht</h3> <p>Je wilt voorkomen dat jouw tafel er minder verzorgd uitziet tijdens een gezellig diner of feestje – dit tafelzeil helpt je dat scenario te vermijden. Veel tevreden klanten kiezen voor Raved vanwege de ‘afwasbare’ kwaliteit en stijlvolle look, waardoor je niet alleen functioneel, maar ook visueel goed uitkomt.</p> <h3>Call to action</h3> <p>Kies vandaag nog voor dit tafelzeil en transformeer je tafel in een stijlvolle highlight – <strong>voeg het direct toe aan je winkelwagen</strong> en geniet binnenkort van gemak en sfeer aan tafel.</p>",1.0,stuk(s),Grijs,PVC,Raved,230.0,cm,N,,Tafelzeil,Rechthoek,N,N,,,N,,,3 maanden,,,,,N,,,Effen,140.0,cm,2.0,kg,,Kerst,Geen,26.0,cm,3.0,cm,37.0,cm,2.0,kg,1 tafelzeil,Voor binnen & buiten,Machinewas 30 °C,1.xlsx,,,,,,,,,,,,,,,"https://media.s-bol.com/q1xLDPqqgprp/k5WgGQN/1024x1024.jpg,https://media.s-bol.com/q1xLDG5GQqn0/k5WgGQN/1024x1024.jpg,https://media.s-bol.com/g0JM8LknGLWZ/k5WgGQN/124x107.jpg,https://media.s-bol.com/xgkL8qE8ORPz/k5WgGQN/1024x1024.jpg,https://media.s-bol.com/BqB9Qk2nRpyN/k5WgGQN/1024x1024.jpg,https://media.s-bol.com/BqB9QwWpyoON/k5WgGQN/124x40.jpg"
Raved Tafelzeil – 140 cm x 310 cm – Wilde Bloemen Groen – PVC – Afwasbaar,,9504246333843,Tafellaken,,"<p>Vier direct een vrolijk moment aan tafel met <strong>dit afwasbare PVC tafelzeil met een stijlvol bloemenmotief</strong>. Het beschermt je tafel tegen vlekken en krassen, én voegt een frisse, kleurrijke sfeer toe aan elke maaltijd – <strong>perfect voor binnen en buiten</strong>.</p> <p>Ontdek hoe je met <strong>dit Raved Tafelzeil Wilde Bloemen</strong> je tafel in een handomdraai transformeert in een sfeervolle ontmoetingsplek. Dit <strong>PVC-tafelzeil</strong>, uitgevoerd in een frisse groene kleur met een vrolijk bloemenmotief, combineert stijl en functionaliteit op een slimme manier.</p> <h3>Bescherming én stijl</h3> <p>Iedere maaltijd, ieder samenzijn kent zijn uitdagingen: een kleverige hand, een rode wijnvlek, of een brandpunt van een hete pan. Dit tafelzeil biedt een stevige bescherming voor je tafelblad – dankzij het duurzame PVC-materiaal, weet je zeker dat je tafel bestand is tegen dagelijkse slijtage. Het motief van wilde bloemen brengt een natuurlijke, vrolijke uitstraling in huis of tuin.</p> <h3>Geschikt voor binnen én buiten</h3> <p>Dankzij de afwasbare toplaag is het zeil eenvoudig schoon te maken met een vochtige doek – geen wasmachine of stijfsel, gewoon snel afnemen en verder genieten. Of je nu een rustige koffie doet in de ochtend of een tuinmaaltijd met vrienden hebt, dit tafelzeil past zich moeiteloos aan. Het is ontworpen om zowel binnen als buiten gebruikt te worden – ideaal voor gezinnen met kinderen of voor wie vaak aan het loungen is buiten. </p> <h3>Specificaties & voordelen</h3> <ul> <li> <p><strong>Materiaal</strong>: PVC – waterafstotend, vlekbestendig, onderhoudsvriendelijk. </p> </li> <li> <p><strong>Kleur/Design</strong>: Groen met een levendig bloemenmotief – zorgt direct voor sfeer.</p> </li> <li> <p><strong>Gebruik</strong>: Binnen én buiten, geschikt voor dagelijks gebruik en speciale gelegenheden. </p> </li> <li> <p><strong>Voordelen in één oogopslag</strong>:</p> <ul> <li> <p>Beschermt tegen vlekken, krassen en vocht</p> </li> <li> <p>Sfeervol bloemenprint versterkt de tafelsetting</p> </li> <li> <p>Eenvoudig schoon te maken – maximaal gemak</p> </li> <li> <p>Met een materiaal dat lang meegaat zonder in te boeten op uitstraling</p> </li> </ul> </li> </ul> <h3>Waarom kiezen voor dit tafelzeil?</h3> <p>Stel je voor: je hebt net een nieuwe tafel gekocht of je oude tafel wil je graag beschermen zonder saai te oogsten op stijl. Met dit tafelzeil kies je voor gemoedsrust én een vrolijke uitstraling. Veel gezinnen ervaren dat een mooi tafelkleed vaak direct verweerd, verkleurd of beschadigd is – met dit voorbeeld is dat verleden tijd. Door de combinatie van een levendig design en praktische bruikbaarheid speel je in op twee belangrijke wensen: <strong>esthetiek</strong> en <strong>functionaliteit</strong>.</p> <h3>Slot & call-to-action</h3> <p>Laat geen plek meer onbenut gaan wanneer het op sfeer en gemak aankomt: kies voor dit tafelzeil en geniet direct van een vrolijk ingerichte tafel zonder de stress van onderhoud. Klik nu op “In winkelwagen” en geef je tafel de uitstraling én bescherming die het verdient!</p>",1.0,stuk(s),Groen; Wit; Rood,PVC,Raved,310.0,cm,N,,Tafelzeil,Rechthoek,N,N,,,N,,,2 maanden,,,,,N,,,Gebloemd,140.0,cm,0.3,kg,,Jungle,0657452723,26.0,cm,3.0,cm,37.0,cm,0.2,kg,contact@ravedfabrics.com,Voor binnen & buiten,Afnemen met een natte doek,1.xlsx,,,,,,,,,,,,,,,https://media.s-bol.com/JB6zJAg3rkGl/qjWoN7r/550x550.jpg
Raved Tafelzeil - 140 cm x 300 cm - Paardenbloem Beige - PVC - Afwasbaar,,9508718618148,Tafellaken,,"<p>Met dit stijlvolle <strong>PVC-tafelzeil</strong> van Raved bescherm je jouw tafel met <strong>mooi motief (paardenbloem) in beige</strong> én profiteer je van <strong>eenvoudig onderhoud (afwasbaar)</strong> — ideaal voor ontspannen tafelmomenten binnen én buiten.</p> <p><strong>Ontdek het veelzijdige tafelzeil van Raved</strong><br />Maak van elke maaltijd een ontspannen moment zonder zorgen over vlekken of krassen. Het <strong>Raved Tafelzeil Paardenbloem</strong> in beige is hét slimme alternatief voor standaard tafelkleden. Dit tafelzeil, gemaakt van hoogwaardig <strong>PVC-materiaal</strong>, legt direct sfeer op je tafel terwijl je de echte tafel eronder beschermt.</p> <p><strong>Bescherming én stijl in één</strong><br />Met het subtiele paardenbloem-motief en de warme beige tint creëer je een rustige, stijlvolle basis voor je ontbijt, lunch of diner. Het motief past zowel in een landelijke keuken als op een moderne tuin- of eettafel. Het <strong>PVC-materiaal</strong> zorgt voor een glad oppervlak dat vlekken en vocht nauwelijks de kans geeft in te trekken — ideaal bij kinderen, gasten of buiten gebruik.</p> <p><strong>Binnen en buiten gebruik</strong><br />Of je nu binnen aan tafel zit of buiten op het terras, dit tafelzeil houdt stand. Het is speciaal ontworpen om <strong>afwasbaar</strong> te zijn — een natte doek volstaat voor het schoonmaken. Geen gedoe meer met dure beschermhoezen of onhandige tafelkleden die blijven hangen; dit tafelzeil rolt soepel uit en legt zich mooi neer.</p> <p><strong>Voordelen op een rijtje</strong></p> <ul> <li> <p>Warm beige tint met elegant paardenbloem-motief → voegt sfeer toe aan huis.</p> </li> <li> <p>Gemaakt van robuust PVC → beschermt tegen vlekken, krassen en vocht.</p> </li> <li> <p>Afwasbaar oppervlak → supersnel schoonmaken, minder onderhoud.</p> </li> <li> <p>Geschikt voor binnen & buiten → veelzijdig inzetbaar.</p> </li> <li> <p>Merk Raved → kwaliteit en betrouwbaarheid.</p> </li> </ul> <p><strong>Specificaties</strong></p> <ul> <li> <p>Materiaal: PVC (afwasbaar).</p> </li> <li> <p>Kleur/design: beige met paardenbloem-motief.</p> </li> <li> <p>Gebruik: binnen en buiten.</p> </li> <li> <p>Onderhoud: eenvoudig afnemen met vochtige doek.</p> </li> </ul> <p>Laat je tafel weer stralen en geniet zonder zorgen. Kies voor het Raved tafelzeil en leg direct een slimme, stijlvolle laag neer die jouw meubels beschermt én jouw interieur complementeert. <strong>Voeg het vandaag nog toe aan je winkelwagen</strong> en ervaar het verschil!</p>",1.0,stuk(s),Beige,PVC,Raved,300.0,cm,N,,Tafelzeil,Rechthoek,N,N,,,N,,,3 maanden,,,,,N,,,Overig,140.0,cm,2.0,kg,,Print,Geen,26.0,cm,3.0,cm,37.0,cm,2.0,kg,1x Tafelzeil,Voor binnen & buiten,Machinewas 30 °C,1.xlsx,,,,,,,,,,,,,,,"https://media.s-bol.com/r1kVN3NPwX32/WnA12Wx/1024x1024.jpg,https://media.s-bol.com/v12L7376Yjkn/WnA12Wx/1024x1024.jpg,https://media.s-bol.com/p1YL636N0LJX/WnA12Wx/124x111.jpg,https://media.s-bol.com/n156V3V2qZN5/WnA12Wx/1024x1024.jpg,https://media.s-bol.com/OkJRy5rPZWPE/nyv38Y/1024x1024.jpg,https://media.s-bol.com/p1YL6364vgXQ/WnA12Wx/124x40.jpg,https://media.s-bol.com/m5ZNV3VKoNDE/WnA12Wx/1024x1024.jpg"
Raved Tafelzeil 140 cm x 320 cm – Grote Bladeren – Groen – PVC – Afwasbaar,,9506623596391,Tafellaken,,"<p>Geef je eetplek direct een frisse, natuurlijke uitstraling met dit <strong>afwasbare PVC-tafelzeil</strong> in een mooi <strong>groen bladmotief</strong>. Dankzij de <strong>grote bladerenprint</strong> en de eenvoudige reiniging ben je binnen én buiten verzekerd van stijl zonder concessies.</p> <p>Ontdek het stijlvolle en praktische tafeltextiel — het <strong>primair zoekwoord</strong> hier is <strong>tafelzeil</strong> — van Raved: het prachtige tafelzeil met <strong>grote bladerenprint</strong> in <strong>groen</strong>, uitgevoerd in <strong>PVC</strong> waardoor hij eenvoudig schoon te maken is en geschikt voor zowel binnen als buiten.</p> <h3>Sfeervolle bladprint voor elke tafel</h3> <p>Met het Raved tafelzeil creëer je een uitnodigende tafelsetting: het levendige bladmotief brengt meteen de natuur binnen of verbindt je terras met de buitenlucht. De combinatie van de <strong>groene kleur</strong> en het uitgesproken bladerdessin geeft een speels én stijlvol accent aan jouw interieur of buitenplek. Wil je een gezellige brunch, een zonovergoten lunch op het balkon of een ontspannen avondeten buiten? Dit tafelzeil past daar perfect bij.</p> <h3>Bescherming én gemak in één</h3> <p>Het tafelzeil is vervaardigd van <strong>PVC</strong>, wat zorgt voor een glad en robuust oppervlak dat tegen een stootje kan. Gemorst? Geen probleem: je neemt het simpel met een vochtige doek af — dit onderhoudsgemak is een belangrijk <strong>USP</strong>. Bovendien verloopt het motief door tot aan de rand, wat zorgt voor een verzorgde en complete uitstraling.</p> <h3>Voor binnen én buiten</h3> <p>Kies je voor een eetkamer, keuken, tuintafel of veranda? Dankzij de veelzijdigheid is dit tafelzeil geschikt voor verschillende gebruikssituaties. Houd er wel rekening mee dat voor langdurige buitenstelling (intensieve zon, harde wind) enige bescherming van de kleur kan helpen — de rijke groen­tinten blijven het mooist als ze niet continu vol in de zon liggen.</p> <h3>Specificaties op een rij</h3> <ul> <li> <p>Materiaal: PVC (duurzaam, water- en vlekresistent)</p> </li> <li> <p>Kleur: groen met grote bladerenmotief</p> </li> <li> <p>Onderhoud: afnemen met een vochtige doek, niet in de wasmachine</p> </li> <li> <p>Gebruik: geschikt voor tafelbescherming, binnen & buiten</p> </li> <li> <p>Brandmerk: Raved</p> </li> </ul> <h3>Waarom kiezen voor dit tafelzeil?</h3> <ul> <li> <p><strong>Stijlvol motief</strong>: grote bladeren zorgen voor een natuurlijke, frisse look.</p> </li> <li> <p><strong>Onderhoudsgemak</strong>: PVC + afwasbaar oppervlak zorgt voor zorgeloos gebruik, juist handig bij gezinnen met kinderen of buitenmaaltijden.</p> </li> <li> <p><strong>Veelzijdigheid</strong>: geschikt voor diverse tafels, binnen of onder de pergola.</p> </li> <li> <p><strong>Bescherming</strong>: je tafel is beschermd tegen vlekken, vocht en lichte slijtage — verlies het risico op beschadiging niet.</p> </li> </ul> <h3>Call to action</h3> <p>Verander je tafel in een sfeervolle blikvanger en geniet iedere dag opnieuw van een frisse uitstraling. Bestel vandaag het Raved tafelzeil met groene grote bladerenprint en ervaar direct de perfecte combinatie van design én praktisch gemak! Klik op de knop en maak van iedere maaltijd een moment vol stijl.</p>",1.0,stuk(s),Wit; Donker Groen; Groen,PVC,Raved,320.0,cm,N,,Tafelzeil,Rechthoek,N,N,,,N,0.0,cm,2 maanden,,,,,N,,,Gebloemd,140.0,cm,0.3,kg,,Bloemen,0657452723,26.0,cm,3.0,cm,37.0,cm,0.2,kg,Afnemen met een natte doek,Voor binnen & buiten,Afnemen met een natte doek,1.xlsx,,,,,,,,,,,,,,,"https://media.s-bol.com/DvkPKZ2k2oPk/r0Wp5Y6/1024x1024.jpg,https://media.s-bol.com/DvkPKZ2NEwny/r0Wp5Y6/1024x1024.jpg,https://media.s-bol.com/Y8E0DYnWOMJM/r0Wp5Y6/124x111.jpg,https://media.s-bol.com/l1YDWkVzjW61/r0Wp5Y6/124x40.jpg,https://media.s-bol.com/0KROjoyw6gOy/r0Wp5Y6/1024x1024.jpg,https://media.s-bol.com/BqBQGX2B2mQo/r0Wp5Y6/1024x1024.jpg"
Raved Tafelzeil – 140 cm x 180 cm – Wilde Bloemen Roze – Katoen – Waterafstotend – Uitwasbaar,,9508433915584,Tafellaken,,"<p>Geef je tafel direct een bloeiende upgrade met dit <strong>waterafstotende katoenen tafelzeil</strong> in een vrolijke <strong>wilde bloemen-print op roze achtergrond</strong>. Dankzij de <strong>uitwasbare afwerking</strong> bescherm je jouw tafel moeiteloos tegen vlekken en morsen — stijl en gemak in één.</p> <p>Maak van elke maaltijd een stijlvol moment met het <strong>primair zoekwoord: tafelzeil</strong> — het stijlvolle en functionele accessoire voor een gastvrije tafeldressing. Het merk Raved brengt met dit tafelzeil een prachtige combinatie van design en praktische bescherming.</p> <h3>Een feest voor je tafel</h3> <p>Het tafelzeil is vervaardigd van hoogwaardig <strong>materiaal: katoen</strong> dat is behandeld met een <strong>waterafstotende laag</strong>. Hierdoor vormen gemorste drankjes en vlekken geen bedreiging meer voor je houten tafel of tafellaken. De zachte <strong>kleur: roze</strong> in combinatie met een <strong>wilde bloemen-print</strong> zorgt voor een vrolijke en natuurlijke sfeer — perfect voor zowel een gezellige lunch als een zomerse tuinborrel. Bij aankoop voeg je direct flair toe aan je eetruimte.</p> <h3>Duurzaam gebruik & gemak</h3> <p>Dankzij de <strong>uitwasbare afwerking</strong> kun je het zeil eenvoudig schoonmaken — even afnemen of, indien nodig, wassen. Door deze onderhoudsvriendelijkheid geef je je tafel jarenlang bescherming, en vermijd je constant schrikken van nieuwe vlekken of slijtage. Zo houd je meer tijd over voor het samenzijn en minder voor onderhoud.</p> <h3>Voor binnen én buiten</h3> <p>Het ontwerp is veelzijdig. Gebruik het op de eettafel, op een tuintafel of een gezellige picknicktafel. Dankzij de waterafstotende werking is het geschikt voor verschillende omstandigheden — van spontane familiediners tot buiten doorgebrachte zomeravonden. Geen stress meer over weer of morsen, gewoon genieten.</p> <h3>Waarom kiezen voor dit model?</h3> <ul> <li> <p><strong>USP 1: waterafstotend</strong> – optimale bescherming tegen vocht en morsen.</p> </li> <li> <p><strong>USP 2: uitwasbaar</strong> – eenvoudig te reinigen en herbruikbaar.</p> </li> <li> <p><strong>USP 3: stijlvol wilde bloemen-design</strong> – brengt direct sfeer en aandacht naar je tafel.<br />Daarnaast kies je met katoen voor een natuurlijke textuur die luxe uitstraalt, in plaats van standaard plastic tafelkleden.</p> </li> </ul> <h3>Let op: maatvoering</h3> <p>Het product is beschikbaar in maat <strong>140 cm</strong> breed (lengte variabel) wat ideaal is voor de meeste rechthoekige tafels. Controleer de gewenste lengte voor jouw tafel zodat het optimaal past.</p> <p>Stap over van praktisch naar stijlvol — maak je tafel klaar voor zowel dagelijks gebruik als bijzondere momenten. <strong>Klik op ‘in winkelwagen’</strong> en geef je tafel direct een nieuwe bloeiende look met bescherming die je niet ziet, maar wel voelt.</p>",1.0,stuk(s),Roze,Katoen; Polyester,Raved,180.0,cm,N,,Tafelzeil,Rechthoek,N,N,,,N,,,3 maanden,,,,,N,,,Gebloemd,140.0,cm,2.0,kg,,Bloemen,Geen,26.0,cm,3.0,cm,37.0,cm,2.0,kg,Tafelzeil,Voor binnen & buiten,Afnemen met een natte doek,1.xlsx,,,,,,,,,,,,,,,"https://media.s-bol.com/olg3rNVmqK7k/31yy42Q/124x60.jpg,https://media.s-bol.com/xxrpEZ2n3zyB/31yy42Q/124x105.jpg,https://media.s-bol.com/yyvqG19o3Azn/31yy42Q/1024x1024.jpg,https://media.s-bol.com/9NEJwx1j5yjP/31yy42Q/124x110.jpg,https://media.s-bol.com/roljxQ8NyPgW/31yy42Q/124x90.jpg,https://media.s-bol.com/NB6lmZLp0ElN/31yy42Q/124x112.jpg,https://media.s-bol.com/LzVjkX7nJn6g/31yy42Q/1024x1024.jpg"
Raved Tafelzeil – 140 cm x 250 cm – Linnenlook Groen – PVC – Afwasbaar,,9507398485514,Tafellaken,,"<p>Geef je eettafel direct een stijlvolle upgrade met dit <strong>afwasbare PVC-tafelzeil</strong> in een prachtige <strong>linnenlook groen</strong>. Combineer <strong>bescherming tegen vlekken en krassen</strong> met een sfeervolle uitstraling — ideaal voor een ontspannen tafelmoment zonder stress.</p> <h3>Bescherming en stijl in één</h3> <p>Met dit hoogwaardige <strong>tafelzeil</strong> van het merk <strong>Raved</strong> kies je voor een slimme oplossing die zowel mooi oogt als functioneel is. Het tafelzeil is gemaakt van <strong>PVC</strong>, waardoor het eenvoudig schoon te maken is en bestand tegen dagelijkse gebruikssporen. De <strong>linnenlook in groen</strong> geeft jouw tafel een natuurlijke uitstraling — alsof je een luxe tafelkleed hebt, maar dan zonder het gedoe.<br />Je beschermt je tafel tegen vlekken, krassen of hete pannen; zo kun je met een gerust hart genieten van het gezins­ of vriendendiner.</p> <h3>Waarom kiezen voor dit tafelzeil?</h3> <ul> <li> <p><strong>Afwasbaar oppervlak</strong>: dankzij het PVC-materiaal veeg je simpelweg met een vochtige doek schoon — geen wassen of strijken nodig. </p> </li> <li> <p><strong>Linnenlook design</strong>: de rustige, stijlvolle groen tint past zowel in een modern interieur als in een landelijke of buiten-setting.</p> </li> <li> <p><strong>Duurzaam en veelzijdig</strong>: geschikt voor binnen én buitengebruik — ideaal voor gebruik op het balkon, terras of binnen thuis. </p> </li> <li> <p><strong>Bescherming van je tafel</strong>: het tafelzeil fungeert als barrière tegen gemorste vloeistoffen, krassen of hitteplekken — zo blijft je tafel langer mooi.</p> </li> </ul> <h3>Toepassing en onderhoud</h3> <p>Leg het tafelzeil gemakkelijk op je eet- of tuintafel. De gestructureerde linnenlook zorgt voor een elegante textuur, terwijl het gladde PVC-oppervlak praktisch is in gebruik. Na het eten veeg je simpelweg schoon met een zachte doek. Vermijd de wasmachine of droger; handmatig reinigen is voldoende en verlengt de levensduur. <br />Dankzij de afmeting (maat varieert) past het op veel standaard tafels — let op: kies de juiste variant voor jouw tafel.</p> <h3>Voor wie is dit product?</h3> <p>Voor gezinnen met kinderen die regelmatig aan tafel zitten, voor mensen die genieten van gezellige maaltijden maar geen gedoe willen, voor wie een stijlvol interieur wil zonder in te leveren op gemak.<br />Stel je voor: kinderen knoeien, maar jij drinkt je koffie in alle rust, want je tafel is beschermd. Gasten over de vloer? Je tafel ziet er direct verzorgd uit dankzij de linnenlook groen.</p> <h3>Call-to-action</h3> <p>Wacht niet langer met het geven van een nieuwe look aan jouw tafel — bestel vandaag nog dit praktische én stijlvolle tafelzeil en ervaar hoe gemakkelijk sfeervol tafelen kan zijn!</p>",1.0,stuk(s),Groen,PVC,Raved,250.0,cm,N,,Tafelzeil,Rechthoek,N,N,,,N,,,3 maanden,,,,,N,,,Overig,140.0,cm,1.0,kg,,Print,Geen,26.0,cm,3.0,cm,37.0,cm,1.0,kg,1x Tafelzeil,Voor binnen & buiten,Machinewas 30 °C,1.xlsx,,,,,,,,,,,,,,,https://media.s-bol.com/RN6w96WQjjBw/WnA1l8E/550x550.jpg
Raved Tafelzeil 140 cm x 240 cm – Lavendel print – PVC - Afwasbaar – Binnen & Buiten,,9508572511241,Tafellaken,,"<p>Breng moeiteloos sfeer én praktisch gemak naar je tafel met dit <strong>afwasbare PVC tafelzeil</strong> in rustgevend <strong>lavendel-motief</strong>. Bescherm je tafel tegen vlekken en krassen terwijl je geniet van een stijlvolle binnen- of buitensetting.</p> <p>Maak van iedere maaltijd een ontspannen beleving met dit <strong>tafelzeil</strong> van Raved, speciaal ontworpen voor wie stijl en gemak wil combineren. Het <strong>primair zoekwoord “tafelzeil”</strong> komt hier in de eerste alinea, zodat het direct duidelijk is wat het product is.</p> <h3>Sfeervolle bescherming voor je tafel</h3> <p>Het tafelzeil is uitgevoerd in <strong>PVC</strong>, een materiaal dat stevig is, licht in onderhoud en zeer geschikt voor dagelijks gebruik in een druk gezin of bij gezellige buitenetentjes. Het prachtige <strong>lavendel-motief</strong> zorgt voor een rustgevende uitstraling — denk aan een veld vol lavendel dat zich uitstrekt over je tafel: verfijnd, stijlvol, en perfect passend in moderne interieurs of landelijke tuinen.</p> <h3>Veelzijdig binnen en buiten</h3> <p>Of je nu binnen aan de eettafel zit of buiten op het terras geniet van koffie en taart, dit tafelzeil is gemaakt voor beide situaties. Dankzij het onderhoudsvriendelijke PVC-oppervlak kun je makkelijk gemorste koffie, taartglazuur of jus wegvegen — dus geen stress meer over vlekken of bubbeltjes. Volgens de productpagina is het eenvoudig schoon te maken met een vochtige doek. </p> <h3>Specificaties & voordelen</h3> <ul> <li> <p>Materiaal: <strong>PVC</strong> — duurzaam, water- en vuilafstotend, bestand tegen dagelijkse slijtage. </p> </li> <li> <p>Kleur / design: <strong>lavendel print</strong> — een zachte, natuurlijke tint die rust uitstraalt en jouw interieur of tuinsetting direct opwaardeert.</p> </li> <li> <p>Onderhoud: <strong>afwasbaar / afnemen met vochtige doek</strong> — ideaal voor gezinnen, feestjes, buitengebruik. </p> </li> <li> <p>Gebruik: geschikt voor binnen én buiten — je hoeft niet voor elk seizoen een ander kleed aan te schaffen.</p> </li> <li> <p>Eigenschappen: beschermt je tafel tegen krassen, vlekken en vocht — zo blijft je tafel mooi en hoef je minder vaak te vervangen of te repareren.</p> </li> </ul> <h3>Waarom kiezen voor dit tafelzeil?</h3> <p>De emotie speelt hier mee: je wilt geen last van knoeien, vlekken of een tafel die snel versleten is. Met dit tafelzeil kun je zonder zorgen aanschuiven — de praktische bescherming zorgt dat je tafel veilig is, terwijl het lavendel-design je eetmoment opwaardeert. Je creëert sfeer zonder in te boeten op functionaliteit. En logistiek gezien: minder zorgen over tafelzeil dat snel slijt of moeilijk schoon te maken is — dat betekent een betere koopervaring én minder herhaalbestelling door falende kwaliteit.</p> <h3>Call to action</h3> <p>Voeg vandaag nog dit stijlvolle en onderhoudsvriendelijke tafelzeil toe aan je winkelwagen en geef jouw tafel de bescherming én uitstraling die het verdient. Bestel nu en transformeer elke tafelsetting in een ontspannen en sfeervol moment.</p>",1.0,stuk(s),Paars; Blauw; Geel,PVC,Raved,240.0,cm,N,,Tafelzeil,Rechthoek,N,N,,,N,0.0,cm,2 maanden,,,,,N,Raved Tafelzeil Lavendel,,Gebloemd,140.0,cm,0.3,kg,,Kersen - Bloemen - Zomer,,26.0,cm,3.0,cm,37.0,cm,0.2,kg,Afnemen met een natte doek,Voor binnen & buiten,Afnemen met een natte doek,1.xlsx,,,,,,,,,,,,,,,"https://media.s-bol.com/g05PDlyW3kwl/48njVWV/124x118.jpg,https://media.s-bol.com/OK7RXAGolKmE/48njVWV/1024x1024.jpg,https://media.s-bol.com/1LjDpKzqE7pq/48njVWV/1024x1024.jpg,https://media.s-bol.com/7R6kyQMBxvyG/48njVWV/1024x1024.jpg,https://media.s-bol.com/n1ZPmvlW3g3p/48njVWV/1024x1024.jpg,https://media.s-bol.com/3NlGrM3K9Qgn/48njVWV/124x40.jpg"
Raved Tafelzeil - 140 cm x 200 cm Lente Bloemen Grijs - PVC – Afwasbaar,,9505989834437,Tafellaken,,"<p>Maak je eettafel direct sfeervol én praktisch met dit <strong>afwasbare PVC-­tafelzeil</strong> van Raved met een stijlvol <strong>bloemenmotief op grijze ondergrond</strong>, dat je tafel beschermt tegen vlekken, knoeien en slijtage. Perfect voor zowel <strong>binnen als buiten</strong>.</p> <p>Breng een frisse lentevibe naar je tafel met dit <strong>T</strong><strong>afelzeil “Lente Bloemen” van Raved</strong> — ideaal voor wie stijl én gemak wil combineren. Het <strong>primair zoekwoord tafelzeil”</strong> wordt direct zichtbaar in de eerste alinea, samen met de belangrijkste eigenschappen.<br />Dit tafelzeil is vervaardigd uit <strong>duurzaam PVC-materiaal</strong>, waardoor het eenvoudig te reinigen is en bestand tegen knutselende kinderen, spontane buitenmaaltijden of gezellige diners met vrienden. De <strong>kleur grijs met wit bloemenpatroon</strong> geeft een moderne en frisse uitstraling die moeiteloos past bij allerlei interieur- of tuinstijlen.</p> <h3>Voordelen in één oogopslag</h3> <ul> <li> <p><strong>Bescherming & gemak</strong>: door het gladde PVC kun je direct eten of drinken serveren zonder bang te zijn voor vlekken of beschadigingen.</p> </li> <li> <p><strong>Flexibel gebruik</strong>: geschikt voor gebruik <strong>binnen én buiten</strong>, waardoor je tafel het hele jaar door verzorgd oogt. </p> </li> <li> <p><strong>Stijlvol design</strong>: het bloemenmotief op de grijze ondergrond zorgt voor een frisse, natuurlijke sfeer die zowel in de keuken als op het terras werkt.</p> </li> </ul> <h3>Specificaties & kwaliteit</h3> <ul> <li> <p>Materiaal: <strong>PVC / plastic</strong> – stevig, praktisch én afwasbaar. Kleur: grijze ondergrond met een wit bloemenpatroon – subtiel en elegant. </p> </li> <li> <p>Merk: Raved – specialist in tafelkleden/tafelzeilen met oog voor design en gebruiksgemak. </p> </li> <li> <p>Geschikt voor: dagelijks gebruik, gezinsmaaltijden, buitenmaaltijden, knutselmomenten, feestmomenten – kortom: jouw tafel kan alles aan.</p> </li> </ul> <h3>Waarom kiezen voor dit tafelzeil?</h3> <p>Stel je voor: je hebt net een prachtig gedekte tafel, de kinderen eten buiten, vrienden schuiven aan voor een borrel – en jij hoeft je geen zorgen te maken over vlekken of krassen. Dit tafelzeil geeft je die rust én stijl. Veel tafelkleden zien er mooi uit, maar dit exemplaar maakt het écht makkelijk – schoonmaken is zo gedaan.<br /><strong>Sociale bewijskracht</strong>: veel gebruikers waarderen hoe moeiteloos het onderhoud is en hoe het design direct de sfeer verhoogt.<br /><strong>Verliesaversie-trigger</strong>: Een tafel zonder goede bescherming loopt risico op blijvende vlekken of beschadiging – kies nu voor zekerheid.<br /><strong>Urgentie</strong>: Met het juiste zeil zorg je dat het nieuwe seizoen vliegend van start gaat en de tafel meteen uitnodigend is.</p> <h3>Onderhoud & gebruikstips</h3> <ul> <li> <p>Veeg het tafelzeil af met een vochtige doek – geen gedoe met speciale schoonmaakmiddelen.</p> </li> <li> <p>Gebruik het buiten? Haal het bij aanhoudende regen naar binnen om verkleuring of verwering te voorkomen. </p> </li> <li> <p>Combineer met placemats of dienbladen voor extra bescherming én stijl.</p> </li> </ul> <p><strong>Conclusie:</strong> Kies dit tafelzeil van Raved voor een combinatie van stijl, gemak en duurzaamheid. Breng frisheid in huis of tuin met het bloemenmotief, en ervaar hoe eenvoudig het wordt om je tafel er verzorgd uit te laten zien.<br /><strong>Bestel vandaag nog</strong> en geef je tafel de bescherming én uitstraling die het verdient.</p>",1.0,stuk(s),Wit; Grijs,PVC,Raved,200.0,cm,N,,Tafelzeil,Rechthoek,N,N,,,N,,,3 maanden,,,,,N,,,Overig,140.0,cm,2.0,kg,,Bloemen,Geen,26.0,cm,3.0,cm,37.0,cm,2.0,kg,1x Tafelzeil,Voor binnen & buiten,Afnemen met een natte doek,1.xlsx,,,,,,,,,,,,,,,"https://media.s-bol.com/v12LL9nA0VXX/lOW0JMl/1024x1024.jpg,https://media.s-bol.com/w1p77RoBLWYM/lOW0JMl/1024x1024.jpg,https://media.s-bol.com/Y8Eqqlz2xQ1n/lOW0JMl/124x101.jpg,https://media.s-bol.com/RN6jj5pp1A9L/lOW0JMl/1024x1024.jpg,https://media.s-bol.com/4vRErO5LXyY0/xVOBmJ/1024x1024.jpg,https://media.s-bol.com/q1xLLMg3Wmp3/lOW0JMl/124x40.jpg,https://media.s-bol.com/VROnn0wwQG65/lOW0JMl/1024x1024.jpg"
Raved Placemats - Set van 6 Stuks - Elsa Bruin - Leatherlook - Kunststof - Eettafel - Onderlegger - Waterafstotend,,8720707636563,Placemats,,"<p>Verwen je eettafel met <strong>een stijlvolle set van 6 placemats</strong> in elegante <strong>bruin leatherlook kunststof</strong> die <strong>waterafstotend en antislip</strong> is – praktisch in gebruik en luxe in uitstraling. Geschikt voor dagelijks dineren én bijzondere gelegenheden.</p> <p>Ontdek de perfecte combinatie van stijl en functionaliteit met de <strong>Raved Placemats Elsa set van 6 stuks</strong> – jouw oplossing voor een verzorgde tafel zonder concessies. Deze <strong>leatherlook kunststof placemats</strong> geven je eetruimte direct een luxe uitstraling, terwijl ze tegelijkertijd praktisch en onderhoudsvriendelijk zijn.</p> <h3>Elegant tafelen zonder zorgen</h3> <p>Met hun raffinere <strong>bruin leatherlook-afwerking</strong> passen deze placemats moeiteloos in zowel moderne als klassieke interieurstijlen. Of je nu een intiem diner hebt of een feestelijke gelegenheid plant, deze set maakt indruk. Tegelijkertijd zorgen ze voor bescherming: dankzij het <strong>waterafstotende en antislip materiaal</strong>, blijven morsen, krassen en schuivende borden buiten de deur.</p> <h3>Optimale maat en set-inzet</h3> <p>Elke placemat heeft de afmeting <strong>45 × 30 cm</strong>, ideaal afgestemd op standaard eettafels en groot genoeg voor borden, bestek en glazen zonder dat de onderlegger te dominant oogt. Omdat het een <strong>set van 6 stuks</strong> betreft, ben je direct klaar voor het hele gezin of een diner met gasten.</p> <h3>Duurzaam & onderhoudsvriendelijk</h3> <p>Gemaakt van hoogwaardig kunststof met leatherlook-emulsie, deze placemats combineren duurzaamheid en stijl. Het gladde oppervlak maakt schoonmaken super eenvoudig – een vochtige doek is in de meeste gevallen voldoende. Geen gedoe met vlekken of langdurig poetsen. De antislip onderzijde zorgt bovendien dat je servies netjes op z’n plek blijft, zelfs tijdens levendige maaltijden.</p> <h3>Waarom deze placemats jouw tafel verdient</h3> <ul> <li> <p><strong>Bescherming & stijl</strong>: Je eettafel blijft krasvrij en elegant.</p> </li> <li> <p><strong>Eenvoud</strong>: Minder schoonmaakstress na het eten.</p> </li> <li> <p><strong>Veelzijdigheid</strong>: Dagelijks gebruik én feestelijk diner.</p> </li> <li> <p><strong>Set-waarde</strong>: Direct geschikt voor zes personen.</p> </li> <li> <p><strong>Merkbetrouwbaarheid</strong>: Onder de naam Raved, bekend om stijlvolle tafelaccessoires.</p> </li> </ul> <p>Laat je tafel spreken zonder dat je je zorgen hoeft te maken over morsen of slijtage. Kies voor deze placemats en creëer een uitnodigende en verzorgde eetomgeving – voor jou, je gezin of je gasten.</p> <p><strong>Bestel vandaag nog jouw Raved Placemats Elsa-set en geniet morgen al van een stijlvolle, zorgeloze tafelervaring.</strong></p>",1.0,stuk(s),Bruin,Kunstleer,Raved,30.0,cm,N,,,Rechthoek,N,N,,,Y,,,1 jaar,,,,,N,,,Effen,43.0,cm,,,,,Geen,,,,,37.0,cm,0.5,kg,6 Stuks,,Afnemen met een natte doek,10.xlsx,,,,,,,,,,,,,,,https://media.s-bol.com/xMRE8KBDwVLl/nZkVNqW/550x508.jpg
Raved Tafelzeil 140×310 cm – Citroentjes geel/groen – PVC – afwasbaar,,9504755672730,Tafellaken,,"<p>Bescherm je tafel in stijl met dit <strong>afwasbare PVC-tafelzeil</strong> van Raved met vrolijk citroentjesmotief. Dankzij het <strong>afwasbare materiaal</strong> en de <strong>beschermende functie</strong> creëer je direct een frisse en gezellige tafelomgeving, binnen of buiten.</p> <p>Geef je eet- of tuintafel direct een vrolijke en praktische upgrade met het <strong>voortreffelijke tafelzeil</strong> van Raved — het <strong>primair zoekwoord “tafelzeil”</strong> is hier gericht. Dit slimme accessoire combineert stijl en functionaliteit in één aantrekkelijk product.</p> <h3>Een frisse uitstraling</h3> <p>Met het opvallende citroentjes-motief in <strong>geel/groen</strong> ziet je tafel er meteen uitnodigend uit. Het kleurige design brengt direct een zomerse sfeer in huis of op het terras, ideaal voor dagelijks eten, een barbecue met vrienden of een gezellige buitenlunch.</p> <h3>Bescherming + gemak</h3> <p>Het tafelzeil is vervaardigd van hoogwaardig <strong>PVC-materiaal</strong>, wat zorgt voor een sterk, vocht- en vuilafstotend oppervlak dat eenvoudig afgenomen kan worden met een vochtige doek. Daardoor is onderhoud letterlijk een kwestie van “vegen en klaar”. Geen gedoe meer met vlekken, kinderspel of buitengebruik ondermijnd door slecht weer.</p> <h3>De juiste maat</h3> <p>Met de afmeting is dit tafelzeil perfect voor rechthoekige tafels met voldoende overhang — zo blijft het netjes en stijlvol liggen. De maat is belangrijk zodat je direct ziet dat dit formaat geschikt is voor jouw tafel.</p> <h3>Geschikt voor binnen én buiten</h3> <p>Dankzij het robuuste materiaal kun je dit tafelzeil zowel binnen in de keuken of eetkamer gebruiken als buiten op het terras of in de tuin. Het biedt bescherming tegen vocht, krassen en vlekken wél zonder in te boeten op uitstraling.</p> <h3>Waarom kiezen voor Raved?</h3> <ul> <li> <p><strong>Afwasbaar PVC</strong>: één van de belangrijkste USP’s — snel schoon, geen machinewas.</p> </li> <li> <p><strong>Vrolijk citroendesign</strong>: zorgt voor sfeer en onderscheidt zich van standaard effen tafelkleden.</p> </li> <li> <p><strong>Duurzaam en onderhoudsvriendelijk</strong>: beschermt je tafel en bespaart tijd.</p> </li> <li> <p><strong>Staalt veelzijdigheid</strong>: geschikt voor dagelijks gebruik én feestelijke gelegenheden.</p> </li> </ul> <h3>Onderhoudstips</h3> <p>Voor optimaal resultaat: plaats het tafelzeil netjes over de tafel, trek eventuele vouwen zachtjes glad en veeg na gebruik eenvoudig schoon met een vochtige doek. Vermijd agressieve schoonmaakmiddelen om het dessin te beschermen.</p> <h3>Creëer direct gezelligheid</h3> <p>Wacht niet langer: geef je tafel de look en bescherming die hij verdient. Gebruik dit tafelzeil om je interieur of buitenruimte een frisse twist te geven én tegelijkertijd je tafelblad te beschermen. Bestel vandaag nog en ervaar het gemak én de sfeer. <strong>Call-to-action</strong>: Maak je tafel compleet — klik op “Toevoegen aan winkelwagen”.</p>",1.0,stuk(s),Groen; Geel; Grijs,PVC,Raved,310.0,cm,N,,Tafelzeil,Rechthoek,N,N,,,N,0.0,cm,2 maanden,,,,,N,,,Gebloemd,140.0,cm,0.3,kg,,citroen,,26.0,cm,3.0,cm,37.0,cm,0.2,kg,Afnemen met een natte doek,Voor binnen & buiten,Afnemen met een natte doek,10.xlsx,,,,,,,,,,,,,,,"https://media.s-bol.com/m5wnB8DqzVgE/mwWm76r/124x106.jpg,https://media.s-bol.com/7R6wlYgLJvB8/mwWm76r/1024x1024.jpg,https://media.s-bol.com/RNg0WkQ6lJAR/mwWm76r/1024x1024.jpg,https://media.s-bol.com/g05Gv8wpqPO6/mwWm76r/124x40.jpg,https://media.s-bol.com/q1jrJ6KZyPWr/mwWm76r/1024x1024.jpg,https://media.s-bol.com/m5wnB8rDGr7E/mwWm76r/1024x1024.jpg"
Raved Tafelzeil – 140 cm x 250 cm – Hout Celadon – PVC – Afwasbaar,,9501922773214,Tafellaken,,"<p>Bescherm je tafel stijlvol met dit <strong>PVC-tafelzeil in houtlook (Celadon)</strong> dat direct <strong>sfeervolle uitstraling, een afwasbare laag en duurzame houtprint</strong> biedt. Ideaal voor binnen én buiten, zodat jij ontspannen kunt genieten zonder zorgen om vlekken of brandplekken.</p> <p>Maak kennis met het <strong>premium tafelzeil</strong> van Raved — speciaal ontworpen voor wie zijn tafel wil beschermen én verfraaien. Met het <strong>primair zoekwoord “tafelzeil”</strong> voeren we meteen het gesprek over de directe oplossing voor jouw verzorgde woonstijl.</p> <h3>Sfeervolle houtlook-stijl</h3> <p>Het tafelzeil is uitgevoerd in de trendy kleur <strong>Celadon</strong>, gecombineerd met een elegante <strong>houtlookprint</strong> waardoor de uitstraling luxe én natuurlijk is. Het geeft jouw eet- of tuintafel een frisse upgrade zonder dat je een compleet nieuw tafelblad hoeft te kopen.</p> <h3>Duurzaam materiaal & eenvoudig onderhoud</h3> <p>Gemaakt van <strong>PVC</strong>, dit tafelzeil is volledig <strong>afwasbaar</strong> – ideaal bij koffiekringen, kinderspetters of een barbecue op het terras. Dankzij de beschermende laag hoef je je geen zorgen meer te maken over brandplekken of randen van een hete pan; het tafelzeil houdt stand in het dagelijks gebruik. </p> <h3>Voor binnen én buiten</h3> <p>Of je nu een diner hebt in de gezellige eetkamer of een borrel op het balkon, dit tafelzeil is gemaakt voor veelzijd gebruik. De breedte van 140 cm past op veel standaard tafels, waardoor hij zeer geschikt is voor zowel kleinere als middelgrote tafels. </p> <h3>Praktische voordelen in één oogopslag</h3> <ul> <li> <p>Beschermt tegen vlekken, krassen en hitte – ideaal bij gezinsgebruik of bezoek.</p> </li> <li> <p>Lichtgewicht én snel te bevestigen – perfect voor een spontaan etentje buiten.</p> </li> <li> <p>Stijlvol houtlook-design in Celadon – past bij moderne én klassieke interieurstijlen.</p> </li> <li> <p>Afwasbaar en gemakkelijk schoon te maken – minder schoonmaakkosten, meer tijd voor samenzijn.</p> </li> </ul> <h3>Beschrijf het materiaal, maat en merk</h3> <p>Het product komt van merk Raved, in de maat 140 cm x 160 cm, gemaakt van hoogwaardig PVC met een afwasbare toplaag. De houtlookprint in Celadon zorgt voor een rustige en natuurlijke uitstraling bovenop de praktische eigenschappen.</p> <h3>Verliesaversie + sociale bewijskracht</h3> <p>Stel je voor: een mooie stoel, familie of vrienden aan tafel… en dan een glas rode wijn zakt over het tafelblad. Zonder goed bescherming-tafelzeil kun je reparaties of vervanging overwegen. Met dit tafelzeil voel je jezelf gerust—je tafel blijft zoals nieuw. Laat je tafel niet zijn uitstraling verliezen. Kies voor bescherming én stijl zoals al veel tevreden klanten doen.</p> <h3>Call-to-action</h3> <p>Til je tafel naar een hoger niveau van stijl én functioneel gemak — kies nu voor dit afwasbare PVC-tafelzeil in houtlook Celadon en geniet direct van rust, sfeer en onderhoudsgemak. Bestel vandaag nog en geef je tafel de bescherming die hij verdient!</p>",1.0,stuk(s),Celadon,PVC,Raved,250.0,cm,N,,Tafelzeil,Rechthoek,N,N,,,N,,,3 maanden,,,,,N,,,Overig,140.0,cm,2.0,kg,,Hout,Geen,26.0,cm,3.0,cm,37.0,cm,2.0,kg,1 stuk,Voor binnen & buiten,Afnemen met een natte doek,10.xlsx,,,,,,,,,,,,,,,"https://media.s-bol.com/qrVl0v1NOQo7/qyqQXD/124x61.jpg,https://media.s-bol.com/B2NjMqV4v97J/nv9lll/124x105.jpg,https://media.s-bol.com/zEvy8krZA4wZ/nv9lll/1024x1024.jpg,https://media.s-bol.com/xmz7pP3LYP8n/NNLoJm/124x110.jpg,https://media.s-bol.com/N2LyrJl3y6Nz/nv9lll/124x89.jpg,https://media.s-bol.com/M2wxqGk3xVM3/nv9lll/124x112.jpg,https://media.s-bol.com/o7Eoo765wmYB/nv9lll/1024x1024.jpg"
Raved Tafelzeil – 140 cm x 180 cm – Bloemen Paars – PVC – Afwasbaar,,9503267728966,Tafellaken,,"<p>Geef je eettafel of terras direct een <strong>stijlvolle beschermlaag</strong> met het <strong>afwasbare PVC tafelzeil</strong> van Raved — met elegant bloemenmotief in paars. Dit tafelzeil combineert <strong>duurzame bescherming tegen knoeien en slijtage</strong> met een sfeervolle uitstraling voor binnen én buiten.</p> <p><strong>Ontdek het veelzijdige en stijlvolle <strong>tafelzeil</strong></strong> van Raved en verander je tafel in een zorgeloos, sfeervol middelpunt. Het <strong>primair zoekwoord “tafelzeil”</strong> wordt hier direct gebruikt: dit tafelzeil in <strong>maat 140 cm x …</strong> is uitgevoerd in <strong>duurzaam PVC-materiaal</strong>, waardoor het vrijwel geen onderhoud vraagt. Dankzij de <strong>afwasbare coating</strong> vegen gemorste dranken, knoeien van kinderen of het gebruik van buiten eenvoudig weg — geen gestress meer met vlekken of lastige wasbeurten.</p> <h3>Bescherm en stijl</h3> <p>Met dit Raved tafelzeil kies je niet alleen voor <strong>praktische bescherming</strong> maar ook voor een <strong>mooie uitstraling</strong>. Het bloemenmotief in paars brengt direct leven aan tafel, waardoor je interieur of terras direct opfrist. Ideaal voor gezellige familiemaaltijden, knutselmomenten met de kinderen of ontspannen borrels in de tuin.</p> <h3>Materiaal en kwaliteit</h3> <p>Het gebruik van <strong>PVC-materiaal</strong> zorgt ervoor dat het tafelzeil bestand is tegen vocht, vlekken, slijtage en zelfs lichte hitte (van een bord of pan). Het afnemen met een vochtige doek volstaat — je hoeft niet meer te wassen of strijken. De maat van <strong>140 cm breed</strong> maakt het compatibel met de meeste standaard eettafels, en door de lengte flexibel in te vullen past het bij diverse opstellingen.</p> <h3>Voor binnen én buiten</h3> <p>Of je nu aan de keukentafel zit of heerlijk buiten op het terras — dit tafelzeil past zich aan. Het <strong>afwasbare PVC</strong> maakt het geschikt voor buitengebruik, al is het bij regen aan te raden het kleed binnen te halen om verkleuring te voorkomen. </p> <h3>Waarom kiezen voor dit tafelzeil?</h3> <ul> <li> <p><strong>USP 1:</strong> Direct klaar voor gebruik — geen was of strijkwerk.</p> </li> <li> <p><strong>USP 2:</strong> Bescherming tegen knoeien, vlekken en slijtage: verlies-aversie speelt hier; je investeert in rust.</p> </li> <li> <p><strong>USP 3:</strong> Mooie bloemenprint in paars — blikvanger én sfeermaker.<br />Sociale bewijskracht: gebruikers noemen het design “prachtig zoals gewoonlijk” in reviews. </p> </li> </ul> <h3>Onderhoud & aandachtspunten</h3> <p>Veeg eenvoudig schoon met een doek of mild sopje. Laat niet langdurig nat liggen en vermijd direct contact met open vlammen of zeer hete pannen. Voor optimaal gebruik buiten: haal het bij langdurige regen binnen.</p> <h3>Tijd voor sfeer én gemak</h3> <p>Wacht niet tot je tafel vlekken of krassen krijgt. Met dit <strong>Raved tafelzeil – Bloemen Paars – PVC – Afwasbaar</strong> kies je voor een combinatie van <strong>stijl, comfort en bescherming</strong>. Creëer vandaag nog een tafel waar je zorgeloos van kunt genieten — klik op “in winkelwagen” en transformeer je eetruimte.</p>",1.0,stuk(s),Paars; Roze,PVC,Raved,180.0,cm,N,,Tafelzeil,Rechthoek,N,N,,,N,,,3 maanden,,,,,N,,,Overig,140.0,cm,2.0,kg,,Bloemen,Geen,26.0,cm,3.0,cm,37.0,cm,2.0,kg,1 tafelzeil,Voor binnen & buiten,Afnemen met een natte doek,10.xlsx,,,,,,,,,,,,,,,"https://media.s-bol.com/B2NjJj5r42kX/5Oz0mA/124x105.jpg,https://media.s-bol.com/5PyK2zj9gg2X/48nwR3x/1024x1024.jpg,https://media.s-bol.com/k1RXA0zKRxZv/48nwR3x/124x109.jpg,https://media.s-bol.com/3N1VZx7VDMXO/48nwR3x/1024x1024.jpg,https://media.s-bol.com/J2yrgrm85ABl/5Oz0mA/1024x1024.jpg,https://media.s-bol.com/B2NjJj5N0n1n/5Oz0mA/124x112.jpg,https://media.s-bol.com/K21vjvn84BDz/5Oz0mA/124x89.jpg,https://media.s-bol.com/n156E9DgEY8p/48nwR3x/1024x1024.jpg,https://media.s-bol.com/m5ZND9B6ZjL9/48nwR3x/1024x1024.jpg,https://media.s-bol.com/n156E9DX5kMW/48nwR3x/124x40.jpg"
Raved Rond Tafelzeil - 160 cm ø - Zwarte Bloemen - PVC - Afwasbaar,,8720707632572,Tafellaken,,"<p>Maak je tafel direct stijlvol én probleemloos schoon dankzij dit <strong>afwasbare PVC tafelzeil</strong> met <strong>zwarte bloemenprint</strong>. Het ronde oog-op--oog Ø 160 cm formaat past perfect op jouw eettafel of tuintafel — ideaal voor <strong>bescherming tegen vlekken en krassen</strong> zonder in te leveren op uitstraling.</p> <p><strong>Voeg meteen sfeer en gemak toe aan jouw tafelsetting met dit ronde tafelzeil van het merk Raved.</strong><br />Het <strong>primair zoekwoord “tafelzeil rond Ø 160 cm”</strong> komt in de eerste alinea direct terug.<br />Dit tafelzeil is vervaardigd uit hoogwaardig <strong>PVC</strong>, wat zorgt voor een <strong>afwasbare, water- en vlekbestendige laag</strong> die jouw tafel beschermt tegen knoeien, hete pannen en dagelijks gebruik. Onder het PVC-oppervlak zit een stevig <strong>non-woven vlies (polyester)</strong> dat extra stabiliteit en comfort geeft — geen plastic flappen en makkelijk uit te leggen. </p> <h3>Waarom kiezen voor dit tafelzeil?</h3> <ul> <li> <p><strong>Stijlvol design</strong>: De elegante zwarte bloemenprint voegt direct een moderne, verfijnde look toe aan zowel jouw eetkamer als terras.</p> </li> <li> <p><strong>Perfecte maat</strong>: Ø 160 cm is ideaal voor een ronde tafel, en zorgt voor nette overhang zonder op te vallen.</p> </li> <li> <p><strong>Praktisch in gebruik</strong>: Door het afwasbare PVC werk je snel schoon met een vochtige doek — geen gedoe met wassen of langdurige droogtijd.</p> </li> <li> <p><strong>Bescherming van je tafel</strong>: Het materiaal beschermt tegen vlekken, krassen en lichte hitschade, waardoor je tafel langer mooi blijft. </p> </li> <li> <p><strong>Binnen & buiten geschikt</strong>: Geschikt voor gebruik in de eetkamer, tuinkamer of op het terras — veelzijdig én stijlvol.</p> </li> </ul> <h3>Specificaties</h3> <ul> <li> <p>Merk: Raved</p> </li> <li> <p>Ontwerp: Zwarte Bloemenprint</p> </li> <li> <p>Maat: Ø 160 cm (rond)</p> </li> <li> <p>Materiaal: PVC bovenkant, non-woven polyester onderkant</p> </li> <li> <p>Dikte: ca. 0,29 mm </p> </li> <li> <p>Geschikt voor: binnen & buiten</p> </li> <li> <p>Onderhoud: simpel afnemen met een vochtige doek — <strong>niet geschikt voor wasmachine of droger</strong>. </p> </li> </ul> <h3>Voor wie is dit product?</h3> <p>Voor iedereen die een ronde tafel heeft en zowel sfeer als gemak wil. Ouders die willen dat de tafel netjes blijft tijdens kinderen aan tafel, mensen die buiten eten en het tafelkleed makkelijk schoon willen maken, interieurfans die een stijlvol bloemdessin willen zonder concessies op bruikbaarheid.</p> <h3>Verlies-aversie & urgentie</h3> <p>Laat je tafel <strong>niet onbeschermd</strong> achter — vlekken en beschadigingen kunnen je interieurwaarde snel aantasten. Door nu voor dit tafelzeil te kiezen, investeer je in rust en uitstraling. Omdat populaire prints als deze snel uitverkocht raken, is <strong>het moment nu</strong> ideaal.</p> <h3>Call-to-action</h3> <p>Kies vandaag nog voor bescherming én stijl: klik op “In winkelwagen” en geef je eettafel de upgrade die hij verdient. <strong>Bestel direct</strong> en geniet morgen al van een verzorgde en sfeervolle tafelsetting.</p>",1.0,stuk(s),Zwart,PVC,Raved,160.0,cm,N,,Tafelzeil,Rond,N,N,,,N,140.0,cm,2 maanden,,,,,N,,,Overig,160.0,cm,0.5,kg,,Effen,0657452723,19.7,cm,3.0,cm,24.6,cm,0.0,kg,1 stuk,Voor binnen & buiten,Afnemen met een natte doek,10.xlsx,,,,,,,,,,,,,,,https://media.s-bol.com/Jp4lQJ2ZyYJK/LgzkR3D/550x550.jpg
Raved Tafelzeil – 140 cm x 290 cm – Hout Celadon – PVC – Afwasbaar,,9504164158597,Tafellaken,,"<p>Bescherm je tafel stijlvol met dit <strong>PVC-tafelzeil in houtlook (Celadon)</strong> dat direct <strong>sfeervolle uitstraling, een afwasbare laag en duurzame houtprint</strong> biedt. Ideaal voor binnen én buiten, zodat jij ontspannen kunt genieten zonder zorgen om vlekken of brandplekken.</p> <p>Maak kennis met het <strong>premium tafelzeil</strong> van Raved — speciaal ontworpen voor wie zijn tafel wil beschermen én verfraaien. Met het <strong>primair zoekwoord “tafelzeil”</strong> voeren we meteen het gesprek over de directe oplossing voor jouw verzorgde woonstijl.</p> <h3>Sfeervolle houtlook-stijl</h3> <p>Het tafelzeil is uitgevoerd in de trendy kleur <strong>Celadon</strong>, gecombineerd met een elegante <strong>houtlookprint</strong> waardoor de uitstraling luxe én natuurlijk is. Het geeft jouw eet- of tuintafel een frisse upgrade zonder dat je een compleet nieuw tafelblad hoeft te kopen.</p> <h3>Duurzaam materiaal & eenvoudig onderhoud</h3> <p>Gemaakt van <strong>PVC</strong>, dit tafelzeil is volledig <strong>afwasbaar</strong> – ideaal bij koffiekringen, kinderspetters of een barbecue op het terras. Dankzij de beschermende laag hoef je je geen zorgen meer te maken over brandplekken of randen van een hete pan; het tafelzeil houdt stand in het dagelijks gebruik. </p> <h3>Voor binnen én buiten</h3> <p>Of je nu een diner hebt in de gezellige eetkamer of een borrel op het balkon, dit tafelzeil is gemaakt voor veelzijd gebruik. De breedte van 140 cm past op veel standaard tafels, waardoor hij zeer geschikt is voor zowel kleinere als middelgrote tafels. </p> <h3>Praktische voordelen in één oogopslag</h3> <ul> <li> <p>Beschermt tegen vlekken, krassen en hitte – ideaal bij gezinsgebruik of bezoek.</p> </li> <li> <p>Lichtgewicht én snel te bevestigen – perfect voor een spontaan etentje buiten.</p> </li> <li> <p>Stijlvol houtlook-design in Celadon – past bij moderne én klassieke interieurstijlen.</p> </li> <li> <p>Afwasbaar en gemakkelijk schoon te maken – minder schoonmaakkosten, meer tijd voor samenzijn.</p> </li> </ul> <h3>Beschrijf het materiaal, maat en merk</h3> <p>Het product komt van merk Raved, in de maat 140 cm x 160 cm, gemaakt van hoogwaardig PVC met een afwasbare toplaag. De houtlookprint in Celadon zorgt voor een rustige en natuurlijke uitstraling bovenop de praktische eigenschappen.</p> <h3>Verliesaversie + sociale bewijskracht</h3> <p>Stel je voor: een mooie stoel, familie of vrienden aan tafel… en dan een glas rode wijn zakt over het tafelblad. Zonder goed bescherming-tafelzeil kun je reparaties of vervanging overwegen. Met dit tafelzeil voel je jezelf gerust—je tafel blijft zoals nieuw. Laat je tafel niet zijn uitstraling verliezen. Kies voor bescherming én stijl zoals al veel tevreden klanten doen.</p> <h3>Call-to-action</h3> <p>Til je tafel naar een hoger niveau van stijl én functioneel gemak — kies nu voor dit afwasbare PVC-tafelzeil in houtlook Celadon en geniet direct van rust, sfeer en onderhoudsgemak. Bestel vandaag nog en geef je tafel de bescherming die hij verdient!</p>",1.0,stuk(s),Celadon,PVC,Raved,290.0,cm,N,,Tafelzeil,Rechthoek,N,N,,,N,,,3 maanden,,,,,N,,,Overig,140.0,cm,2.0,kg,,Hout,Geen,26.0,cm,3.0,cm,37.0,cm,2.0,kg,1 stuk,Voor binnen & buiten,Afnemen met een natte doek,10.xlsx,,,,,,,,,,,,,,,"https://media.s-bol.com/B28PJ540EBYX/pxpZ6X/124x61.jpg,https://media.s-bol.com/qr7mE3Nnrqvy/MyVKwO/124x105.jpg,https://media.s-bol.com/xBnw03XxBWE3/MyVKwO/1024x1024.jpg,https://media.s-bol.com/vzlrM3VvzyAn/MyVKwO/124x89.jpg,https://media.s-bol.com/1DpB02grzxYG/7j1qG8/124x110.jpg,https://media.s-bol.com/rv8nG3OovrwL/MyVKwO/124x112.jpg,https://media.s-bol.com/Y04wwlOm4mEO/MyVKwO/1024x1024.jpg"
Raved – Tafelzeil Linnen Look 140 cm × 320 cm – Donker Grijs – PVC Afwasbaar,,8720387517985,Tafellaken,,"<p>Geef je tafel direct een stijlvolle upgrade met dit <strong>afwasbare PVC tafelzeil in linnen-look</strong>. Dankzij de <strong>donkergrijze kleur</strong> en chique textuur combineert hij moeiteloos met elk interieur — terwijl je tafel <strong>beschermd is tegen vlekken en kringen</strong>.</p> <p>Breng rust en stijl naar je eetplek met het <strong>primaire zoekwoord “tafelzeil linnen look”</strong>, en kies voor dit duurzame model van het merk <strong>Raved</strong>. Dit <strong>PVC tafelzeil</strong> in een elegante <strong>donkergrijze kleur</strong> is ontworpen voor mensen die kwaliteit én gemak waarderen. Of je nu aan tafel knutselt met de kinderen, een gezellige eterij plant of buiten wilt dineren — dit tafelzeil staat voor je klaar.</p> <h3>Bescherming én stijl</h3> <p>Het tafelzeil is gemaakt van hoogwaardig <strong>PVC-materiaal</strong>, waardoor je tafel optimaal beschermd is tegen vocht, vlekken, kringen door hete pannen en alledaagse slijtage. De subtiele linnen-structuur geeft een luxe uitstraling die lijkt op textiel, maar dan wel met het onderhoudsgemak van kunststof.<br />Met deze kleur en look geef je je tafel – binnen of buiten – direct een stijlvolle upgrade, zonder dat je inlevert op praktische functionaliteit.</p> <h3>Geschikt voor binnen en buiten</h3> <p>Of het nu een gezellige lunch binnen is, of een zomerse avond buiten; dit tafelzeil doet beide. Dankzij de afwasbare afwerking veeg je knoeien en resten moeiteloos schoon met een vochtige doek. Zo blijft jouw tafel netjes en jouw leefruimte ontspannen. Let wel op: bij buitengebruik is het raadzaam het tafelzeil bij regen tijdelijk naar binnen te halen om verkleuring of verwering te voorkomen.</p> <h3>Specificaties & praktische voordelen</h3> <ul> <li> <p>Materiaal: <strong>PVC</strong> – robuust en waterafstotend.</p> </li> <li> <p>Kleur: <strong>Donker grijs/antraciet</strong> – een neutrale en chique keuze die past bij veel interieurstijlen.</p> </li> <li> <p>Finish: <strong>Afwasbaar</strong> – simpel schoon te houden en ideaal voor gezinnen of buitentafels.</p> </li> <li> <p>Merk: <strong>Raved</strong> – een bewuste keuze voor kwaliteit en design.</p> </li> </ul> <h3>Waarom kiezen voor dit tafelzeil?</h3> <p>Stel je voor: je gezin eet, knutselt en lacht aan tafel zonder de constante angst voor drankkringen of pannen die een spoor achterlaten. Dat geeft rust. Bovendien oogt je eethoek direct verzorgd en modern. Zoals bewezen door meerdere gebruikers:</p> <p>“Hele mooie zeil past goed … vlekken gingen er heel makkelijk uit toen ik hem afdeed met een doek.” <br />En doordat het product zowel binnen als buiten inzetbaar is, verhoog je direct de functionele waarde.</p> <h3>Call-to-action</h3> <p>Gun jezelf die rust van geen zorgen meer over tafelbeschadiging en creëer een tafelsetting waar je trots op bent. Klik op “In winkelwagen” en geef je tafel de kwaliteit en uitstraling die hij verdient.</p>",1.0,stuk(s),Antraciet,PVC,Raved,320.0,cm,N,,Tafelzeil,Rechthoek,N,N,,,N,,,2 maanden,,,,,N,,,Overig,140.0,cm,0.5,kg,,Hout,Geen,26.0,cm,5.0,cm,37.0,cm,0.5,kg,1 stuk,Voor binnen & buiten,Afnemen met een natte doek,10.xlsx,,,,,,,,,,,,,,,"https://media.s-bol.com/yj8nRnMYV46n/g5WOK13/124x117.jpg,https://media.s-bol.com/BqgyzyQ3KkZY/g5WOK13/1024x1024.jpg,https://media.s-bol.com/7OlmmDqlJD8G/xJrjYE/1024x1024.jpg,https://media.s-bol.com/xgGmQm9XR0VB/g5WOK13/1024x1024.jpg,https://media.s-bol.com/LEgRNRnK78Jr/g5WOK13/124x40.jpg,https://media.s-bol.com/q1j9J9DBp067/g5WOK13/1024x1024.jpg"
Raved Tafelzeil 140 cm x 230 cm – Jungle Groen – PVC - Afwasbaar,,9504341999265,Tafellaken,,"<p>Ontdek het <strong>stijlvolle & functionele</strong> tafelzeil van Raved: met een levendig jungle-motief in groen en de praktische <strong>PVC-bovenlaag die simpel met een vochtige doek afneembaar is</strong>. Ideaal voor binnen en buiten — creëer direct een sfeervolle tafel én bescherm je meubels moeiteloos.</p> <p>Breng een frisse, tropische vibe in huis of buiten met het <strong>primair zoekwoord</strong> tafelzeil jungle groen — dit prachtige product van het merk <strong>Raved</strong> is gemaakt van stevig <strong>PVC-materiaal</strong> en heeft twee grote <strong>USP’s</strong>: <strong>afwasbaar gemak</strong> en <strong>all-round bescherming</strong> voor tafeloppervlakken.</p> <h3>Waarom dit tafelzeil?</h3> <ul> <li> <p><strong>Bescherming & gemak</strong><br />Dankzij de robuuste PVC-laag is dit tafelzeil vlek- en vochtbestendig — kruimels, drankjes of kids die mor­sen? Geen probleem, gewoon een vochtige doek en klaar is kees.</p> </li> <li> <p><strong>Sfeervol design</strong><br />Het jungle-motief in groen brengt direct leven op je tafel: ideaal voor zowel een gezellig etentje in huis als een ontspannen tafel op het terras. Het product is geschikt voor binnen én buiten: “voor binnen & buiten” zoals vermeld door de fabrikant. </p> </li> <li> <p><strong>Slim materiaal</strong><br />Het gekozen materiaal PVC biedt zowel bescherming tegen brandplekken (door bijvoorbeeld hete pannen) als tegen slijtage. Zoals de productbeschrijving aangeeft: “beschermd je tafel tegen geknoei of brandplekken door hete pannen”. </p> </li> <li> <p><strong>Veel gebruiksmogelijkheden</strong><br />Of je nu een gezin hebt, regelmatig gasten over de vloer ontvangt of vaak buiten eet — dit tafelzeil maakt je leven gemakkelijker. Uitermate geschikt voor dagelijkse maaltijden, brunches of gezellige zomerdagen in de tuin.</p> </li> </ul> <h3>Specificaties & aandachtspunten</h3> <ul> <li> <p>Merk: <strong>Raved</strong></p> </li> <li> <p>Materiaal: <strong>PVC</strong> (gemakkelijk afneembaar)</p> </li> <li> <p>Kleur: <strong>Groen</strong> met jungle-print</p> </li> <li> <p>Gebruik: Voor zowel binnen- als buitengebruik. Wel aanbevolen om bij regen eventueel binnen te halen om verkleuring en verwering te voorkomen. </p> </li> </ul> <h3>Onderhoud & praktische tips</h3> <ul> <li> <p>Veeg het tafelzeil regelmatig schoon met een vochtige doek — geen machine-was nodig.</p> </li> <li> <p>Trekt u veel buiten? Haal het bij slechter weer even naar binnen om de levensduur te verlengen (kleurbehoud).</p> </li> <li> <p>Voor extra bescherming: gebruik eventueel placemats of pannenonderzetters — al is het zeil al ontworpen om brandplekken te weerstaan.</p> </li> <li> <p>Leg de lengte iets over de rand voor een nette uitstraling en eenvoudige montage.</p> </li> </ul> <h3>Verliesaversie & overtuiging</h3> <p>Stel je voor: een avond met vrienden in de tuin, pannen worden verschoven, glaasjes worden weer bijgevuld — maar jouw tafel blijft onbeschadigd dankzij dit tafelzeil. Of: je had nét die nieuwe tafel gekocht, en dit tafelzeil voorkomt dat vlekken of krassen je investering in gevaar brengen. Kies voor zekerheid én stijl.</p> <h3>Call-to-action</h3> <p>Gun je tafel de uitstraling <strong>én</strong> bescherming die hij verdient — klik op ‘in winkelwagen’ en leg nu dit tafelzeil van Raved in je huis of buitenruimte. Maak van je tafel opnieuw een statement — koop vandaag nog!</p>",1.0,stuk(s),Wit; Goen,PVC,Raved,230.0,cm,N,,Tafelzeil,Rechthoek,N,N,,,N,,,3 maanden,,,,,N,,,Gebloemd,140.0,cm,2.0,kg,,Bloemen,Geen,26.0,cm,3.0,cm,37.0,cm,2.0,kg,,Voor binnen & buiten,Afnemen met een natte doek,10.xlsx,,,,,,,,,,,,,,,"https://media.s-bol.com/q1xLlryJJv80/48n2NNn/124x122.jpg,https://media.s-bol.com/r1kVmvzJzvw6/48n2NNn/1024x1024.jpg,https://media.s-bol.com/xgkL2BJPJBDr/48n2NNn/124x108.jpg,https://media.s-bol.com/q69roXRMm4lG/mr90JO/1024x1024.jpg,https://media.s-bol.com/q1xLlryGyrvr/48n2NNn/1024x1024.jpg,https://media.s-bol.com/yjP29DK0KDEW/48n2NNn/124x40.jpg,https://media.s-bol.com/XWDpr0Zol3E5/48n2NNn/1024x1024.jpg"
Raved Tafelzeil – 140 cm x 200 cm – Pauwen Veren – Geel – PVC – Afwasbaar,,9503165858413,Tafellaken,,"<p>Bescherm je tafel en voeg direct kleur toe met dit <strong>stijlvolle en praktische tafelzeil</strong>. Het <strong>afwasbare PVC-materiaal</strong> zorgt voor eenvoudig onderhoud, terwijl het opvallende <strong>pauwenveren-motief op geel</strong> direct sfeer creëert – perfect voor binnen én buiten.</p> <p>Transformeer je eet- of tuintafel met het <strong>primair zoekwoord</strong> <strong>tafelzeil</strong> van merk <strong>Raved</strong>, met een opvallend patroon van pauwenveren op een warme gele achtergrond. Dit model is uitgevoerd in hoogwaardig <strong>PVC</strong>, dat zowel bescherming biedt als direct stijl toevoegt aan je interieur of buitenplek.</p> <h3>Sfeer en stijl</h3> <p>Het levendige <strong>geel</strong> brengt meteen een zonnige, uitnodigende ambiance, terwijl het motief van <strong>pauwenveren</strong> zorgt voor een exotische en luxe uitstraling. Of je nu gezellig gaat ontbijten, een lange maaltijd hebt met vrienden of het terras aankleedt voor een zomeravond – dit tafelzeil maakt de tafel tot een echte blikvanger.</p> <h3>Duurzaam materiaal & gebruiksgemak</h3> <p>Dankzij het robuuste <strong>PVC-materiaal</strong> geniet je van langdurige kwaliteit: minder slijtage, kleurvastheid en bestand tegen knoeien of vlekken. <strong>Afwasbaar</strong>, dus na het eten eenvoudig afnemen met een vochtige doek – geen gedoe meer met uren poetsen. Daarmee lost dit tafelzeil een belangrijk pijnpunt op: “slechte tafelzeilen die snel verslijten of vlekken zichtbaar blijven”.</p> <h3>Binnen én buiten</h3> <p>Of je nu eet aan de eettafel of geniet op het terras: dit tafelzeil is ontworpen voor veelzijdig gebruik. Door de brede standaardbreedte van 140 cm (maatvoorbeeld) past het makkelijk op veel standaardtafels. Let op: om de schitterende kleur en het motief optimaal te behouden, is direct blootstellen aan extreme weersinvloeden minder ideaal, dus bij langdurige buitenopslag is een afdekking aanbevolen. </p> <h3>Bescherm je tafel & creëer rust</h3> <p>Met dit tafelzeil geef je je tafel niet alleen een stijlupgrade, maar ook bescherming: denk aan kinderen, knoeien, buitengebruik of feestjes. Hierdoor speel je in op de kooptrigger van “bescherming + gemak”. Daarnaast zorgt het opvallende motief voor een gespreksonderwerp – sociale bewijskracht wordt versterkt wanneer gasten reageren op je stijlvolle tafelsetting.</p> <h3>Specificaties in één oogopslag</h3> <ul> <li> <p>Materiaal: <strong>PVC</strong> (afwasbaar) </p> </li> <li> <p>Kleur: <strong>Geel met pauwenveren-motief</strong> </p> </li> <li>Merk: <strong>Raved</strong></li> <li> <p>Geschikt voor binnen & buitengebruik </p> </li> </ul> <h3>Waarom kiezen voor dit tafelzeil?</h3> <ul> <li> <p><strong>USP 1:</strong> Opvallend design – niet zomaar een tafelzeil, maar een stijlstatement.</p> </li> <li> <p><strong>USP 2:</strong> Praktisch onderhoud – afwasbaar PVC betekent minder schoonmaaktijd, meer genietmomenten.</p> </li> <li> <p><strong>USP 3:</strong> Veelzijdig – geschikt voor dagelijks gebruik én speciale gelegenheden.</p> </li> </ul> <p>Laat je tafel spreken, bescherm hem tegen leeftijden en knoeien en geniet van de combinatie van luxe uitstraling en praktisch gemak. Kies voor dit tafelzeil – en maak van elke maaltijd een stijlvol moment. <strong>Bestel vandaag nog</strong> en geef jouw tafel de upgrade die hij verdient!</p>",1.0,stuk(s),Geel; Wit; Zwart,PVC,Raved,200.0,cm,N,,Tafelzeil,Rechthoek,N,N,,,N,0.0,cm,2 maanden,,,,,N,,,Overig,140.0,cm,0.3,kg,,Ruiten,0657452723,26.0,cm,3.0,cm,37.0,cm,0.2,kg,Afnemen met een natte doek,Voor binnen & buiten,Afnemen met een natte doek,10.xlsx,,,,,,,,,,,,,,,https://media.s-bol.com/r1kBojlmP7QW/RgvXAL0/550x550.jpg
Raved Tafelzeil – 140 cm x 320 cm – Driehoek Wit/Zwart – PVC – Afwasbaar – Binnen & buiten,,9504251928379,Tafellaken,,"<p>Met dit <strong>afwasbare PVC tafelzeil</strong> geef je jouw tafel direct een stijlvolle upgrade én stevige bescherming. Het <strong>driehoek-patroon in wit met zwart</strong>, gecombineerd met eenvoudig onderhoud en <strong>gebruik binnen én buiten</strong>, maakt dit tafelzeil de slimme keuze voor gezinnen en tafels met een druk leven.</p> <p><strong>Maak kennis met het tafelzeil dat stijl en functie moeiteloos combineert.</strong> Het <strong>Raved tafelzeil met driehoek patroon</strong> biedt een frisse look met zijn <strong>wit/zwart geometrisch design</strong>, én staat voor <strong>praktisch gemak</strong> dankzij het hoogwaardige <strong>PVC-materiaal</strong>. Of je nu dagelijks dineert met het gezin, gasten ontvangt of op het terras geniet van een ochtendkoffie — dit tafelzeil is voorbereid op elk scenario.</p> <h3>Bescherming + stijl</h3> <p>Je tafelblad verdient de zorg die het verdient. Met dit tafelzeil voorkom je vlekken, kringen, knoeiwerk en zelfs lichte brandplekken door hete pannen: het is namelijk gemaakt voor intensief gebruik. Het <strong>afwasbare PVC-oppervlak</strong> zorgt dat je met een vochtige doek snel schoon bent — geen stress meer na het avondeten.</p> <h3>Geometrisch design dat opvalt</h3> <p>Het driehoek-motief in zwart op een witte ondergrond geeft jouw eetruimte een moderne uitstraling. Hierdoor past het zowel in een strak interieur als een gezellige, huiselijke setting. Het design is niet alleen mooi, maar ook functioneel: het patroon camoufleert lichte vlekken tot je tijd hebt om schoon te maken.</p> <h3>Binnen én buiten gebruik</h3> <p>Dit tafelzeil is geschikt voor gebruik in de eetkamer, keuken én op het terras. Dankzij PVC is het beter bestand tegen vocht en lichte weersinvloeden. Wel is het verstandig om het af te dekken of binnen te halen bij slecht weer om verkleuring of beschadiging te voorkomen — zo behoud je maximale levensduur.</p> <h3>Specificaties in één oogopslag</h3> <ul> <li> <p>Materiaal: <strong>PVC</strong> – stevig, afwasbaar, duurzaam</p> </li> <li> <p>Kleur: Wit met zwart driehoek-patroon</p> </li> <li> <p>Patroon: Geometrisch (driehoeken)</p> </li> <li> <p>Gebruik: Voor tafels binnen en buiten</p> </li> <li> <p>Onderhoud: Veeg schoon met vochtige doek — gebruik geen schuurmiddelen of bleekmiddel. </p> </li> <li> <p>Merk: Raved</p> </li> </ul> <h3>Waarom kiezen voor dit tafelzeil?</h3> <p>Veel tafelkleden zijn lastig schoon te maken, glijden weg of zijn alleen geschikt voor binnen. Dit model is <strong>speciaal ontworpen voor het drukke gezinsleven</strong>: gemak, bescherming en stijl in één. Het mooie design laat jouw interieur tot zijn recht komen, terwijl jij zorgeloos kunt tafelen.</p> <h3>Call-to-action</h3> <p>Gun jezelf een tafel die weer straalt — klik op ‘bestellen’ en voeg vandaag nog dit stijlvolle én praktische tafelzeil toe aan jouw woondecoratie. Bescherm, decoreer en ontspan met het Raved tafelzeil.</p>",1.0,stuk(s),Wit,PVC,Raved,320.0,cm,N,,Tafelzeil,Rechthoek,N,N,,,N,,,3 maanden,,,,,N,,,Effen,140.0,cm,2.0,kg,,Ruitjes,Geen,26.0,cm,3.0,cm,37.0,cm,2.0,kg,,Voor binnen & buiten,Machinewas 30 °C,10.xlsx,,,,,,,,,,,,,,,https://media.s-bol.com/n156NXrvRKDP/AnErR47/550x550.jpg
Raved Tafelzeil 140×280 cm – Planken houtprint bruin – PVC – afwasbaar tafelkleed,,9506659134840,Tafellaken,,"<p>Ontdek het <strong>praktische & stijlvolle</strong> tafelzeil dat uw tafel direct in een warme houtlook stijl giet. Deze <strong>afwasbare PVC-toplaag</strong> beschermt uw tafel tegen knoeien, vlekken en brandplekken — ideaal voor zowel binnen als buiten. Met de houtplanken-print in bruin creëert u moeiteloos een gezellige, sfeervolle tafelsetting.</p> <p>Geef uw tafel een stijlvolle upgrade met het <strong>primair zoekwoord “tafelzeil”</strong>: dit is het ontworpen voor wie gemak én uitstraling wil combineren.</p> <h3>Stilvolle houtlook & direct sfeer</h3> <p>Met de houtplanken-print in warme bruine tinten valt dit tafelzeil direct op — alsof u een tafelblad van echt hout hebt, zonder de nadelen ervan. Dankzij de print in planken-look geeft het tafeldesign een natuurlijke, rustieke ambiance die past in zowel woonkamer, keuken als op het terras.</p> <h3>Bescherming & onderhoudsgemak</h3> <p>Het tafelzeil is vervaardigd uit <strong>materiaal: hoogwaardig PVC</strong>, afwasbaar en vlekbestendig — een slimme keuze voor dagelijks gebruik. Hete pannen, gemorste koffie of buitendruppels? Geen stress: veeg het simpel schoon. Ook brandplekken of krassen behoren tot het verleden; het zeil beschermt uw tafelblad effectief.</p> <h3>Maat & toepassing</h3> <p>Met de afmeting past dit tafelzeil prima op standaard rechthoekige tafels; u creëert eenvoudig ruimte voor 4-6 personen. Omdat het ook voor buitengebruik geschikt is, brengt u de mogelijkheid tot buiten dineren of loungen met stijl én gemak binnen handbereik.</p> <h3>Veelzijdige inzet</h3> <p>Of u nu binnen eet of buiten op het balkon of terras, dit tafelzeil is geschikt voor beide. Het ontwerp is strak genoeg voor elke gelegenheid — van een ontspannen brunch tot een gezellige barbecueavond. Dankzij de bruine kleur combineert het goed met houten stoelen, rotan meubels of moderne buitenmeubelen.</p> <h3>Waarom kiezen voor dit tafelzeil?</h3> <ul> <li> <p><strong>Twee-prime USP’s:</strong> afwasbaar PVC en houtplanken-print zorgen voor stijl én comfort.</p> </li> <li> <p>U bespaart tijd én zorgen: geen natte doeken, geen nieuwe tafelkleden elk seizoen.</p> </li> <li> <p>U beschermt uw tafel tegen slijtage, vlekken en brandplekken.</p> </li> <li> <p>U verhoogt de sfeer in huis of buitenruimte, waardoor het dagelijkse maaltijden uitnodigender worden.</p> </li> </ul> <h3>Let op voordat u bestelt</h3> <p>Controleer de maat van uw tafel — voor dekking van is dit tafelzeil ideaal. Wil u een langere lengte, dan biedt het merk ook varianten aan. Zorg verder dat het zeil glad ligt en geen scherpe voorwerpen onder het oppervlak zitten voor de beste bescherming.</p> <p><strong>Klaar om uw tafel een upgrade te geven?</strong> Klik op “In winkelwagen” en ervaar direct het verschil dat dit tafelzeil maakt — uw tafel verdient het.</p>",1.0,stuk(s),Bruin; Beige,PVC,Raved,280.0,cm,N,,Tafelzeil,Rechthoek,N,N,,,N,0.0,cm,3 maanden,,,,,N,,,Gestreept,140.0,cm,2.0,kg,,Hout,Geen,26.0,cm,3.0,cm,37.0,cm,2.0,kg,1 stuk,Voor binnen & buiten,Afnemen met een natte doek,10.xlsx,,,,,,,,,,,,,,,"https://media.s-bol.com/DvkEZzmpQJjB/Q1rmN3Y/1024x1024.jpg,https://media.s-bol.com/q1x8pGzWEZLG/Q1rmN3Y/1024x1024.jpg,https://media.s-bol.com/g0JXDrmWqpxl/Q1rmN3Y/124x107.jpg,https://media.s-bol.com/44gjjYOW8Xpg/ZP9Gm6/1024x1024.jpg,https://media.s-bol.com/g0JXDrmq0ylY/Q1rmN3Y/1024x1024.jpg,https://media.s-bol.com/m5ZX0ADJBrA3/Q1rmN3Y/124x40.jpg,https://media.s-bol.com/JB6XKJvGNYkv/Q1rmN3Y/1024x1024.jpg"
Raved Tafelzeil – 140 cm x 280 cm – Boerenbont Ruit Zwart – PVC – Afwasbaar,,8720707631971,Tafellaken,,"<p>Geef je tafel direct een stijlvolle <strong>boerenbont-ruit look</strong> met dit <strong>afwasbare PVC-tafelzeil</strong> van Raved — makkelijk schoon te maken en perfect voor zowel binnen als buiten.</p> <p>Breng sfeer en gemak samen aan jouw eettafel met het <strong>primair zoekwoord “tafelzeil”</strong>: het <strong>Raved Tafelzeil Boerenbont Ruit Zwart – PVC – Afwasbaar</strong> staat voor stijlvol, praktisch en onderhoudsvriendelijk tafeltextiel.</p> <h3>Stijlvol interieur in één stap</h3> <p>Met het karakteristieke <strong>boerenbont-ruit patroon</strong> in zwart op dit tafelzeil geef je jouw ruimte direct een landelijke of cottage-look, zonder gedoe. Het patroon valt op, maar is toch tijdloos — ideaal voor het interieur thuis, op het terras of in de serre.</p> <h3>Praktisch & duurzaam materiaal</h3> <p>Het <strong>materiaal</strong> bestaat uit stevig <strong>PVC</strong> dat afwasbaar is: vlekken van eten of drinken zijn zo schoongeveegd, dus je maakt je minder zorgen. Dankzij deze <strong>USP’s</strong> – onderhoudsvriendelijk én duurzaam – hoef je niet steeds nieuwe tafelkleden te kopen. Volgens de fabrikant is dit tafelzeil geschikt voor <strong>binnen en buiten</strong>. </p> <h3>Beschermt én verfraait je tafel</h3> <p>Niet alleen beschermt dit tafelzeil je tafel tegen kringen, etensresten en vocht, maar door de (en in meerdere lengtes beschikbaar) past hij op veel standaardtafels. Daarmee biedt het een veilige keuze voor gezinnen, hobby-avonden of buitenmaaltijden.</p> <h3>Waarom kiezen voor dit tafelzeil?</h3> <ul> <li> <p><strong>Onderhoudsgemak</strong>: Afwasbaar en snel schoon.</p> </li> <li> <p><strong>Stijl en sfeer</strong>: Het boerenbont-ruit-design geeft karakter.</p> </li> <li> <p><strong>Veelzijdig gebruik</strong>: Voor binnen én buiten.</p> </li> <li> <p><strong>Verliesaversie trigger</strong>: Kleine vlekken of hete pannen? Geen stress meer.</p> </li> <li> <p><strong>Sociale bewijskracht</strong>: Veel varianten beschikbaar, goede kwaliteit wordt genoemd in reviews (“goede kwaliteit” aldus een gebruiker). </p> </li> </ul> <h3>Specifieke details</h3> <ul> <li> <p>Merk: <strong>Raved</strong></p> </li> <li> <p>Kleur / design: <strong>Zwart boerenbont-ruit</strong></p> </li> <li> <p>Materiaal: <strong>PVC</strong> (afwasbaar)</p> </li> <li> <p>Geschikt voor: Eettafel binnen, tuintafel buiten, serre, balkon</p> </li> </ul> <h3>Call-to-action</h3> <p>Wacht niet tot die ene koffiekringen-avond opnieuw ontstaat – kies vandaag voor dit stijlvolle én onderhoudsvriendelijke tafelzeil en geniet direct van een nette, uitnodigende tafel. <strong>Bestel nu en geef jouw tafel de upgrade die hij verdient!</strong></p>",1.0,stuk(s),Zwart,PVC,Raved,280.0,cm,N,,Tafelzeil,Rechthoek,N,N,,,N,,,3 maanden,,,,,N,,,Geruit,140.0,cm,0.5,kg,,Ruitjes,Geen,26.0,cm,5.0,cm,37.0,cm,0.5,kg,1 stuk,Voor binnen & buiten,Machinewas 30 °C,10.xlsx,,,,,,,,,,,,,,,https://media.s-bol.com/z90NLV6V02KO/6XvV9Pl/550x302.jpg
Raved Tafelzeil 140 cm x 140 cm – Jungle Groen – PVC - Afwasbaar,,9503877559998,Tafellaken,,"<p>Ontdek het <strong>stijlvolle & functionele</strong> tafelzeil van Raved: met een levendig jungle-motief in groen en de praktische <strong>PVC-bovenlaag die simpel met een vochtige doek afneembaar is</strong>. Ideaal voor binnen en buiten — creëer direct een sfeervolle tafel én bescherm je meubels moeiteloos.</p> <p>Breng een frisse, tropische vibe in huis of buiten met het <strong>primair zoekwoord</strong> tafelzeil jungle groen — dit prachtige product van het merk <strong>Raved</strong> is gemaakt van stevig <strong>PVC-materiaal</strong> en heeft twee grote <strong>USP’s</strong>: <strong>afwasbaar gemak</strong> en <strong>all-round bescherming</strong> voor tafeloppervlakken.</p> <h3>Waarom dit tafelzeil?</h3> <ul> <li> <p><strong>Bescherming & gemak</strong><br />Dankzij de robuuste PVC-laag is dit tafelzeil vlek- en vochtbestendig — kruimels, drankjes of kids die mor­sen? Geen probleem, gewoon een vochtige doek en klaar is kees.</p> </li> <li> <p><strong>Sfeervol design</strong><br />Het jungle-motief in groen brengt direct leven op je tafel: ideaal voor zowel een gezellig etentje in huis als een ontspannen tafel op het terras. Het product is geschikt voor binnen én buiten: “voor binnen & buiten” zoals vermeld door de fabrikant. </p> </li> <li> <p><strong>Slim materiaal</strong><br />Het gekozen materiaal PVC biedt zowel bescherming tegen brandplekken (door bijvoorbeeld hete pannen) als tegen slijtage. Zoals de productbeschrijving aangeeft: “beschermd je tafel tegen geknoei of brandplekken door hete pannen”. </p> </li> <li> <p><strong>Veel gebruiksmogelijkheden</strong><br />Of je nu een gezin hebt, regelmatig gasten over de vloer ontvangt of vaak buiten eet — dit tafelzeil maakt je leven gemakkelijker. Uitermate geschikt voor dagelijkse maaltijden, brunches of gezellige zomerdagen in de tuin.</p> </li> </ul> <h3>Specificaties & aandachtspunten</h3> <ul> <li> <p>Merk: <strong>Raved</strong></p> </li> <li> <p>Materiaal: <strong>PVC</strong> (gemakkelijk afneembaar)</p> </li> <li> <p>Kleur: <strong>Groen</strong> met jungle-print</p> </li> <li> <p>Gebruik: Voor zowel binnen- als buitengebruik. Wel aanbevolen om bij regen eventueel binnen te halen om verkleuring en verwering te voorkomen. </p> </li> </ul> <h3>Onderhoud & praktische tips</h3> <ul> <li> <p>Veeg het tafelzeil regelmatig schoon met een vochtige doek — geen machine-was nodig.</p> </li> <li> <p>Trekt u veel buiten? Haal het bij slechter weer even naar binnen om de levensduur te verlengen (kleurbehoud).</p> </li> <li> <p>Voor extra bescherming: gebruik eventueel placemats of pannenonderzetters — al is het zeil al ontworpen om brandplekken te weerstaan.</p> </li> <li> <p>Leg de lengte iets over de rand voor een nette uitstraling en eenvoudige montage.</p> </li> </ul> <h3>Verliesaversie & overtuiging</h3> <p>Stel je voor: een avond met vrienden in de tuin, pannen worden verschoven, glaasjes worden weer bijgevuld — maar jouw tafel blijft onbeschadigd dankzij dit tafelzeil. Of: je had nét die nieuwe tafel gekocht, en dit tafelzeil voorkomt dat vlekken of krassen je investering in gevaar brengen. Kies voor zekerheid én stijl.</p> <h3>Call-to-action</h3> <p>Gun je tafel de uitstraling <strong>én</strong> bescherming die hij verdient — klik op ‘in winkelwagen’ en leg nu dit tafelzeil van Raved in je huis of buitenruimte. Maak van je tafel opnieuw een statement — koop vandaag nog!</p>",1.0,stuk(s),Wit; Goen,PVC,Raved,140.0,cm,N,,Tafelzeil,Rechthoek,N,N,,,N,,,3 maanden,,,,,N,,,Gebloemd,140.0,cm,2.0,kg,,Bloemen,Geen,26.0,cm,3.0,cm,37.0,cm,2.0,kg,,Voor binnen & buiten,Afnemen met een natte doek,10.xlsx,,,,,,,,,,,,,,,"https://media.s-bol.com/7R3VpwQ493Ej/g5Wyll3/124x122.jpg,https://media.s-bol.com/7R3VpwQ49181/g5Wyll3/1024x1024.jpg,https://media.s-bol.com/0KRD0mJQ8Rwv/g5Wyll3/124x108.jpg,https://media.s-bol.com/kBPlgVQON475/A0YrZ9/1024x1024.jpg,https://media.s-bol.com/5PyKRrOY7Qn8/g5Wyll3/1024x1024.jpg,https://media.s-bol.com/3N1VypMW6QRR/g5Wyll3/1024x1024.jpg,https://media.s-bol.com/8V2KMxR432Gm/g5Wyll3/124x40.jpg"
Raved Transparant Tafelzeil 140x500 cm - PVC - Glashelder - Afwasbaar & Beschermend,,9502521886732,Tafellaken,,"<p>Bescherm je tafel tegen krassen en vlekken met dit <strong>transparant tafelzeil van Raved</strong>. Gemaakt van <strong>duurzaam PVC</strong>, eenvoudig <strong>afwasbaar</strong> en ideaal voor dagelijks gebruik. Zo blijft jouw tafel stijlvol zichtbaar én goed beschermd.</p> <p>Met het <strong>Raved transparant tafelzeil</strong> combineer je de praktische voordelen van bescherming met de elegante uitstraling van jouw eigen tafel. Dit <strong>PVC tafelzeil</strong> is speciaal ontworpen om krassen, vocht en vlekken tegen te gaan, zonder dat het tafelblad uit het zicht verdwijnt. Perfect voor wie zijn interieur mooi wil houden, maar toch zorgeloos wil genieten van dagelijks gebruik.</p> <h3>Voordelen van dit transparant tafelzeil</h3> <ul> <li> <p><strong>Transparant ontwerp</strong> – laat de natuurlijke look van jouw tafel zien</p> </li> <li> <p><strong>Afwasbaar PVC</strong> – vlekken verwijder je eenvoudig met een doek</p> </li> <li> <p><strong>Waterafstotend & krasbestendig</strong> – ideale bescherming bij intensief gebruik</p> </li> <li> <p><strong>Veelzijdig</strong> – bruikbaar als <strong>tafelkleed, tafelloper of bescherming</strong> bij knutsel- en eetmomenten</p> </li> </ul> <h3>Praktisch én stijlvol</h3> <p>Veel tafelkleden verbergen het design van je tafel. Met dit <strong>doorzichtig tafelzeil</strong> blijft het originele blad zichtbaar, terwijl je toch profiteert van optimale bescherming. Van houten tafels tot design tafels: het zeil past in elk interieur. Bovendien is het geschikt voor zowel binnen als buiten.</p> <h3>Onderhoudsgemak</h3> <p>Waar stoffen tafelkleden vaak vlekken vasthouden of in de was moeten, veeg je dit <strong>afwasbare PVC tafelzeil</strong> simpelweg schoon met een vochtige doek. Geen gedoe, geen zorgen.</p> <h3>Waarom kiezen voor Raved?</h3> <p>Raved staat bekend om zijn duurzame en gebruiksvriendelijke woonproducten. Dit tafelzeil combineert <strong>kwaliteit en functionaliteit</strong>, zodat je langer plezier hebt van jouw tafel. Met duizenden tevreden gebruikers is het een bewezen oplossing voor elk huishouden.</p> <p>Bescherm je tafel slim en stijlvol – bestel vandaag nog het <strong>Raved transparant tafelzeil</strong> en geniet morgen al van zorgeloos gebruik.</p>",1.0,stuk(s),"Transparant 0,1mm",PVC,Raved,500.0,cm,N,,Tafelzeil,Rechthoek,N,N,,,N,,,3 maanden,,,,,N,,,Effen,140.0,cm,2.0,kg,,Transparant,Geen,26.0,cm,5.0,cm,37.0,cm,2.0,kg,1 stuk,Voor binnen & buiten,Afnemen met een natte doek,10.xlsx,,,,,,,,,,,,,,,https://media.s-bol.com/yk93R3y3mKEn/pxjVoy/550x439.jpg
Raved Tafelzeil - 140 cm x 200 cm - Paardenbloem - Groen PVC Afwasbaar,,9501549567432,Tafellaken,,"<p>Breng direct sfeer aan je tafel met het <strong>stijlvolle groene paardenbloem-motief</strong> van dit <strong>afwasbare PVC tafelzeil</strong>, dat jouw tafel optimaal <strong>beschermt tegen knoeien en vlekken</strong> – ideaal voor dagelijks gebruik binnen én buiten.</p> <p>Ontdek het veelzijdige <strong>tafelzeil van het merk Raved</strong> met een fris motief van groene paardenbloemen – een slimme combinatie van stijl én functionaliteit. Dit <strong>tafelzeil (het primair zoekwoord)</strong> is vervaardigd uit hoogwaardig <strong>PVC-materiaal</strong>, wat betekent dat uw tafel direct wordt beschermd tegen vlekken, krassen, vocht en knoeien – zonder in te boeten op uitstraling.</p> <h3>Bescherming voor iedere tafel</h3> <p>Of het nu gaat om een gezinsdiner, borrel op het terras of knutselmoment met de kinderen: dit tafelzeil biedt betrouwbare bescherming. De gladde bovenlaag is eenvoudig schoon te maken met een vochtig doekje, waardoor u kostbare tijd bespaart en uw tafel er netjes blijft uitzien. Volgens specialisten heeft PVC-tafelzeil als groot voordeel dat het “makkelijk schoon te vegen” is dankzij het gladde oppervlak. </p> <h3>Sfeervol design</h3> <p>Het motief met paardenbloemen in een groene tint brengt een natuurlijke en frisse sfeer in huis of buitenomgeving. Dankzij het subtiele patroon oogt het tafelzeil niet alleen praktisch maar ook decoratief – een perfecte match voor wie leeft in een interieur waar stijl telt.</p> <h3>Materiaal & onderhoud</h3> <p>Het materiaal is <strong>PVC</strong>, wat zorgt voor een water- en vlekbestendige bovenlaag. Het tafelzeil is geschikt voor gebruik <strong>binnen en buiten</strong>, waardoor u flexibel bent in de toepassing. Houd er wel rekening mee dat bepaalde intensieve kleurstoffen (zoals tomatensaus of kerrie) na verloop van tijd kunnen intrekken in PVC-materialen. Voor optimaal onderhoud: veeg vlekken direct weg en vermijd langdurige blootstelling aan direct zonlicht.</p> <h3>Waarom kiezen voor dit tafelzeil</h3> <ul> <li> <p><strong>Afwasbaar en onderhoudsvriendelijk</strong>: een vochtig doekje is voldoende.</p> </li> <li> <p><strong>Stijlvol motief en kleur</strong>: de paardenbloemprint en groene tint geven sfeer.</p> </li> <li> <p><strong>Veelzijdig inzetbaar</strong>: geschikt voor voorgaande tafelmomenten én buitengebruik.</p> </li> <li> <p><strong>Bescherming voor uw tafel</strong>: voorkomt schade, vlekken en slijtage – hierdoor behoudt uw meubel zijn waarde.</p> </li> </ul> <h3>Maak het compleet</h3> <p>Kies de juiste maat voor uw tafel (breedte × lengte) en knip of werk afhangende delen netjes bij. Zet misschien een schaal of plant in het midden om het design extra te accentueren. Zo combineert u gemak met stijl.</p> <p><strong>Wacht niet langer</strong>: geef uw tafel direct de bescherming én uitstraling die het verdient. Voeg dit Raved tafelzeil toe aan uw winkelmand en ervaar het gemak én de sfeer – uw tafel zal er meteen verzorgd uitzien.</p>",1.0,stuk(s),Groen; Wit,PVC,Raved,200.0,cm,N,,Tafelzeil,Rechthoek,N,N,,,N,,,3 maanden,,,,,N,,,Overig,140.0,cm,2.0,kg,,Bloemen,Geen,26.0,cm,3.0,cm,37.0,cm,2.0,kg,1x Tafelzeil,Voor binnen & buiten,Afnemen met een natte doek,10.xlsx,,,,,,,,,,,,,,,"https://media.s-bol.com/q1xpYV3qpZn0/g5WKXE3/1024x1024.jpg,https://media.s-bol.com/Z16GVwL7WkOg/g5WKXE3/1024x1024.jpg,https://media.s-bol.com/JB6KqYoKQv0v/g5WKXE3/124x109.jpg,https://media.s-bol.com/g8PGyVpDVENk/8RDYgr/1024x1024.jpg,https://media.s-bol.com/NJkK9EvK04vv/g5WKXE3/124x40.jpg,https://media.s-bol.com/m5Z0Q25AZ97E/g5WKXE3/1024x1024.jpg,https://media.s-bol.com/3N1r2jNMDMW4/g5WKXE3/1024x1024.jpg"
Raved – Tafelzeil 140 cm x 310 cm – Paarse Bloesem op Groen – PVC Afwasbaar – Binnen & Buiten,,9504629824265,Tafellaken,,"<p>Ontdek met dit <strong>duurzame PVC-tafelzeil</strong> van <strong>Raved</strong> een stijlvolle en praktische bescherming voor uw tafel: het motief met <strong>paarse bloesem op een groene achtergrond</strong> zorgt voor sfeer, terwijl het <strong>afwasbare materiaal</strong> smeer- en vlekvrij blijft </p> <p>Maak van iedere tafelsetting een warme uitnodiging met het <strong>tafelzeil</strong> van <strong>Raved</strong> in het motief <strong>paarse bloesem op groen</strong>. Met subtiele elegantie én stevige functionaliteit biedt dit product een slimme oplossing voor wie zowel stijl als gemak verlangt.</p> <h3>Elegant motief, frisse sfeer</h3> <p>Het opvallende design met <strong>paarse bloesem</strong> tegen een <strong>groene achtergrond</strong> geeft direct een natuurlijke, bloemrijke uitstraling aan uw tafel. Of u nu een gezellige lunch organiseert, een familiediner of een zomerse barbecue op het terras – dit tafelzeil voegt sfeer toe <strong>zonder dat u extra decoratie hoeft te bedenken</strong>.</p> <h3>Praktisch materiaal voor dagelijks gebruik</h3> <p>Gemaakt van <strong>PVC</strong>, is het tafelzeil volledig <strong>afwasbaar</strong>, wat betekent dat u vlekken, kruimels, etens­sappen en krassen moeiteloos kunt reinigen met een vochtige doek. Dankzij dit materiaal is de beschermingsfunctie gewaarborgd: uw tafel blijft netjes en mooi, zonder dat u telkens een hardnekkige schoonmaak hoeft in te plannen.</p> <h3>Voor binnen én buiten</h3> <p>Dankzij het robuuste maar stijlvolle materiaal is dit zeil geschikt voor gebruik zowel binnen als buiten. Denk aan tafelavonden in de eetkamer, een zomers terrasmoment of een feestelijke tuin­setting. Het motief brengt gezelligheid mee, het materiaal brengt duurzaamheid – een slimme combinatie van emotie én logica.</p> <h3>Waarom kiezen voor dit tafelzeil van Raved?</h3> <ul> <li> <p><strong>Bescherming</strong>: vlekken, krassen en slijtage krijgen geen kans dankzij het sterke PVC-materiaal.</p> </li> <li> <p><strong>Design & sfeer</strong>: bloemenmotief in paars op groen zorgt voor een verfrissende uitstraling en voegt direct karakter toe.</p> </li> <li> <p><strong>Onderhoudsgemak</strong>: afnemen met een vochtige doek is voldoende – geen ingewikkeld wasprogramma.</p> </li> <li> <p><strong>Veelzijdigheid</strong>: geschikt voor dagelijks gebruik en speciale gelegenheden, binnen én buiten.</p> </li> </ul> <h3>Specificaties op een rij</h3> <ul> <li> <p>Merk: <strong>Raved</strong></p> </li> <li> <p>Materiaal: <strong>PVC</strong></p> </li> <li> <p>Kleur / motief: groen met paarse bloesem, bloemen­print</p> </li> <li> <p>Geschikt voor binnen & buiten</p> </li> </ul> <p>Laat uw tafel niet aan z’n lot over met een simpel kleed dat snel vlekken of slijtage toont. Investeer in een <strong>stijlvol tafelzeil</strong> dat houdt wat het belooft: bescherming én uitstraling. Wacht niet te lang – maak van elke maaltijd een sfeervol moment en kies vandaag nog voor dit praktische én mooie tafelzeil van Raved. <strong>Klik op ‘In winkelwagen’ en geef uw tafel de upgrade die hij verdient.</strong></p>",1.0,stuk(s),Paars,PVC,Raved,310.0,cm,N,,Tafelzeil,Rechthoek,N,N,,,N,,,3 maanden,,,,,N,,,Gebloemd,140.0,cm,2.0,kg,,Bloemen,Geen,26.0,cm,3.0,cm,37.0,cm,2.0,kg,1 stuk,Voor binnen & buiten,Afnemen met een natte doek,10.xlsx,,,,,,,,,,,,,,,"https://media.s-bol.com/KDr7L9o5O4zJ/0gjp3JV/124x110.jpg,https://media.s-bol.com/xgkz2LWPwMvE/0gjp3JV/1024x1024.jpg,https://media.s-bol.com/xx6Eo8XA9JmJ/kR8AjEX/124x105.jpg,https://media.s-bol.com/Al6G8W4zA0xB/kR8AjEX/1024x1024.jpg,https://media.s-bol.com/Ym7AVrggprRn/kR8AjEX/124x112.jpg,https://media.s-bol.com/2Mkq7Dp4zlyz/0gjp3JV/1024x1024.jpg,https://media.s-bol.com/yjPA92W0xNrg/0gjp3JV/1024x1024.jpg,https://media.s-bol.com/Y8EYyqJpoApW/0gjp3JV/1024x1024.jpg,https://media.s-bol.com/7R3ypVxJ0Z91/0gjp3JV/124x40.jpg"
Raved Tafelzeil - 140 cm x 300 cm - Paars Bessen - PVC - Afwasbaar,,9501213924431,Tafellaken,,"<p>Maak van elke maaltijd een kleurige beleving met dit <strong>afwasbare PVC-tafelzeil</strong> van Raved. Het <strong>paarse bessenmotief</strong> fleurt je tafel op en de <strong>duurzame beschermlaag</strong> zorgt ervoor dat knoeien of buitengebruik geen stress meer is.</p> <p>Geef je eettafel of tuinset een stijlvolle upgrade met het <strong>primair zoekwoord “tafelzeil”</strong>: het stijlvolle en functionele Raved tafelzeil in de met een vrolijk <strong>bessenmotief in paars</strong>. Dit tafelzeil is vervaardigd uit hoogwaardig <strong>PVC-materiaal</strong>, waardoor het <strong>afwasbaar</strong> is en zich uitstekend leent voor dagelijks gebruik én buiten onder de overkapping.</p> <h3>Waarom dit tafelzeil?</h3> <p>Dankzij het sterke PVC-materiaal hoef je je geen zorgen te maken over vlekken of spetters tijdens het diner of het buitenontbijt. Het tafelzeil is makkelijk schoon te maken met een vochtige doek en blijft bovendien goed zitten dankzij de perfecte — ideaal voor standaard rechthoekige tafels. Het motief met kleurrijke bessen op een dieppaarse achtergrond geeft direct een frisse en gezellige sfeer aan je eetruimte.</p> <h3>Eigenschappen op een rij</h3> <ul> <li> <p><strong>Materiaal</strong>: PVC — robuust, vochtbestendig en eenvoudig af te nemen. </p> </li> <li> <p><strong>Kleur/design</strong>: Paars met fruitig bessenmotief — een opvallend accent dat past bij een moderne of landelijke interieurstijl.</p> </li> <li> <p><strong>Gebruik</strong>: Binnen én buiten dankzij het weerbestendige karakter van het zeil — ideaal voor tuin, serre of balkon. </p> </li> </ul> <p>Stel je voor: een zonnige lunch op het terras, bescherming tegen knoeien en morsen zonder concessies op stijl. Of een familie-avondmaal binnen waarbij de tafel meteen uitnodigt tot gezelligheid. Met dit tafelzeil maak je indruk op gasten én vermijd je stress over vlekken en opwaaiende randen. En laten we eerlijk zijn: wie wil er nu geen direct fleurig effect zonder grote investering?</p> <h3>Onderhoud & tips</h3> <p>Veeg eenvoudig schoon met een vochtige doek; vermijd schurende middelen om het motief intact te houden. Bij buitengebruik: vermijd langdurige blootstelling aan fel zonlicht of hevige regen om verkleuring te voorkomen. Altijd even controleren: dek je tafel goed af of berg het zeil binnen op bij extreem weer.</p> <h3>Call-to-action</h3> <p>Kies voor bescherming én stijl. Ontdek hoe dit tafelzeil jouw tafelsetting direct naar een hoger niveau tilt — klik op “in winkelwagen” en zorg dat jouw tafel klaar is voor elk moment. Voeg vandaag nog dit stijlvolle, praktische tafelzeil toe aan je interieur!</p>",1.0,stuk(s),Geel; Groen; Blauw,PVC,Raved,300.0,cm,N,,Tafelzeil,Rechthoek,N,N,,,N,,,3 maanden,,,,,N,,,Overig,140.0,cm,2.0,kg,,Barok,Geen,26.0,cm,3.0,cm,37.0,cm,2.0,kg,,Voor binnen & buiten,Afnemen met een natte doek,10.xlsx,,,,,,,,,,,,,,,https://media.s-bol.com/xxWWgpxr9z7E/lY2pJjg/550x270.jpg
Raved Rond Tafelzeil - 160 cm ø - Houtlook - Beige - PVC - Afwasbaar,,8720707632473,Tafellaken,,"<p>Geef je tafel direct een warme Houtlook-stijl met dit <strong>afwasbare PVC tafelzeil</strong> van Raved – perfect voor zowel binnen als buiten. <strong>Bescherm je tafel tegen vlekken, krassen en hitte</strong>, terwijl de natuurlijke houtlook in beige een stijlvolle sfeer toevoegt.</p> <p>Breng zowel stijl als gemak op tafel met het <strong>Raved Rond Tafelzeil Houtlook Ø 160 cm Beige PVC Afwasbaar</strong>. Dit tafelzeil combineert een warme houtlook-print met praktische eigenschappen — de ideale oplossing voor wie een ronde tafel of tuinset wil beschermen én mooi wil aankleden.</p> <h3>Bescherming én uitstraling</h3> <p>Met dit tafelzeil kies je voor <strong>bescherming</strong> zonder in te leveren op uitstraling. Het materiaal is <strong>PVC</strong>, wat zorgt voor een stevige, onderhoudsvriendelijke laag. Dankzij de afwasbare eigenschappen maak je vlekken eenvoudig schoon met een vochtige doek — geen gedoe met wassen of strijken. Bovendien beschermt het oppervlak tegen <strong>krassen, vlekken en hitteplekken</strong>, ideaal voor gebruik met kinderen, knutselactiviteiten of warme pannen.</p> <h3>Houtlook in beige voor een warme sfeer</h3> <p>De houtlook-print in een beige tint geeft jouw tafel of tuinset direct een natuurlijke, stijlvolle uitstraling. Het voelt alsof je een tafelblad van hout hebt, maar dan met het voordeel van onderhoudsgemak. Deze subtiele look past goed in zowel klassieke als moderne interieurs, en werkt ook buiten op het terras of balkon.</p> <h3>Voor binnen én buiten</h3> <p>Dit tafelzeil is geschikt voor beide gebruikssituaties: binnen in de eetkamer of keuken, én buiten op het terras of de veranda. Let wel op bij gebruik buiten: haal het zeil naar binnen bij regen voor behoud van kleur en kwaliteit. </p> <h3>Specificaties in één oogopslag</h3> <ul> <li> <p>Materiaal: <strong>PVC</strong>, makkelijk schoon te maken. </p> </li> <li> <p>Vorm & maat: Rond, Ø 160 cm. </p> </li> <li> <p>Kleur/dessin: Beige, houtlook. </p> </li> <li> <p>Geschikt voor binnen & buiten. </p> </li> <li> <p>Inhoud: 1 stuk. </p> </li> </ul> <h3>Waarom kiezen voor dit tafelzeil?</h3> <ul> <li> <p><strong>Verliesaversie</strong>: je wilt niet constant bezorgd zijn over knoeien of beschadiging — dit tafelzeil biedt geruststelling.</p> </li> <li> <p><strong>Sociale bewijskracht</strong>: klanten geven aan dat het product “mooi design” heeft en het “goed werkt”. </p> </li> <li> <p><strong>Urgentie</strong>: een goed beschermde tafel betekent minder stress en meer genieten — waarom wachten tot er schade is?</p> </li> </ul> <h3>Onderhoud & tips</h3> <p>Veeg het zeil simpelweg schoon met een vochtige doek. Gebruik het buiten? Haal het binnen bij regen om verkleuring of verwering te voorkomen. Het ronde formaat is perfect afgestemd op een standaard ronde tafel – check jouw diameter even zodat het goed past.</p> <h3>Call to action</h3> <p>Upgrade jouw tafel vandaag nog met dit stijlvolle en functionele tafelzeil — klik op de knop en geef je eettafel of tuinset de bescherming en uitstraling die het verdient!</p>",1.0,stuk(s),Beige,PVC,Raved,160.0,cm,N,,Tafelzeil,Rond,N,N,,,N,140.0,cm,2 maanden,,,,,N,,,Overig,160.0,cm,0.5,kg,,Effen,0657452723,26.0,cm,3.0,cm,37.0,cm,0.0,kg,1 stuk,Voor binnen & buiten,Afnemen met een natte doek,10.xlsx,,,,,,,,,,,,,,,https://media.s-bol.com/8ZGOYWmZgOK5/lOgo95j/550x550.jpg
Raved Rond Elof Tafelkleed Ø 160 cm - Katoen - Zwart - Uitwasbaar,,8720387517749,Tafellaken,,"<p>Breng warmte en elegantie aan tafel met het <strong>Raved rond tafelkleed van zwart katoen</strong>. Dit <strong>uitwasbare tafellaken</strong> combineert stijl, kwaliteit en praktisch gemak – ideaal voor dagelijks gebruik én feestelijke momenten.</p> <p>Geef je eettafel een verfijnde uitstraling met het <strong>Raved rond tafelkleed van katoen in zwart</strong>. Dit stijlvolle kleed uit de Elof-serie is ontworpen voor wie houdt van een nette, gezellige tafel zonder zorgen over vlekken of onderhoud.</p> <h3>Luxe uitstraling – praktisch gemak</h3> <p>Het <strong>rond tafelkleed</strong> is gemaakt van hoogwaardig <strong>katoen</strong>, een natuurlijke vezel die sterk, ademend en duurzaam is. De effen <strong>zwarte kleur</strong> geeft een moderne, tijdloze uitstraling die past in elk interieur — van strak minimalistisch tot warm landelijk. Dankzij de subtiele weefstructuur oogt het kleed elegant, terwijl het stevig genoeg is voor dagelijks gebruik.</p> <h3>Uitwasbaar en onderhoudsvriendelijk</h3> <p>Een ongelukje met wijn, saus of koffie? Geen probleem. Het <strong>uitwasbare katoen</strong> laat zich eenvoudig reinigen in de wasmachine. Zo blijft je tafel altijd fris en verzorgd, zonder dure stomerij of wegwerptextiel. Dit maakt het tafelkleed bijzonder geschikt voor gezinnen, etentjes of mensen die graag met stijl dineren.</p> <h3>Bescherming met stijl</h3> <p>Naast zijn esthetische waarde biedt dit kleed uitstekende bescherming tegen <strong>vlekken, krassen en hitte</strong>. De zachte katoenen laag voelt prettig aan en voorkomt direct contact tussen servies en het tafelblad. Ideaal voor houten, gelakte of glazen tafels die je mooi wilt houden.</p> <h3>Perfecte pasvorm en veelzijdig gebruik</h3> <p>De ronde vorm sluit prachtig aan bij ronde eettafels voor vier tot zes personen. Gebruik het tafelkleed niet alleen voor dagelijkse maaltijden, maar ook voor brunches, verjaardagen of sfeervolle diners. Combineer het met lichte serviezen of houten accessoires voor een stijlvol contrast.</p> <h3>Waarom kiezen voor Raved?</h3> <ul> <li> <p><strong>100% katoen</strong> – natuurlijk en duurzaam</p> </li> <li> <p><strong>Uitwasbaar</strong> – eenvoudig schoon te houden</p> </li> <li> <p><strong>Zwart design</strong> – tijdloos en chic</p> </li> <li> <p><strong>Ronde vorm</strong> – past perfect op 4-6 persoons tafels</p> </li> <li> <p><strong>Merkkwaliteit van Raved Fabrics</strong> – gespecialiseerd in tafeldecoratie</p> </li> </ul> <p>Laat je tafel spreken met een combinatie van elegantie en gebruiksgemak. Bestel vandaag nog het <strong>Raved rond tafelkleed – katoen – zwart – uitwasbaar</strong> en ontdek hoe eenvoudig het is om dagelijks sfeer aan tafel te brengen.</p>",1.0,stuk(s),Zwart,Katoen,Raved,160.0,cm,N,,Tafelkleed,Rond,Y,N,,,N,160.0,cm,2 maanden,,,,,N,,,Effen,160.0,cm,0.5,kg,,Effen,Geen,26.6,cm,4.8,cm,31.4,cm,1.09,kg,1 stuk,Voor binnen & buiten,Machinewas 30 °C,10.xlsx,,,,,,,,,,,,,,,"https://media.s-bol.com/ApDXQ477npkl/qjW5pQG/1024x1024.jpg,https://media.s-bol.com/EwRXZ477loVv/qjW5pQG/1024x1024.jpg,https://media.s-bol.com/yjPA6YOO8jgn/qjW5pQG/1024x1024.jpg,https://media.s-bol.com/xmJy755znE19/4gY8G7/1024x1024.jpg,https://media.s-bol.com/xgkzVXNNGg4B/qjW5pQG/124x112.jpg,https://media.s-bol.com/DvkZY477RnVx/qjW5pQG/1024x1024.jpg,https://media.s-bol.com/zkp4BZNNmkjy/qjW5pQG/124x40.jpg"
Raved Tafelzeil – 140 cm x 180 cm – Holland Fruit – Bruin – PVC – Afwasbaar,,9502776731337,Tafellaken,,"<p>Een sfeervol <strong>tafelzeil</strong> dat direct gemak brengt: dit <strong>PVC-tafelzeil met Holland Fruit-print in warme bruintinten</strong> is <strong>afwasbaar</strong>, beschermt je tafel tegen knoeien, hete pannen en vochtige tijden — ideaal voor gezellig binnen én buiten.</p> <p>Maak van je tafel een stijlvolle én zorgeloze ontmoetingsplek met het <strong>primair zoekwoord</strong> <strong>tafelzeil</strong>. Dit hoogwaardige tafelzeil van het merk <strong>Raved</strong> is uitgevoerd in <strong>materiaal</strong> PVC met een sfeervolle <strong>kleur</strong> bruin in de trendy print <strong>Holland Fruit</strong>. Dankzij dit materiaal en ontwerp combineer je direct stijl, bescherming en praktisch gebruik – ideaal voor dagelijkse maaltijden, borrels op het terras of een ontspannen buitenlunch.</p> <h3>Bescherming én stijl in één</h3> <p>Met het Raved tafelzeil creëer je een warme sfeer aan tafel én geef je jezelf rust. Het beschermt betrouwbaar tegen knoeien, vlekken en brandplekken door bijvoorbeeld een hete pan. Door het gebruik van PVC is het <strong>afwasbaar</strong>, wat betekent dat je gerust aan tafel kunt schuiven zonder extra stress. Het tafelzeil is geschikt voor binnen én buitengebruik – perfect voor zomeravonden of een koffie in het zonnetje.</p> <h3>Specificaties in het kort</h3> <ul> <li> <p>Merk: Raved</p> </li> <li> <p>Print/Design: Holland Fruit in bruintinten</p> </li> <li> <p>Materiaal: PVC (afwasbaar) </p> </li> <li> <p>Geschikt voor binnen én buiten</p> </li> </ul> <h3>Waarom dit tafelzeil?</h3> <ul> <li> <p><strong>Praktisch gemak</strong>: Dankzij de afwasbare PVC-laag verwijder je makkelijk vlekken, waardoor je tafel er altijd verzorgd uitziet.</p> </li> <li> <p><strong>Direct sfeer</strong>: De Holland Fruit-print in bruin geeft je eetplek een warme, uitnodigende uitstraling – geschikt voor zowel dagelijks gebruik als speciale momenten.</p> </li> <li> <p><strong>Bescherming</strong>: De stevigheid van het materiaal zorgt ervoor dat je tafel minder kwetsbaar is voor hete pannen, krassen of morsen – ideaal in een druk huishouden.</p> </li> <li> <p><strong>Veelzijdig inzetbaar</strong>: Gebruik binnen in de keuken, aan de eettafel of buiten op het terras. Ook geschikt voor balkon of tuin.</p> </li> </ul> <h3>Zo heb je er het meeste aan</h3> <p>Leg het tafelzeil netjes uit en zorg dat het goed op je tafel valt. Bij buitengebruik: wrijf het even schoon na gebruik om langere levensduur te garanderen. Vermijd scherpe voorwerpen direct op de printlaag om beschadiging te minimaliseren. Kies bij twijfel een iets grotere maat zodat het over de rand valt en extra beschermd.</p> <h3>Maak vandaag nog je tafel compleet</h3> <p>Wacht niet langer met het upgraden van je tafelsetting: met dit tafelzeil combineer je direct stijl en functie. Geef jezelf het gemak van een tafel die er altijd verzorgd uitziet en waarop je zorgeloos kunt genieten. <strong>Klik op ‘in winkelwagen’ en ervaar het verschil zelf</strong>.</p>",1.0,stuk(s),Bruin,PVC,Raved,180.0,cm,N,,Tafelzeil,Rechthoek,N,N,,,N,,,3 maanden,,,,,N,,,Gebloemd,140.0,cm,2.0,kg,,Bloemen,Geen,26.0,cm,3.0,cm,37.0,cm,2.0,kg,1 stuk,Voor binnen & buiten,Afnemen met een natte doek,10.xlsx,,,,,,,,,,,,,,,"https://media.s-bol.com/9WrY9j7OQA1B/KOlGwGr/124x122.jpg,https://media.s-bol.com/xgkL6yN6jOLP/KOlGwGr/1024x1024.jpg,https://media.s-bol.com/q1xLQoXYQrM0/KOlGwGr/124x108.jpg,https://media.s-bol.com/yMRBBJprl486/1Kvqro/1024x1024.jpg,https://media.s-bol.com/Y8Eq7ZBVk5KY/KOlGwGr/124x40.jpg,https://media.s-bol.com/zkpY6ANvqO3Z/KOlGwGr/1024x1024.jpg,https://media.s-bol.com/xgkL6yNnoM33/KOlGwGr/1024x1024.jpg"
Raved Tafelzeil 140×350 cm - Bruin Tegel-Houtlook - PVC - Afwasbaar,,9502626963413,Tafellaken,,"<p>Geef je tafel direct een stijlvolle upgrade met dit <strong>houten tegel-dessin tafelzeil</strong> van Raved. Dankzij de <strong>afwasbare PVC-laag</strong> is knoeien geen drama meer: <strong>bescherm je tafel én creëer sfeer</strong>.</p> <p>**Verbeter direct je tafelbeleving met het **Raved Tafelzeil Tegel Hout  Bruin PVC Afwasbaar — een perfecte mix van stijl, bescherming en praktisch gebruiksgemak.</p> <h3>Stijlvol en functioneel</h3> <p>Het <strong>primair zoekwoord</strong> “tafelzeil” komt hier prominent voor: dit tafelzeil met in de kleur <strong>bruin</strong>, heeft een elegant tegel-houtlook-design dat een warme, natuurlijke uitstraling geeft aan zowel je eetkamer als de tuinset. Dankzij het <strong>materiaal</strong> PVC is het oppervlak stevig, soepel en direct klaar voor gebruik.</p> <h3>Bescherming & onderhoud</h3> <p>Met dit tafelzeil is je tafel gelijk goed beschermd: de afwasbare PVC-laag zorgt ervoor dat gemorste koffie, saus of kruimels geen kans krijgen. Een snelle veeg met een vochtige doek of spons volstaat en je tafel oogt weer als nieuw. Geen gedoe meer met dure tafelkleden die kreuken of met moeilijk schoon te maken stof.</p> <h3>Binnen en buiten geschikt</h3> <p>Gebruik het tafelzeil zowel <strong>binnen als buiten</strong>: perfect voor de eettafel, tuintafel of serre. Let op: bij regen of langdurige bewolking verdient het de aanbeveling het tafelzeil binnen op te bergen om de levensduur te maximaliseren.</p> <h3>Productvoordelen in één overzicht</h3> <ul> <li> <p>Kleur: <strong>Bruin</strong>, design: tegel-houtlook — past bij naturel en industrieel interieur.</p> </li> <li> <p>Materiaal: <strong>PVC</strong>, vlek- en afwasbaar — maximaal gebruiksgemak.</p> </li> <li> <p>Merk: Raved — vertrouwd in tafeltextiel-accessoires.</p> </li> <li> <p>Eenvoudige schoonmaak & onderhoud — bespaart tijd en zorgt voor gemoedsrust.</p> </li> </ul> <h3>Waarom kiezen voor dit tafelzeil?</h3> <p>Stel je voor: een spontaan etentje, druk gezin of gezellige tuinmiddag. Dankzij dit tafelzeil hoef je je geen zorgen te maken over knoeien of tafelschade. Daarmee speel je in op de wens naar gemak én een mooie uitstraling. Het biedt echte <strong>bescherming</strong>, dat is de logische kant, én creëert direct <strong>sfeer</strong>, de emotionele kant. Nu kiezen is slim: zonder dit beschermende lagen sta je bloot aan vlekken, brandplekken of vocht—laten we dat liever voorkomen.</p> <h3>Call-to-action</h3> <p>Wacht niet langer: selecteer vandaag nog dit stijlvolle tafelzeil, leg het direct op je tafel en geniet van een verzorgde uitstraling <strong>én</strong> praktisch gemak. Geef je tafel de upgrade die hij verdient — klik op “in winkelwagen” en maak je interieur weer tiptop klaar!</p>",1.0,stuk(s),Bruin,PVC,Raved,350.0,cm,N,,Tafelzeil,Rechthoek,N,N,,,N,,,3 maanden,,,,,N,,,Overig,140.0,cm,2.0,kg,,Hout,Geen,26.0,cm,3.0,cm,37.0,cm,2.0,kg,,Voor binnen & buiten,Afnemen met een natte doek,10.xlsx,,,,,,,,,,,,,,,"https://media.s-bol.com/xgkLYyNOxv4r/Q1rmnOL/1024x1024.jpg,https://media.s-bol.com/BqB9Dv7lmBY2/Q1rmnOL/1024x1024.jpg,https://media.s-bol.com/w1p7Xx8YxJmg/Q1rmnOL/124x104.jpg,https://media.s-bol.com/m8xMNpO81YYp/ZP9Gq2/1024x1024.jpg,https://media.s-bol.com/yjP2ZzOQyrgW/Q1rmnOL/1024x1024.jpg,https://media.s-bol.com/xgkLYyNOxkrz/Q1rmnOL/1024x1024.jpg,https://media.s-bol.com/7R3VoM7o6Lr8/Q1rmnOL/124x40.jpg"
Raved Tafelzeil 140 cm x 100 cm – Kerst Rendieren Blauw – PVC - Afwasbaar,,9501951457376,Tafellaken,,"<p>Breng sfeer én gemak naar je kersttafel met het <strong>tafelzeil van Raved met rendieren-motief</strong>. Dit stijlvolle tafelzeil combineert een prachtig blauw kerstdesign met praktische functies, waardoor je zonder zorgen kunt genieten van een gezellige dineravond.</p> <h3>Feestelijke look voor elke gelegenheid</h3> <p>Met het <strong>kerst-motief van rendieren in blauw</strong> creëer je direct een warme, feestelijke tafelsetting die uitnodigt tot samenzijn. Het motief past perfect bij het seizoen en maakt je eettafel klaar voor de kersttijd – van kerstdiner tot borrel met vrienden. Je tafel oogt verzorgd, stijlvol en sfeervol zonder extra accessoires.</p> <h3>Praktisch en beschermend</h3> <p>Gemaakt van <strong>duurzaam PVC</strong>, is dit tafelzeil afwasbaar en eenvoudig te reinigen – een vochtige doek is vaak al voldoende. Zo voorkom je vlekken door wijn, saus of koffie en hoef je geen kant en klaar stoffen kleed telkens te wassen. Bovendien biedt het bescherming tegen krassen en brandplekken door hete pannen of schalen – ideaal voor langere, gezellige eetmomenten.</p> <h3>Binnen én buiten mogelijk</h3> <p>Of je nu binnen aan tafel schuift of buiten op het terras kerstviert – dit tafelzeil is geschikt voor beide omgevingen. Dankzij het PVC-materiaal hoef je niet bang te zijn voor knoeien of een beetje vocht. (Voor langdurig buitengebruik is het aan te raden het kleed droog op te bergen na gebruik.)</p> <h3>Waarom kiezen voor Raved?</h3> <p>Het merk Raved staat bekend om woonaccessoires die stijl combineren met functionaliteit. Dit tafelzeil is daar een perfect voorbeeld van: je haalt niet alleen een decoratief element in huis, maar ook een slimme bescherming voor je tafel – zonder concessies aan stijl.</p> <h3>Tot slot</h3> <p>Laat knoeien, vlekken of het gedoe met stoffen kleedjes je kerstvreugde niet drukken. Kies dit <strong>afwasbare PVC tafelzeil met rendieren</strong> en geniet van een tafel die er tiptop uitziet én praktisch is. <strong>Bestel vandaag nog</strong> en maak je klaar voor een zorgeloos, sfeervol kerstdiner.</p>",1.0,stuk(s),Blauw,PVC,Raved,100.0,cm,N,,Tafelzeil,Rechthoek,N,N,,,N,,,3 maanden,,,,,N,,,Overig,140.0,cm,2.0,kg,,Print,Geen,26.0,cm,3.0,cm,37.0,cm,2.0,kg,1 tafelzeil,Voor binnen & buiten,Machinewas 30 °C,10.xlsx,,,,,,,,,,,,,,,"https://media.s-bol.com/Dvk6y6ZglE36/98vj5XB/1024x1024.jpg,https://media.s-bol.com/v12RPRx7opZL/98vj5XB/1024x1024.jpg,https://media.s-bol.com/gGZN43OOR1B9/kp0Mpr/124x105.jpg,https://media.s-bol.com/q1x6K68j00ZD/98vj5XB/124x108.jpg,https://media.s-bol.com/8x10LJnnpq6L/kp0Mpr/1024x1024.jpg,https://media.s-bol.com/7w12KGmmo6Lr/kp0Mpr/124x112.jpg,https://media.s-bol.com/9y1PMKooq8QZ/kp0Mpr/124x89.jpg,https://media.s-bol.com/kjmKpgBVGP2N/BXvlBN/1024x1024.jpg,https://media.s-bol.com/xgk8R8yzmjYE/98vj5XB/124x40.jpg,https://media.s-bol.com/m5Z8D8XZjkxE/98vj5XB/1024x1024.jpg,https://media.s-bol.com/RN6kQkK3po8V/98vj5XB/1024x1024.jpg"
Raved Tafelzeil – 140 cm x 260 cm – Tulpen Rood – PVC – Afwasbaar,,9504863771844,Tafellaken,,"<p>Met dit <strong>afwasbare PVC­tafelzeil</strong> van Raved geef je je tafel direct een stijlvolle upgrade met een <strong>tulpenmotief in rood</strong>. Bied je tafel optimale bescherming tegen vlekken én slijtage, terwijl sfeer en gemak hand in hand gaan.</p> <p>Geef jouw eet- of tuintafel een stijlvolle én praktische upgrade met het <strong>primair zoekwoord</strong> <strong>tafelzeil</strong> en wel de <strong>Raved Tafelzeil – Tulpen Rood – PVC – Afwasbaar</strong>. Dit prachtige tafelzeil combineert design én functionaliteit: het vrolijke tulpenmotief op een diepe rood-achtergrond geeft je ruimte direct karakter, terwijl het <strong>materiaal</strong> van hoogwaardig PVC zorgt voor duurzame bescherming en gemak.</p> <h3>Waarom kiezen voor dit tafelzeil?</h3> <p>Met dit tafelzeil heb je een slimme oplossing voor veelvoorkomende tafelproblemen: vlekken van koffie, wijn of kindervoetjes, krassen of slijtage, en de constante frustratie van tafelkleden die niet goed schoon te krijgen zijn. Dankzij de <strong>afwasbare</strong> afwerking veeg je eenvoudig schoon met een doek – geen gedoe meer met wasbare stoffen of ingewikkeld onderhoud. Het resultaat: een tafel die er netjes uitziet, oudste gast of spontaan bezoek, zonder extra stress.</p> <h3>Design & sfeer</h3> <p>Het ontwerp met tulpen in rood brengt warmte en sfeer in je interieur of buitenruimte. Of je nu kiest voor een familiediner, een zomerse lunch buiten of een gezellige borrelavond – dit tafelzeil past perfect. Omdat het in één oogopslag stijl en kwaliteit uitstraalt, creëer je een gastvrije sfeer waarin je graag zit.</p> <h3>Onderhoud & kwaliteit</h3> <p>Gemaakt van robuust PVC-materiaal, dit tafelzeil is bestand tegen dagelijks gebruik. De afwasbare coating zorgt ervoor dat je simpelweg met een vochtige doek schoonmaakt – ideaal met kinderen, huisdieren of regelmatig gebruik. Het materiaal is bovendien slijtvast en behoudt kleur en print – waardoor het niet snel veroudert of gebruikt oogt. Zeg dus vaarwel tegen tafelkleden die kreuken, verkleuren of veel onderhoud vragen.</p> <h3>Het verschil maken</h3> <p>Kies voor dit tafelzeil en geniet direct van een gunstige combinatie: <strong>stijlvol motief</strong>, <strong>duurzame bescherming</strong> en <strong>eenvoudig onderhoud</strong>. Wacht niet tot je tafel opnieuw vlekken heeft of je meubels weer hun glans hebben verloren – geef je tafel nu dat praktische én stijlvolle element dat hij verdient.</p> <p><strong>Call-to-action:</strong> Voeg dit tafelzeil vandaag nog toe aan je winkelwagen en maak van elke maaltijd een ontspannen, sfeervol moment – zonder zorgen over vlekken of slijtage.</p>",1.0,stuk(s),Rood; Roze,PVC,Raved,260.0,cm,N,,Tafelzeil,Rechthoek,N,N,,,N,,,3 maanden,,,,,N,Raved Tafelzeil – Tulpen Rood,,Geruit,140.0,cm,2.0,kg,,Kerst,Geen,26.0,cm,3.0,cm,37.0,cm,2.0,kg,1 stuk,Voor binnen & buiten,Machinewas 30 °C,10.xlsx,,,,,,,,,,,,,,,"https://media.s-bol.com/gGxn4pDMrYE6/OAjgwL/124x67.jpg,https://media.s-bol.com/B2NjAgjMoQpx/7QBMPy/124x105.jpg,https://media.s-bol.com/yDoxB8x4l2vP/7QBMPy/1024x1024.jpg,https://media.s-bol.com/E28mElmgOGvN/7QBMPy/124x112.jpg,https://media.s-bol.com/D21lDRlONPrB/7QBMPy/124x89.jpg,https://media.s-bol.com/r6qMPEolMRmE/qG7Wm2/124x110.jpg,https://media.s-bol.com/8Ownx8O0NZXm/7QBMPy/1024x1024.jpg"
Raved Tafelzeil – 140 cm x 350 cm – Boerenbont Ruit Donker Groen – PVC – Afwasbaar,,9505145934278,Tafellaken,,"<p>Breng direct <strong>sfeervolle landelijke stijl</strong> op tafel met dit <strong>praktische afwasbare PVC tafelzeil</strong> in <strong>Boerenbont ruit Donker Groen</strong>. Binnen én buiten te gebruiken, ideaal voor gezellige etentjes zonder zorgen.</p> <p>Maak van elke tafel een warme en uitnodigende plek met het <strong>primair zoekwoord</strong> <strong>tafelzeil boerenbont</strong>, in de uitvoering van Raved Tafelzeil Boerenbont Ruit Donker Groen. Dit kwaliteits­product van het merk <strong>Raved</strong> combineert een tijdloze <strong>boerenruit groen-wit print</strong> met een praktische, afwasbare <strong>PVC materiaal</strong>-laag – speciaal ontworpen om eenvoudig schoon te maken en geschikt voor dagelijks gebruik.</p> <h3>Gebruik & sfeer</h3> <p>Of u nu gezellig binnen dineert of een zomerse lunch buiten serveert – dit tafelzeil creëert direct een gezellige landelijke uitstraling. Dankzij de kleur <strong>donkergroen met wit ruitpatroon</strong> past het perfect in een interieur met landelijke of boerderijstijl accent. Het is ook ideaal voor gezinnen: kindvriendelijk, knoeibestendig en stijlvol.</p> <h3>Materiaal & onderhoud</h3> <p>Het tafelzeil is vervaardigd uit stevig PVC, wat betekent dat hij bestand is tegen kringen, morsen en vlekken. De onderzijde is vaak voorzien van een non-woven vlieslaag voor extra stabiliteit (zoals vermeld door de fabrikant). U hoeft slechts met een vochtige doek af te nemen: geen ingewikkeld wassen of strijken. Zo bespaart u tijd én houdt u uw tafel beschermd.</p> <h3>Binnen én buiten</h3> <p>Deze versie is geschikt voor zowel binnen als buiten gebruik. Let op: haal het tafelzeil naar binnen of bescherm het bij regen of langdurige blootstelling aan weer en wind om verkleuring en verwering te vermijden – een eenvoudige stap voor langdurig plezier. </p> <h3>Waarom kiezen voor dit tafelzeil?</h3> <ul> <li> <p><strong>Praktisch & onderhoudsvriendelijk</strong>: de PVC-laag is afwasbaar en beschermt uw tafel.</p> </li> <li> <p><strong>Sfeervol design</strong>: boerenbont ruit staat voor rustieke charme en geeft meteen karakter.</p> </li> <li> <p><strong>Merkvertrouwen</strong>: Raved staat bekend om tafeltextiel van goede kwaliteit, dus u koopt minder om opnieuw te moeten kopen.</p> </li> <li> <p><strong>Veelzijdig gebruik</strong>: geschikt voor binnen en buiten – van gezinseten tot picknick of tuinlunch.</p> </li> <li> <p><strong>Risico-vrij gevoel</strong>: geen zorgen meer over vlekken of beschadigingen – uw tafel is veilig.</p> </li> </ul> <h3>Specificaties</h3> <ul> <li> <p>Merk: Raved</p> </li> <li> <p>Materiaal: PVC (bovenlaag)</p> </li> <li> <p>Patroon: Boerenbont Ruit Donker Groen (groen/wit)</p> </li> <li>Gebruik: binnen & buiten, afwasbaar</li> <li> <p>Onderhoud: afnemen met vochtige doek, niet langdurig blootstellen aan regen of zon voor optimale levensduur</p> </li> </ul> <p>Mis deze kans niet om in één stap sfeer én praktisch gemak aan uw tafel toe te voegen. Klik op <strong>“Toevoegen aan winkelwagen”</strong> en transformeer uw eetplek in een uitnodigende landelijke setting. <strong>Bestel vandaag nog</strong> en geniet direct van een stijlvolle tafel waar je met plezier aan gaat zitten.</p>",1.0,stuk(s),Groen,PVC,Raved,350.0,cm,N,,Tafelzeil,Rechthoek,N,N,,,N,,,3 maanden,,,,,N,,,Geruit,140.0,cm,2.0,kg,,Vierkantjes,Geen,26.0,cm,3.0,cm,37.0,cm,2.0,kg,1 stuk,Voor binnen & buiten,Afnemen met een natte doek,10.xlsx,,,,,,,,,,,,,,,"https://media.s-bol.com/5KJP0MW6k89Y/YO9XjW/124x56.jpg,https://media.s-bol.com/q1xAEn3EME4y/BgGXkxQ/1024x1024.jpg,https://media.s-bol.com/2DzMJX93PRvM/YO9XjW/124x100.jpg,https://media.s-bol.com/o12ABl5B6rLN/BgGXkxQ/124x106.jpg,https://media.s-bol.com/3VBNJ394gl2A/YO9XjW/1024x1024.jpg,https://media.s-bol.com/Yqo8XZM4KqPO/YO9XjW/1024x1024.jpg,https://media.s-bol.com/OKYJvDwymWEg/BgGXkxQ/1024x1024.jpg,https://media.s-bol.com/NJk7rBvxqrrN/BgGXkxQ/124x40.jpg,https://media.s-bol.com/v12mMv3M9M4n/BgGXkxQ/1024x1024.jpg,https://media.s-bol.com/3N1YqXALjxgn/BgGXkxQ/1024x1024.jpg"
Raved Tafelzeil 140 cm x 250 cm – Rood Aardbei Print – PVC afwasbaar,,9504113786727,Tafellaken,,"<p>Breng direct gezelligheid en gemak aan tafel met dit <strong>rood-aardbeien print tafelzeil</strong> van Raved in <strong>PVC</strong>: <strong>afwasbaar</strong>, <strong>stijlvol én bescherming</strong> voor jouw tafel – ideaal voor dagelijks gebruik binnen én buiten.</p> <p><strong>Verbeter je eettafel in één stap met het <strong>rood-aardbeien print tafelzeil</strong> van Raved.</strong><br />Stel je voor: een vrolijke print met sappige aardbeien op een rode achtergrond, die je tafel direct omtovert tot een gezellige plek voor ontbijt, lunch of diner. Tegelijkertijd hoef je niet meer bang te zijn voor geknoei of krassen – dit tafelzeil is namelijk gemaakt van stevig <strong>PVC-materiaal</strong>, dat eenvoudig afneembaar is en langdurige bescherming biedt.</p> <h3>Waarom dit tafelzeil?</h3> <ul> <li> <p><strong>Bescherming & gemak</strong> – Dankzij het duurzame PVC-materiaal is het tafelzeil bestand tegen vlekken, morsen en slijtage. Je veegt het zo af met een vochtige doek, waardoor je tafel netjes blijft zonder gedoe.</p> </li> <li> <p><strong>Sfeervol design</strong> – De opvallende aardbei-print in rood zorgt voor een frisse, vrolijke uitstraling. Perfect voor gezinnen, voor buiten op het terras of binnen in de keuken.</p> </li> <li> <p><strong>Geschikt voor binnen én buiten</strong> – Of je nu de tuintafel dekt voor een zomerse lunch of de keuken opfrist: dit tafelzeil doet het allemaal.</p> </li> <li> <p><strong>Merkkwaliteit van Raved</strong> – Als merk staat Raved bekend om praktische, stijlvolle tafeltextieloplossingen. </p> </li> </ul> <h3>Goed om te weten</h3> <p>Dit tafelzeil is niet alleen functioneel maar ook designbewust. Door het patroon met aardbeien creëer je een speels accent in je interieur of tuin, zonder dat je hoeft te kiezen tussen mooi en praktisch. Het PVC-materiaal zorgt ervoor dat de levensduur hoger is dan een standaard tafelkleed en dat je tafel minder snel verslijt.<br />Let op: het gebruik buitenshuis vereist enige zorg — om de print mooi te houden en verkleuring te voorkomen, is het aan te raden het zeil binnen te halen bij slecht weer of langdurige blootstelling. </p> <h3>Specificaties in één oogopslag</h3> <ul> <li> <p>Materiaal: <strong>PVC</strong> (met non-woven vliesrug)</p> </li> <li> <p>Kleur/print: rood met aardbei motief</p> </li> <li> <p>Eigenschappen: afwasbaar, geschikt voor binnen & buiten</p> </li> <li> <p>Merk: Raved</p> </li> </ul> <h3>Jouw tafel verdient dit</h3> <p>Laat geen plek meer voor morsen, vlekken of wegglijdende tafelkleden. Kies voor dit praktische én stijlvol tafelzeil en geef je tafel het onderhoud en de uitstraling die hij verdient. <strong>Bestel vandaag nog</strong> en geniet morgen al van een fris, beschermd en vrolijk gedekte tafel!</p>",1.0,stuk(s),Rood; Wit,PVC,Raved,250.0,cm,N,,Tafelzeil,Rechthoek,N,N,,,N,,,3 maanden,,,,,N,,,Effen,140.0,cm,2.0,kg,,Aardbeien,Geen,26.0,cm,3.0,cm,37.0,cm,2.0,kg,,Voor binnen & buiten,Machinewas 30 °C,10.xlsx,,,,,,,,,,,,,,,"https://media.s-bol.com/k1RM6Oz9DyoE/Mjng9A1/1024x1024.jpg,https://media.s-bol.com/l1Y68MAjDzpr/Mjng9A1/1024x1024.jpg,https://media.s-bol.com/p1YV9XGr7EzN/Mjng9A1/124x108.jpg,https://media.s-bol.com/o12JA6Ep7DO3/Mjng9A1/1024x1024.jpg,https://media.s-bol.com/vLQMMyNyKDVX/KwVGoJ/1024x1024.jpg,https://media.s-bol.com/n15JGNDn8M65/Mjng9A1/1024x1024.jpg,https://media.s-bol.com/m5ZX7MB41O93/Mjng9A1/124x40.jpg"
Raved Tafelzeil – 140 cm x 240 cm – Strepen Beige – PVC - Afwasbaar,,9504672282685,Tafellaken,,"<p>Geef je tafel direct een <strong>sfeervolle make-over</strong> met dit <strong>afwasbare PVC tafelzeil</strong> met een stijlvol <strong>gestreept beige patroon</strong> – ideaal voor binnen én buiten, voor een onderhoudsvriendelijke en toch elegante tafelopstelling.</p> <p><strong>Verander je tafel in een stijlvolle, onderhoudsvriendelijke blikvanger</strong> met dit prachtige <strong>tafelzeil</strong> van het vertrouwde merk <strong>Raved</strong>. Met een breedte van 140 cm, uitgevoerd in een elegant <strong>beige strepenpatroon</strong>, combineert dit tafelzeil design en functionaliteit op een slimme manier.</p> <h3>Gemak en bescherming in één</h3> <p>Dankzij het hoogwaardige <strong>PVC-materiaal</strong> is dit tafelzeil volledig <strong>afwasbaar</strong>, waardoor je veilig kunt genieten van familiediners, knutselmomenten met kinderen of een ontspannen buitenlunch op het terras. Geen zorgen meer over vlekken, vocht of krassen: het tafelzeil beschermt jouw tafel tegen alledaagse gevaren.</p> <h3>Stijlvolle uitstraling</h3> <p>Het subtiele strepenpatroon in beige voegt direct een warme en moderne touch toe aan elk interieur of buitenruimte. Of je nu een houten tafel hebt in de eetkamer of een kunststof buiten tafel op het balkon: dit tafelzeil sluit aan op een rustige, natuurlijke kleurstelling en verhoogt de sfeer.</p> <h3>Binnen én buiten gebruik</h3> <p>Dankzij het materiaal en het ontwerp is dit tafelzeil geschikt voor zowel <strong>binnen als buiten</strong> gebruik — ideaal voor wisselende seizoenen, buiteneten in de zomer of extra bescherming in huis. Let er wel op dat je het tafelzeil bij langdurige regen of vochtigheid indrukt naar binnen haalt om verkleuring of verwering te voorkomen.</p> <h3>Specificaties & voordelen</h3> <ul> <li> <p>Materiaal: <strong>PVC</strong>, onderhoudsvriendelijk en duurzaam.</p> </li> <li> <p>Kleur/patroon: <strong>beige strepenpatroon</strong>, stijlvol en tijdloos.</p> </li> <li> <p>Geschikt voor binnen & buiten; eenvoudig schoon te maken met een vochtige doek.</p> </li> <li> <p>Ideaal voor: gezinnen met kinderen, buitengebruik, tafels die bescherming nodig hebben.</p> </li> </ul> <h3>Waarom kiezen voor dit tafelzeil?</h3> <ul> <li> <p><strong>Rust en bescherming</strong>: Verlies de tafel niet uit het oog door knoeien of geur: je beschermt jouw investering.</p> </li> <li> <p><strong>Sfeervol interieur</strong>: Je hoeft niet te kiezen tussen praktisch en mooi — dit tafelzeil levert beiden.</p> </li> <li> <p><strong>Direct resultaat</strong>: Binnen enkele minuten transformeer je je tafel zonder stoffig of langdurig renovatieproces.</p> </li> <li> <p><strong>Veelzijdig gebruik</strong>: Van kinderactiviteit tot summer-barbecue — jouw tafel is er klaar voor.</p> </li> </ul> <p>Mis deze kans niet om jouw tafel een upgrade te geven én meteen het onderhoudsgemak te ervaren. Klik op “In winkelwagen” en breng stijl én rust terug op je eettafel of buitenplek!</p>",1.0,stuk(s),Beige,PVC,Raved,240.0,cm,N,,Tafelzeil,Rechthoek,N,N,,,N,,,3 maanden,,,,,N,,,Overig,140.0,cm,1.0,kg,,Print,Geen,26.0,cm,3.0,cm,37.0,cm,1.0,kg,,Voor binnen & buiten,Machinewas 30 °C,10.xlsx,,,,,,,,,,,,,,,https://media.s-bol.com/YDzXg59KN9lA/QWL8JQM/550x270.jpg
Raved Tafelzeil 140×140 cm - Hortensia Groen – PVC - Afwasbaar - Binnen/Buiten,,9501276889654,Tafellaken,,"<p>Geef je tafel direct een stijlvolle én praktische upgrade met het <strong>afwasbare PVC-tafelzeil</strong> van Raved met elegant hortensia-patroon. Bescherm je tafel tegen vlekken én krassen terwijl je <strong>geniet van een uitnodigende sfeer binnen én buiten</strong>.</p> <p>Breng sfeer, stijl én gemoedsrust naar je eettafel of tuintafel met het <strong>Raved Tafelzeil Hortensia</strong>. Dit tafelzeil combineert een prachtig hortensia-bloemenmotief met hoogwaardige, <strong>afwasbare PVC</strong>-kwaliteit – waardoor je dagelijkse maaltijden én feestelijke bijeenkomsten met meer plezier beleeft.</p> <h3>Bescherming en stijl in één</h3> <p>Vergeet zorgen over gemorste wijn, krassen van borden of alledaagse slagen van kinderen – dit tafelzeil biedt een betrouwbare beschermlaag en stelt je in staat om zonder stress te genieten. Het luxe hortensia-patroon voegt direct een frisse, natuurlijke toets toe aan je interieur of terrassetting. Het resultaat: een tafel die eruitziet alsof hij speciaal is gedekt, elke dag opnieuw.</p> <h3>Ideaal voor binnen én buiten</h3> <p>Of je nu een huiselijke familielunch hebt of een zomerse barbecue op het terras, dit tafelzeil is geschikt voor beide situaties. Dankzij het PVC-materiaal kun je eenvoudig met een vochtige doek afnemen – geen gedoe met wassen of strijken. Zo houd je meer tijd over voor het genieten. Dankzij de kleur en het patroon blijft je tafelsetting uitnodigend, ook als het buiten wat ruiger is.</p> <h3>Specificaties & voordelen</h3> <ul> <li> <p><strong>Materiaal:</strong> premium PVC – water- en vuilafstotend, eenvoudig schoon te maken.</p> </li> <li> <p><strong>Kleur/Design:</strong> groen achtergrond met weelderig hortensia-bloemenmotief – stijlvol en fris.</p> </li> <li> <p><strong>Gebruik:</strong> binnen en buiten – ideaal voor eetkamer, keuken, serre of tuin.</p> </li> <li> <p><strong>Onderhoud:</strong> simpel afnemen met een vochtige doek; minder stress, meer genieten.</p> </li> <li> <p><strong>USP’s:</strong> beschermt tafel tegen krassen & vlekken; direct stijlvolle uitstraling; gebruiksklaar voor elke gelegenheid.</p> </li> </ul> <h3>Waarom kiezen voor dit tafelzeil?</h3> <p>Veel huishoudens onderschatten hoe vervelend het is als een mooie tafel beschadigd raakt of er slijtage ontstaat. Door te kiezen voor dit tafelzeil vermijd je uiteindelijk hogere kosten voor nieuw meubilair of verf/beits. Bovendien geeft het je tafel direct een upgrade – iets waar je gasten over praten. Stijlvol is leuk, maar praktisch is essentieel: tweemaal zo genieten, half zo veel moeite.</p> <h3>Call-to-action</h3> <p>Wil je eindelijk relaxen bij het diner zonder zorgen over vlekken of beschadigingen? Bestel dan vandaag het <strong>Raved Tafelzeil Hortensia</strong> en maak van je tafel een plek waar je trots op bent én waar je met volledige aandacht van het moment kunt genieten. Klik op ‘In winkelwagen’ en laat jouw tafel bloeien.</p>",1.0,stuk(s),Groen; Paars; Roze; Rood,PVC,Raved,140.0,cm,N,,Tafelzeil,Rechthoek,N,N,,,N,0.0,cm,2 maanden,,,,,N,,,Gebloemd,140.0,cm,0.3,kg,,Bloemen,0657452723,26.0,cm,3.0,cm,37.0,cm,0.2,kg,Afnemen met een natte doek,Voor binnen & buiten,Afnemen met een natte doek,10.xlsx,,,,,,,,,,,,,,,https://media.s-bol.com/YmGQPmqpRjL2/4xzNlPg/550x270.jpg
Raved Tafelzeil – 140 cm x 280 cm – Holland Fruit – Bruin – PVC – Afwasbaar,,9504478796294,Tafellaken,,"<p>Een sfeervol <strong>tafelzeil</strong> dat direct gemak brengt: dit <strong>PVC-tafelzeil met Holland Fruit-print in warme bruintinten</strong> is <strong>afwasbaar</strong>, beschermt je tafel tegen knoeien, hete pannen en vochtige tijden — ideaal voor gezellig binnen én buiten.</p> <p>Maak van je tafel een stijlvolle én zorgeloze ontmoetingsplek met het <strong>primair zoekwoord</strong> <strong>tafelzeil</strong>. Dit hoogwaardige tafelzeil van het merk <strong>Raved</strong> is uitgevoerd in <strong>materiaal</strong> PVC met een sfeervolle <strong>kleur</strong> bruin in de trendy print <strong>Holland Fruit</strong>. Dankzij dit materiaal en ontwerp combineer je direct stijl, bescherming en praktisch gebruik – ideaal voor dagelijkse maaltijden, borrels op het terras of een ontspannen buitenlunch.</p> <h3>Bescherming én stijl in één</h3> <p>Met het Raved tafelzeil creëer je een warme sfeer aan tafel én geef je jezelf rust. Het beschermt betrouwbaar tegen knoeien, vlekken en brandplekken door bijvoorbeeld een hete pan. Door het gebruik van PVC is het <strong>afwasbaar</strong>, wat betekent dat je gerust aan tafel kunt schuiven zonder extra stress. Het tafelzeil is geschikt voor binnen én buitengebruik – perfect voor zomeravonden of een koffie in het zonnetje.</p> <h3>Specificaties in het kort</h3> <ul> <li> <p>Merk: Raved</p> </li> <li> <p>Print/Design: Holland Fruit in bruintinten</p> </li> <li> <p>Materiaal: PVC (afwasbaar) </p> </li> <li> <p>Geschikt voor binnen én buiten</p> </li> </ul> <h3>Waarom dit tafelzeil?</h3> <ul> <li> <p><strong>Praktisch gemak</strong>: Dankzij de afwasbare PVC-laag verwijder je makkelijk vlekken, waardoor je tafel er altijd verzorgd uitziet.</p> </li> <li> <p><strong>Direct sfeer</strong>: De Holland Fruit-print in bruin geeft je eetplek een warme, uitnodigende uitstraling – geschikt voor zowel dagelijks gebruik als speciale momenten.</p> </li> <li> <p><strong>Bescherming</strong>: De stevigheid van het materiaal zorgt ervoor dat je tafel minder kwetsbaar is voor hete pannen, krassen of morsen – ideaal in een druk huishouden.</p> </li> <li> <p><strong>Veelzijdig inzetbaar</strong>: Gebruik binnen in de keuken, aan de eettafel of buiten op het terras. Ook geschikt voor balkon of tuin.</p> </li> </ul> <h3>Zo heb je er het meeste aan</h3> <p>Leg het tafelzeil netjes uit en zorg dat het goed op je tafel valt. Bij buitengebruik: wrijf het even schoon na gebruik om langere levensduur te garanderen. Vermijd scherpe voorwerpen direct op de printlaag om beschadiging te minimaliseren. Kies bij twijfel een iets grotere maat zodat het over de rand valt en extra beschermd.</p> <h3>Maak vandaag nog je tafel compleet</h3> <p>Wacht niet langer met het upgraden van je tafelsetting: met dit tafelzeil combineer je direct stijl en functie. Geef jezelf het gemak van een tafel die er altijd verzorgd uitziet en waarop je zorgeloos kunt genieten. <strong>Klik op ‘in winkelwagen’ en ervaar het verschil zelf</strong>.</p>",1.0,stuk(s),Bruin,PVC,Raved,280.0,cm,N,,Tafelzeil,Rechthoek,N,N,,,N,,,3 maanden,,,,,N,,,Gebloemd,140.0,cm,2.0,kg,,Bloemen,Geen,26.0,cm,3.0,cm,37.0,cm,2.0,kg,1 stuk,Voor binnen & buiten,Afnemen met een natte doek,10.xlsx,,,,,,,,,,,,,,,"https://media.s-bol.com/j1R6YBP5wk9l/qjWoyp3/124x122.jpg,https://media.s-bol.com/DvkWqxAr9rAq/qjWoyp3/1024x1024.jpg,https://media.s-bol.com/m5ZNqknXQ6XG/qjWoyp3/124x108.jpg,https://media.s-bol.com/OqQjj5rxvW2r/mr900A/1024x1024.jpg,https://media.s-bol.com/yjP2wzn2jj8P/qjWoyp3/1024x1024.jpg,https://media.s-bol.com/xgkL6ymLggGq/qjWoyp3/124x40.jpg,https://media.s-bol.com/o12XZmP8BK9z/qjWoyp3/1024x1024.jpg"
Raved Rond Tafelkleed - 160 cm ø - Polyester Geel - Kreukvrij,,8720707632718,Tafellaken,,"<p>Geef je eettafel direct een frisse, zonnige uitstraling met dit <strong>goed onderhouden tafelkleed</strong> van <strong>100% polyester</strong> in <strong>geel</strong>, dat dankzij de <strong>kreukvrije afwerking</strong> altijd netjes op tafel ligt. Geschikt voor zowel <strong>binnen als buiten</strong>, voor een sfeervolle en stress-vrije maaltijd.</p> <p>Breng kleur, gemak en stijl samen met het <strong>“rond tafelkleed Ø 160 cm”</strong> van het merk <strong>Raved</strong>. Dit elegante tafelkleed in een een moderne look met praktische eigenschappen, waardoor het een slimme keuze is voor jouw eettafel of buiten­terras.</p> <h3>Het design en materiaal</h3> <p>Het tafelkleed is gemaakt van <strong>100% polyester</strong>, en dat maakt het sterk, soepel en onderhoudsarm. In tegenstelling tot traditionele stoffen tablelinnen, komt dit tafelkleed dankzij de <strong>kreukvrije</strong> behandeling vrijwel direct strak uit de verpakking én blijft het mooi liggen. Geen gedoe met strijken of vouwen: dat biedt rust voor het hele gezelschap.</p> <h3>Vorm en maat</h3> <p>Met een diameter van Ø 160 cm past dit ronde tafelkleed perfect op tafels waar je veel ruimte hebt of waar gasten aanschuiven. Of je nu binnen aan een ronde eettafel zit of buiten op het terras geniet van een zonnige avond – het tafelkleed zorgt voor een uniforme, stijlvolle look.</p> <h3>Gebruik binnen & buiten</h3> <p>Dankzij het polyester materiaal en de eenvoudige reiniging is het tafelkleed geschikt voor zowel binnen- als buitengebruik. Let er wel op om het kleed bij regen te beschermen, zodat kleurvervaging of slijtage wordt voorkomen. Dit maakt het kleed ideaal voor familiediners, barbecues, verjaardagen of gewoon een gezellig avondmaal met vrienden.</p> <h3>Bescherming & sfeer</h3> <p>Naast het esthetische aspect biedt dit tafelkleed ook bescherming van je tafelblad tegen krassen, kleine morsen of hitte van borden. Het creëert direct een vrolijke, zonnige sfeer dankzij het <strong>gele design</strong>, en past perfect in een huis met licht interieur of als accentkleur buiten.</p> <h3>Onderhoud en betrouwbaarheid</h3> <p>Dankzij de kreukvrije afwerking hoef je niet extra tijd te besteden aan gladstrijken – leg het neer en je bent klaar. Het polyester is eenvoudig af te nemen met een vochtige doek na gebruik. Zo maak je in een handomdraai schoon en kun je direct genieten van je gezelschap zonder stress. Dankzij het merk Raved kun je vertrouwen op een solide afwerking en degelijke kwaliteit. </p> <h3>Waarom kiezen voor dit tafelkleed?</h3> <ul> <li> <p><strong>Kleurimpact</strong>: Geel zorgt voor energie en warmte – ideaal om gasten te verwelkomen.</p> </li> <li> <p><strong>Praktisch gemak</strong>: Kreukvrij, onderhoudsarm, zowel binnen als buiten inzetbaar.</p> </li> <li> <p><strong>Stijlvol & veelzijdig</strong>: Rond Ø 160 cm past bij grotere tafels en maakt elk moment bijzonder.</p> </li> <li> <p><strong>Merkkwaliteit</strong>: Raved staat voor een doordachte textieloplossing die nog jaren meegaat.</p> </li> </ul> <p><strong>Ben je klaar om je tafelsetting te upgraden?</strong> Voeg dit tafelkleed nu toe aan je winkelwagen en geniet van stijlvolle, zorgeloze eetmomenten – binnen én buiten.</p>",1.0,stuk(s),Geel,Polyester,Raved,160.0,cm,N,,Tafelkleed,Rond,Y,N,,,N,140.0,cm,2 maanden,,,,,N,,,Effen,160.0,cm,0.5,kg,,Effen,Geen,26.0,cm,3.0,cm,37.0,cm,0.5,kg,1 stuk,Voor binnen & buiten,"30 °C, normaal programma",10.xlsx,,,,,,,,,,,,,,,https://media.s-bol.com/DjX8nvKy7rOB/ElpE08l/550x550.jpg
Raved Rond Tafelkleed - 160 cm ø - Polyester Rood - Kreukvrij,,8720707632749,Tafellaken,,"<p>Geef je tafel direct een <strong>stijlvolle uitstraling</strong> met dit ronde <strong>polyester tafelkleed</strong> in warm rood: dankzij het <strong>kreukvrije materiaal</strong> ziet het er altijd verzorgd uit, én het is ideaal voor gezellig binnen én buiten gebruik.</p> <p>Met dit ronde <strong>polyester tafelkleed</strong> van Raved breng je moeiteloos sfeer op tafel en kies je voor gemak én stijl. Het <strong>primair zoekwoord “rond polyester tafelkleed”</strong> staat voorop omdat gebruikers daar vaak op zoeken. Dankzij de hoogwaardige <strong>polyester kwaliteit</strong> voelt het tafelkleed soepel aan, valt het mooi over je tafel en is het sterk bestand tegen dagelijkse belasting.</p> <h3>Waarom kiezen voor dit tafelkleed?</h3> <ul> <li> <p><strong>Kreukvrij & onderhoudsarm</strong>: omdat het tafelkleed niet snel kreukt, ziet je tafel er direct netjes uit — geen stress over strijken of ophangen.</p> </li> <li> <p><strong>Warme rode kleur</strong>: de kleur rood creëert direct een uitnodigende en levendige sfeer — ideaal voor familiediners, borrels of tuinfeestjes.</p> </li> <li> <p><strong>Rond model</strong>: perfect voor ronde tafels of als accent op grotere eettafels; maakt de tafelsetting harmonieus en overzichtelijk.</p> </li> </ul> <h3>Toepassing & context</h3> <p>Of je nu een etentje met vrienden organiseert, een gezellige lunch voor het gezin of buiten van het zonnetje wilt genieten: dit tafelkleed is geschikt voor binnen én buiten. De polyester stof is kleurvast en eenvoudig schoon te maken (gewone afveegbeurt volstaat vaak) — hierdoor kun je relaxter omgaan met knoeien en actie van kinderen of gasten.</p> <h3>Materialen, kwaliteit & afmeting</h3> <p>Gemaakt van 100% polyester in een effen rood design. De keuze voor polyester zorgt ervoor dat het kleed duurzaam is, minder vatbaar voor kreuk en kleurverandering, en makkelijker te beheren dan natuurlijke stoffen. Dankzij de ronde vorm is het ideaal voor tafels waar een vierkant kleed niet optimaal oogt.</p> <h3>Praktisch voordeel & emotie</h3> <p>Voel de rust van een tafel die al klaarstaat terwijl jij nog even je gasten ontvangt — geen last van rimpels of plooi, geen tijdverlies, maar direct die uitnodigende, verzorgde basis. Je geeft jouw tafel een upgrade zonder extra inspanning. Daarmee combineer je gemak met gevoel: je hoeft je geen zorgen te maken, je gasten worden begroet door sfeer.</p> <h3>Call to action</h3> <p>Kies vandaag nog voor dit tafelkleed en zie hoe jouw eetruimte transformeert: bestel nu en geef jouw tafel het zorgeloze plusje dat hij verdient. Zet ‘m neer, schuif aan, geniet — en laat de tafel nooit meer een storende factor zijn. <strong>Voeg deze unieke combinatie van stijl, gemak en kwaliteit toe aan je interieur!</strong></p>",1.0,stuk(s),Rood,Polyester,Raved,160.0,cm,N,,Tafelkleed,Rond,Y,N,,,N,140.0,cm,2 maanden,,,,,N,,,Effen,160.0,cm,0.5,kg,,Effen,Geen,25.9,cm,3.0,cm,34.5,cm,0.5,kg,1 stuk,Voor binnen & buiten,"30 °C, normaal programma",10.xlsx,,,,,,,,,,,,,,,"https://media.s-bol.com/4ZALwRqmjkJJ/lOglOy7/1024x1024.jpg,https://media.s-bol.com/2ZyWrvo4P1pP/lOglOy7/124x107.jpg,https://media.s-bol.com/1Z04qrn1OBoo/lOglOy7/1024x1024.jpg,https://media.s-bol.com/ZMA0yVoOxmKE/lOglOy7/1024x1024.jpg,https://media.s-bol.com/38zwv2pRgjGp/lOglOy7/124x61.jpg,https://media.s-bol.com/YLz5xvnpwlJ9/lOglOy7/1024x1024.jpg,https://media.s-bol.com/7ZEXzLw3G7vB/lOglOy7/1024x1024.jpg"
Raved Tafelzeil Blokken  140 cm x  140 cm - Grijs - PVC - Afwasbaar,,9504269167999,Tafellaken,,"<p><strong>De tafelkleden van Raved zijn veelzijdig en brengen sfeer in huis. Onze Tafelkleden/Tafelzeilen/Tafelzeilen zijn zowel verkrijgbaar in vrolijke motieven en prints, als in mooie effen kleuren. Een Toile cirée van Raved is ook nog eens erg praktisch en beschermt je tafel tegen geknoei of brandplekken door hete pannen. Zo schuift iedereen met een gerust hart aan!</strong></p> <h3>Voor binnen & buiten</h3> <p>Dit Tafelkleed/Tafelzeil/Tafelzijl is geschikt voor zowel binnen als buiten. Let er wel op dat je het kleed naar binnen haalt wanneer het regent, dit voorkomt verkleuring en verwering. Na gebruik is het kleed eenvoudig af te nemen met een vochtige doek en kan het weer de kast in voor een volgend gebruik!</p> <h3>Blokken design</h3> <p>Dit tafelkleed/tafelzeil, met een subtiele print en neutrale kleur, past perfect binnen een modern en klassiek interieur. Het ontwerp bestaat uit een stijlvolle blokken print in de kleuren grijs en wit en maakt uw eetkamer nog completer.</p> <h3>Specificaties:</h3> <p> Materiaal: PVC / plastic <br /> Afmetingen: 140 x 140 cm <br /> Kleur: Wit/Grijs <br /> Inhoud: 1 stuk<br /> Fabrikant: Wicotex / 2Lif<br /> Onze tafelzijlen zijn geschikt voor jong en oud. Of je nu gezellig een avondje met vrienden of familie aan tafel schuift of kinderen hebt die graag knutselen en knoeien, je tafel kan alles aan!</p> <p>Raved, ook wel bekend als Raved Frabrics, verkoopt zowel praktische als mooie items! Onze artikelen worden zorgvuldig geselecteerd voor de beste kwaliteit. Van prachtige tafelkleden en -zeilen tot de mooiste muurdecoratie: bij Raved kun je altijd terecht!</p>",1.0,stuk(s),Wit; Grijs,PVC,Raved,140.0,cm,N,,Tafelzeil,Rechthoek,N,N,,,N,,,3 maanden,,,,,N,,,Geruit,140.0,cm,2.0,kg,,Vierkantjes,Geen,26.0,cm,3.0,cm,37.0,cm,2.0,kg,1 stuk,Voor binnen & buiten,Afnemen met een natte doek,10.xlsx,,,,,,,,,,,,,,,"https://media.s-bol.com/7R3V192KA8K1/zmgAM2O/124x122.jpg,https://media.s-bol.com/3N1VQ6GNW94A/zmgAM2O/1024x1024.jpg,https://media.s-bol.com/J2yrgKPvE9Jo/3Mxr2R/124x105.jpg,https://media.s-bol.com/n156xRjKKYZW/zmgAM2O/124x108.jpg,https://media.s-bol.com/B2NjJXnk1ABk/3Mxr2R/1024x1024.jpg,https://media.s-bol.com/D21lLZ0mwDky/3Mxr2R/124x112.jpg,https://media.s-bol.com/E28mMXPnKERY/3Mxr2R/124x89.jpg,https://media.s-bol.com/JWzxjwJPQBkP/3Mxr2R/1024x1024.jpg,https://media.s-bol.com/RN6jOl7qnrKK/zmgAM2O/1024x1024.jpg,https://media.s-bol.com/JB6zVDlPG5Xl/P1qG4p4/1024x1024.jpg,https://media.s-bol.com/KDrzWXm6K4Ez/P1qG4p4/1024x1024.jpg,https://media.s-bol.com/8V2K13lV4MQL/zmgAM2O/1024x1024.jpg,https://media.s-bol.com/xgkLn6wKYy5r/zmgAM2O/124x40.jpg"
Raved Tafelbeschermer – 140 cm x 310 cm – wit – PVC – Afwasbaar,,9501828752481,Tafellaken,,"<p>Met de <strong>Raved tafelbeschermer </strong>kies je voor <strong>duurzame bescherming</strong> van je tafelblad – <strong>gemaakt van stevig PVC</strong>, strak wit en <strong>afwasbaar</strong> zodat knoeien geen probleem meer is. Perfect voor gezellig samen eten én ontspannen buiten.</p> <p>Ontdek de <strong>Raved tafelbeschermer</strong> – de slimme oplossing voor iedereen die zijn tafelblad wilt beschermen zonder in te leveren op stijl. Deze <strong>tafelsbeschermer</strong> is gemaakt van hoogwaardig <strong>PVC</strong>, in een frisse <strong>witte kleur</strong>, en is <strong>afwasbaar</strong> – ideaal voor gezinnen, buitengebruik of wie gewoon rust wil aan de eettafel.</p> <h3>Waarom deze tafelbeschermer?</h3> <p>Iedere maaltijd, knutselmoment of gezellig samenzijn brengt risico’s mee: <strong>vlekken</strong>, <strong>krassen</strong>, of schade door <strong>hete pannen</strong>. Met deze beschermer elimineer je die zorgen. Dankzij de ruime past hij perfect op grote rechthoekige tafels en biedt hij volledige dekking van het tafeloppervlak.</p> <h3>Mooie combinatie van functie en design</h3> <p>De witte kleur geeft een neutrale, lichte uitstraling – perfect voor diverse interieurstijlen. Het gladde PVC-oppervlak voelt aangenaam aan, en geeft je tafel een frisse look. Tegelijkertijd is deze beschermer uiterst praktisch: <strong>afwasbaar</strong>, en dus eenvoudig schoon te maken met een vochtige doek. Ideal voor dagelijks gebruik binnen én buiten.</p> <h3>Specificaties in één oogopslag</h3> <ul> <li> <p><strong>Merk</strong>: Raved</p> </li> <li> <p><strong>Kleur</strong>: Wit</p> </li> <li> <p><strong>Materiaal</strong>: PVC (duurzaam, vloeistofwerend)</p> </li> <li> <p><strong>Gebruik</strong>: Binnen & buiten</p> </li> <li> <p><strong>Onderhoud</strong>: Eenvoudig afnemen met doek – knoeien is geen probleem meer</p> </li> </ul> <h3>Behoefte aan bescherming, direct afgestemd</h3> <p>Stel je voor: je nodigt vrienden uit, de kinderen tekenen, je serveert een pan hete pasta – en je hoeft je geen zorgen te maken over wat er op tafel achterblijft. Dankzij deze tafelbeschermer <strong>voorkom je schade aan je meubel</strong> – wat betekent dat je investering veilig is. Dit is ook sociaal bewezen: veel huiseigenaren kiezen tegenwoordig voor beschermlagen om hun dure meubels langer mooi te houden.</p> <h3>Tips voor gebruik</h3> <p>Leg de beschermer netjes uit op je tafel en zorg dat hij goed strak ligt. Voor buitengebruik: haal hem naar binnen bij aanhoudende regen om de kwaliteit te behouden. Combineer met een placemat of onderzetter voor warme pannen, om extra veiligheid te garanderen.</p> <h3>Jouw moment van actie</h3> <p>Gun jezelf de rust dat je tafel mooi blijft – zonder stress, zonder vlekken. Voeg de <strong>Raved tafelbeschermer</strong> vandaag nog toe aan je bestelling en zet je tafel klaar voor elk moment, van ontbijt tot late zomeravond in de tuin. Maak van je eettafel een plek waar je met volle aandacht kunt genieten.</p>",1.0,stuk(s),Wit,PVC,Raved,310.0,cm,N,,Tafelzeil,Rechthoek,N,N,,,N,,,3 maanden,,,,,N,,,Effen,140.0,cm,,,,Tafelbeschermer,Geen,26.0,cm,5.0,cm,37.0,cm,,,,Voor binnen & buiten,Machinewas 30 °C,10.xlsx,,,,,,,,,,,,,,,https://media.s-bol.com/JB6XLJKQBWr9/y8W521P/550x550.jpg
Raved Tafelzeil – 140 cm x 180 cm – Pauwen Veren – Geel – PVC – Afwasbaar,,9504411618737,Tafellaken,,"<p>Bescherm je tafel en voeg direct kleur toe met dit <strong>stijlvolle en praktische tafelzeil</strong>. Het <strong>afwasbare PVC-materiaal</strong> zorgt voor eenvoudig onderhoud, terwijl het opvallende <strong>pauwenveren-motief op geel</strong> direct sfeer creëert – perfect voor binnen én buiten.</p> <p>Transformeer je eet- of tuintafel met het <strong>primair zoekwoord</strong> <strong>tafelzeil</strong> van merk <strong>Raved</strong>, met een opvallend patroon van pauwenveren op een warme gele achtergrond. Dit model is uitgevoerd in hoogwaardig <strong>PVC</strong>, dat zowel bescherming biedt als direct stijl toevoegt aan je interieur of buitenplek.</p> <h3>Sfeer en stijl</h3> <p>Het levendige <strong>geel</strong> brengt meteen een zonnige, uitnodigende ambiance, terwijl het motief van <strong>pauwenveren</strong> zorgt voor een exotische en luxe uitstraling. Of je nu gezellig gaat ontbijten, een lange maaltijd hebt met vrienden of het terras aankleedt voor een zomeravond – dit tafelzeil maakt de tafel tot een echte blikvanger.</p> <h3>Duurzaam materiaal & gebruiksgemak</h3> <p>Dankzij het robuuste <strong>PVC-materiaal</strong> geniet je van langdurige kwaliteit: minder slijtage, kleurvastheid en bestand tegen knoeien of vlekken. <strong>Afwasbaar</strong>, dus na het eten eenvoudig afnemen met een vochtige doek – geen gedoe meer met uren poetsen. Daarmee lost dit tafelzeil een belangrijk pijnpunt op: “slechte tafelzeilen die snel verslijten of vlekken zichtbaar blijven”.</p> <h3>Binnen én buiten</h3> <p>Of je nu eet aan de eettafel of geniet op het terras: dit tafelzeil is ontworpen voor veelzijdig gebruik. Door de brede standaardbreedte van 140 cm (maatvoorbeeld) past het makkelijk op veel standaardtafels. Let op: om de schitterende kleur en het motief optimaal te behouden, is direct blootstellen aan extreme weersinvloeden minder ideaal, dus bij langdurige buitenopslag is een afdekking aanbevolen. </p> <h3>Bescherm je tafel & creëer rust</h3> <p>Met dit tafelzeil geef je je tafel niet alleen een stijlupgrade, maar ook bescherming: denk aan kinderen, knoeien, buitengebruik of feestjes. Hierdoor speel je in op de kooptrigger van “bescherming + gemak”. Daarnaast zorgt het opvallende motief voor een gespreksonderwerp – sociale bewijskracht wordt versterkt wanneer gasten reageren op je stijlvolle tafelsetting.</p> <h3>Specificaties in één oogopslag</h3> <ul> <li> <p>Materiaal: <strong>PVC</strong> (afwasbaar) </p> </li> <li> <p>Kleur: <strong>Geel met pauwenveren-motief</strong> </p> </li> <li>Merk: <strong>Raved</strong></li> <li> <p>Geschikt voor binnen & buitengebruik </p> </li> </ul> <h3>Waarom kiezen voor dit tafelzeil?</h3> <ul> <li> <p><strong>USP 1:</strong> Opvallend design – niet zomaar een tafelzeil, maar een stijlstatement.</p> </li> <li> <p><strong>USP 2:</strong> Praktisch onderhoud – afwasbaar PVC betekent minder schoonmaaktijd, meer genietmomenten.</p> </li> <li> <p><strong>USP 3:</strong> Veelzijdig – geschikt voor dagelijks gebruik én speciale gelegenheden.</p> </li> </ul> <p>Laat je tafel spreken, bescherm hem tegen leeftijden en knoeien en geniet van de combinatie van luxe uitstraling en praktisch gemak. Kies voor dit tafelzeil – en maak van elke maaltijd een stijlvol moment. <strong>Bestel vandaag nog</strong> en geef jouw tafel de upgrade die hij verdient!</p>",1.0,stuk(s),Geel; Wit; Zwart,PVC,Raved,180.0,cm,N,,Tafelzeil,Rechthoek,N,N,,,N,0.0,cm,2 maanden,,,,,N,,,Overig,140.0,cm,0.3,kg,,Ruiten,0657452723,26.0,cm,3.0,cm,37.0,cm,0.2,kg,Afnemen met een natte doek,Voor binnen & buiten,Afnemen met een natte doek,10.xlsx,,,,,,,,,,,,,,,https://media.s-bol.com/Y8Erm3LEmV3A/1jkMZ9o/550x550.jpg
Raved Tafelzeil – 140 cm x 100 cm – Fris Fruit Rood – PVC – Afwasbaar,,9505249693385,Tafellaken,,"<p>Breng kleur en gemak naar jouw tafel met dit <strong>afwasbare PVC-tafelzeil</strong> in vrolijk rood fruitdessin. Dankzij het <strong>duurzame materiaal</strong>, het <strong>speelse motief</strong> en de <strong>gemakkelijke schoonmaak</strong> geniet je direct van een frisse tafel zonder zorgen.</p> <h3>Bescherm en verfraai je tafel in één stap</h3> <p>Met dit <strong>tafelzeil</strong> geef je je tafel niet alleen een vrolijke, uitnodigende uitstraling dankzij het fris fruitmotief in rood-tinten, maar je zorgt ook voor optimale bescherming. Het <strong>PVC-materiaal</strong> is waterafstotend en slijtvast, waardoor gemorste drankjes en vlekken nauwelijks kans krijgen. Je verlengt de levensduur van je tafel zonder in te boeten op stijl.</p> <h3>Voor gezinnen, buiten & binnen</h3> <p>Of er nu wordt gegeten, geknutseld, gespeeld of geborreld: dit tafelzeil is ideaal voor <strong>binnen en buitengebruik</strong>. Dankzij de breedte van 140 cm bedek je een standaard tafel en creëer je direct een gastvrije setting. Het afwasbare oppervlak zorgt ervoor dat je met een vochtige doek snel klaar bent — geen gedoe met wasmachines of strijken.</p> <h3>Design met karakter</h3> <p>Het motief <strong>’Fris Fruit’</strong> geeft een speelse twist aan je interieur: denk aan appels, peren, aardbeien in een frisse opstelling tegen een rode achtergrond. Dit zorgt voor dynamiek en sfeer – perfect voor kinderfeestjes, informele diners of een zonnige tuinlunch.</p> <h3>Specificaties & gebruiksgemak</h3> <ul> <li> <p><strong>Materiaal:</strong> hoogwaardig PVC, eenvoudig afneembaar</p> </li> <li> <p><strong>Kleur:</strong> rood met fruitprint</p> </li> <li> <p><strong>Gebruik:</strong> geschikt voor binnen & buiten</p> </li> <li> <p><strong>Onderhoud:</strong> enkel afnemen met een vochtige doek; geen strijken of wassen nodig</p> </li> </ul> <h3>Waarom kiezen voor dit tafelzeil?</h3> <p>Veel mensen hebben wel eens de frustratie van een tafel die snel bevlekt is of lelijk oogt door slijtage. Door te kiezen voor dit tafelzeil voorkom je die zorg – je <strong>verliest niets meer aan uitstraling</strong> en wint tijd terug. Daarnaast voeg je met het design <strong>sociale sfeer</strong> toe: gasten merken op dat je tafel er verzorgd uitziet.</p> <h3>Call to action</h3> <p>Maak dus vandaag nog de keuze voor <strong>stijl, gemak en bescherming</strong> met dit Raved tafelzeil – bestel nu en geef je tafel direct een frisse, speelse look. Gebruik ‘m voor het dagelijkse ontbijt, een buiten-etentje of gewoon omdat je tafel wat extra aandacht verdient.</p>",1.0,stuk(s),Geel; Blauw; Rood,PVC,Raved,100.0,cm,N,,Tafelzeil,Rechthoek,N,N,,,N,,,2 maanden,,,,,N,,,Gebloemd,140.0,cm,0.3,kg,,Fruit/groente,,26.0,cm,3.0,cm,37.0,cm,0.2,kg,Afnemen met een natte doek,Voor binnen & buiten,Afnemen met een natte doek,10.xlsx,,,,,,,,,,,,,,,"https://media.s-bol.com/gEzX2gmPO6E6/QW6QmL0/124x61.jpg,https://media.s-bol.com/yyYkXELyVjAz/QW6QmL0/124x105.jpg,https://media.s-bol.com/xxXj1DKxRgzz/QW6QmL0/1024x1024.jpg,https://media.s-bol.com/ZnjXw92B9R52/9rDlBjZ/1024x1024.jpg,https://media.s-bol.com/Jx5XY90v18PK/9rDlBjZ/124x90.jpg,https://media.s-bol.com/YmgXQ91A9R4O/9rDlBjZ/124x112.jpg,https://media.s-bol.com/3XWJjxZnx0MA/9rDlBjZ/124x110.jpg"
Raved Tafelzeil 140 cm x 180 cm – Rood Aardbei Print – PVC afwasbaar,,9503975118172,Tafellaken,,"<p>Breng direct gezelligheid en gemak aan tafel met dit <strong>rood-aardbeien print tafelzeil</strong> van Raved in <strong>PVC</strong>: <strong>afwasbaar</strong>, <strong>stijlvol én bescherming</strong> voor jouw tafel – ideaal voor dagelijks gebruik binnen én buiten.</p> <p><strong>Verbeter je eettafel in één stap met het <strong>rood-aardbeien print tafelzeil</strong> van Raved.</strong><br />Stel je voor: een vrolijke print met sappige aardbeien op een rode achtergrond, die je tafel direct omtovert tot een gezellige plek voor ontbijt, lunch of diner. Tegelijkertijd hoef je niet meer bang te zijn voor geknoei of krassen – dit tafelzeil is namelijk gemaakt van stevig <strong>PVC-materiaal</strong>, dat eenvoudig afneembaar is en langdurige bescherming biedt.</p> <h3>Waarom dit tafelzeil?</h3> <ul> <li> <p><strong>Bescherming & gemak</strong> – Dankzij het duurzame PVC-materiaal is het tafelzeil bestand tegen vlekken, morsen en slijtage. Je veegt het zo af met een vochtige doek, waardoor je tafel netjes blijft zonder gedoe.</p> </li> <li> <p><strong>Sfeervol design</strong> – De opvallende aardbei-print in rood zorgt voor een frisse, vrolijke uitstraling. Perfect voor gezinnen, voor buiten op het terras of binnen in de keuken.</p> </li> <li> <p><strong>Geschikt voor binnen én buiten</strong> – Of je nu de tuintafel dekt voor een zomerse lunch of de keuken opfrist: dit tafelzeil doet het allemaal.</p> </li> <li> <p><strong>Merkkwaliteit van Raved</strong> – Als merk staat Raved bekend om praktische, stijlvolle tafeltextieloplossingen. </p> </li> </ul> <h3>Goed om te weten</h3> <p>Dit tafelzeil is niet alleen functioneel maar ook designbewust. Door het patroon met aardbeien creëer je een speels accent in je interieur of tuin, zonder dat je hoeft te kiezen tussen mooi en praktisch. Het PVC-materiaal zorgt ervoor dat de levensduur hoger is dan een standaard tafelkleed en dat je tafel minder snel verslijt.<br />Let op: het gebruik buitenshuis vereist enige zorg — om de print mooi te houden en verkleuring te voorkomen, is het aan te raden het zeil binnen te halen bij slecht weer of langdurige blootstelling. </p> <h3>Specificaties in één oogopslag</h3> <ul> <li> <p>Materiaal: <strong>PVC</strong> (met non-woven vliesrug)</p> </li> <li> <p>Kleur/print: rood met aardbei motief</p> </li> <li> <p>Eigenschappen: afwasbaar, geschikt voor binnen & buiten</p> </li> <li> <p>Merk: Raved</p> </li> </ul> <h3>Jouw tafel verdient dit</h3> <p>Laat geen plek meer voor morsen, vlekken of wegglijdende tafelkleden. Kies voor dit praktische én stijlvol tafelzeil en geef je tafel het onderhoud en de uitstraling die hij verdient. <strong>Bestel vandaag nog</strong> en geniet morgen al van een fris, beschermd en vrolijk gedekte tafel!</p>",1.0,stuk(s),Rood; Wit,PVC,Raved,180.0,cm,N,,Tafelzeil,Rechthoek,N,N,,,N,,,3 maanden,,,,,N,,,Effen,140.0,cm,2.0,kg,,Aardbeien,Geen,26.0,cm,3.0,cm,37.0,cm,2.0,kg,1x Tafelzeil,Voor binnen & buiten,Machinewas 30 °C,10.xlsx,,,,,,,,,,,,,,,"https://media.s-bol.com/LE9BA5EXGZ2g/RgvnLJw/1024x1024.jpg,https://media.s-bol.com/JB6XE7BV182D/RgvnLJw/1024x1024.jpg,https://media.s-bol.com/OKY9J5K1Gy6Q/RgvnLJw/124x108.jpg,https://media.s-bol.com/KDrEA5DM5wJJ/RgvnLJw/124x40.jpg,https://media.s-bol.com/xL600AKpgK9q/QD8Kwl/1024x1024.jpg,https://media.s-bol.com/xgkjo7gP2EmJ/RgvnLJw/1024x1024.jpg,https://media.s-bol.com/NJk175JZG9WN/RgvnLJw/1024x1024.jpg"
Raved Tafelkleed – 140 cm x 260 cm – Polyester Zwart – Kreukvrij,,8720707632916,Tafellaken,,"<p>Breng meteen sfeer aan tafel met dit <strong>zuiver zwarte, kreukvrije polyester tafelkleed</strong> van Raved. Dankzij de <strong>onderhoudsvriendelijke polyester stof</strong> en de ruime maat past dit kleed perfect voor dagelijks gebruik én speciale gelegenheden.</p> <h3>Elegant en praktisch</h3> <p>Met dit <strong>tafelkleed zwart</strong> geef je jouw eettafel direct een strakke, moderne uitstraling. Het effen zwarte design past moeiteloos in zowel een minimalistisch interieur als een feestelijk tafelarrangement. Dankzij het materiaal <strong>polyester</strong> blijft het kleed langer mooi, want de stof kreukt nauwelijks en behoudt kleur en vorm – ideaal voor wie weinig tijd heeft om te strijken of op te ruimen.</p> <h3>Ruime maat & veelzijdig</h3> <p>maakt dit tafelkleed geschikt voor diverse tafelvormen: van vierkant tot rechthoekig, voor binnengebruik én eventueel buiten op het terras. Het effen zwart laat zich bovendien goed combineren met kleurige accessoires of juist met neutrale decoratie voor een stijlvolle, rustige sfeer.</p> <h3>Kreukvrij & onderhoudsvriendelijk</h3> <p>Dankzij de <strong>kreukvrije eigenschappen</strong> van polyester zie je nauwelijks kreuklijnen – dat betekent minder opvouwen, minder strijken, meer ontspannen aan tafel. Dit verhoogt het gebruiksgemak en voorkomt dat een zorgeloos diner er slordig uitziet. Vlekken? Geen probleem: doordat polyester relatief makkelijk af te nemen is, houd je de tafel netjes zonder stress.</p> <h3>Gelegenheden genoeg</h3> <p>– Dagelijks gebruik: kindvriendelijk, gastvrij en solide.<br />– Speciale gelegenheden: door het zwarte effen design creëer je elegantie zonder teveel poespas.<br />– Buitengebruik: het materiaal en de kleur zijn geschikt voor buiten op een zonnige middag of bij een zomerbarbecue (let op: wel even checken of de tafel droog is voor gebruik).</p> <h3>Waarom kiezen voor Raved?</h3> <p>Raved staat bekend om tafelkleden die <strong>sfeervol én praktisch</strong> zijn. Deze variant combineert het merk met kwalitatief polyester en een moderne kleurstelling. Kies dus voor zekerheid – kies voor stijl – kies voor gemak.</p> <h3>Specificaties in één oogopslag</h3> <ul> <li> <p>Merk: Raved</p> </li> <li> <p>Kleur: Zwart</p> </li> <li> <p>Materiaal: Polyester (kreukvrij)</p> </li> <li>Design: Effen, modern</li> <li> <p>Toepassing: Binnen & mogelijk buiten</p> </li> <li> <p>Onderhoud: Eenvoudig afneembaar, weinig kreukvorming</p> </li> </ul> <h3>Actie</h3> <p>Vergeet slordige tafelsets en het eeuwige strijken – upgrade jouw tafel nu met dit <strong>stilvolle, zorgeloze zwarte tafelkleed</strong>. Klik op “In winkelwagen” en geef je eetruimte direct een upgrade.</p>",1.0,stuk(s),Zwart,Polyester,Raved,260.0,cm,N,,Tafelkleed,Rechthoek,Y,N,,,N,,,2 maanden,,,,,N,,,Effen,140.0,cm,0.5,kg,,Effen,Geen,26.0,cm,3.0,cm,37.0,cm,0.5,kg,1 stuk,Voor binnen & buiten,"30 °C, normaal programma",10.xlsx,,,,,,,,,,,,,,,https://media.s-bol.com/7R6M82RnVknQ/48nrMY6/550x486.jpg
Raved Tafelzeil 140 cm x 310 cm – Jungle Groen – PVC - Afwasbaar,,9504636278655,Tafellaken,,"<p>Ontdek het <strong>stijlvolle & functionele</strong> tafelzeil van Raved: met een levendig jungle-motief in groen en de praktische <strong>PVC-bovenlaag die simpel met een vochtige doek afneembaar is</strong>. Ideaal voor binnen en buiten — creëer direct een sfeervolle tafel én bescherm je meubels moeiteloos.</p> <p>Breng een frisse, tropische vibe in huis of buiten met het <strong>primair zoekwoord</strong> tafelzeil jungle groen — dit prachtige product van het merk <strong>Raved</strong> is gemaakt van stevig <strong>PVC-materiaal</strong> en heeft twee grote <strong>USP’s</strong>: <strong>afwasbaar gemak</strong> en <strong>all-round bescherming</strong> voor tafeloppervlakken.</p> <h3>Waarom dit tafelzeil?</h3> <ul> <li> <p><strong>Bescherming & gemak</strong><br />Dankzij de robuuste PVC-laag is dit tafelzeil vlek- en vochtbestendig — kruimels, drankjes of kids die mor­sen? Geen probleem, gewoon een vochtige doek en klaar is kees.</p> </li> <li> <p><strong>Sfeervol design</strong><br />Het jungle-motief in groen brengt direct leven op je tafel: ideaal voor zowel een gezellig etentje in huis als een ontspannen tafel op het terras. Het product is geschikt voor binnen én buiten: “voor binnen & buiten” zoals vermeld door de fabrikant. </p> </li> <li> <p><strong>Slim materiaal</strong><br />Het gekozen materiaal PVC biedt zowel bescherming tegen brandplekken (door bijvoorbeeld hete pannen) als tegen slijtage. Zoals de productbeschrijving aangeeft: “beschermd je tafel tegen geknoei of brandplekken door hete pannen”. </p> </li> <li> <p><strong>Veel gebruiksmogelijkheden</strong><br />Of je nu een gezin hebt, regelmatig gasten over de vloer ontvangt of vaak buiten eet — dit tafelzeil maakt je leven gemakkelijker. Uitermate geschikt voor dagelijkse maaltijden, brunches of gezellige zomerdagen in de tuin.</p> </li> </ul> <h3>Specificaties & aandachtspunten</h3> <ul> <li> <p>Merk: <strong>Raved</strong></p> </li> <li> <p>Materiaal: <strong>PVC</strong> (gemakkelijk afneembaar)</p> </li> <li> <p>Kleur: <strong>Groen</strong> met jungle-print</p> </li> <li> <p>Gebruik: Voor zowel binnen- als buitengebruik. Wel aanbevolen om bij regen eventueel binnen te halen om verkleuring en verwering te voorkomen. </p> </li> </ul> <h3>Onderhoud & praktische tips</h3> <ul> <li> <p>Veeg het tafelzeil regelmatig schoon met een vochtige doek — geen machine-was nodig.</p> </li> <li> <p>Trekt u veel buiten? Haal het bij slechter weer even naar binnen om de levensduur te verlengen (kleurbehoud).</p> </li> <li> <p>Voor extra bescherming: gebruik eventueel placemats of pannenonderzetters — al is het zeil al ontworpen om brandplekken te weerstaan.</p> </li> <li> <p>Leg de lengte iets over de rand voor een nette uitstraling en eenvoudige montage.</p> </li> </ul> <h3>Verliesaversie & overtuiging</h3> <p>Stel je voor: een avond met vrienden in de tuin, pannen worden verschoven, glaasjes worden weer bijgevuld — maar jouw tafel blijft onbeschadigd dankzij dit tafelzeil. Of: je had nét die nieuwe tafel gekocht, en dit tafelzeil voorkomt dat vlekken of krassen je investering in gevaar brengen. Kies voor zekerheid én stijl.</p> <h3>Call-to-action</h3> <p>Gun je tafel de uitstraling <strong>én</strong> bescherming die hij verdient — klik op ‘in winkelwagen’ en leg nu dit tafelzeil van Raved in je huis of buitenruimte. Maak van je tafel opnieuw een statement — koop vandaag nog!</p>",1.0,stuk(s),Wit; Goen,PVC,Raved,310.0,cm,N,,Tafelzeil,Rechthoek,N,N,,,N,,,3 maanden,,,,,N,,,Gebloemd,140.0,cm,2.0,kg,,Bloemen,Geen,26.0,cm,3.0,cm,37.0,cm,2.0,kg,,Voor binnen & buiten,Afnemen met een natte doek,10.xlsx,,,,,,,,,,,,,,,"https://media.s-bol.com/q1xLlrKzwzn3/76qMQQr/124x122.jpg,https://media.s-bol.com/3N1VypZ55r8x/76qMQQr/1024x1024.jpg,https://media.s-bol.com/p1YLkqJyrym1/76qMQQr/124x108.jpg,https://media.s-bol.com/XqR0PAoq8n4m/vEpxGr/1024x1024.jpg,https://media.s-bol.com/OKY6P2NxGB5L/76qMQQr/124x40.jpg,https://media.s-bol.com/w1p7KAQon7NM/76qMQQr/1024x1024.jpg,https://media.s-bol.com/q1xLlrKkz533/76qMQQr/1024x1024.jpg"
Raved Tafelzeil 140x320 cm - Zwart Ruit - PVC - Afwasbaar - Duurzaam,,9504569845283,Tafellaken,,"<p>Breng stijl en gemak naar je eettafel met dit <strong>Raved tafelzeil</strong> in zwart ruitmotief. Gemaakt van <strong>duurzaam PVC</strong> en volledig <strong>afwasbaar</strong>, ideaal om je tafel te beschermen tegen vlekken en krassen zonder in te leveren op uitstraling.</p> <p>Geef je eettafel een stijlvolle én praktische upgrade met het <strong>Raved tafelzeil </strong> in zwart ruitmotief. Dit tafelzeil is speciaal ontworpen voor wie houdt van een verzorgd interieur maar geen tijd wil verliezen aan eindeloos schoonmaken. Dankzij het <strong>afwasbare PVC-materiaal</strong> maak je vlekken, kruimels en vocht eenvoudig schoon met een vochtige doek. Zo blijft jouw tafel elke dag fris en netjes, zelfs bij intensief gebruik door het hele gezin.</p> <h3>Bescherming en duurzaamheid</h3> <p>Een eettafel is vaak het middelpunt van het huis: van ontbijt met het gezin tot gezellige etentjes met vrienden. Helaas leidt dit vaak tot krassen, kringen en vlekken. Met dit <strong>PVC tafelzeil</strong> bescherm je je tafelblad optimaal. Het materiaal is stevig, <strong>duurzaam</strong> en bestand tegen dagelijks gebruik. Daarmee is het een slimme investering die je tafel jarenlang mooi houdt.</p> <h3>Stijlvol design</h3> <p>Het <strong>zwarte ruitmotief</strong> geeft een moderne, tijdloze uitstraling die past in zowel een strak interieur als een landelijke woonstijl. Waar veel tafelzeilen een goedkope uitstraling hebben, biedt Raved een combinatie van <strong>kwaliteit en elegantie</strong> die je eethoek direct naar een hoger niveau tilt.</p> <h3>Eenvoudig in gebruik</h3> <p>Naast stijl en bescherming is gemak minstens zo belangrijk. Dit <strong>afwasbare tafelzeil</strong> is onderhoudsvriendelijk: een vochtige doek of mild sopje is voldoende om vlekken te verwijderen. Geen gedoe met wassen of strijken, altijd direct klaar voor gebruik. Bovendien verschuift het niet snel, zodat je zonder zorgen kunt genieten van elke maaltijd.</p> <h3>Toepassingen</h3> <p>Dit tafelzeil is niet alleen geschikt voor dagelijks gebruik binnenshuis, maar ook ideaal voor buiten op het terras of tijdens een feestje. Zo combineer je functionaliteit met veelzijdigheid.</p> <p><strong>Waarom kiezen voor Raved?</strong></p> <ul> <li> <p><strong>Afwasbaar PVC</strong>: hygiënisch en praktisch in onderhoud</p> </li> <li> <p><strong>Zwart ruit design</strong>: stijlvol en tijdloos</p> </li> <li> <p><strong>Duurzaam materiaal</strong>: lange levensduur en sterke bescherming</p> </li> </ul> <p>Maak je leven gemakkelijker en je interieur mooier met dit <strong>Raved tafelzeil</strong>. Bestel vandaag nog en ervaar hoe stijl en gebruiksgemak perfect samenkomen.</p>",1.0,stuk(s),Zwart,PVC,Raved,320.0,cm,N,,Tafelzeil,Rechthoek,N,N,,,N,,,3 maanden,,,,,N,,,Overig,140.0,cm,2.0,kg,,Vierkantjes,Geen,26.0,cm,3.0,cm,37.0,cm,2.0,kg,,Voor binnen & buiten,Afnemen met een natte doek,10.xlsx,,,,,,,,,,,,,,,https://media.s-bol.com/J2YNMvpN4lKD/glOZz9/550x264.jpg
Raved Tafelzeil – 140 cm x 160 cm – Wit Ruit – PVC – Afwasbaar,,9501486311389,Tafellaken,,"<p>Geef jouw tafel een stijlvolle én praktische upgrade met <strong>afwasbaar PVC-tafelzeil</strong> in <strong>geruit wit motief</strong>, geschikt voor zowel <strong>binnen als buiten</strong>. Bescherm je tafel moeiteloos tegen vlekken en kringen – ideaal voor gezinnen en gezellige diners!</p> <p><strong>Ontdek het ruime gemak van het premium tafelzeil 10: de Raved Tafelzeil.</strong><br />Met een <strong>geruit wit motief</strong>, gemaakt van <strong>hoogwaardig PVC-materiaal</strong>, brengt dit tafelzeil direct rust, stijl en bescherming naar jouw eet­tafel. Of je nu een gezellig gezin hebt, vaak gasten ontvangt of gewoon maximaal wilt genieten zonder schoonmaakstress — dit is jouw slimme oplossing.</p> <h3>Bescherming én stijl</h3> <p>Je tafel is een ontmoetingsplek: ontbijt met het gezin, knutselen met de kinderen, een rustige lunch of een feestelijke eter­middag. Daar hoort een tafel bij die klaar is voor álles. Het <strong>PVC-tafelzeil</strong> is <strong>afwasbaar</strong>, waardoor je vloeistoffen, kruimels of knoei­momenten eenvoudig met een vochtige doek verwijdert. Geen gedoe met wassen of strijken — gewoon klaar voor het volgende moment. Het lichte geruite motief in wit zorgt voor een neutrale, frisse uitstraling die moeiteloos past in zowel modern als landelijk interieur.</p> <h3>Voor binnen én buiten</h3> <p>Dankzij het duurzame materiaal is dit tafelzeil geschikt voor <strong>binnen en buiten gebruik</strong>. Op het terras tijdens de zomer? Uitstekend. Binnen aan de keukentafel? Natuurlijk. En dankzij het onderhoudsgemak gebruik je het zonder zorgen. Let wel op: bij aanhoudende regen wordt aangeraden het binnen te halen om verwering en verkleuring te voorkomen. </p> <h3>Specificaties in één oogopslag</h3> <ul> <li> <p><strong>Materiaal</strong>: PVC (kunststof) — stevig, duurzaam en ideaal in onderhoud</p> </li> <li> <p><strong>Kleur/design</strong>: Wit met geruit motief</p> </li> <li> <p><strong>Gebruik</strong>: geschikt voor binnen & buiten</p> </li> <li> <p><strong>Onderhoud</strong>: eenvoudig afnemen met vochtige doek; geen strijken of wassen nodig</p> </li> <li> <p><strong>Waarom kiezen?</strong></p> <ul> <li> <p>Beschermt je tafel tegen vlekken, kringen en slijtage</p> </li> <li> <p>Stijlvolle uitstraling zonder concessies</p> </li> <li> <p>Gemak én kwaliteit in één</p> </li> </ul> </li> </ul> <h3>Verlies geen tijd, geniet direct</h3> <p>Waarom wachten met een nette tafel wanneer je vandaag al kunt genieten van meer rust en stijl? Het tafelzeil van Raved combineert vorm en functie op een manier die jouw dagelijkse leven makkelijker maakt. Bestel nu en maak jouw tafel klaar voor elk moment — of het nu ontbijt, diner of een knutselmiddag is. <strong>Laat je tafel gewoon weer stralen.</strong></p>",1.0,stuk(s),Wit,PVC,Raved,160.0,cm,N,,Tafelzeil,Rechthoek,N,N,,,N,0.0,cm,3 maanden,,,,,N,,,Geruit,140.0,cm,2.0,kg,,Vierkantjes,Geen,26.0,cm,3.0,cm,37.0,cm,2.0,kg,1 stuk,Voor binnen & buiten,Afnemen met een natte doek,10.xlsx,,,,,,,,,,,,,,,https://media.s-bol.com/Zowzxjp6VXlE/2LPx5J/550x266.jpg
Raved Tafelzeil 140 cm x 250 cm – Kerst Sneeuwvlokken Beige – PVC - Afwasbaar,,9503422853472,Tafellaken,,"<p>Breng direct <strong>feestsfeer</strong> op tafel met dit <strong>kerst-tafelzeil</strong> in sneeuwvlokdesign, gemaakt van <strong>duurzaam PVC</strong> en <strong>afwasbaar</strong> voor moeiteloos onderhoud – ideaal voor een zorgeloos kerstdiner.</p> <p><strong>Beschrijving van het product</strong><br />Met het <strong>kerst tafelzeil</strong> van Raved in het elegante sneeuwvlok-design geef je jouw kersttafel direct een warme, feestelijke uitstraling. Het hoogwaardige <strong>PVC-materiaal</strong> is <strong>afwasbaar</strong>, waardoor gemorste wijn, saus of chocolademelk geen kans krijgt – jij nodigt uit, geniet en ruimt achteraf moeiteloos op.</p> <h3>Feestelijke sfeer & bescherming</h3> <p>Met het motif van sneeuwvlokken in zachte beige tint brengt dit tafelzeil een subtiele en stijlvolle kerstlook op je tafel. Maar het mooie uiterlijk is slechts één kant van het verhaal: onder de motieven schuilt een functionele beschermlaag die jouw tafel helpt vrijwaren van krassen, brandplekken door hete pannen of vlekken van kinderspel – zo blijft je tafel er na de feestdagen nog prachtig bij.</p> <h3>Onderhoudsgemak & praktische instelling</h3> <p>Dankzij het <strong>afwasbare PVC-oppervlak</strong> veeg je eenvoudig en snel schoon met een vochtige doek – geen gedoe met wassen of strijken. Ideaal als je meerdere gangen serveert, met gasten werkt of gewoon geen uren wilt besteden aan opruimen. En aangezien het zeil breed 140 cm is, past het moeiteloos across veel standaard eettafels.</p> <h3>Veelzijdige toepassing</h3> <p>Of je nu een intiem kerstdiner hebt met het gezin of een uitgebreide feesttafel deelt met vrienden en familie: dit tafelzeil is flexibel inzetbaar. Dankzij het klassieke design en de neutrale beige kleur kun je makkelijk combineren met servies, kaarslicht en accessoires zonder dat het overheerst – maar het voegt wel direct feestgevoel toe.</p> <h3>Waarom dit tafelzeil kiezen?</h3> <ul> <li> <p><strong>Sterke bescherming</strong>: je tafel blijft vrij van vlekken, krassen en hitteplekken.</p> </li> <li> <p><strong>Stijlvol design</strong>: sneeuwvlokkenmotief past perfect bij kerst en winter, én laat ruimte voor je eigen styling.</p> </li> <li> <p><strong>Onderhoudsarm</strong>: afnemen is voldoende; geen tijdverslindend onderhoud.</p> </li> <li> <p><strong>Direct sfeer</strong>: je tafel ziet er meteen feestelijk uit, zonder extra aankleding.</p> </li> <li> <p><strong>Duurzaam gebruik</strong>: het materiaal is stevig, waardoor je het seizoen na seizoen opnieuw kunt inzetten.</p> </li> </ul> <h3>Actie-call</h3> <p>Maak jouw kersttafel klaar voor het feest – kies dit sneeuwvlok tafelzeil van Raved en combineer stijl met gemak. <strong>Bestel nu</strong> en laat tijdens het diner alleen het genieten over – niet het schoonmaken.</p>",1.0,stuk(s),Rood,PVC,Raved,250.0,cm,N,,Tafelzeil,Rechthoek,N,N,,,N,,,3 maanden,,,,,N,,,Overig,140.0,cm,2.0,kg,,Print,Geen,26.0,cm,3.0,cm,37.0,cm,2.0,kg,Tafelzeil,Voor binnen & buiten,Machinewas 30 °C,10.xlsx,,,,,,,,,,,,,,,"https://media.s-bol.com/JB6XGNgno3pJ/VmzrZQ9/1024x1024.jpg,https://media.s-bol.com/KDrEKLjop3qM/VmzrZQ9/1024x1024.jpg,https://media.s-bol.com/BqBElPJGAG8k/VmzrZQ9/124x108.jpg,https://media.s-bol.com/DvkEpQLVlPDn/VmzrZQ9/1024x1024.jpg,https://media.s-bol.com/xz0N5VJ2BvWn/JW44Y2/1024x1024.jpg,https://media.s-bol.com/JB6XGNgkMxyo/VmzrZQ9/124x40.jpg,https://media.s-bol.com/xgkjO2ExyG2r/VmzrZQ9/1024x1024.jpg"
Raved Tafelzeil 140x260 cm - Zwart Ruit - PVC - Afwasbaar - Duurzaam,,9502235196585,Tafellaken,,"<p>Breng stijl en gemak naar je eettafel met dit <strong>Raved tafelzeil</strong> in zwart ruitmotief. Gemaakt van <strong>duurzaam PVC</strong> en volledig <strong>afwasbaar</strong>, ideaal om je tafel te beschermen tegen vlekken en krassen zonder in te leveren op uitstraling.</p> <p>Geef je eettafel een stijlvolle én praktische upgrade met het <strong>Raved tafelzeil </strong> in zwart ruitmotief. Dit tafelzeil is speciaal ontworpen voor wie houdt van een verzorgd interieur maar geen tijd wil verliezen aan eindeloos schoonmaken. Dankzij het <strong>afwasbare PVC-materiaal</strong> maak je vlekken, kruimels en vocht eenvoudig schoon met een vochtige doek. Zo blijft jouw tafel elke dag fris en netjes, zelfs bij intensief gebruik door het hele gezin.</p> <h3>Bescherming en duurzaamheid</h3> <p>Een eettafel is vaak het middelpunt van het huis: van ontbijt met het gezin tot gezellige etentjes met vrienden. Helaas leidt dit vaak tot krassen, kringen en vlekken. Met dit <strong>PVC tafelzeil</strong> bescherm je je tafelblad optimaal. Het materiaal is stevig, <strong>duurzaam</strong> en bestand tegen dagelijks gebruik. Daarmee is het een slimme investering die je tafel jarenlang mooi houdt.</p> <h3>Stijlvol design</h3> <p>Het <strong>zwarte ruitmotief</strong> geeft een moderne, tijdloze uitstraling die past in zowel een strak interieur als een landelijke woonstijl. Waar veel tafelzeilen een goedkope uitstraling hebben, biedt Raved een combinatie van <strong>kwaliteit en elegantie</strong> die je eethoek direct naar een hoger niveau tilt.</p> <h3>Eenvoudig in gebruik</h3> <p>Naast stijl en bescherming is gemak minstens zo belangrijk. Dit <strong>afwasbare tafelzeil</strong> is onderhoudsvriendelijk: een vochtige doek of mild sopje is voldoende om vlekken te verwijderen. Geen gedoe met wassen of strijken, altijd direct klaar voor gebruik. Bovendien verschuift het niet snel, zodat je zonder zorgen kunt genieten van elke maaltijd.</p> <h3>Toepassingen</h3> <p>Dit tafelzeil is niet alleen geschikt voor dagelijks gebruik binnenshuis, maar ook ideaal voor buiten op het terras of tijdens een feestje. Zo combineer je functionaliteit met veelzijdigheid.</p> <p><strong>Waarom kiezen voor Raved?</strong></p> <ul> <li> <p><strong>Afwasbaar PVC</strong>: hygiënisch en praktisch in onderhoud</p> </li> <li> <p><strong>Zwart ruit design</strong>: stijlvol en tijdloos</p> </li> <li> <p><strong>Duurzaam materiaal</strong>: lange levensduur en sterke bescherming</p> </li> </ul> <p>Maak je leven gemakkelijker en je interieur mooier met dit <strong>Raved tafelzeil</strong>. Bestel vandaag nog en ervaar hoe stijl en gebruiksgemak perfect samenkomen.</p>",1.0,stuk(s),Zwart,PVC,Raved,260.0,cm,N,,Tafelzeil,Rechthoek,N,N,,,N,,,3 maanden,,,,,N,,,Overig,140.0,cm,2.0,kg,,Vierkantjes,Geen,26.0,cm,3.0,cm,37.0,cm,2.0,kg,1 stuk,Voor binnen & buiten,Afnemen met een natte doek,10.xlsx,,,,,,,,,,,,,,,https://media.s-bol.com/ZowzxPRlnKOJ/jojZDW/550x264.jpg
Raved Tafelzeil Boerenbont Kleine Ruit Rood  140 cm x  50 cm - PVC - Afwasbaar,,9504134477390,Tafellaken,,"<p><strong>De tafelkleden van Raved zijn veelzijdig en brengen sfeer in huis. Onze Tafelkleden/Tafelzeilen/Tafelzeilen zijn zowel verkrijgbaar in vrolijke motieven en prints, als in mooie effen kleuren. Een Toile cirée van Raved is ook nog eens erg praktisch en beschermt je tafel tegen geknoei of brandplekken door hete pannen. Zo schuift iedereen met een gerust hart aan!</strong></p> <h3>Voor binnen & buiten</h3> <p>Dit Tafelkleed/Tafelzeil is geschikt voor zowel binnen als buiten. Let er wel op dat je het kleed naar binnen haalt als het regent. dit voorkomt namelijk verkleuring en verwering. Na gebruik is het kleed eenvoudig af te nemen met een vochtige doek en kan het weer de kast in. voor een volgend gebruik!</p> <h3>Boerenruit rood/wit</h3> <p>Dit tafelkleed/tafelzeil, metvrolijke print, past perfect binnen een landelijk interieur. Het ontwerp bestaat uit rood met witte ruiten, wat zorgt voor een gezellige sfeer. Dit tafelkleed/tafelzeil is perfect voor een picknick bij u thuis of in het park. </p> <h3>Specificaties:</h3> <p> Materiaal: PVC / plastic <br /> Afmetingen: 280 x 140 cm <br /> Kleur: Rood & wit <br /> Inhoud: 1 stuk<br /> Fabrikant: Wicotex / 2Lif<br /> Onze tafelzijlen zijn geschikt voor jong en oud. Of je nu gezellig een avondje met vrienden of familie aan tafel schuift of kinderen hebt die graag knutselen en knoeien. je tafel kan alles aan!</p> <p>Raved, ook wel bekend als Raved Musthaves, verkoopt zowel praktische als mooie items! Onze artikelen worden zorgvuldig geselecteerd voor de beste kwaliteit. Van prachtige tafelkleden tot de mooiste muurdecoratie: bij Raved kunt u altijd terecht!</p>",1.0,stuk(s),Rood,PVC,Raved,50.0,cm,N,,Tafelzeil,Rechthoek,N,N,,,N,,,3 maanden,,,,,N,,,Geruit,140.0,cm,2.0,kg,,Ruitjes,Geen,26.0,cm,3.0,cm,37.0,cm,2.0,kg,1 stuk,Voor binnen & buiten,Machinewas 30 °C,10.xlsx,,,,,,,,,,,,,,,"https://media.s-bol.com/PLNWYRKDDmQA/qjWoKBk/1024x1024.jpg,https://media.s-bol.com/m5ZNEBNN5OwA/qjWoKBk/1024x1024.jpg,https://media.s-bol.com/mnOgmWXqOY19/gl9D03/124x105.jpg,https://media.s-bol.com/BqB9nz725P4n/qjWoKBk/124x111.jpg,https://media.s-bol.com/noxj0WJgYVop/gl9D03/1024x1024.jpg,https://media.s-bol.com/o0VkoWJjv90L/gl9D03/124x112.jpg,https://media.s-bol.com/mnOgmWXY2Vn3/gl9D03/124x89.jpg,https://media.s-bol.com/DvkW0B7AX7Zx/qjWoKBk/1024x1024.jpg,https://media.s-bol.com/NJkW8PW0QA8K/qjWoKBk/124x40.jpg,https://media.s-bol.com/xgkLlQzExDMl/qjWoKBk/1024x1024.jpg"
Raved Tafelkleed – 140 cm x 200 cm – Donkergrijs – Polyester – Kreukvrij,,8720707633005,Tafellaken,,"<p>Geef je tafel direct een stijlvolle look met dit <strong>kreukvrije 100% polyester tafelkleed</strong> in <strong>donkergrijs</strong>, geschikt voor <strong>binnen én buiten</strong>. Dankzij het onderhoudsvriendelijke materiaal is mooi tafelen volledig zorgeloos.</p> <p><strong>Tafelkleed voor stijl & gemak: het ultieme keuze voor zorgeloos tafelen</strong><br />Op zoek naar een tafelkleed dat er niet alleen prachtig uitziet, maar ook praktisch is in het gebruik? Het <strong>primair zoekwoord “tafelkleed”</strong> komt hier in beeld: dit bijzondere model biedt u beide. Het <strong>merk Raved</strong> staat voor kwaliteit en eenvoud en dat ziet u terug in dit stijlvolle ontwerp. Het <strong>materiaal: 100% polyester</strong>, zorgt voor een blijvende nette uitstraling zonder moeite. De <strong>kleur: donkergrijs</strong> geeft een moderne, neutrale basis die past in vrijwel elk interieur – van Scandinavisch tot industrieel.</p> <h3>Elegant én praktisch</h3> <p>Met dit rechthoekige tafelkleed creëert u direct een opgeruimde en sfeervolle tafelsetting. Of u nu gezin, visite of een borrel met vrienden hebt – dit kleed ondersteunt alle momenten. Dankzij de <strong>kreukvrije afwerking</strong> ervaart u geen gedoe met strijken of glad maken: uitpakken en klaar!</p> <h3>Binnen én buiten gebruik</h3> <p>Dit tafelkleed is ontworpen voor veelzijdigheid: geschikt voor binnen én buiten. Tijdens zonnige middagen op het terras of een gezellige avond aan de eettafel – u zit goed. Let wel op dat het kleed bij regen binnen gehaald wordt om verkleuring of verwering te voorkomen (zoals aanbevolen). </p> <h3>Onderhoudsvriendelijk</h3> <p>Met gemak schoonmaken na het diner? Geen probleem. Een vochtige doek is vaak al genoeg om het tafelkleed er weer fris uit te laten zien. Het polyester materiaal is modern en duurzaam – ideaal voor dagelijks gebruik of voor click-en-collect momenten wanneer het snel moet gaan.</p> <h3>Waarom dit tafelkleed kiezen?</h3> <ul> <li> <p><strong>100% polyester</strong>: duurzaam, soepel vallend en makkelijk in onderhoud.</p> </li> <li> <p><strong>Donkergrijs</strong>: neutrale kleur die rust en elegantie brengt.</p> </li> <li> <p><strong>Kreukvrij</strong>: minder werk, meer genieten.</p> </li> <li> <p><strong>Geschikt voor binnen & buiten</strong>: veelzijdig toepasbaar.</p> </li> </ul> <h3>Verlies-aversie & sociale bewijskracht</h3> <p>Stelt u zich eens voor: u hebt visite, tafel ligt netjes, sfeer is goed – en u hoeft zich nergens druk over te maken. Voorkom het scenario waarin vlekjes, kreukels of een tekortkomend kleed uw tafelervaring verstoren. Klanten geven aan dat ze uiterst tevreden zijn over de kwaliteit en kleur van dit kleed; “soepel materiaal”, “mooi van kleur”, zo luidt een gebruiker. </p> <h3>Call-to-action</h3> <p>Laat uw tafel stralen – met dit onderhoudsvriendelijke en stijlvolle tafelkleed kunt u direct zorgeloos genieten. Klik op “bestellen” en geef uw tafel de upgrade die hij verdient.</p>",1.0,stuk(s),Donker Grijs,Polyester,Raved,200.0,cm,N,,Tafelkleed,Rechthoek,Y,N,,,N,,,2 maanden,,,,,N,,,Effen,140.0,cm,0.5,kg,,Effen,Geen,26.0,cm,3.0,cm,37.0,cm,0.5,kg,1 stuk,Voor binnen & buiten,"30 °C, normaal programma",10.xlsx,,,,,,,,,,,,,,,https://media.s-bol.com/yj8xMxnm3yL7/r0WrlmE/550x550.jpg
Raved Tafelzeil - 140 cm x 230 cm – Rood Bloesem – PVC Afwasbaar,,9501584315951,Tafellaken,,"<p>Breng direct vrolijkheid op tafel met dit <strong>afwasbare PVC tafelzeil</strong> van Raved met een groen-rode bloemenprint – <strong>beschermt je tafel tegen vlekken en krassen</strong> en geeft je terras of eetkamer direct een sfeervolle upgrade.</p> <p><strong>Optimaal tafeldecoratie en bescherming in één met het Raved tafelzeil.</strong> Dit stijlvolle tafelzeil combineert een frisse groen-rode bloemenprint met <strong>duurzaam PVC-materiaal</strong>, waardoor het zowel praktisch als decoratief is.</p> <h3>Bescherming én sfeer</h3> <p>Het <strong>PVC-tafelzeil</strong> zorgt ervoor dat je tafel beschermd is tegen gemorste drankjes, kruimels of krassen – ideaal voor drukke gezinsmomenten of gezellige diners met vrienden. Het <strong>afwasbare oppervlak</strong> betekent: wéér klaar voor gebruik met slechts een vochtige doek – geen gedoe meer met wassen en strijken.</p> <h3>Design dat uitnodigt</h3> <p>Met een rijke groene achtergrond en levendige rode bloesems creëert dit tafelzeil direct een warme, natuurlijke sfeer. Het bloemenmotief geeft je eet- of tuintafel een frisse uitstraling en maakt elk moment extra bijzonder. Perfect om van een gezamenlijke maaltijd een feestje te maken.</p> <h3>Binnen & buiten gebruik</h3> <p>Of je nu binnen aan de eettafel zit of buiten op het terras geniet – dit tafelzeil is ontworpen voor veelzijdigheid. Dankzij het robuuste PVC-materiaal kun je gerust klanten of familie uitnodigen, zonder je zorgen te maken over morsen of vlekken.</p> <h3>Specificaties in een oogopslag</h3> <ul> <li> <p>Materiaal: <strong>PVC / plastic</strong> – slijtvast, waterafstotend en onderhoudsvriendelijk. </p> </li> <li> <p>Kleur/design: groen basis met rode bloesem - bloemenmotief. </p> </li> <li> <p>Merk: <strong>Raved</strong> – staat bekend om stijlvolle en praktische tafeltextiel.</p> </li> <li> <p>Gebruik: geschikt voor zowel binnen- als buitengebruik. </p> </li> </ul> <h3>Waarom kiezen voor dit tafelzeil?</h3> <p>Stel je voor: je bereidt een gezellige brunch met vrienden, kinderen lopen rond, er wordt gelachen en geknoeid – zonder dat jij achteraf uren moet opruimen. Dit tafelzeil maakt het mogelijk. En verbeeld je hoe je tuinset er fris uitziet tijdens een middagborrel, met een stijlvol zeil dat de zon reflecteert en de sfeer verhoogt. Een slimme investering die je tafel beschermt én je interieur verlevendigt.</p> <h3>Call to action</h3> <p>Wacht niet langer – geef je tafel vandaag nog een stijlvolle én beschermende upgrade met dit <strong>Raved tafelzeil</strong> en geniet direct van gemak, kleur en sfeer!</p>",1.0,stuk(s),Rood,PVC,Raved,230.0,cm,N,,Tafelzeil,Rechthoek,N,N,,,N,,,3 maanden,,,,,N,,,Gebloemd,140.0,cm,2.0,kg,,Bloemen,Geen,26.0,cm,3.0,cm,37.0,cm,2.0,kg,1 stuk,Voor binnen & buiten,Afnemen met een natte doek,10.xlsx,,,,,,,,,,,,,,,"https://media.s-bol.com/547pxzKZgQn8/731gMOr/124x61.jpg,https://media.s-bol.com/WV6oVW0WnJG4/48nwxv1/1024x1024.jpg,https://media.s-bol.com/gEpjK9M0q6DY/731gMOr/124x105.jpg,https://media.s-bol.com/n1561Gkxo9ol/48nwxv1/124x112.jpg,https://media.s-bol.com/ODgnk06jgX0r/731gMOr/1024x1024.jpg,https://media.s-bol.com/mjqp69NPjEyG/731gMOr/124x112.jpg,https://media.s-bol.com/709rzBVRxVk1/731gMOr/124x89.jpg,https://media.s-bol.com/Ym7Ax9qrLN3A/731gMOr/1024x1024.jpg,https://media.s-bol.com/BqB9q1m6kRDJ/48nwxv1/124x40.jpg,https://media.s-bol.com/BqB9q17lzylQ/48nwxv1/1024x1024.jpg,https://media.s-bol.com/3N1VNYXOEw84/48nwxv1/1024x1024.jpg,https://media.s-bol.com/Y8Eq8Vml54QO/48nwxv1/1024x1024.jpg"
Raved Tafelzeil - 140 cm × 280 cm - Getekende Bloemen – Geel-Rood – PVC – Afwasbaar,,9502611355735,Tafellaken,,"<p>Verwen je tafel met <strong>een vrolijk bloemenmotief</strong> en onderhoudsgemak: dit <strong>afwasbare PVC-tafelzeil</strong> beschermt je tafel effectief tegen morst en krassen, terwijl het warme geel-rood tinten en een charmant getekend bloemenpatroon toevoegt. Perfect voor dagelijks gebruik binnen én buiten.</p> <p>Ontdek hoe je met het <strong>tafelzeil van het merk Raved</strong> je eet- of tuintafel direct transformeert — én optimaal beschermt. Dit stijlvolle en praktische <strong>tafelzeil</strong> is uitgevoerd in <strong>PVC</strong>, uitgevoerd met een <strong>getekende bloemenprint</strong> in warme geel-rood tinten, en biedt dáárnaast krachtig functionele voordelen.</p> <h3>Sfeervolle stijl & directe sfeer</h3> <p>Met het vrolijke bloemenmotief op basis van geel en rood zie je meteen een gezellige uitstraling. Of je nu een informeel ontbijt hebt, een familiediner plant of achter in de tuin geniet van een zomeravond, dit zeil zorgt voor een huiselijke, uitnodigende sfeer. </p> <h3>Bescherming & onderhoudsgemak</h3> <p>Dankzij het materiaal <strong>PVC</strong> is het tafelzeil <strong>afwasbaar</strong> – een natte doek volstaat meestal. Zo hoef je je niet constant druk te maken om gemorste koffie, saus of modderige schoenen. Het zeil beschermt je tafel bovendien tegen krassen of beschadigingen door schalen of decoratie. Omdat de print vrolijk is en de kleuren warm, voel je direct: ‘mijn tafel ziet er goed uit én is beschermd’.</p> <h3>Binnen & buiten gebruik</h3> <p>Binnen in de eetkamer of buiten op het terras: dit tafelzeil kan het aan. Het materiaal is geschikt voor gebruik op veranda’s of op het balkon — houdt er wel rekening mee dat bij aanhoudende regen of zon het zeil het beste binnen wordt gehaald om kleurverlies te vermijden (algemene tip voor PVC buitenproducten). </p> <h3>Specificaties & aandachtspunten</h3> <ul> <li> <p><strong>Materiaal:</strong> PVC (plastic) — robuust en afneembaar.</p> </li> <li> <p><strong>Kleur & motief:</strong> Geel-rood met getekend bloemenpatroon — geeft sfeer en stijl.</p> </li> <li> <p><strong>Onderhoud:</strong> Afnemen met vochtige doek — geen machinewas.</p> </li> <li> <p><strong>Merk:</strong> Raved — bekend om praktische, stijlvolle tafelkleden en zeilen. <br />Tip: Leg bij buitengebruik voor extra veiligheid een lichte onderlaag of gebruik het onder een overkapping om levensduur te verlengen.</p> </li> </ul> <h3>Waarom nú kiezen?</h3> <p>Zeg vaarwel tegen saai tafelonderhoud en hallo tegen <strong>een stijlvol, makkelijk verzorgbaar tafellinnen</strong>. Elke maaltijd, knutselmiddag of buiten-borrel krijgt een upgrade. En omdat je tafel beter beschermd is, voorkom je vervelende vlekken en krassen — dus een zorg minder. Dit is precies de combinatie van gevoel én logica waar slimme consumenten voor kiezen.</p> <p><strong>Voeg vandaag nog toe aan je winkelwagen</strong> en geef je tafel de bescherming én uitstraling die hij verdient.</p>",1.0,stuk(s),Rood,PVC,Raved,280.0,cm,N,,Tafelzeil,Rechthoek,N,N,,,N,,,3 maanden,,,,,N,,,Overig,140.0,cm,2.0,kg,,Watermeloen,Geen,26.0,cm,3.0,cm,37.0,cm,2.0,kg,1 stuk,Voor binnen & buiten,Afnemen met een natte doek,10.xlsx,,,,,,,,,,,,,,,"https://media.s-bol.com/BqB9KRO4p5vN/2Rlr89z/1024x1024.jpg,https://media.s-bol.com/3N1VoKJWMXy9/2Rlr89z/1024x1024.jpg,https://media.s-bol.com/JxDGQmVjZYGK/821N5qr/124x105.jpg,https://media.s-bol.com/m5ZNLMkyMVYE/2Rlr89z/124x110.jpg,https://media.s-bol.com/7R3VvWV0NgrG/2Rlr89z/1024x1024.jpg,https://media.s-bol.com/q1xLPMo2p4qD/2Rlr89z/124x40.jpg,https://media.s-bol.com/Y8EqklYvyMm0/2Rlr89z/1024x1024.jpg"
Raved Tafelzeil – 140 cm x 140 cm – Bloemen Zwart – PVC – Afwasbaar,,9504699193575,Tafellaken,,"<p>Breng direct <strong>stijl en gemak</strong> aan tafel met het <strong>afwasbare PVC-tafelzeil</strong> in zwarte bloemenprint van Raved. Perfect voor dagelijks gebruik én feestelijke momenten — <strong>beschermt je tafel effectief</strong> terwijl je geniet van sfeer en comfort.</p> <h3>Sfeervolle bescherming aan tafel</h3> <p>Met dit <strong>tafelzeil</strong> van het merk Raved geef je je eet- of tuintafel direct een upgrade: dankzij het <strong>materiaal</strong> PVC is het blad <strong>volledig afwasbaar</strong>, dus een gemorste koffie, saus of een koud glas is geen probleem meer. Het motief met <strong>zwarte bloemen</strong> zorgt voor een stijlvolle uitstraling die zowel modern als tijdloos is — ideaal voor binnen én buiten.</p> <h3>Waarom kiezen voor dit tafelzeil?</h3> <ul> <li> <p><strong>Afwasbaar & onderhoudsvriendelijk</strong>: Veeg simpelweg af met een vochtige doek — geen gedoe met wassen of strijken.</p> </li> <li> <p><strong>Bescherming</strong>: Het PVC-materiaal beschermt je tafel tegen krassen, vlekken, hitte van borden en drankspatten — daardoor voorkom je schade en verleng je de levensduur van je tafel. </p> </li> <li> <p><strong>Stijlvol design</strong>: Zwarte achtergrond met bloemenprint geeft jouw tafel een elegante look die aansluit bij rustige, luxe of industriële interieurs. Daarmee vervult het ook een decoratieve rol.</p> </li> <li> <p><strong>Geschikt voor binnen & buiten</strong>: Of je nu eet in de keuken, serre of op het balkon — dit tafelzeil is bestand tegen normale buitenomstandigheden (niet continu regen) en maakt dat je zorgeloos kunt genieten. </p> </li> </ul> <h3>Specificaties & toepassingen</h3> <ul> <li> <p>Merk: <strong>Raved</strong></p> </li> <li> <p>Materiaal: <strong>PVC</strong> (afwasbaar)</p> </li> <li> <p>Kleur: <strong>Zwart</strong> met bloemenprint</p> </li> <li> <p>Geschikt voor: Eettafel, keukentafel, tuintafel, binnen & buiten.</p> </li> <li> <p>Gebruik: Leg het tafelzeil op je tafel, knip of laat op maat maken, direct klaar voor gebruik — ideaal bij druk gezinsleven of gezellige diners met vrienden.</p> </li> <li> <p>Onderhoud: Veeg af met een vochtige doek; vermijd scherp voorwerp om PVC niet te beschadigen.</p> </li> </ul> <h3>Emotie & urgentie</h3> <p>Stel je voor: je nodigt vrienden uit op een zomerse avond, het drinken druipt, kinderen knoeien — maar jouw tafel straalt rust en stijl uit. Door te kiezen voor dit tafelzeil, hoef je je niet meer zorgen te maken over vlekken of beschadiging. Het voelt als een slimme investering — want <strong>je tafel blijft mooi en je huis blijft uitnodigend</strong>. Wacht niet te lang, want met de juiste maat vind je misschien snel dat de voorraad slinkt of de aanbieding voorbij is. <strong>Voorkom dat je weer anno 2025 aan tafel zit met een beschadigd oppervlak — kies nu voor bescherming + stijl.</strong></p> <h3>Call-to-action</h3> <p>Kies vandaag nog voor het Raved tafelzeil en geef jouw tafel de zorg, look en duurzaamheid die hij verdient. Klik op ‘In winkelwagen’ en bestel direct — eenvoudiger kan niet!</p>",1.0,stuk(s),Zwart,PVC,Raved,140.0,cm,N,,Tafelzeil,Rechthoek,N,N,,,N,,,3 maanden,,,,,N,,,Gebloemd,140.0,cm,2.0,kg,,Bloemen,Geen,26.0,cm,3.0,cm,37.0,cm,2.0,kg,1 stuk,Voor binnen & buiten,Afnemen met een natte doek,10.xlsx,,,,,,,,,,,,,,,"https://media.s-bol.com/m5ZXMrwzY5BO/nZWXzLD/1024x1024.jpg,https://media.s-bol.com/VROZ0Lp0NBRM/nZWXzLD/1024x1024.jpg,https://media.s-bol.com/JB6X7vDEqkXg/nZWXzLD/124x111.jpg,https://media.s-bol.com/R0ODy91k23wY/LxV1VD/124x112.jpg,https://media.s-bol.com/Vl8qy11vD9qo/LxV1VD/1024x1024.jpg,https://media.s-bol.com/g0JXQlYX40jY/nZWXzLD/1024x1024.jpg,https://media.s-bol.com/OKY95AlR5OYp/nZWXzLD/124x40.jpg,https://media.s-bol.com/m5ZXMrwWZVNA/nZWXzLD/1024x1024.jpg"
Raved Tafelzeil – 140 cm x 220 cm – Groene Bloemen Wit – PVC – Afwasbaar,,9502826369787,Tafellaken,,"<p>Breng direct sfeer én bescherming aan tafel met dit <strong>afwasbare tafelzeil</strong> van hoogwaardig <strong>PVC</strong>, voorzien van een frisse <strong>groene bloemenprint op witte ondergrond</strong>. Perfect voor gezellig binnen- of buitengebruik – stijlvol én praktisch.</p> <p>Dankzij dit stijlvolle <strong>tafelzeil</strong> geef je jouw eettafel of tuintafel direct een frisse en verzorgde uitstraling, terwijl je je tafel beschermt tegen vlekken, krassen en vocht. Het tafelzeil is gemaakt van hoogwaardig <strong>PVC</strong> en uitgevoerd in een frisse <strong>witte kleur met groene bloemenprint</strong> – een combinatie die zowel rust als vrolijkheid brengt. Dankzij de maat van past het uitstekend op veel standaard rechthoekige tafels.</p> <h3>Bescherming & gemak</h3> <p>Het beschermende karakter van dit tafelzeil is een echte troef: dankzij het PVC-materiaal is het <strong>afwasbaar</strong>, dus eenvoudig schoon te maken met een vochtige doek. Geen intensief poetswerk meer na een etentje of buitenborrel. En doordat het stevig is, vermindert het de kans op blijvende vlekken of beschadigingen op jouw tafel – ideaal als je kinderen hebt of vaak buiten eet.</p> <h3>Design & sfeer</h3> <p>Met de frisse groene bloemenprint op de witte basis creëer je direct een gezellige, lichte sfeer aan tafel – zowel binnen in de keuken of eetkamer als buiten op het terras of in de serre. Het patroon is stijlvol, tijdloos en past uitstekend in moderne én klassieke interieurs. Het tafelzeil is dus niet alleen functioneel, maar draagt ook bij aan een warme en uitnodigende tafelsetting.</p> <h3>Voor binnen & buiten</h3> <p>Of je nu een spontane lunch binnen hebt of een ontspannen diner buiten in de tuin – dit tafelzeil is geschikt voor beide. De duurzame afwerking zorgt dat het bestand is tegen veelvoorkomende tafelbelasting, zoals vocht of vuil, zonder dat je concessies doet aan uitstraling of sfeer.</p> <h3>Specificaties in één oogopslag</h3> <ul> <li> <p>Merk: <strong>Raved</strong></p> </li> <li> <p>Materiaal: <strong>PVC</strong></p> </li> <li> <p>Kleur/design: Wit ondergrond met groene bloemenprint</p> </li> <li> <p>Eigenschappen: Afwasbaar, beschermend, stijlvol</p> </li> <li> <p>Gebruik: Binnen en buiten</p> </li> </ul> <h3>Waarom kiezen voor deze oplossing?</h3> <p>Stel je eens voor: je hebt een gezellige maaltijd met het gezin of vrienden, en later klus je moeiteloos schoon met een doek — geen stress meer over knoeien of beschadigingen. Door nu te kiezen voor dit tafelzeil, voorkom je toekomstige frustraties over vlekken of slijtage (verliesaversie) en geef je je tafel direct een stijlvolle upgrade (sociale bewijskracht: anderen waarderen kwaliteit). Wacht niet tot je tafel tekenen van slijtage begint te vertonen — kies nu voor bescherming, gemak én sfeer. <strong>Klik op “bestellen” en geef jouw tafel de behandeling die ‘m verdient.</strong></p>",1.0,stuk(s),Blauw; Geel,PVC,Raved,220.0,cm,N,,Tafelzeil,Rechthoek,N,N,,,N,,,3 maanden,,,,,N,,,Overig,140.0,cm,2.0,kg,,Bloemen,Geen,26.0,cm,3.0,cm,37.0,cm,2.0,kg,1x Tafelzeil,Voor binnen & buiten,Afnemen met een natte doek,10.xlsx,,,,,,,,,,,,,,,"https://media.s-bol.com/m5ZG53GLqBZO/Z4EgDQ5/1024x1024.jpg,https://media.s-bol.com/v12D13LMn5jg/Z4EgDQ5/1024x1024.jpg,https://media.s-bol.com/g0J6036AAyvl/Z4EgDQ5/124x107.jpg,https://media.s-bol.com/BqBQqWQ5nBnX/Z4EgDQ5/124x40.jpg,https://media.s-bol.com/r1kX13XQ2jJk/Z4EgDQ5/1024x1024.jpg,https://media.s-bol.com/JB6lBoWwy06y/Z4EgDQ5/1024x1024.jpg"
Raved Tafelzeil – 140 cm x 320 cm – Lente Bloemen – Wit – PVC – Afwasbaar,,9504537553363,Tafellaken,,"<p>Breng direct lentegevoel op tafel met dit <strong>mooie bloemen-motief</strong> en geniet van <strong>zorgeloos gebruik</strong> dankzij het <strong>afwasbare PVC-materiaal</strong> dat je tafel beschermt tegen vlekken en hitte.</p> <p>Geef je tafelmoment een frisse en gastvrije uitstraling met het <strong>primair zoekwoord “tafelzeil”</strong>: het Raved Tafelzeil Lente Bloemen. Dit stijlvolle tafelzeil is vervaardigd uit hoogwaardig <strong>PVC-materiaal</strong>, waardoor het niet alleen elegant oogt maar ook praktisch in gebruik is. Het motief met witte achtergrond en kleurrijke lentebloemen creëert een warme en uitnodigende sfeer — perfect voor zowel gezellige etentjes binnenshuis als zonnige lunches in de tuin.</p> <h3>Sfeer & stijl</h3> <p>Het bloemendessin brengt een vleugje lente en natuur naar je eetruimte. Of je nu een klassieke houten tafel hebt of een moderne glazen ondergrond, dit tafelzeil past moeiteloos, voegt karakter toe en maakt jouw tafel tot een gezellige ontmoetingsplek.</p> <h3>Praktisch & onderhoud</h3> <p>Dankzij het duurzame <strong>PVC-materiaal</strong> en de <strong>afwasbare afwerking</strong> hoef je niet constant bang te zijn voor vlekken van wijn, saus of koffie — gewoon afnemen met een vochtige doek en je tafel ziet er weer als nieuw uit. Bovendien biedt het tafelzeil bescherming tegen krassen en brandschade door hete pannen: ideaal voor dagelijks gebruik met kinderen, gasten of buiten in de tuin. </p> <h3>Specificaties</h3> <ul> <li> <p>Merk: <strong>Raved</strong></p> </li> <li> <p>Materiaal: <strong>PVC</strong> (afwasbaar)</p> </li> <li> <p>Kleur/Design: <strong>Wit met lente bloemenprint</strong></p> </li> <li> <p>Geschikt voor: binnen én buitengebruik</p> </li> <li> <p>USP’s: <strong>sfeervol motief</strong>, <strong>praktisch onderhoud</strong>, <strong>bescherming van je tafel</strong></p> </li> </ul> <h3>Waarom kiezen voor dit tafelzeil?</h3> <p>Veel tafelkleden ogen mooi, maar zijn kwetsbaar of lastig schoon te houden. Hier kies je voor een product dat <strong>sfeer combineert met functionaliteit</strong>. Je hoeft je geen zorgen te maken over vlekken of krassen — in plaats daarvan kun je ontspannen genieten van je maaltijd, je gezin of je gasten. Bovendien creëer je direct een frisse uitstraling op je tafel, wat jouw interieur of tuinsfeer meteen optilt.</p> <h3>Urgentie & overtuiging</h3> <p>Wacht niet tot je tafel opnieuw beschadigd is of het feestmaal achter je ligt — upgrade nu met dit tafelzeil en voorkom toekomstige zorgen. Er is slechts beperkt voorraad in specifieke maten en motieven, dus zorg dat jij je tafel tijdig beschermt én mooi maakt.</p> <h3>Call-to-action</h3> <p>Voeg vandaag nog dit stijlvolle en praktische tafelzeil toe aan je winkelwagen en transformeer je tafel tot een prachtige én zorgeloze centerpiece. <strong>Klik op ‘bestellen’ en geniet direct van sfeer, gemak en kwaliteit!</strong></p>",1.0,stuk(s),Wit; Groen,PVC,Raved,320.0,cm,N,,Tafelzeil,Rechthoek,N,N,,,N,,,3 maanden,,,,,N,,,Overig,140.0,cm,2.0,kg,,Bloemen,Geen,26.0,cm,3.0,cm,37.0,cm,2.0,kg,,Voor binnen & buiten,Afnemen met een natte doek,10.xlsx,,,,,,,,,,,,,,,"https://media.s-bol.com/B28PZ0WYgpwN/7Qmp41/124x57.jpg,https://media.s-bol.com/JB6WAB4m4EJD/RgvXR9K/1024x1024.jpg,https://media.s-bol.com/LE9WDEj4MzwA/RgvXR9K/124x104.jpg,https://media.s-bol.com/g0JMK0lymnVj/RgvXR9K/1024x1024.jpg,https://media.s-bol.com/R7K5RvkPOQnq/oDVBvN/124x110.jpg,https://media.s-bol.com/8x10vz35mPgj/7QBMkG/124x112.jpg,https://media.s-bol.com/3pQPnr65o1P4/7QBMkG/1024x1024.jpg,https://media.s-bol.com/9y1PwA95nRjJ/7QBMkG/124x89.jpg,https://media.s-bol.com/m881Y6mywDPn/7QBMkG/1024x1024.jpg,https://media.s-bol.com/7w12ry95lNMQ/7QBMkG/124x105.jpg,https://media.s-bol.com/EwRWvwY5Y1R0/RgvXR9K/124x40.jpg,https://media.s-bol.com/RN6jnNEq2J8V/RgvXR9K/1024x1024.jpg,https://media.s-bol.com/q1xL51y5GLz0/RgvXR9K/1024x1024.jpg"
Raved tafelzeil 140 cm × 100 cm – kersenprint rood – PVC – afwasbaar,,9503334599574,Tafellaken,,"<p>Breng direct sfeer aan tafel met dit <strong>lege­r- en vlekbestendige PVC tafelzeil</strong> van Raved in een vrolijke <strong>kersenprint</strong>. Dankzij de <strong>afwasbare kwaliteit</strong> is je tafel in no time schoon — ideaal voor dagelijks gebruik of gezellig dineren buiten.</p> <p>Creëer moeiteloos een tafelsetting die zowel stijlvol als praktisch is met dit <strong>tafelzeil van Raved</strong>. Het uitnodigende kersenmotief op een warme rode achtergrond geeft je eet- of tuintafel een frisse, speelse uitstraling — perfect voor een gezellige brunch of een uitgebreide familiediner.</p> <h3>Bescherming én sfeer</h3> <p>Met dit tafelzeil kies je niet alleen voor een leuke look, maar ook voor een slimme oplossing: het <strong>duurzame PVC-materiaal</strong> beschermt je tafel tegen slijtage, vlekken, krassen en lekkages. Geen zorgen bij een glas rode wijn of een knoeierige eter — gewoon afnemen en verder genieten. Het resultaat: een tafel die er altijd netjes uitziet én een huiskamer of terras die uitnodigt.</p> <h3>Voor binnen én buiten</h3> <p>Of je nu binnen eet of buiten op het terras zit, dit exemplaar presteert: het is <strong>afwasbaar</strong>, waterafstotend en licht onderhoudsarm. Zo kun je meer tijd besteden aan gezelschap en minder aan schoonmaak.</p> <h3>Mooi design + praktische details</h3> <ul> <li> <p><strong>Kleur/design:</strong> Rood met kersenprint — stijlvol en vrolijk.</p> </li> <li> <p><strong>Materiaal:</strong> PVC (afwasbaar) — snelle reiniging, hoge bescherming.</p> </li> <li> <p><strong>Gebruik:</strong> Geschikt voor dagelijks gebruik, kinderfeestjes, buitenmaaltijden of gezellige diners.</p> </li> </ul> <h3>Waarom dit tafelzeil kiezen?</h3> <ul> <li> <p><strong>Verliesaversie-trigger:</strong> “Bescherm je tafel nu tegen krassen en vlekken — want een nieuw tafelblad is duurder dan dit tafelzeil.”</p> </li> <li> <p><strong>Sociale bewijskracht:</strong> Het merk Raved staat bekend om kwaliteitsvolle tafelzeilen met vrolijke prints die veel huishoudens gebruiken.</p> </li> <li> <p><strong>Urgentie-element:</strong> Maak je tafel vandaag nog klaar voor gasten of een ontspannen maaltijd — wacht niet tot het weer knoeien gebeurt.</p> </li> </ul> <h3>Onderhoudstip</h3> <p>Veeg het tafelzeil eenvoudig schoon met een vochtige doek. Gebruik geen agressieve schoonmaakmiddelen om de print en het materiaal mooi te houden. Rol het los op voor langere levensduur — zo blijft de kersenprint levendig en de PVC-laag intact.</p> <p><strong>Voeg stijl, gemak en bescherming toe aan je tafel – kies vandaag dit Raved tafelzeil en geniet elke dag weer van een vrolijke tafel.</strong></p>",1.0,stuk(s),Beige; Rood; Groen,PVC,Raved,100.0,cm,N,,Tafelzeil,Rechthoek,N,N,,,N,,,3 maanden,,,,,N,,,Effen,140.0,cm,2.0,kg,,Aardbeien,Geen,26.0,cm,3.0,cm,37.0,cm,2.0,kg,1 stuk,Voor binnen & buiten,Machinewas 30 °C,10.xlsx,,,,,,,,,,,,,,,"https://media.s-bol.com/m5ZNPAv1xz03/pgWnOzX/1024x1024.jpg,https://media.s-bol.com/3pQPqjNEKGP4/8RDzEL/124x105.jpg,https://media.s-bol.com/g0JMPrlwxjqk/pgWnOzX/124x110.jpg,https://media.s-bol.com/8x10yoVWB7gj/8RDzEL/1024x1024.jpg,https://media.s-bol.com/gGZNqx0MD4Rr/8RDzEL/124x89.jpg,https://media.s-bol.com/7w12xnRYW7MQ/8RDzEL/124x112.jpg,https://media.s-bol.com/yM1PBqo33P8W/8RDzEL/1024x1024.jpg,https://media.s-bol.com/yjP2n0KZDrO7/pgWnOzX/1024x1024.jpg,https://media.s-bol.com/q1xL9GygLyP2/pgWnOzX/1024x1024.jpg,https://media.s-bol.com/j1R6Pxozvmwv/pgWnOzX/124x40.jpg"
Raved Tafelzeil – 140 cm x 250 cm – Strepen Beige – PVC - Afwasbaar,,9502455755364,Tafellaken,,"<p>Geef je tafel direct een <strong>sfeervolle make-over</strong> met dit <strong>afwasbare PVC tafelzeil</strong> met een stijlvol <strong>gestreept beige patroon</strong> – ideaal voor binnen én buiten, voor een onderhoudsvriendelijke en toch elegante tafelopstelling.</p> <p><strong>Verander je tafel in een stijlvolle, onderhoudsvriendelijke blikvanger</strong> met dit prachtige <strong>tafelzeil</strong> van het vertrouwde merk <strong>Raved</strong>. Met een breedte van 140 cm, uitgevoerd in een elegant <strong>beige strepenpatroon</strong>, combineert dit tafelzeil design en functionaliteit op een slimme manier.</p> <h3>Gemak en bescherming in één</h3> <p>Dankzij het hoogwaardige <strong>PVC-materiaal</strong> is dit tafelzeil volledig <strong>afwasbaar</strong>, waardoor je veilig kunt genieten van familiediners, knutselmomenten met kinderen of een ontspannen buitenlunch op het terras. Geen zorgen meer over vlekken, vocht of krassen: het tafelzeil beschermt jouw tafel tegen alledaagse gevaren.</p> <h3>Stijlvolle uitstraling</h3> <p>Het subtiele strepenpatroon in beige voegt direct een warme en moderne touch toe aan elk interieur of buitenruimte. Of je nu een houten tafel hebt in de eetkamer of een kunststof buiten tafel op het balkon: dit tafelzeil sluit aan op een rustige, natuurlijke kleurstelling en verhoogt de sfeer.</p> <h3>Binnen én buiten gebruik</h3> <p>Dankzij het materiaal en het ontwerp is dit tafelzeil geschikt voor zowel <strong>binnen als buiten</strong> gebruik — ideaal voor wisselende seizoenen, buiteneten in de zomer of extra bescherming in huis. Let er wel op dat je het tafelzeil bij langdurige regen of vochtigheid indrukt naar binnen haalt om verkleuring of verwering te voorkomen.</p> <h3>Specificaties & voordelen</h3> <ul> <li> <p>Materiaal: <strong>PVC</strong>, onderhoudsvriendelijk en duurzaam.</p> </li> <li> <p>Kleur/patroon: <strong>beige strepenpatroon</strong>, stijlvol en tijdloos.</p> </li> <li> <p>Geschikt voor binnen & buiten; eenvoudig schoon te maken met een vochtige doek.</p> </li> <li> <p>Ideaal voor: gezinnen met kinderen, buitengebruik, tafels die bescherming nodig hebben.</p> </li> </ul> <h3>Waarom kiezen voor dit tafelzeil?</h3> <ul> <li> <p><strong>Rust en bescherming</strong>: Verlies de tafel niet uit het oog door knoeien of geur: je beschermt jouw investering.</p> </li> <li> <p><strong>Sfeervol interieur</strong>: Je hoeft niet te kiezen tussen praktisch en mooi — dit tafelzeil levert beiden.</p> </li> <li> <p><strong>Direct resultaat</strong>: Binnen enkele minuten transformeer je je tafel zonder stoffig of langdurig renovatieproces.</p> </li> <li> <p><strong>Veelzijdig gebruik</strong>: Van kinderactiviteit tot summer-barbecue — jouw tafel is er klaar voor.</p> </li> </ul> <p>Mis deze kans niet om jouw tafel een upgrade te geven én meteen het onderhoudsgemak te ervaren. Klik op “In winkelwagen” en breng stijl én rust terug op je eettafel of buitenplek!</p>",1.0,stuk(s),Beige,PVC,Raved,250.0,cm,N,,Tafelzeil,Rechthoek,N,N,,,N,,,3 maanden,,,,,N,,,Overig,140.0,cm,1.0,kg,,Print,Geen,26.0,cm,3.0,cm,37.0,cm,1.0,kg,,Voor binnen & buiten,Machinewas 30 °C,10.xlsx,,,,,,,,,,,,,,,https://media.s-bol.com/gWRXz2GynRKk/2kJw4jj/550x270.jpg
Raved Tafelbeschermer – 140 cm x 100 cm – wit – PVC – Afwasbaar,,9504383722982,Tafellaken,,"<p>Met de <strong>Raved tafelbeschermer </strong>kies je voor <strong>duurzame bescherming</strong> van je tafelblad – <strong>gemaakt van stevig PVC</strong>, strak wit en <strong>afwasbaar</strong> zodat knoeien geen probleem meer is. Perfect voor gezellig samen eten én ontspannen buiten.</p> <p>Ontdek de <strong>Raved tafelbeschermer</strong> – de slimme oplossing voor iedereen die zijn tafelblad wilt beschermen zonder in te leveren op stijl. Deze <strong>tafelsbeschermer</strong> is gemaakt van hoogwaardig <strong>PVC</strong>, in een frisse <strong>witte kleur</strong>, en is <strong>afwasbaar</strong> – ideaal voor gezinnen, buitengebruik of wie gewoon rust wil aan de eettafel.</p> <h3>Waarom deze tafelbeschermer?</h3> <p>Iedere maaltijd, knutselmoment of gezellig samenzijn brengt risico’s mee: <strong>vlekken</strong>, <strong>krassen</strong>, of schade door <strong>hete pannen</strong>. Met deze beschermer elimineer je die zorgen. Dankzij de ruime past hij perfect op grote rechthoekige tafels en biedt hij volledige dekking van het tafeloppervlak.</p> <h3>Mooie combinatie van functie en design</h3> <p>De witte kleur geeft een neutrale, lichte uitstraling – perfect voor diverse interieurstijlen. Het gladde PVC-oppervlak voelt aangenaam aan, en geeft je tafel een frisse look. Tegelijkertijd is deze beschermer uiterst praktisch: <strong>afwasbaar</strong>, en dus eenvoudig schoon te maken met een vochtige doek. Ideal voor dagelijks gebruik binnen én buiten.</p> <h3>Specificaties in één oogopslag</h3> <ul> <li> <p><strong>Merk</strong>: Raved</p> </li> <li> <p><strong>Kleur</strong>: Wit</p> </li> <li> <p><strong>Materiaal</strong>: PVC (duurzaam, vloeistofwerend)</p> </li> <li> <p><strong>Gebruik</strong>: Binnen & buiten</p> </li> <li> <p><strong>Onderhoud</strong>: Eenvoudig afnemen met doek – knoeien is geen probleem meer</p> </li> </ul> <h3>Behoefte aan bescherming, direct afgestemd</h3> <p>Stel je voor: je nodigt vrienden uit, de kinderen tekenen, je serveert een pan hete pasta – en je hoeft je geen zorgen te maken over wat er op tafel achterblijft. Dankzij deze tafelbeschermer <strong>voorkom je schade aan je meubel</strong> – wat betekent dat je investering veilig is. Dit is ook sociaal bewezen: veel huiseigenaren kiezen tegenwoordig voor beschermlagen om hun dure meubels langer mooi te houden.</p> <h3>Tips voor gebruik</h3> <p>Leg de beschermer netjes uit op je tafel en zorg dat hij goed strak ligt. Voor buitengebruik: haal hem naar binnen bij aanhoudende regen om de kwaliteit te behouden. Combineer met een placemat of onderzetter voor warme pannen, om extra veiligheid te garanderen.</p> <h3>Jouw moment van actie</h3> <p>Gun jezelf de rust dat je tafel mooi blijft – zonder stress, zonder vlekken. Voeg de <strong>Raved tafelbeschermer</strong> vandaag nog toe aan je bestelling en zet je tafel klaar voor elk moment, van ontbijt tot late zomeravond in de tuin. Maak van je eettafel een plek waar je met volle aandacht kunt genieten.</p>",1.0,stuk(s),Wit,PVC,Raved,100.0,cm,N,,Tafelzeil,Rechthoek,N,N,,,N,,,3 maanden,,,,,N,,,Effen,140.0,cm,,,,Tafelbeschermer,Geen,26.0,cm,5.0,cm,37.0,cm,,,1 stuk,Voor binnen & buiten,Machinewas 30 °C,10.xlsx,,,,,,,,,,,,,,,https://media.s-bol.com/NJk1PNGqLL78/JZkAWVP/550x550.jpg
Raved tafelzeil 140 cm × 250 cm – kersenprint rood – PVC – afwasbaar,,9505885797133,Tafellaken,,"<p>Breng direct sfeer aan tafel met dit <strong>lege­r- en vlekbestendige PVC tafelzeil</strong> van Raved in een vrolijke <strong>kersenprint</strong>. Dankzij de <strong>afwasbare kwaliteit</strong> is je tafel in no time schoon — ideaal voor dagelijks gebruik of gezellig dineren buiten.</p> <p>Creëer moeiteloos een tafelsetting die zowel stijlvol als praktisch is met dit <strong>tafelzeil van Raved</strong>. Het uitnodigende kersenmotief op een warme rode achtergrond geeft je eet- of tuintafel een frisse, speelse uitstraling — perfect voor een gezellige brunch of een uitgebreide familiediner.</p> <h3>Bescherming én sfeer</h3> <p>Met dit tafelzeil kies je niet alleen voor een leuke look, maar ook voor een slimme oplossing: het <strong>duurzame PVC-materiaal</strong> beschermt je tafel tegen slijtage, vlekken, krassen en lekkages. Geen zorgen bij een glas rode wijn of een knoeierige eter — gewoon afnemen en verder genieten. Het resultaat: een tafel die er altijd netjes uitziet én een huiskamer of terras die uitnodigt.</p> <h3>Voor binnen én buiten</h3> <p>Of je nu binnen eet of buiten op het terras zit, dit exemplaar presteert: het is <strong>afwasbaar</strong>, waterafstotend en licht onderhoudsarm. Zo kun je meer tijd besteden aan gezelschap en minder aan schoonmaak.</p> <h3>Mooi design + praktische details</h3> <ul> <li> <p><strong>Kleur/design:</strong> Rood met kersenprint — stijlvol en vrolijk.</p> </li> <li> <p><strong>Materiaal:</strong> PVC (afwasbaar) — snelle reiniging, hoge bescherming.</p> </li> <li> <p><strong>Gebruik:</strong> Geschikt voor dagelijks gebruik, kinderfeestjes, buitenmaaltijden of gezellige diners.</p> </li> </ul> <h3>Waarom dit tafelzeil kiezen?</h3> <ul> <li> <p><strong>Verliesaversie-trigger:</strong> “Bescherm je tafel nu tegen krassen en vlekken — want een nieuw tafelblad is duurder dan dit tafelzeil.”</p> </li> <li> <p><strong>Sociale bewijskracht:</strong> Het merk Raved staat bekend om kwaliteitsvolle tafelzeilen met vrolijke prints die veel huishoudens gebruiken.</p> </li> <li> <p><strong>Urgentie-element:</strong> Maak je tafel vandaag nog klaar voor gasten of een ontspannen maaltijd — wacht niet tot het weer knoeien gebeurt.</p> </li> </ul> <h3>Onderhoudstip</h3> <p>Veeg het tafelzeil eenvoudig schoon met een vochtige doek. Gebruik geen agressieve schoonmaakmiddelen om de print en het materiaal mooi te houden. Rol het los op voor langere levensduur — zo blijft de kersenprint levendig en de PVC-laag intact.</p> <p><strong>Voeg stijl, gemak en bescherming toe aan je tafel – kies vandaag dit Raved tafelzeil en geniet elke dag weer van een vrolijke tafel.</strong></p>",1.0,stuk(s),Beige; Rood; Groen,PVC,Raved,250.0,cm,N,,Tafelzeil,Rechthoek,N,N,,,N,0.0,cm,3 maanden,,,,,N,,,Effen,140.0,cm,2.0,kg,,Aardbeien,Geen,26.0,cm,3.0,cm,37.0,cm,2.0,kg,1 stuk,Voor binnen & buiten,Machinewas 30 °C,10.xlsx,,,,,,,,,,,,,,,"https://media.s-bol.com/3N1VG4LyYnrR/r0WpQYB/1024x1024.jpg,https://media.s-bol.com/q1xL9Gyy75Q7/r0WpQYB/124x110.jpg,https://media.s-bol.com/DPBDDwr4G6WY/YO9XmM/1024x1024.jpg,https://media.s-bol.com/5PyKg6NEGzAA/r0WpQYB/124x40.jpg,https://media.s-bol.com/k1RXPyqlE3x6/r0WpQYB/1024x1024.jpg,https://media.s-bol.com/8V2KlkQ7L033/r0WpQYB/1024x1024.jpg"
Raved Tafelzeil 140x160 cm - Zwart Ruit - PVC - Afwasbaar - Duurzaam,,9506779213418,Tafellaken,,"<p>Breng stijl en gemak naar je eettafel met dit <strong>Raved tafelzeil</strong> in zwart ruitmotief. Gemaakt van <strong>duurzaam PVC</strong> en volledig <strong>afwasbaar</strong>, ideaal om je tafel te beschermen tegen vlekken en krassen zonder in te leveren op uitstraling.</p> <p>Geef je eettafel een stijlvolle én praktische upgrade met het <strong>Raved tafelzeil </strong> in zwart ruitmotief. Dit tafelzeil is speciaal ontworpen voor wie houdt van een verzorgd interieur maar geen tijd wil verliezen aan eindeloos schoonmaken. Dankzij het <strong>afwasbare PVC-materiaal</strong> maak je vlekken, kruimels en vocht eenvoudig schoon met een vochtige doek. Zo blijft jouw tafel elke dag fris en netjes, zelfs bij intensief gebruik door het hele gezin.</p> <h3>Bescherming en duurzaamheid</h3> <p>Een eettafel is vaak het middelpunt van het huis: van ontbijt met het gezin tot gezellige etentjes met vrienden. Helaas leidt dit vaak tot krassen, kringen en vlekken. Met dit <strong>PVC tafelzeil</strong> bescherm je je tafelblad optimaal. Het materiaal is stevig, <strong>duurzaam</strong> en bestand tegen dagelijks gebruik. Daarmee is het een slimme investering die je tafel jarenlang mooi houdt.</p> <h3>Stijlvol design</h3> <p>Het <strong>zwarte ruitmotief</strong> geeft een moderne, tijdloze uitstraling die past in zowel een strak interieur als een landelijke woonstijl. Waar veel tafelzeilen een goedkope uitstraling hebben, biedt Raved een combinatie van <strong>kwaliteit en elegantie</strong> die je eethoek direct naar een hoger niveau tilt.</p> <h3>Eenvoudig in gebruik</h3> <p>Naast stijl en bescherming is gemak minstens zo belangrijk. Dit <strong>afwasbare tafelzeil</strong> is onderhoudsvriendelijk: een vochtige doek of mild sopje is voldoende om vlekken te verwijderen. Geen gedoe met wassen of strijken, altijd direct klaar voor gebruik. Bovendien verschuift het niet snel, zodat je zonder zorgen kunt genieten van elke maaltijd.</p> <h3>Toepassingen</h3> <p>Dit tafelzeil is niet alleen geschikt voor dagelijks gebruik binnenshuis, maar ook ideaal voor buiten op het terras of tijdens een feestje. Zo combineer je functionaliteit met veelzijdigheid.</p> <p><strong>Waarom kiezen voor Raved?</strong></p> <ul> <li> <p><strong>Afwasbaar PVC</strong>: hygiënisch en praktisch in onderhoud</p> </li> <li> <p><strong>Zwart ruit design</strong>: stijlvol en tijdloos</p> </li> <li> <p><strong>Duurzaam materiaal</strong>: lange levensduur en sterke bescherming</p> </li> </ul> <p>Maak je leven gemakkelijker en je interieur mooier met dit <strong>Raved tafelzeil</strong>. Bestel vandaag nog en ervaar hoe stijl en gebruiksgemak perfect samenkomen.</p>",1.0,stuk(s),Zwart,PVC,Raved,160.0,cm,N,,Tafelzeil,Rechthoek,N,N,,,N,0.0,cm,3 maanden,,,,,N,,,Overig,140.0,cm,2.0,kg,,Vierkantjes,Geen,26.0,cm,3.0,cm,37.0,cm,2.0,kg,1 stuk,Voor binnen & buiten,Afnemen met een natte doek,10.xlsx,,,,,,,,,,,,,,,https://media.s-bol.com/rvEmrArJNgA4/8Rn14l/550x264.jpg
Raved Tafelzeil – 140 cm x 350 cm – Hout Celadon – PVC – Afwasbaar,,9507632884288,Tafellaken,,"<p>Bescherm je tafel stijlvol met dit <strong>PVC-tafelzeil in houtlook (Celadon)</strong> dat direct <strong>sfeervolle uitstraling, een afwasbare laag en duurzame houtprint</strong> biedt. Ideaal voor binnen én buiten, zodat jij ontspannen kunt genieten zonder zorgen om vlekken of brandplekken.</p> <p>Maak kennis met het <strong>premium tafelzeil</strong> van Raved — speciaal ontworpen voor wie zijn tafel wil beschermen én verfraaien. Met het <strong>primair zoekwoord “tafelzeil”</strong> voeren we meteen het gesprek over de directe oplossing voor jouw verzorgde woonstijl.</p> <h3>Sfeervolle houtlook-stijl</h3> <p>Het tafelzeil is uitgevoerd in de trendy kleur <strong>Celadon</strong>, gecombineerd met een elegante <strong>houtlookprint</strong> waardoor de uitstraling luxe én natuurlijk is. Het geeft jouw eet- of tuintafel een frisse upgrade zonder dat je een compleet nieuw tafelblad hoeft te kopen.</p> <h3>Duurzaam materiaal & eenvoudig onderhoud</h3> <p>Gemaakt van <strong>PVC</strong>, dit tafelzeil is volledig <strong>afwasbaar</strong> – ideaal bij koffiekringen, kinderspetters of een barbecue op het terras. Dankzij de beschermende laag hoef je je geen zorgen meer te maken over brandplekken of randen van een hete pan; het tafelzeil houdt stand in het dagelijks gebruik. </p> <h3>Voor binnen én buiten</h3> <p>Of je nu een diner hebt in de gezellige eetkamer of een borrel op het balkon, dit tafelzeil is gemaakt voor veelzijd gebruik. De breedte van 140 cm past op veel standaard tafels, waardoor hij zeer geschikt is voor zowel kleinere als middelgrote tafels. </p> <h3>Praktische voordelen in één oogopslag</h3> <ul> <li> <p>Beschermt tegen vlekken, krassen en hitte – ideaal bij gezinsgebruik of bezoek.</p> </li> <li> <p>Lichtgewicht én snel te bevestigen – perfect voor een spontaan etentje buiten.</p> </li> <li> <p>Stijlvol houtlook-design in Celadon – past bij moderne én klassieke interieurstijlen.</p> </li> <li> <p>Afwasbaar en gemakkelijk schoon te maken – minder schoonmaakkosten, meer tijd voor samenzijn.</p> </li> </ul> <h3>Beschrijf het materiaal, maat en merk</h3> <p>Het product komt van merk Raved, in de maat 140 cm x 160 cm, gemaakt van hoogwaardig PVC met een afwasbare toplaag. De houtlookprint in Celadon zorgt voor een rustige en natuurlijke uitstraling bovenop de praktische eigenschappen.</p> <h3>Verliesaversie + sociale bewijskracht</h3> <p>Stel je voor: een mooie stoel, familie of vrienden aan tafel… en dan een glas rode wijn zakt over het tafelblad. Zonder goed bescherming-tafelzeil kun je reparaties of vervanging overwegen. Met dit tafelzeil voel je jezelf gerust—je tafel blijft zoals nieuw. Laat je tafel niet zijn uitstraling verliezen. Kies voor bescherming én stijl zoals al veel tevreden klanten doen.</p> <h3>Call-to-action</h3> <p>Til je tafel naar een hoger niveau van stijl én functioneel gemak — kies nu voor dit afwasbare PVC-tafelzeil in houtlook Celadon en geniet direct van rust, sfeer en onderhoudsgemak. Bestel vandaag nog en geef je tafel de bescherming die hij verdient!</p>",1.0,stuk(s),Celadon,PVC,Raved,350.0,cm,N,,Tafelzeil,Rechthoek,N,N,,,N,,,3 maanden,,,,,N,,,Overig,140.0,cm,2.0,kg,,Hout,Geen,26.0,cm,3.0,cm,37.0,cm,2.0,kg,1 stuk,Voor binnen & buiten,Afnemen met een natte doek,10.xlsx,,,,,,,,,,,,,,,"https://media.s-bol.com/7wnpr5jBvVEB/5Ok7xq/124x61.jpg,https://media.s-bol.com/xBnw033YRLZP/Jv9XoD/124x105.jpg,https://media.s-bol.com/zEvy8331WY22/Jv9XoD/1024x1024.jpg,https://media.s-bol.com/yDox433ZV21R/Jv9XoD/124x89.jpg,https://media.s-bol.com/q9pMgJKMPlkR/Dz1KKB/124x110.jpg,https://media.s-bol.com/qr7mE33OKo7R/Jv9XoD/124x112.jpg,https://media.s-bol.com/2O6PPO8jApKK/Jv9XoD/1024x1024.jpg"
Raved Tafelzeil – 140 cm x 300 cm – Kerst Metallic Grijs – PVC – Afwasbaar,,9507486795150,Tafellaken,,"<p>Ontdek het elegante <strong>metallic grijs tafelzeil</strong> van Raved – gemaakt van <strong>duurzaam PVC</strong>, <strong>afwasbaar</strong> en direct klaar voor uw feesttafel. Bescherm uw tafel tegen knoeien, kringen en brandplekken, én creëer direct een sfeervolle setting voor kerst of nieuwjaar.</p> <p>Breng luxueuze sfeer en zorgeloze functionaliteit samen met het <strong>Raved tafelzeil in Metallic Grijs</strong>, vervaardigd uit hoogwaardig <strong>PVC</strong> en volledig <strong>afwasbaar</strong>. Dit tafelzeil is speciaal ontworpen voor feestelijke gelegenheden — denk aan kerst, oud & nieuw of een stijlvolle diner-avond — maar is ook perfect voor dagelijks gebruik wanneer u een elegante basis wilt zonder permanent risico op vlekken of beschadiging.</p> <h3>Bescherm en decoreer</h3> <p>past dit tafelzeil uitstekend op kleinere of gemiddelde eettafels, waardoor u direct een verzorgde look creëert. Het metallic grijze design reflecteert licht subtiel en voegt een feestelijk, modern accent toe aan uw interieur. Tegelijkertijd voorkomt het tafelzeil knoeien, kringen van hete pannen of brandplekken — zo hoeft u zich minder zorgen te maken en kunt u gerust aanschuiven.</p> <h3>Materialen & onderhoud</h3> <p>Het tafelzeil is vervaardigd uit <strong>PVC</strong>, een materiaal dat bekend staat om zijn duurzaamheid, water- en vuilbestendigheid en eenvoudige reiniging. Dankzij de afwasbare afwerking veegt u het schoon met een vochtige doek — geen gedoe met wassen of langdurig onderhouden. Dankzij deze praktische eigenschappen wordt het tafelzeil zowel functioneel als stijlvol onderdeel van uw inrichting.</p> <h3>Veelzijdig gebruik</h3> <p>Of u nu een intieme kerstlunch organiseert, een glamour-avond met vrienden of gewoon iedere dag een nettere tafel wenst — dit tafelzeil past perfect. Het metallic grijs combineert uitstekend met warme houttinten, glanzende accessoires of feestelijke decoraties. Dankzij het beschermende karakter is het bovendien ideaal voor gezinnen met kinderen, huisdieren of gasten.</p> <h3>Waarom dit tafelzeil?</h3> <ul> <li> <p><strong>Elegant design</strong>: metallic grijs brengt feestelijke luxe naar uw tafel</p> </li> <li> <p><strong>Bescherming & gemak</strong>: vermijdt brandplekken, vlekken en knoeien</p> </li> <li> <p><strong>Gebruiksvriendelijk</strong>: eenvoudig schoon te maken en direct in gebruik</p> </li> <li> <p><strong>Veelzijdig inzetbaar</strong>: geschikt voor feestdagen én dagelijks gebruik</p> </li> </ul> <p>Aarzel niet en geef uw eettafel de upgrade die hij verdient. Bestel vandaag nog het <strong>Raved tafelzeil – Metallic Grijs</strong> en geniet van stijl, huiselijke warmte en gemoedsrust tijdens elke maaltijd <strong>— klik op ‘In winkelwagen’ en maak uw tafel klaar voor de spotlight</strong>.</p>",1.0,stuk(s),Grijs,PVC,Raved,300.0,cm,N,,Tafelzeil,Rechthoek,N,N,,,N,,,3 maanden,,,,,N,,,Effen,140.0,cm,2.0,kg,,Kerst,Geen,26.0,cm,3.0,cm,37.0,cm,2.0,kg,Tafelzeil,Voor binnen & buiten,Machinewas 30 °C,10.xlsx,,,,,,,,,,,,,,,"https://media.s-bol.com/mn2Y4W99WvQG/XNvroo/124x58.jpg,https://media.s-bol.com/jPgOE3VQR615/oDVWLL/124x110.jpg,https://media.s-bol.com/vzlryr1JjqNV/XN9PZA/124x89.jpg,https://media.s-bol.com/mnOgmg5XEQZr/XN9PZA/124x112.jpg,https://media.s-bol.com/rv8nrn17YZJw/XN9PZA/1024x1024.jpg,https://media.s-bol.com/0ErvLZEWoyy3/XN9PZA/1024x1024.jpg,https://media.s-bol.com/noxj0j1Jzr5E/XN9PZA/124x105.jpg"
Raved Tafelzeil – 140 cm x 230 cm – Getekende Bladeren Groen – PVC – Afwasbaar,,9509171284970,Tafellaken,,"<p>Ervaar direct een stijlvolle én beschermende eettafel met dit <strong>afwasbare PVC-tafelzeil</strong> in een frisse <strong>bladerenprint groen</strong>. Ideaal voor binnen én buiten – comfortabel, praktisch én mooi in één.</p> <p>Ontdek hoe je met het <strong>primair zoekwoord “tafelzeil”</strong> jouw tafel beschermt én verrijkt met stijl. Dit hoogwaardige tafellaken van het merk <strong>Raved</strong> combineert kwaliteit en design in één slimme oplossing. Het materiaal is stevig <strong>PVC</strong>, waardoor dit tafelzeil <strong>afwasbaar</strong>, vocht­bestendig en uiterst onderhoudsvriendelijk is – ideaal voor gezinnen, tuintafels of hobbytafels waar geknoeid wordt of veel gebruik is.</p> <h3>Bescherming én sfeer</h3> <p>Met de mooie bladerenprint in groen voeg je direct een natuurlijke, frisse uitstraling toe aan je interieur of buitenruimte. Het dessin is subtiel en stijlvol, waardoor het zowel past in een moderne woonstijl als in een landelijke of botanische setting. Het tafelzeil is een slimme investering: je voorkomt kringen van warme pannen, vlekken van knoeien én slijtage door dagelijks gebruik.</p> <h3>Binnen & buiten gebruik</h3> <p>Dankzij het robuuste PVC-materiaal is het tafelzeil geschikt voor zowel binnen als buiten. Creëer een gezellige eethoek in de keuken of geniet buiten op het terras of in de serre zonder zorgen. Let er wel op dat je het tafelzeil bij regen of fel zonlicht even binnenhaalt om kleurvervaging en schade door weersinvloeden te beperken.</p> <h3>Onderhoud en gebruiksgemak</h3> <p>Het materiaal is eenvoudig schoon te maken – neem het zeil af met een vochtige doek en het ziet er weer als nieuw uit. Geen langdurig wassen of strijken, geen gedoe. Dankzij de breedte van 140 cm (maat apart in de titel) past het uitstekend op standaard tafels en biedt voldoende overhang. Het merk Raved staat bekend om degelijke tafelkleden en tafelzeilen die sfeer en functionaliteit combineren. </p> <h3>Waarom kiezen voor dit tafelzeil?</h3> <ul> <li> <p><strong>USP 1:</strong> Afwasbaar PVC-materiaal – direct schoon en klaar voor gebruik</p> </li> <li> <p><strong>USP 2:</strong> Stijlvolle bladerenprint groen – geeft elke tafel een upgrade</p> </li> <li> <p><strong>USP 3:</strong> Geschikt voor binnen en buiten – veelzijdig in gebruik<br />Door deze combinatie van design en bescherming maak je het jezelf makkelijker én leuker. Herinner je het gevoel: gezelligheid aan tafel, zonder zorgen over knoeien of slijtage.</p> </li> </ul> <p><strong>Call-to-action:</strong> Wacht niet langer – geef je tafel de uitstraling én bescherming die hij verdient. Kies vandaag het Raved tafelzeil en creëer een sfeervolle tafel waar iedereen graag aanschuift.</p>",1.0,stuk(s),Groen,PVC,Raved,230.0,cm,N,,Tafelzeil,Rechthoek,N,N,,,N,,,3 maanden,,,,,N,,,Overig,140.0,cm,1.0,kg,,Print,Geen,26.0,cm,3.0,cm,37.0,cm,1.0,kg,1x Tafelzeil,Voor binnen & buiten,Machinewas 30 °C,10.xlsx,,,,,,,,,,,,,,,https://media.s-bol.com/4OxKr5Dq3p01/KOlBmR8/550x550.jpg
Raved Tafelzeil 140x310 cm - Zwart Ruit - PVC - Afwasbaar - Duurzaam,,9509471377211,Tafellaken,,"<p>Breng stijl en gemak naar je eettafel met dit <strong>Raved tafelzeil</strong> in zwart ruitmotief. Gemaakt van <strong>duurzaam PVC</strong> en volledig <strong>afwasbaar</strong>, ideaal om je tafel te beschermen tegen vlekken en krassen zonder in te leveren op uitstraling.</p> <p>Geef je eettafel een stijlvolle én praktische upgrade met het <strong>Raved tafelzeil </strong> in zwart ruitmotief. Dit tafelzeil is speciaal ontworpen voor wie houdt van een verzorgd interieur maar geen tijd wil verliezen aan eindeloos schoonmaken. Dankzij het <strong>afwasbare PVC-materiaal</strong> maak je vlekken, kruimels en vocht eenvoudig schoon met een vochtige doek. Zo blijft jouw tafel elke dag fris en netjes, zelfs bij intensief gebruik door het hele gezin.</p> <h3>Bescherming en duurzaamheid</h3> <p>Een eettafel is vaak het middelpunt van het huis: van ontbijt met het gezin tot gezellige etentjes met vrienden. Helaas leidt dit vaak tot krassen, kringen en vlekken. Met dit <strong>PVC tafelzeil</strong> bescherm je je tafelblad optimaal. Het materiaal is stevig, <strong>duurzaam</strong> en bestand tegen dagelijks gebruik. Daarmee is het een slimme investering die je tafel jarenlang mooi houdt.</p> <h3>Stijlvol design</h3> <p>Het <strong>zwarte ruitmotief</strong> geeft een moderne, tijdloze uitstraling die past in zowel een strak interieur als een landelijke woonstijl. Waar veel tafelzeilen een goedkope uitstraling hebben, biedt Raved een combinatie van <strong>kwaliteit en elegantie</strong> die je eethoek direct naar een hoger niveau tilt.</p> <h3>Eenvoudig in gebruik</h3> <p>Naast stijl en bescherming is gemak minstens zo belangrijk. Dit <strong>afwasbare tafelzeil</strong> is onderhoudsvriendelijk: een vochtige doek of mild sopje is voldoende om vlekken te verwijderen. Geen gedoe met wassen of strijken, altijd direct klaar voor gebruik. Bovendien verschuift het niet snel, zodat je zonder zorgen kunt genieten van elke maaltijd.</p> <h3>Toepassingen</h3> <p>Dit tafelzeil is niet alleen geschikt voor dagelijks gebruik binnenshuis, maar ook ideaal voor buiten op het terras of tijdens een feestje. Zo combineer je functionaliteit met veelzijdigheid.</p> <p><strong>Waarom kiezen voor Raved?</strong></p> <ul> <li> <p><strong>Afwasbaar PVC</strong>: hygiënisch en praktisch in onderhoud</p> </li> <li> <p><strong>Zwart ruit design</strong>: stijlvol en tijdloos</p> </li> <li> <p><strong>Duurzaam materiaal</strong>: lange levensduur en sterke bescherming</p> </li> </ul> <p>Maak je leven gemakkelijker en je interieur mooier met dit <strong>Raved tafelzeil</strong>. Bestel vandaag nog en ervaar hoe stijl en gebruiksgemak perfect samenkomen.</p>",1.0,stuk(s),Zwart,PVC,Raved,310.0,cm,N,,Tafelzeil,Rechthoek,N,N,,,N,,,3 maanden,,,,,N,,,Overig,140.0,cm,2.0,kg,,Vierkantjes,Geen,26.0,cm,3.0,cm,37.0,cm,2.0,kg,1 stuk,Voor binnen & buiten,Afnemen met een natte doek,10.xlsx,,,,,,,,,,,,,,,https://media.s-bol.com/9ypDoVmr94OB/wGzVWJ/550x264.jpg
Raved Tafelzeil - 140 cm x 300 cm Lente Bloemen Grijs - PVC – Afwasbaar,,9506417368692,Tafellaken,,"<p>Maak je eettafel direct sfeervol én praktisch met dit <strong>afwasbare PVC-­tafelzeil</strong> van Raved met een stijlvol <strong>bloemenmotief op grijze ondergrond</strong>, dat je tafel beschermt tegen vlekken, knoeien en slijtage. Perfect voor zowel <strong>binnen als buiten</strong>.</p> <p>Breng een frisse lentevibe naar je tafel met dit <strong>T</strong><strong>afelzeil “Lente Bloemen” van Raved</strong> — ideaal voor wie stijl én gemak wil combineren. Het <strong>primair zoekwoord tafelzeil”</strong> wordt direct zichtbaar in de eerste alinea, samen met de belangrijkste eigenschappen.<br />Dit tafelzeil is vervaardigd uit <strong>duurzaam PVC-materiaal</strong>, waardoor het eenvoudig te reinigen is en bestand tegen knutselende kinderen, spontane buitenmaaltijden of gezellige diners met vrienden. De <strong>kleur grijs met wit bloemenpatroon</strong> geeft een moderne en frisse uitstraling die moeiteloos past bij allerlei interieur- of tuinstijlen.</p> <h3>Voordelen in één oogopslag</h3> <ul> <li> <p><strong>Bescherming & gemak</strong>: door het gladde PVC kun je direct eten of drinken serveren zonder bang te zijn voor vlekken of beschadigingen.</p> </li> <li> <p><strong>Flexibel gebruik</strong>: geschikt voor gebruik <strong>binnen én buiten</strong>, waardoor je tafel het hele jaar door verzorgd oogt. </p> </li> <li> <p><strong>Stijlvol design</strong>: het bloemenmotief op de grijze ondergrond zorgt voor een frisse, natuurlijke sfeer die zowel in de keuken als op het terras werkt.</p> </li> </ul> <h3>Specificaties & kwaliteit</h3> <ul> <li> <p>Materiaal: <strong>PVC / plastic</strong> – stevig, praktisch én afwasbaar. Kleur: grijze ondergrond met een wit bloemenpatroon – subtiel en elegant. </p> </li> <li> <p>Merk: Raved – specialist in tafelkleden/tafelzeilen met oog voor design en gebruiksgemak. </p> </li> <li> <p>Geschikt voor: dagelijks gebruik, gezinsmaaltijden, buitenmaaltijden, knutselmomenten, feestmomenten – kortom: jouw tafel kan alles aan.</p> </li> </ul> <h3>Waarom kiezen voor dit tafelzeil?</h3> <p>Stel je voor: je hebt net een prachtig gedekte tafel, de kinderen eten buiten, vrienden schuiven aan voor een borrel – en jij hoeft je geen zorgen te maken over vlekken of krassen. Dit tafelzeil geeft je die rust én stijl. Veel tafelkleden zien er mooi uit, maar dit exemplaar maakt het écht makkelijk – schoonmaken is zo gedaan.<br /><strong>Sociale bewijskracht</strong>: veel gebruikers waarderen hoe moeiteloos het onderhoud is en hoe het design direct de sfeer verhoogt.<br /><strong>Verliesaversie-trigger</strong>: Een tafel zonder goede bescherming loopt risico op blijvende vlekken of beschadiging – kies nu voor zekerheid.<br /><strong>Urgentie</strong>: Met het juiste zeil zorg je dat het nieuwe seizoen vliegend van start gaat en de tafel meteen uitnodigend is.</p> <h3>Onderhoud & gebruikstips</h3> <ul> <li> <p>Veeg het tafelzeil af met een vochtige doek – geen gedoe met speciale schoonmaakmiddelen.</p> </li> <li> <p>Gebruik het buiten? Haal het bij aanhoudende regen naar binnen om verkleuring of verwering te voorkomen. </p> </li> <li> <p>Combineer met placemats of dienbladen voor extra bescherming én stijl.</p> </li> </ul> <p><strong>Conclusie:</strong> Kies dit tafelzeil van Raved voor een combinatie van stijl, gemak en duurzaamheid. Breng frisheid in huis of tuin met het bloemenmotief, en ervaar hoe eenvoudig het wordt om je tafel er verzorgd uit te laten zien.<br /><strong>Bestel vandaag nog</strong> en geef je tafel de bescherming én uitstraling die het verdient.</p>",1.0,stuk(s),Wit; Grijs,PVC,Raved,300.0,cm,N,,Tafelzeil,Rechthoek,N,N,,,N,,,3 maanden,,,,,N,,,Overig,140.0,cm,2.0,kg,,Bloemen,Geen,26.0,cm,3.0,cm,37.0,cm,2.0,kg,,Voor binnen & buiten,Afnemen met een natte doek,10.xlsx,,,,,,,,,,,,,,,"https://media.s-bol.com/g0JMMQRoXJK9/MjnXRQ5/1024x1024.jpg,https://media.s-bol.com/NJkWW5lyyj8D/MjnXRQ5/1024x1024.jpg,https://media.s-bol.com/m5ZNNM1xXZ6p/MjnXRQ5/124x101.jpg,https://media.s-bol.com/n1566N2yJrkE/MjnXRQ5/1024x1024.jpg,https://media.s-bol.com/kjZ9x1Jp7DQ5/EZr2BN/1024x1024.jpg,https://media.s-bol.com/l1YEEMZw6YLl/MjnXRQ5/1024x1024.jpg,https://media.s-bol.com/q1xLLMgB8Yn0/MjnXRQ5/124x40.jpg"
Raved Tafelzeil 140×250 cm - Hortensia Groen – PVC - Afwasbaar - Binnen/Buiten,,9508488372936,Tafellaken,,"<p>Geef je tafel direct een stijlvolle én praktische upgrade met het <strong>afwasbare PVC-tafelzeil</strong> van Raved met elegant hortensia-patroon. Bescherm je tafel tegen vlekken én krassen terwijl je <strong>geniet van een uitnodigende sfeer binnen én buiten</strong>.</p> <p>Breng sfeer, stijl én gemoedsrust naar je eettafel of tuintafel met het <strong>Raved Tafelzeil Hortensia</strong>. Dit tafelzeil combineert een prachtig hortensia-bloemenmotief met hoogwaardige, <strong>afwasbare PVC</strong>-kwaliteit – waardoor je dagelijkse maaltijden én feestelijke bijeenkomsten met meer plezier beleeft.</p> <h3>Bescherming en stijl in één</h3> <p>Vergeet zorgen over gemorste wijn, krassen van borden of alledaagse slagen van kinderen – dit tafelzeil biedt een betrouwbare beschermlaag en stelt je in staat om zonder stress te genieten. Het luxe hortensia-patroon voegt direct een frisse, natuurlijke toets toe aan je interieur of terrassetting. Het resultaat: een tafel die eruitziet alsof hij speciaal is gedekt, elke dag opnieuw.</p> <h3>Ideaal voor binnen én buiten</h3> <p>Of je nu een huiselijke familielunch hebt of een zomerse barbecue op het terras, dit tafelzeil is geschikt voor beide situaties. Dankzij het PVC-materiaal kun je eenvoudig met een vochtige doek afnemen – geen gedoe met wassen of strijken. Zo houd je meer tijd over voor het genieten. Dankzij de kleur en het patroon blijft je tafelsetting uitnodigend, ook als het buiten wat ruiger is.</p> <h3>Specificaties & voordelen</h3> <ul> <li> <p><strong>Materiaal:</strong> premium PVC – water- en vuilafstotend, eenvoudig schoon te maken.</p> </li> <li> <p><strong>Kleur/Design:</strong> groen achtergrond met weelderig hortensia-bloemenmotief – stijlvol en fris.</p> </li> <li> <p><strong>Gebruik:</strong> binnen en buiten – ideaal voor eetkamer, keuken, serre of tuin.</p> </li> <li> <p><strong>Onderhoud:</strong> simpel afnemen met een vochtige doek; minder stress, meer genieten.</p> </li> <li> <p><strong>USP’s:</strong> beschermt tafel tegen krassen & vlekken; direct stijlvolle uitstraling; gebruiksklaar voor elke gelegenheid.</p> </li> </ul> <h3>Waarom kiezen voor dit tafelzeil?</h3> <p>Veel huishoudens onderschatten hoe vervelend het is als een mooie tafel beschadigd raakt of er slijtage ontstaat. Door te kiezen voor dit tafelzeil vermijd je uiteindelijk hogere kosten voor nieuw meubilair of verf/beits. Bovendien geeft het je tafel direct een upgrade – iets waar je gasten over praten. Stijlvol is leuk, maar praktisch is essentieel: tweemaal zo genieten, half zo veel moeite.</p> <h3>Call-to-action</h3> <p>Wil je eindelijk relaxen bij het diner zonder zorgen over vlekken of beschadigingen? Bestel dan vandaag het <strong>Raved Tafelzeil Hortensia</strong> en maak van je tafel een plek waar je trots op bent én waar je met volledige aandacht van het moment kunt genieten. Klik op ‘In winkelwagen’ en laat jouw tafel bloeien.</p>",1.0,stuk(s),Groen; Paars; Roze; Rood,PVC,Raved,250.0,cm,N,,Tafelzeil,Rechthoek,N,N,,,N,0.0,cm,2 maanden,,,,,N,,,Gebloemd,140.0,cm,0.3,kg,,Bloemen,0657452723,26.0,cm,3.0,cm,37.0,cm,0.2,kg,Afnemen met een natte doek,Voor binnen & buiten,Afnemen met een natte doek,10.xlsx,,,,,,,,,,,,,,,https://media.s-bol.com/jKlv4oqXKPO5/73pQo08/550x270.jpg
Raved Tafelzeil 140×140 cm - Bruin Tegel-Houtlook - PVC - Afwasbaar,,9506874961788,Tafellaken,,"<p>Geef je tafel direct een stijlvolle upgrade met dit <strong>houten tegel-dessin tafelzeil</strong> van Raved. Dankzij de <strong>afwasbare PVC-laag</strong> is knoeien geen drama meer: <strong>bescherm je tafel én creëer sfeer</strong>.</p> <p>**Verbeter direct je tafelbeleving met het **Raved Tafelzeil Tegel Hout  Bruin PVC Afwasbaar — een perfecte mix van stijl, bescherming en praktisch gebruiksgemak.</p> <h3>Stijlvol en functioneel</h3> <p>Het <strong>primair zoekwoord</strong> “tafelzeil” komt hier prominent voor: dit tafelzeil met in de kleur <strong>bruin</strong>, heeft een elegant tegel-houtlook-design dat een warme, natuurlijke uitstraling geeft aan zowel je eetkamer als de tuinset. Dankzij het <strong>materiaal</strong> PVC is het oppervlak stevig, soepel en direct klaar voor gebruik.</p> <h3>Bescherming & onderhoud</h3> <p>Met dit tafelzeil is je tafel gelijk goed beschermd: de afwasbare PVC-laag zorgt ervoor dat gemorste koffie, saus of kruimels geen kans krijgen. Een snelle veeg met een vochtige doek of spons volstaat en je tafel oogt weer als nieuw. Geen gedoe meer met dure tafelkleden die kreuken of met moeilijk schoon te maken stof.</p> <h3>Binnen en buiten geschikt</h3> <p>Gebruik het tafelzeil zowel <strong>binnen als buiten</strong>: perfect voor de eettafel, tuintafel of serre. Let op: bij regen of langdurige bewolking verdient het de aanbeveling het tafelzeil binnen op te bergen om de levensduur te maximaliseren.</p> <h3>Productvoordelen in één overzicht</h3> <ul> <li> <p>Kleur: <strong>Bruin</strong>, design: tegel-houtlook — past bij naturel en industrieel interieur.</p> </li> <li> <p>Materiaal: <strong>PVC</strong>, vlek- en afwasbaar — maximaal gebruiksgemak.</p> </li> <li> <p>Merk: Raved — vertrouwd in tafeltextiel-accessoires.</p> </li> <li> <p>Eenvoudige schoonmaak & onderhoud — bespaart tijd en zorgt voor gemoedsrust.</p> </li> </ul> <h3>Waarom kiezen voor dit tafelzeil?</h3> <p>Stel je voor: een spontaan etentje, druk gezin of gezellige tuinmiddag. Dankzij dit tafelzeil hoef je je geen zorgen te maken over knoeien of tafelschade. Daarmee speel je in op de wens naar gemak én een mooie uitstraling. Het biedt echte <strong>bescherming</strong>, dat is de logische kant, én creëert direct <strong>sfeer</strong>, de emotionele kant. Nu kiezen is slim: zonder dit beschermende lagen sta je bloot aan vlekken, brandplekken of vocht—laten we dat liever voorkomen.</p> <h3>Call-to-action</h3> <p>Wacht niet langer: selecteer vandaag nog dit stijlvolle tafelzeil, leg het direct op je tafel en geniet van een verzorgde uitstraling <strong>én</strong> praktisch gemak. Geef je tafel de upgrade die hij verdient — klik op “in winkelwagen” en maak je interieur weer tiptop klaar!</p>",1.0,stuk(s),Bruin,PVC,Raved,140.0,cm,N,,Tafelzeil,Rechthoek,N,N,,,N,,,3 maanden,,,,,N,,,Overig,140.0,cm,2.0,kg,,Hout,Geen,26.0,cm,3.0,cm,37.0,cm,2.0,kg,,Voor binnen & buiten,Afnemen met een natte doek,10.xlsx,,,,,,,,,,,,,,,"https://media.s-bol.com/xgkLYymPWlnz/vg65ljX/1024x1024.jpg,https://media.s-bol.com/n156LloBBE8p/vg65ljX/1024x1024.jpg,https://media.s-bol.com/j1R6EBkEpmxz/vg65ljX/124x104.jpg,https://media.s-bol.com/YnWNAnz9Vyx0/REVK2z/1024x1024.jpg,https://media.s-bol.com/1nWPln0vVWEG/REVK2z/124x89.jpg,https://media.s-bol.com/Qjz5gpkPJRW7/DRKr9yA/124x103.jpg,https://media.s-bol.com/ZoYNBoA9ZYv8/REVK2z/124x112.jpg,https://media.s-bol.com/RkA5jqlQYnRY/REVK2z/1024x1024.jpg,https://media.s-bol.com/v12LWwzXgoAn/vg65ljX/1024x1024.jpg,https://media.s-bol.com/MG8WRX6Y3zjP/vg65ljX/1024x1024.jpg,https://media.s-bol.com/o12XMm03zK9z/vg65ljX/124x40.jpg"
Raved Tafelzeil 140 cm x 100 cm - Macarons Roze - PVC - Afwasbaar,,9508946424412,Tafellaken,,"<p>Maak van elke maaltijd een stijl­moment met dit <strong>afwasbare PVC tafelzeil</strong> in een vrolijke <strong>roze macarons-print</strong> – eenvoudig schoon te maken en direct sfeer aan tafel.</p> <p>**Maak indruk met het <strong>Raved Tafelzeil in roze macarons-design</strong>, de slimme keuze voor wie een tafelsetting wil die zowel mooi als functioneel is. Dit <strong>tafelzeil</strong> biedt <strong>bescherming én stijl</strong>: heeft een <strong>duurzaam PVC-materiaal</strong>, is <strong>afwasbaar</strong> met een vochtige doek en zorgt ervoor dat jouw tafel er elke dag fris uitziet.</p> <h3>Bescherming en styling in één</h3> <p>Met dit tafelzeil combineer je direct twee behoeften: bescherming van je tafel tegen kringen, knoeien, vlekken en slijtage, én een vrolijk design dat je eet- of tuintafel transformeert. De zachte roze achtergrond met speelse macarons zorgt voor een uitnodigende sfeer — perfect voor gezinsmaaltijden, gezellige borrels buiten, of als subtiel accent op je interieur.</p> <h3>Materiaal en onderhoud</h3> <p>Het tafelzeil is vervaardigd van hoogwaardig <strong>PVC</strong>, waardoor het flexibel, water- en vlekbestendig is. Dankzij de handige afneembare eigenschap (met een vochtige doek) houd je het simpel en snel schoon. Let erop dat bij langdurig gebruik buiten, het motief en de kleur het best behouden blijven als je het tafelzeil beschermt tegen extreme weersinvloeden.</p> <h3>Toepassingsmogelijkheden</h3> <p>Of je nu binnen eet of buiten op het terras aanschuift — dit tafelzeil is geschikt voor meerdere situaties: van een spontane kop koffie tot een uitgebreide barbecue met vrienden. Het maakt je tafel direct sfeervoller én praktischer. Dankzij de standaardmaat past het op de meeste tafels (controleer jouw afmetingen). Het vrolijke design haalt ook het beste in je servies en tafeldecor naar boven.</p> <h3>Waarom kiezen voor dit tafelzeil?</h3> <ul> <li> <p>**Veelzijdig gebruik **: geschikt voor zowel binnen als buiten.</p> </li> <li> <p>**Onderhoudsgemak **: eenvoudig schoon te maken, geen ingewikkeld wasprogramma.</p> </li> <li> <p>**Stijlvol motief **: macarons-print voegt direct karakter toe in plaats van een standaard effen doek.</p> </li> <li> <p><strong>Hoge kwaliteit</strong> dankzij het PVC-materiaal: bestand tegen dagelijkse gebruik.</p> </li> </ul> <h3>Let op</h3> <p>Hoewel het tafelzeil buiten gebruikt kan worden, streven we naar optimale duurzaamheid door het te beschermen tegen langdurig zon- of weergebruik.<br />Verzeker je ervan dat jouw tafelvlak schoon en droog is voordat je het tafelzeil legt voor het beste resultaat.</p> <h3>Call-to-action</h3> <p>Kies nu voor bescherming én stijl aan tafel – geef jouw eet- of tuintafel direct een upgrade met het <strong>Raved tafelzeil in roze macarons-print</strong>. Bestel vandaag nog en maak van elk moment aan tafel iets bijzonders!</p>",1.0,stuk(s),Wit; Groen; Rood; Oranje,PVC,Raved,100.0,cm,N,,Tafelzeil,Rechthoek,N,N,,,N,0.0,cm,2 maanden,,,,,N,,,Gebloemd,140.0,cm,0.3,kg,,Jungle,0657452723,26.0,cm,3.0,cm,37.0,cm,0.2,kg,contact@ravedfabrics.com,Voor binnen & buiten,Afnemen met een natte doek,10.xlsx,,,,,,,,,,,,,,,https://media.s-bol.com/q1xDMZmV3ZDR/76qMVLr/550x550.jpg
Raved Tafelzeil Kerst – 140 cm x 200 cm – Winter Wit – PVC – Afwasbaar,,9508937572436,Tafellaken,,"<p>Geef je tafel deze kerst een stijlvolle boost met <strong>een feestelijk wit tafelzeil van PVC</strong>, dat direct zorgt voor <strong>bescherming tegen vlekken & krassen</strong> en dankzij de <strong>afwasbare toplaag</strong> ook nog eens supersnel schoon is.</p> <p>Maak je klaar voor een feestelijke tafelsetting met dit <strong>tafelzeil van het merk Raved</strong>. Dit tafelzeil combineert een sfeervolle <strong>winterse kerstlook</strong> met slimme functionaliteit: het is vervaardigd uit <strong>PVC</strong> en uitgevoerd in een elegante <strong>witte kleur</strong> — perfect passend bij een warme feesttafel, maar dan met het gemak dat je snel weer kunt opruimen.</p> <h3>Waarom dit tafelzeil jouw tafel straks straalt</h3> <ul> <li> <p><strong>Feestelijke uitstraling</strong>: dankzij het winter-kerst design krijgt je eettafel direct dat warme, gezellige gevoel dat past bij de decembermaand.</p> </li> <li> <p><strong>Bescherming én gemak</strong>: het materiaal PVC zorgt ervoor dat je tafel beschermd is tegen wijnvlekken, sausdruppels en hete pannen. Geen weggeschonden servetten meer of angst voor beschadigingen. </p> </li> <li> <p><strong>Snel schoonmaken</strong>: dankzij de afwasbare toplaag veeg je moeiteloos schoon met een vochtige doek. Geen gedoe met gewassen servies, alleen genieten. </p> </li> <li> <p><strong>Compact en veelzijdig</strong>: de maat (140 cm breed) maakt het geschikt voor veel standaardtafels – of je nu een intieme setting hebt of precies dat goede formaat zoekt voor jouw tafel.</p> </li> <li> <p><strong>Merkbetrouwbaarheid</strong>: Raved levert al jaren tafelzeilen die sfeer & kwaliteit combineren – dus je investeert niet alleen in een product, maar in zekerheid.</p> </li> </ul> <h3>Toepassing en onderhoud</h3> <p>Leg het tafelzeil neer vóór je begint met de kerstversiering, zodat het de basis vormt voor je decoratie. Combineer het bijvoorbeeld met groen takkenwerk, kaarslicht en houten accenten voor een natuurlijke uitstraling. Na het kerstdiner veeg je de tafel af — klaar voor de volgende gelegenheid.</p> <h3>Specificaties in één oogopslag</h3> <ul> <li> <p>Materiaal: <strong>PVC</strong></p> </li> <li> <p>Kleur: <strong>Wit</strong></p> </li> <li> <p>Ontwerp: Winter/Kerst</p> </li> <li> <p>Onderhoud: <strong>Afwasbaar</strong> (vochtige doek voldoende)</p> </li> <li> <p>Geschikt voor: binnen- en mogelijk buitengebruik (overdekt)</p> </li> </ul> <h3>Waarom je nu moet kiezen</h3> <p>Wacht niet tot het laatste moment: dit tafelzeil geeft je tafel meteen de feestelijke upgrade die elke gast zal opmerken — en voorkomt tegelijkertijd de stress van schoonmaak achteraf. Bescherm jouw tafel, versterk je sfeer en werk slimmer.</p> <p><strong>Voeg nu toe aan je winkelwagen en creëer die perfecte kersttafel!</strong></p>",1.0,stuk(s),Wit,PVC,Raved,200.0,cm,N,,Tafelzeil,Rechthoek,N,N,,,N,,,3 maanden,,,,,N,,,Overig,140.0,cm,2.0,kg,,Print,Geen,28.5,cm,3.1,cm,39.0,cm,2.0,kg,1x Tafelzeil,Voor binnen & buiten,Machinewas 30 °C,10.xlsx,,,,,,,,,,,,,,,"https://media.s-bol.com/4Ox4vWJqWnqx/8qrgYQL/1024x1024.jpg,https://media.s-bol.com/9WrOA3my3NYx/8qrgYQL/1024x1024.jpg,https://media.s-bol.com/5Py3wAgrAor8/8qrgYQL/124x105.jpg,https://media.s-bol.com/0KROoABmA7Dv/8qrgYQL/124x40.jpg,https://media.s-bol.com/YYQrompWkZN2/jA7LN4/1024x1024.jpg,https://media.s-bol.com/7R3OyDkwD0Vj/8qrgYQL/1024x1024.jpg,https://media.s-bol.com/Y8E0YVn55BpY/8qrgYQL/1024x1024.jpg,https://media.s-bol.com/4Ox4vWJqWnqx/8qrgYQL/168x168.jpg"
Raved Tafelzeil – 140 cm x 270 cm – Pauwen Veren – Geel – PVC – Afwasbaar,,9506852234989,Tafellaken,,"<p>Bescherm je tafel en voeg direct kleur toe met dit <strong>stijlvolle en praktische tafelzeil</strong>. Het <strong>afwasbare PVC-materiaal</strong> zorgt voor eenvoudig onderhoud, terwijl het opvallende <strong>pauwenveren-motief op geel</strong> direct sfeer creëert – perfect voor binnen én buiten.</p> <p>Transformeer je eet- of tuintafel met het <strong>primair zoekwoord</strong> <strong>tafelzeil</strong> van merk <strong>Raved</strong>, met een opvallend patroon van pauwenveren op een warme gele achtergrond. Dit model is uitgevoerd in hoogwaardig <strong>PVC</strong>, dat zowel bescherming biedt als direct stijl toevoegt aan je interieur of buitenplek.</p> <h3>Sfeer en stijl</h3> <p>Het levendige <strong>geel</strong> brengt meteen een zonnige, uitnodigende ambiance, terwijl het motief van <strong>pauwenveren</strong> zorgt voor een exotische en luxe uitstraling. Of je nu gezellig gaat ontbijten, een lange maaltijd hebt met vrienden of het terras aankleedt voor een zomeravond – dit tafelzeil maakt de tafel tot een echte blikvanger.</p> <h3>Duurzaam materiaal & gebruiksgemak</h3> <p>Dankzij het robuuste <strong>PVC-materiaal</strong> geniet je van langdurige kwaliteit: minder slijtage, kleurvastheid en bestand tegen knoeien of vlekken. <strong>Afwasbaar</strong>, dus na het eten eenvoudig afnemen met een vochtige doek – geen gedoe meer met uren poetsen. Daarmee lost dit tafelzeil een belangrijk pijnpunt op: “slechte tafelzeilen die snel verslijten of vlekken zichtbaar blijven”.</p> <h3>Binnen én buiten</h3> <p>Of je nu eet aan de eettafel of geniet op het terras: dit tafelzeil is ontworpen voor veelzijdig gebruik. Door de brede standaardbreedte van 140 cm (maatvoorbeeld) past het makkelijk op veel standaardtafels. Let op: om de schitterende kleur en het motief optimaal te behouden, is direct blootstellen aan extreme weersinvloeden minder ideaal, dus bij langdurige buitenopslag is een afdekking aanbevolen. </p> <h3>Bescherm je tafel & creëer rust</h3> <p>Met dit tafelzeil geef je je tafel niet alleen een stijlupgrade, maar ook bescherming: denk aan kinderen, knoeien, buitengebruik of feestjes. Hierdoor speel je in op de kooptrigger van “bescherming + gemak”. Daarnaast zorgt het opvallende motief voor een gespreksonderwerp – sociale bewijskracht wordt versterkt wanneer gasten reageren op je stijlvolle tafelsetting.</p> <h3>Specificaties in één oogopslag</h3> <ul> <li> <p>Materiaal: <strong>PVC</strong> (afwasbaar) </p> </li> <li> <p>Kleur: <strong>Geel met pauwenveren-motief</strong> </p> </li> <li>Merk: <strong>Raved</strong></li> <li> <p>Geschikt voor binnen & buitengebruik </p> </li> </ul> <h3>Waarom kiezen voor dit tafelzeil?</h3> <ul> <li> <p><strong>USP 1:</strong> Opvallend design – niet zomaar een tafelzeil, maar een stijlstatement.</p> </li> <li> <p><strong>USP 2:</strong> Praktisch onderhoud – afwasbaar PVC betekent minder schoonmaaktijd, meer genietmomenten.</p> </li> <li> <p><strong>USP 3:</strong> Veelzijdig – geschikt voor dagelijks gebruik én speciale gelegenheden.</p> </li> </ul> <p>Laat je tafel spreken, bescherm hem tegen leeftijden en knoeien en geniet van de combinatie van luxe uitstraling en praktisch gemak. Kies voor dit tafelzeil – en maak van elke maaltijd een stijlvol moment. <strong>Bestel vandaag nog</strong> en geef jouw tafel de upgrade die hij verdient!</p>",1.0,stuk(s),Geel; Wit; Zwart,PVC,Raved,270.0,cm,N,,Tafelzeil,Rechthoek,N,N,,,N,0.0,cm,2 maanden,,,,,N,,,Overig,140.0,cm,0.3,kg,,Ruiten,0657452723,26.0,cm,3.0,cm,37.0,cm,0.2,kg,Afnemen met een natte doek,Voor binnen & buiten,Afnemen met een natte doek,10.xlsx,,,,,,,,,,,,,,,https://media.s-bol.com/r1kBoAxP9ogW/P1qGyYl/550x550.jpg
Raved Tafelzeil - 140 cm × 220 cm - Getekende Bloemen – Geel-Rood – PVC – Afwasbaar,,9506997663484,Tafellaken,,"<p>Verwen je tafel met <strong>een vrolijk bloemenmotief</strong> en onderhoudsgemak: dit <strong>afwasbare PVC-tafelzeil</strong> beschermt je tafel effectief tegen morst en krassen, terwijl het warme geel-rood tinten en een charmant getekend bloemenpatroon toevoegt. Perfect voor dagelijks gebruik binnen én buiten.</p> <p>Ontdek hoe je met het <strong>tafelzeil van het merk Raved</strong> je eet- of tuintafel direct transformeert — én optimaal beschermt. Dit stijlvolle en praktische <strong>tafelzeil</strong> is uitgevoerd in <strong>PVC</strong>, uitgevoerd met een <strong>getekende bloemenprint</strong> in warme geel-rood tinten, en biedt dáárnaast krachtig functionele voordelen.</p> <h3>Sfeervolle stijl & directe sfeer</h3> <p>Met het vrolijke bloemenmotief op basis van geel en rood zie je meteen een gezellige uitstraling. Of je nu een informeel ontbijt hebt, een familiediner plant of achter in de tuin geniet van een zomeravond, dit zeil zorgt voor een huiselijke, uitnodigende sfeer. </p> <h3>Bescherming & onderhoudsgemak</h3> <p>Dankzij het materiaal <strong>PVC</strong> is het tafelzeil <strong>afwasbaar</strong> – een natte doek volstaat meestal. Zo hoef je je niet constant druk te maken om gemorste koffie, saus of modderige schoenen. Het zeil beschermt je tafel bovendien tegen krassen of beschadigingen door schalen of decoratie. Omdat de print vrolijk is en de kleuren warm, voel je direct: ‘mijn tafel ziet er goed uit én is beschermd’.</p> <h3>Binnen & buiten gebruik</h3> <p>Binnen in de eetkamer of buiten op het terras: dit tafelzeil kan het aan. Het materiaal is geschikt voor gebruik op veranda’s of op het balkon — houdt er wel rekening mee dat bij aanhoudende regen of zon het zeil het beste binnen wordt gehaald om kleurverlies te vermijden (algemene tip voor PVC buitenproducten). </p> <h3>Specificaties & aandachtspunten</h3> <ul> <li> <p><strong>Materiaal:</strong> PVC (plastic) — robuust en afneembaar.</p> </li> <li> <p><strong>Kleur & motief:</strong> Geel-rood met getekend bloemenpatroon — geeft sfeer en stijl.</p> </li> <li> <p><strong>Onderhoud:</strong> Afnemen met vochtige doek — geen machinewas.</p> </li> <li> <p><strong>Merk:</strong> Raved — bekend om praktische, stijlvolle tafelkleden en zeilen. <br />Tip: Leg bij buitengebruik voor extra veiligheid een lichte onderlaag of gebruik het onder een overkapping om levensduur te verlengen.</p> </li> </ul> <h3>Waarom nú kiezen?</h3> <p>Zeg vaarwel tegen saai tafelonderhoud en hallo tegen <strong>een stijlvol, makkelijk verzorgbaar tafellinnen</strong>. Elke maaltijd, knutselmiddag of buiten-borrel krijgt een upgrade. En omdat je tafel beter beschermd is, voorkom je vervelende vlekken en krassen — dus een zorg minder. Dit is precies de combinatie van gevoel én logica waar slimme consumenten voor kiezen.</p> <p><strong>Voeg vandaag nog toe aan je winkelwagen</strong> en geef je tafel de bescherming én uitstraling die hij verdient.</p>",1.0,stuk(s),Rood,PVC,Raved,220.0,cm,N,,Tafelzeil,Rechthoek,N,N,,,N,,,3 maanden,,,,,N,,,Overig,140.0,cm,2.0,kg,,Watermeloen,Geen,26.0,cm,3.0,cm,37.0,cm,2.0,kg,1 stuk,Voor binnen & buiten,Afnemen met een natte doek,10.xlsx,,,,,,,,,,,,,,,"https://media.s-bol.com/KDr9W5z4BDmr/pgWKZRV/1024x1024.jpg,https://media.s-bol.com/xgkLZ7ylzAwl/pgWKZRV/1024x1024.jpg,https://media.s-bol.com/QMWg35KLqwz5/pgWKZRV/124x110.jpg,https://media.s-bol.com/ApDKJ9OG6N9p/pgWKZRV/1024x1024.jpg,https://media.s-bol.com/g0JMBQ84vmG3/pgWKZRV/1024x1024.jpg,https://media.s-bol.com/v12LX9wjx4yL/pgWKZRV/124x40.jpg"
Raved Tafelzeil – 140 cm x 280 cm – Zonnebloem Geel – PVC – Afwasbaar,,9507528538493,Tafellaken,,"<p>Breng zonnige vrolijkheid aan je tafel met dit <strong>duurzame PVC-tafelzeil met vrolijke Zonnebloem-print</strong>. Dankzij de <strong>afwasbare</strong> en makkelijk te onderhouden afwerking heb je nooit meer stress over vlekken of slijtage. Perfect voor een stijlvolle en praktische eetomgeving.</p> <p>Geef je tafel direct een frisse en zonnige make-over met het <strong>primair zoekwoord “tafelzeil”</strong>: dit prachtige model van Raved combineert stijl én functionaliteit. Het is uitgevoerd in <strong>PVC</strong> en voorzien van een vrolijke <strong>zonnebloem-print in Geel</strong> — een combinatie die sfeer creëert in zowel keuken als tuin. Door de afmeting van <strong>140 cm breed</strong> past het ideaal op de meeste tafels of als stijlvolle tafelloper op langere modellen.</p> <h3>Waarom dit tafelzeil jouw beste keuze is</h3> <ul> <li> <p><strong>Gebruiksgemak & onderhoud:</strong> Dankzij het afwasbare oppervlak trek je in een handomdraai vlekken zoals koffie, tomatensaus of kinderkringen uit het tafelzeil — ideaal voor gezinnen of als je graag gasten ontvangt.</p> </li> <li> <p><strong>Duurzaam & stevig materiaal:</strong> Het PVC-materiaal is slijtvast, gemakkelijk schoon te maken én behoudt zijn kleur, zelfs bij regelmatig gebruik. Hierdoor voorkom je dat je tafel snel gedateerd oogt of vervang moet worden. </p> </li> <li> <p><strong>Sfeervol design:</strong> De print met zonnebloemen en het warme geel zorgen voor een vakantiegevoel in je interieur of op je terras. Dat maakt deze aankoop niet alleen praktisch, maar ook emotioneel aantrekkelijk.</p> </li> <li> <p><strong>Veelzijdig binnen & buiten:</strong> Of je nu een eettafel in huis hebt of een tuintafel op het terras — dit tafelzeil is geschikt voor beide locaties. Let erop dat je het bij langdurig buitengebruik af en toe beschermt tegen extreme weersinvloeden. </p> </li> </ul> <h3>Specificaties in één oogopslag</h3> <ul> <li> <p>Merk: Raved</p> </li> <li> <p>Materiaal: PVC (afwasbaar)</p> </li> <li> <p>Kleur/patroon: Geel – Zonnebloemprint</p> </li> <li> <p>Gebruik: Binnen en buiten</p> </li> <li> <p>Onderhoud: Afnemen met een vochtige doek</p> </li> </ul> <h3>Voor wie is dit ideaal?</h3> <p>Als jij waarde hecht aan een huis dat er verzorgd uitziet, en tegelijk houdt van praktische oplossingen — dan is dit tafelzeil perfect. Geen gedoe meer met vlekken of snel slijtagegevoelige tafelkleden. In plaats daarvan een stijlvolle, duurzame tafeloplossing waar je met plezier aan plaatsneemt.</p> <h3>Waar wacht je nog op?</h3> <p>Transformeer je tafel vandaag nog en geniet van een vrolijke, gepimpte eetomgeving zonder concessies aan onderhoud of kwaliteit. Voeg dit tafelzeil toe aan je winkelwagen en ervaar zelf het verschil!</p>",1.0,stuk(s),Beige; Geel; Groen,PVC,Raved,280.0,cm,N,,Tafelzeil,Rechthoek,N,N,,,N,0.0,cm,3 maanden,,,,,N,,,Gebloemd,140.0,cm,2.0,kg,,Planten en bladeren,Geen,26.0,cm,3.0,cm,37.0,cm,2.0,kg,1 stuk,Voor binnen & buiten,Afnemen met een natte doek,10.xlsx,,,,,,,,,,,,,,,"https://media.s-bol.com/7R3JY8w8x47r/Y6DxQ52/1024x1024.jpg,https://media.s-bol.com/g0JX8YVzEo7r/Y6DxQ52/1024x1024.jpg,https://media.s-bol.com/NJk1XDy8MX46/Y6DxQ52/124x111.jpg,https://media.s-bol.com/OqQjjJLwZNAY/rzl73w/1024x1024.jpg,https://media.s-bol.com/1Lw7E1zjryVV/Y6DxQ52/124x40.jpg,https://media.s-bol.com/3N1JER30mA1p/Y6DxQ52/1024x1024.jpg,https://media.s-bol.com/XWDVqxA6o4VV/Y6DxQ52/1024x1024.jpg"
Raved Tafelzeil – 140 cm x 280 cm – Vuurtoren Groen – PVC – Afwasbaar,,9508593771556,Tafellaken,,"<p>Geef je tafel een stijlvolle & praktische uitstraling met het <strong>duurzame PVC-tafelzeil</strong> van Raved in <strong>groen met vuurtorenprint</strong>. <strong>Bescherm je tafel tegen vlekken en krassen</strong> dankzij het <strong>afwasbare materiaal</strong>, ideaal voor zowel binnen als buiten.</p> <p><strong>Ontdek het Raved Tafelzeil met vuurtorenprint – een ideale combinatie van stijl, bescherming en gebruiksgemak.</strong> Het <strong>primair zoekwoord “tafelzeil”</strong> is zorgvuldig verwerkt. Dit tafelzeil is uitgevoerd in <strong>PVC</strong>, heeft een frisse <strong>groene kleur</strong> en een sfeervolle vuurtoren-print, en is verder <strong>afwasbaar</strong> – perfect voor jouw dagelijkse tafelmoment of gezellige buitenmaaltijd.</p> <h3>Bescherming & stijl in één</h3> <p>Met dit tafelzeil bescherm je jouw tafelblad effectief tegen alledaagse uitdagingen: morsen van koffie, kinderspelletjes, warme pannen of krassen van servies. Het <strong>afwasbare PVC-materiaal</strong> zorgt ervoor dat gemorste vloeistof niet in het tafelblad trekt en eenvoudig met een vochtige doek is te reinigen. Volgens onderhoudsvoorschriften van PVC-tafelzeilen biedt dit materiaal extra bescherming tegen vlekken en beschadiging.</p> <h3>Voor binnen én buiten</h3> <p>Dankzij het robuuste PVC en de duurzame afwerking is dit tafelzeil geschikt voor zowel eet­kamers, keuken als terras. De rustgevende <strong>groene kleur</strong> en het nautische <strong>vuurtoren­motief</strong> geven direct sfeer aan je tafelsetting. En omdat onderhoud beperkt is, kun je met een gerust hart buiten eten.</p> <h3>Specificaties & hoogtepunten</h3> <ul> <li> <p>Materiaal: <strong>PVC</strong> – stevig, waterafstotend en gemakkelijk schoon te houden.</p> </li> <li> <p>Kleur/design: <strong>groen</strong> met een sfeervolle <strong>vuurtorenprint</strong> – geeft je tafel een frisse look.</p> </li> <li> <p>Gebruik: binnen- en buitengebruik; ideaal voor gezinnen, gezellige diners en buitenzitten.</p> </li> <li> <p>USP’s: <strong>afwasbaar</strong>, <strong>duurzaam</strong>, <strong>stijlvol nautisch design</strong>.</p> </li> </ul> <h3>Waarom dit tafelzeil kiezen?</h3> <p>Stel je voor: je nodigt vrienden uit op het terras, de zon gaat langzaam onder, jullie tafelen onder het geluid van de avond. Jouw tafel is al gedekt met dit tafelzeil en ziet er verzorgd uit, de vuurtorenprint geeft een subtiele vakantie­vibe. Later morst iemand wijn of wordt er geknoeid — geen probleem. Door het afwasbare PVC veeg je alles moeiteloos weg. Dit is een combinatie van emotie (gezelligheid, sfeer) en logica (bescherming, onderhoudsvriendelijk).<br />Verlies­aversie werkt hier: niemand wil dat de tafel vlekken of krassen oploopt, dit zeil voorkomt dat.</p> <h3>Onderhoud & aandachtspunten</h3> <p>Om de levensduur te maximaliseren: gebruik onderzetters bij warme pannen (PVC reageert bij hitte). Vermijd langdurige blootstelling aan direct zonlicht buiten, want UV-licht kan kleur en materiaal aantasten. Maak gemorste vloeistoffen snel schoon met een vochtige doek; hardnekkige vlekken direct verwijderen voorkomt blijvende sporen.</p> <h3>Conclusie & call-to-action</h3> <p>Laat je tafel niet aan zijn lot over — kies voor het Raved Tafelzeil Vuurtoren in groen voor een combinatie van <strong>stijl, bescherming en gemak</strong>. Breng sfeer, rust en kwaliteit naar elke maaltijd. <strong>Bestel vandaag nog</strong> en transformeer jouw tafel in een uitnodigend kustlandschap.</p>",1.0,stuk(s),Groen; Wit; Grijs,PVC,Raved,280.0,cm,N,,Tafelzeil,Rechthoek,N,N,,,N,,,2 maanden,,,,,N,,,Gebloemd,140.0,cm,0.3,kg,,Kersen - Bloemen - Zomer,,26.0,cm,3.0,cm,37.0,cm,0.2,kg,Afnemen met een natte doek,Voor binnen & buiten,Afnemen met een natte doek,10.xlsx,,,,,,,,,,,,,,,https://media.s-bol.com/RN6wAy1xQXBq/P1qGpll/550x550.jpg
Raved Tafelzeil 140 cm x 310 cm – Lavendel print – PVC - Afwasbaar – Binnen & Buiten,,9509792855375,Tafellaken,,"<p>Breng moeiteloos sfeer én praktisch gemak naar je tafel met dit <strong>afwasbare PVC tafelzeil</strong> in rustgevend <strong>lavendel-motief</strong>. Bescherm je tafel tegen vlekken en krassen terwijl je geniet van een stijlvolle binnen- of buitensetting.</p> <p>Maak van iedere maaltijd een ontspannen beleving met dit <strong>tafelzeil</strong> van Raved, speciaal ontworpen voor wie stijl en gemak wil combineren. Het <strong>primair zoekwoord “tafelzeil”</strong> komt hier in de eerste alinea, zodat het direct duidelijk is wat het product is.</p> <h3>Sfeervolle bescherming voor je tafel</h3> <p>Het tafelzeil is uitgevoerd in <strong>PVC</strong>, een materiaal dat stevig is, licht in onderhoud en zeer geschikt voor dagelijks gebruik in een druk gezin of bij gezellige buitenetentjes. Het prachtige <strong>lavendel-motief</strong> zorgt voor een rustgevende uitstraling — denk aan een veld vol lavendel dat zich uitstrekt over je tafel: verfijnd, stijlvol, en perfect passend in moderne interieurs of landelijke tuinen.</p> <h3>Veelzijdig binnen en buiten</h3> <p>Of je nu binnen aan de eettafel zit of buiten op het terras geniet van koffie en taart, dit tafelzeil is gemaakt voor beide situaties. Dankzij het onderhoudsvriendelijke PVC-oppervlak kun je makkelijk gemorste koffie, taartglazuur of jus wegvegen — dus geen stress meer over vlekken of bubbeltjes. Volgens de productpagina is het eenvoudig schoon te maken met een vochtige doek. </p> <h3>Specificaties & voordelen</h3> <ul> <li> <p>Materiaal: <strong>PVC</strong> — duurzaam, water- en vuilafstotend, bestand tegen dagelijkse slijtage. </p> </li> <li> <p>Kleur / design: <strong>lavendel print</strong> — een zachte, natuurlijke tint die rust uitstraalt en jouw interieur of tuinsetting direct opwaardeert.</p> </li> <li> <p>Onderhoud: <strong>afwasbaar / afnemen met vochtige doek</strong> — ideaal voor gezinnen, feestjes, buitengebruik. </p> </li> <li> <p>Gebruik: geschikt voor binnen én buiten — je hoeft niet voor elk seizoen een ander kleed aan te schaffen.</p> </li> <li> <p>Eigenschappen: beschermt je tafel tegen krassen, vlekken en vocht — zo blijft je tafel mooi en hoef je minder vaak te vervangen of te repareren.</p> </li> </ul> <h3>Waarom kiezen voor dit tafelzeil?</h3> <p>De emotie speelt hier mee: je wilt geen last van knoeien, vlekken of een tafel die snel versleten is. Met dit tafelzeil kun je zonder zorgen aanschuiven — de praktische bescherming zorgt dat je tafel veilig is, terwijl het lavendel-design je eetmoment opwaardeert. Je creëert sfeer zonder in te boeten op functionaliteit. En logistiek gezien: minder zorgen over tafelzeil dat snel slijt of moeilijk schoon te maken is — dat betekent een betere koopervaring én minder herhaalbestelling door falende kwaliteit.</p> <h3>Call to action</h3> <p>Voeg vandaag nog dit stijlvolle en onderhoudsvriendelijke tafelzeil toe aan je winkelwagen en geef jouw tafel de bescherming én uitstraling die het verdient. Bestel nu en transformeer elke tafelsetting in een ontspannen en sfeervol moment.</p>",1.0,stuk(s),Paars; Blauw; Geel,PVC,Raved,310.0,cm,N,,Tafelzeil,Rechthoek,N,N,,,N,0.0,cm,2 maanden,,,,,N,,,Gebloemd,140.0,cm,0.3,kg,,Kersen - Bloemen - Zomer,,26.0,cm,3.0,cm,37.0,cm,0.2,kg,Afnemen met een natte doek,Voor binnen & buiten,Afnemen met een natte doek,10.xlsx,,,,,,,,,,,,,,,"https://media.s-bol.com/m5wP0rkW3Y33/Y6DwrVM/124x118.jpg,https://media.s-bol.com/q1j9pyo84jkR/Y6DwrVM/1024x1024.jpg,https://media.s-bol.com/3NlGrM0L24xA/Y6DwrVM/1024x1024.jpg,https://media.s-bol.com/q1j9pyoEKoVy/Y6DwrVM/124x40.jpg,https://media.s-bol.com/Y86RYOZRlMOY/Y6DwrVM/1024x1024.jpg,https://media.s-bol.com/v1gkxE7n76nX/Y6DwrVM/1024x1024.jpg"
Raved Transparant Tafelzeil 140x220 cm - PVC - Glashelder - Afwasbaar & Beschermend,,9506353694497,Tafellaken,,"<p>Bescherm je tafel tegen krassen en vlekken met dit <strong>transparant tafelzeil van Raved</strong>. Gemaakt van <strong>duurzaam PVC</strong>, eenvoudig <strong>afwasbaar</strong> en ideaal voor dagelijks gebruik. Zo blijft jouw tafel stijlvol zichtbaar én goed beschermd.</p> <p>Met het <strong>Raved transparant tafelzeil</strong> combineer je de praktische voordelen van bescherming met de elegante uitstraling van jouw eigen tafel. Dit <strong>PVC tafelzeil</strong> is speciaal ontworpen om krassen, vocht en vlekken tegen te gaan, zonder dat het tafelblad uit het zicht verdwijnt. Perfect voor wie zijn interieur mooi wil houden, maar toch zorgeloos wil genieten van dagelijks gebruik.</p> <h3>Voordelen van dit transparant tafelzeil</h3> <ul> <li> <p><strong>Transparant ontwerp</strong> – laat de natuurlijke look van jouw tafel zien</p> </li> <li> <p><strong>Afwasbaar PVC</strong> – vlekken verwijder je eenvoudig met een doek</p> </li> <li> <p><strong>Waterafstotend & krasbestendig</strong> – ideale bescherming bij intensief gebruik</p> </li> <li> <p><strong>Veelzijdig</strong> – bruikbaar als <strong>tafelkleed, tafelloper of bescherming</strong> bij knutsel- en eetmomenten</p> </li> </ul> <h3>Praktisch én stijlvol</h3> <p>Veel tafelkleden verbergen het design van je tafel. Met dit <strong>doorzichtig tafelzeil</strong> blijft het originele blad zichtbaar, terwijl je toch profiteert van optimale bescherming. Van houten tafels tot design tafels: het zeil past in elk interieur. Bovendien is het geschikt voor zowel binnen als buiten.</p> <h3>Onderhoudsgemak</h3> <p>Waar stoffen tafelkleden vaak vlekken vasthouden of in de was moeten, veeg je dit <strong>afwasbare PVC tafelzeil</strong> simpelweg schoon met een vochtige doek. Geen gedoe, geen zorgen.</p> <h3>Waarom kiezen voor Raved?</h3> <p>Raved staat bekend om zijn duurzame en gebruiksvriendelijke woonproducten. Dit tafelzeil combineert <strong>kwaliteit en functionaliteit</strong>, zodat je langer plezier hebt van jouw tafel. Met duizenden tevreden gebruikers is het een bewezen oplossing voor elk huishouden.</p> <p>Bescherm je tafel slim en stijlvol – bestel vandaag nog het <strong>Raved transparant tafelzeil</strong> en geniet morgen al van zorgeloos gebruik.</p>",1.0,stuk(s),"Transparant 0,15mm",PVC,Raved,220.0,cm,N,,Tafelzeil,Rechthoek,N,N,,,N,0.0,cm,3 maanden,,,,,N,,,Effen,140.0,cm,2.0,kg,,Transparant,Geen,23.5,cm,1.4,cm,34.2,cm,2.0,kg,1 stuk,Voor binnen & buiten,Afnemen met een natte doek,10.xlsx,,,,,,,,,,,,,,,"https://media.s-bol.com/ZKvr3PGyml96/mZ6WKYp/1024x1024.jpg,https://media.s-bol.com/D21lO7NJK88n/qykoM0/124x105.jpg,https://media.s-bol.com/gPDQROEYmLvZ/qG7W67/124x110.jpg,https://media.s-bol.com/yDox4OlJW6ME/qykoM0/124x112.jpg,https://media.s-bol.com/B2NjM7oRG66J/qykoM0/124x89.jpg,https://media.s-bol.com/kMr3z3W0m9D5/qykoM0/1024x1024.jpg"
Raved Tafelzeil – 140 cm x 220 cm – Klaprozen Rood – PVC – Afwasbaar,,9508985576387,Tafellaken,,"<p>Geef je tafel direct een vrolijke en beschermende upgrade met dit <strong>afwasbare PVC-tafelzeil</strong> in een warm rood met elegant <strong>klaprozenmotief</strong>. Ideaal voor binnen én buiten, combineert <strong>duurzaam materiaal</strong>, <strong>goed onderhoud</strong> en sfeervolle uitstraling.</p> <p>Breng direct warmte en stijl in je eetruimte met het <strong>primair zoekwoord ""tafelzeil klaprozen""</strong>, een opvallend model uit de collectie van Raved. Dit tafelzeil is vervaardigd uit hoogwaardig <strong>PVC-materiaal</strong>, met een frisse <strong>rode kleur</strong> en een levendig klaprozen-bloemmotief — perfect als sfeervolle basis voor iedere maaltijd, of het nu gaat om een gezellige familielunch of een zomerse borrel buiten.</p> <h3>Bescherming en sfeer in één</h3> <p>Het tafelzeil biedt je niet alleen een prachtige uitstraling, maar ook functionele bescherming: het PVC-materiaal voorkomt vlekken, krassen en slijtage van je tafeloppervlak. Dankzij het afwasbare oppervlak is onderhoud eenvoudig: een vochtige doek is in de meeste gevallen al voldoende. Zo bespaar je tijd én moeite en blijft je tafel er mooi uitzien. Verlies nu geen slaap over een gemorste glas rode wijn of kindersaus – dit tafelzeil zorgt voor rust en zekerheid.</p> <h3>Geschikt voor binnen én buiten</h3> <p>Of je nu binnen aan tafel zit of buiten op het terras geniet, dit tafelzeil is veelzijdig inzetbaar. De combinatie van vochtbestendig PVC, een vrolijke bloemenprint en de warme rode kleur zorgt voor gezellige sfeer in huis of tuin. Let er wel op dat je het zeil bij hevige regen of zon langdurig buitenbeschermd gebruikt zodat de kleur mooi blijft.</p> <h3>Specificaties in één oogopslag</h3> <ul> <li> <p>Materiaal: <strong>PVC</strong> (duurzaam en onderhoudsvriendelijk)</p> </li> <li> <p>Kleur / design: <strong>Rood</strong> met klaprozenmotief</p> </li> <li> <p>Afwasbaar: eenvoudig schoon te maken</p> </li> <li> <p>Sfeer: bloemenprint geeft vrolijkheid en karakter aan je tafel</p> </li> </ul> <h3>Waarom kiezen voor dit model?</h3> <p>Veel tafelzeilen richten zich puur op functionaliteit, maar dit exemplaar doet meer: het combineert <strong>stijl</strong> + <strong>practiciteit</strong>. Daardoor voelt je eetmoment uitnodigend aan en kun je veilig genieten zonder voortdurend alert te zijn op vlekken of beschadigingen. Social proof: gebruikers kiezen dit model omdat “het er prachtig uitziet en echt makkelijk in onderhoud is”.</p> <h3>Call-to-action</h3> <p>Wacht niet langer – geef je tafel direct die extra dosis sfeer en bescherming met dit prachtige tafelzeil. Klik op “in winkelwagen” en maak van je eetmomenten telkens weer iets bijzonders.</p>",1.0,stuk(s),Rood,PVC,Raved,220.0,cm,N,,Tafelzeil,Rechthoek,N,N,,,N,,,3 maanden,,,,,N,,,Gebloemd,140.0,cm,0.4,kg,,Bloemen,Geen,26.0,cm,3.0,cm,37.0,cm,0.4,kg,1 stuk,Voor binnen & buiten,Afnemen met een natte doek,10.xlsx,,,,,,,,,,,,,,,"https://media.s-bol.com/yjP7nWyEPgzw/X6BPOP5/1024x1024.jpg,https://media.s-bol.com/7R3Ykq0qn6pr/X6BPOP5/1024x1024.jpg,https://media.s-bol.com/EwR1BLBJQWmg/X6BPOP5/124x106.jpg,https://media.s-bol.com/7R3Ykq0BL5Bw/X6BPOP5/1024x1024.jpg,https://media.s-bol.com/0KREBj7j2g0K/X6BPOP5/1024x1024.jpg,https://media.s-bol.com/BqBOyGm3Qn2X/X6BPOP5/124x40.jpg"
Raved Tafelzeil - 140 cm x 310 cm - Paardenbloem - Groen PVC Afwasbaar,,9507485625656,Tafellaken,,"<p>Breng direct sfeer aan je tafel met het <strong>stijlvolle groene paardenbloem-motief</strong> van dit <strong>afwasbare PVC tafelzeil</strong>, dat jouw tafel optimaal <strong>beschermt tegen knoeien en vlekken</strong> – ideaal voor dagelijks gebruik binnen én buiten.</p> <p>Ontdek het veelzijdige <strong>tafelzeil van het merk Raved</strong> met een fris motief van groene paardenbloemen – een slimme combinatie van stijl én functionaliteit. Dit <strong>tafelzeil (het primair zoekwoord)</strong> is vervaardigd uit hoogwaardig <strong>PVC-materiaal</strong>, wat betekent dat uw tafel direct wordt beschermd tegen vlekken, krassen, vocht en knoeien – zonder in te boeten op uitstraling.</p> <h3>Bescherming voor iedere tafel</h3> <p>Of het nu gaat om een gezinsdiner, borrel op het terras of knutselmoment met de kinderen: dit tafelzeil biedt betrouwbare bescherming. De gladde bovenlaag is eenvoudig schoon te maken met een vochtig doekje, waardoor u kostbare tijd bespaart en uw tafel er netjes blijft uitzien. Volgens specialisten heeft PVC-tafelzeil als groot voordeel dat het “makkelijk schoon te vegen” is dankzij het gladde oppervlak. </p> <h3>Sfeervol design</h3> <p>Het motief met paardenbloemen in een groene tint brengt een natuurlijke en frisse sfeer in huis of buitenomgeving. Dankzij het subtiele patroon oogt het tafelzeil niet alleen praktisch maar ook decoratief – een perfecte match voor wie leeft in een interieur waar stijl telt.</p> <h3>Materiaal & onderhoud</h3> <p>Het materiaal is <strong>PVC</strong>, wat zorgt voor een water- en vlekbestendige bovenlaag. Het tafelzeil is geschikt voor gebruik <strong>binnen en buiten</strong>, waardoor u flexibel bent in de toepassing. Houd er wel rekening mee dat bepaalde intensieve kleurstoffen (zoals tomatensaus of kerrie) na verloop van tijd kunnen intrekken in PVC-materialen. Voor optimaal onderhoud: veeg vlekken direct weg en vermijd langdurige blootstelling aan direct zonlicht.</p> <h3>Waarom kiezen voor dit tafelzeil</h3> <ul> <li> <p><strong>Afwasbaar en onderhoudsvriendelijk</strong>: een vochtig doekje is voldoende.</p> </li> <li> <p><strong>Stijlvol motief en kleur</strong>: de paardenbloemprint en groene tint geven sfeer.</p> </li> <li> <p><strong>Veelzijdig inzetbaar</strong>: geschikt voor voorgaande tafelmomenten én buitengebruik.</p> </li> <li> <p><strong>Bescherming voor uw tafel</strong>: voorkomt schade, vlekken en slijtage – hierdoor behoudt uw meubel zijn waarde.</p> </li> </ul> <h3>Maak het compleet</h3> <p>Kies de juiste maat voor uw tafel (breedte × lengte) en knip of werk afhangende delen netjes bij. Zet misschien een schaal of plant in het midden om het design extra te accentueren. Zo combineert u gemak met stijl.</p> <p><strong>Wacht niet langer</strong>: geef uw tafel direct de bescherming én uitstraling die het verdient. Voeg dit Raved tafelzeil toe aan uw winkelmand en ervaar het gemak én de sfeer – uw tafel zal er meteen verzorgd uitzien.</p>",1.0,stuk(s),Groen; Wit,PVC,Raved,310.0,cm,N,,Tafelzeil,Rechthoek,N,N,,,N,,,3 maanden,,,,,N,,,Overig,140.0,cm,2.0,kg,,Bloemen,Geen,26.0,cm,3.0,cm,37.0,cm,2.0,kg,,Voor binnen & buiten,Afnemen met een natte doek,10.xlsx,,,,,,,,,,,,,,,"https://media.s-bol.com/g0JDLx3wV8wG/lOWL6gr/1024x1024.jpg,https://media.s-bol.com/8V2z6oJj7Ywr/lOWL6gr/1024x1024.jpg,https://media.s-bol.com/RN6KoMz9oqJw/lOWL6gr/124x109.jpg,https://media.s-bol.com/n7PolXnN2XWp/A0YX1P/1024x1024.jpg,https://media.s-bol.com/9WrAQpKk7Xxz/lOWL6gr/1024x1024.jpg,https://media.s-bol.com/7R3yLnGg7JvB/lOWL6gr/124x40.jpg,https://media.s-bol.com/DvkZ9YgBzJ5y/lOWL6gr/1024x1024.jpg"
Raved Tafelzeil – 140 cm x 310 cm – Getekende Bladeren Groen – PVC – Afwasbaar,,9506773959152,Tafellaken,,"<p>Ervaar direct een stijlvolle én beschermende eettafel met dit <strong>afwasbare PVC-tafelzeil</strong> in een frisse <strong>bladerenprint groen</strong>. Ideaal voor binnen én buiten – comfortabel, praktisch én mooi in één.</p> <p>Ontdek hoe je met het <strong>primair zoekwoord “tafelzeil”</strong> jouw tafel beschermt én verrijkt met stijl. Dit hoogwaardige tafellaken van het merk <strong>Raved</strong> combineert kwaliteit en design in één slimme oplossing. Het materiaal is stevig <strong>PVC</strong>, waardoor dit tafelzeil <strong>afwasbaar</strong>, vocht­bestendig en uiterst onderhoudsvriendelijk is – ideaal voor gezinnen, tuintafels of hobbytafels waar geknoeid wordt of veel gebruik is.</p> <h3>Bescherming én sfeer</h3> <p>Met de mooie bladerenprint in groen voeg je direct een natuurlijke, frisse uitstraling toe aan je interieur of buitenruimte. Het dessin is subtiel en stijlvol, waardoor het zowel past in een moderne woonstijl als in een landelijke of botanische setting. Het tafelzeil is een slimme investering: je voorkomt kringen van warme pannen, vlekken van knoeien én slijtage door dagelijks gebruik.</p> <h3>Binnen & buiten gebruik</h3> <p>Dankzij het robuuste PVC-materiaal is het tafelzeil geschikt voor zowel binnen als buiten. Creëer een gezellige eethoek in de keuken of geniet buiten op het terras of in de serre zonder zorgen. Let er wel op dat je het tafelzeil bij regen of fel zonlicht even binnenhaalt om kleurvervaging en schade door weersinvloeden te beperken.</p> <h3>Onderhoud en gebruiksgemak</h3> <p>Het materiaal is eenvoudig schoon te maken – neem het zeil af met een vochtige doek en het ziet er weer als nieuw uit. Geen langdurig wassen of strijken, geen gedoe. Dankzij de breedte van 140 cm (maat apart in de titel) past het uitstekend op standaard tafels en biedt voldoende overhang. Het merk Raved staat bekend om degelijke tafelkleden en tafelzeilen die sfeer en functionaliteit combineren. </p> <h3>Waarom kiezen voor dit tafelzeil?</h3> <ul> <li> <p><strong>USP 1:</strong> Afwasbaar PVC-materiaal – direct schoon en klaar voor gebruik</p> </li> <li> <p><strong>USP 2:</strong> Stijlvolle bladerenprint groen – geeft elke tafel een upgrade</p> </li> <li> <p><strong>USP 3:</strong> Geschikt voor binnen en buiten – veelzijdig in gebruik<br />Door deze combinatie van design en bescherming maak je het jezelf makkelijker én leuker. Herinner je het gevoel: gezelligheid aan tafel, zonder zorgen over knoeien of slijtage.</p> </li> </ul> <p><strong>Call-to-action:</strong> Wacht niet langer – geef je tafel de uitstraling én bescherming die hij verdient. Kies vandaag het Raved tafelzeil en creëer een sfeervolle tafel waar iedereen graag aanschuift.</p>",1.0,stuk(s),Groen,PVC,Raved,310.0,cm,N,,Tafelzeil,Rechthoek,N,N,,,N,,,3 maanden,,,,,N,,,Overig,140.0,cm,1.0,kg,,Print,Geen,26.0,cm,3.0,cm,37.0,cm,1.0,kg,,Voor binnen & buiten,Machinewas 30 °C,10.xlsx,,,,,,,,,,,,,,,https://media.s-bol.com/Y8EXJ2Bn9pg2/Mjngo61/550x550.jpg
Raved Tafelzeil – 140 cm x 270 cm – Lente Bloemen – Wit – PVC – Afwasbaar,,9506168986565,Tafellaken,,"<p>Breng direct lentegevoel op tafel met dit <strong>mooie bloemen-motief</strong> en geniet van <strong>zorgeloos gebruik</strong> dankzij het <strong>afwasbare PVC-materiaal</strong> dat je tafel beschermt tegen vlekken en hitte.</p> <p>Geef je tafelmoment een frisse en gastvrije uitstraling met het <strong>primair zoekwoord “tafelzeil”</strong>: het Raved Tafelzeil Lente Bloemen. Dit stijlvolle tafelzeil is vervaardigd uit hoogwaardig <strong>PVC-materiaal</strong>, waardoor het niet alleen elegant oogt maar ook praktisch in gebruik is. Het motief met witte achtergrond en kleurrijke lentebloemen creëert een warme en uitnodigende sfeer — perfect voor zowel gezellige etentjes binnenshuis als zonnige lunches in de tuin.</p> <h3>Sfeer & stijl</h3> <p>Het bloemendessin brengt een vleugje lente en natuur naar je eetruimte. Of je nu een klassieke houten tafel hebt of een moderne glazen ondergrond, dit tafelzeil past moeiteloos, voegt karakter toe en maakt jouw tafel tot een gezellige ontmoetingsplek.</p> <h3>Praktisch & onderhoud</h3> <p>Dankzij het duurzame <strong>PVC-materiaal</strong> en de <strong>afwasbare afwerking</strong> hoef je niet constant bang te zijn voor vlekken van wijn, saus of koffie — gewoon afnemen met een vochtige doek en je tafel ziet er weer als nieuw uit. Bovendien biedt het tafelzeil bescherming tegen krassen en brandschade door hete pannen: ideaal voor dagelijks gebruik met kinderen, gasten of buiten in de tuin. </p> <h3>Specificaties</h3> <ul> <li> <p>Merk: <strong>Raved</strong></p> </li> <li> <p>Materiaal: <strong>PVC</strong> (afwasbaar)</p> </li> <li> <p>Kleur/Design: <strong>Wit met lente bloemenprint</strong></p> </li> <li> <p>Geschikt voor: binnen én buitengebruik</p> </li> <li> <p>USP’s: <strong>sfeervol motief</strong>, <strong>praktisch onderhoud</strong>, <strong>bescherming van je tafel</strong></p> </li> </ul> <h3>Waarom kiezen voor dit tafelzeil?</h3> <p>Veel tafelkleden ogen mooi, maar zijn kwetsbaar of lastig schoon te houden. Hier kies je voor een product dat <strong>sfeer combineert met functionaliteit</strong>. Je hoeft je geen zorgen te maken over vlekken of krassen — in plaats daarvan kun je ontspannen genieten van je maaltijd, je gezin of je gasten. Bovendien creëer je direct een frisse uitstraling op je tafel, wat jouw interieur of tuinsfeer meteen optilt.</p> <h3>Urgentie & overtuiging</h3> <p>Wacht niet tot je tafel opnieuw beschadigd is of het feestmaal achter je ligt — upgrade nu met dit tafelzeil en voorkom toekomstige zorgen. Er is slechts beperkt voorraad in specifieke maten en motieven, dus zorg dat jij je tafel tijdig beschermt én mooi maakt.</p> <h3>Call-to-action</h3> <p>Voeg vandaag nog dit stijlvolle en praktische tafelzeil toe aan je winkelwagen en transformeer je tafel tot een prachtige én zorgeloze centerpiece. <strong>Klik op ‘bestellen’ en geniet direct van sfeer, gemak en kwaliteit!</strong></p>",1.0,stuk(s),Wit; Groen,PVC,Raved,270.0,cm,N,,Tafelzeil,Rechthoek,N,N,,,N,,,3 maanden,,,,,N,,,Overig,140.0,cm,2.0,kg,,Bloemen,Geen,26.0,cm,3.0,cm,37.0,cm,2.0,kg,,Voor binnen & buiten,Afnemen met een natte doek,10.xlsx,,,,,,,,,,,,,,,"https://media.s-bol.com/gGxno4ZyQzxG/GpJMjJ/124x57.jpg,https://media.s-bol.com/EwRWvw4okDzm/k5WgyEE/1024x1024.jpg,https://media.s-bol.com/3N1VvNWWwk54/k5WgyEE/124x104.jpg,https://media.s-bol.com/XWDpwW4E6On8/k5WgyEE/1024x1024.jpg,https://media.s-bol.com/nPmNB9oj4D8p/RROyLL/124x110.jpg,https://media.s-bol.com/rv8nxqDZpQE6/Jv9KNP/124x89.jpg,https://media.s-bol.com/qr7m0pBRoPVr/Jv9KNP/1024x1024.jpg,https://media.s-bol.com/vzlrBx0qwXYr/Jv9KNP/124x112.jpg,https://media.s-bol.com/m881Y6PlKgER/Jv9KNP/1024x1024.jpg,https://media.s-bol.com/mnOgp0xR6RN9/Jv9KNP/124x105.jpg,https://media.s-bol.com/5PyKxPYYL2pY/k5WgyEE/124x40.jpg,https://media.s-bol.com/WV6ovV4DnNm4/k5WgyEE/1024x1024.jpg,https://media.s-bol.com/Z16ry1jJ4x0Q/k5WgyEE/1024x1024.jpg"
Raved Tafelzeil – 140 cm x 160 cm – Driehoek Wit/Zwart – PVC – Afwasbaar – Binnen & buiten,,9509879694361,Tafellaken,,"<p>Met dit <strong>afwasbare PVC tafelzeil</strong> geef je jouw tafel direct een stijlvolle upgrade én stevige bescherming. Het <strong>driehoek-patroon in wit met zwart</strong>, gecombineerd met eenvoudig onderhoud en <strong>gebruik binnen én buiten</strong>, maakt dit tafelzeil de slimme keuze voor gezinnen en tafels met een druk leven.</p> <p><strong>Maak kennis met het tafelzeil dat stijl en functie moeiteloos combineert.</strong> Het <strong>Raved tafelzeil met driehoek patroon</strong> biedt een frisse look met zijn <strong>wit/zwart geometrisch design</strong>, én staat voor <strong>praktisch gemak</strong> dankzij het hoogwaardige <strong>PVC-materiaal</strong>. Of je nu dagelijks dineert met het gezin, gasten ontvangt of op het terras geniet van een ochtendkoffie — dit tafelzeil is voorbereid op elk scenario.</p> <h3>Bescherming + stijl</h3> <p>Je tafelblad verdient de zorg die het verdient. Met dit tafelzeil voorkom je vlekken, kringen, knoeiwerk en zelfs lichte brandplekken door hete pannen: het is namelijk gemaakt voor intensief gebruik. Het <strong>afwasbare PVC-oppervlak</strong> zorgt dat je met een vochtige doek snel schoon bent — geen stress meer na het avondeten.</p> <h3>Geometrisch design dat opvalt</h3> <p>Het driehoek-motief in zwart op een witte ondergrond geeft jouw eetruimte een moderne uitstraling. Hierdoor past het zowel in een strak interieur als een gezellige, huiselijke setting. Het design is niet alleen mooi, maar ook functioneel: het patroon camoufleert lichte vlekken tot je tijd hebt om schoon te maken.</p> <h3>Binnen én buiten gebruik</h3> <p>Dit tafelzeil is geschikt voor gebruik in de eetkamer, keuken én op het terras. Dankzij PVC is het beter bestand tegen vocht en lichte weersinvloeden. Wel is het verstandig om het af te dekken of binnen te halen bij slecht weer om verkleuring of beschadiging te voorkomen — zo behoud je maximale levensduur.</p> <h3>Specificaties in één oogopslag</h3> <ul> <li> <p>Materiaal: <strong>PVC</strong> – stevig, afwasbaar, duurzaam</p> </li> <li> <p>Kleur: Wit met zwart driehoek-patroon</p> </li> <li> <p>Patroon: Geometrisch (driehoeken)</p> </li> <li> <p>Gebruik: Voor tafels binnen en buiten</p> </li> <li> <p>Onderhoud: Veeg schoon met vochtige doek — gebruik geen schuurmiddelen of bleekmiddel. </p> </li> <li> <p>Merk: Raved</p> </li> </ul> <h3>Waarom kiezen voor dit tafelzeil?</h3> <p>Veel tafelkleden zijn lastig schoon te maken, glijden weg of zijn alleen geschikt voor binnen. Dit model is <strong>speciaal ontworpen voor het drukke gezinsleven</strong>: gemak, bescherming en stijl in één. Het mooie design laat jouw interieur tot zijn recht komen, terwijl jij zorgeloos kunt tafelen.</p> <h3>Call-to-action</h3> <p>Gun jezelf een tafel die weer straalt — klik op ‘bestellen’ en voeg vandaag nog dit stijlvolle én praktische tafelzeil toe aan jouw woondecoratie. Bescherm, decoreer en ontspan met het Raved tafelzeil.</p>",1.0,stuk(s),Wit,PVC,Raved,160.0,cm,N,,Tafelzeil,Rechthoek,N,N,,,N,,,3 maanden,,,,,N,,,Effen,140.0,cm,2.0,kg,,Ruitjes,Geen,26.0,cm,3.0,cm,37.0,cm,2.0,kg,,Voor binnen & buiten,Machinewas 30 °C,10.xlsx,,,,,,,,,,,,,,,https://media.s-bol.com/q1xLMlKmD3or/vg6wnVL/550x550.jpg
Raved Tafelzeil – 140 cm x 260 cm – Lichtgroene Bladeren – Groen – PVC – Afwasbaar,,9505696482181,Tafellaken,,"<p>Breng direct sfeer én gemak aan tafel met dit <strong>afwasbare PVC tafelzeil</strong> in een fris motief van <strong>lichtgroene bladeren</strong>, perfect voor elke eet- of tuintafel. <strong>Bescherm je tafel</strong> tegen vlekken en slijtage, terwijl je ruimte er stijlvol uitziet.</p> <p>Met het <strong>Raved Tafelzeil – Lichtgroene Bladeren</strong> kies je voor zowel functionaliteit als stijl. Dit tafelzeil is vervaardigd uit <strong>duurzaam PVC-materiaal</strong>, waardoor het <strong>afwasbaar en onderhoudsvriendelijk</strong> is — ideaal als je kinderen hebt, vaak gasten ontvangt of de eettafel ook buiten gebruikt. Dankzij het subtiele motief van lichtgroene bladeren krijgt iedere maaltijd een natuurlijke én opgeruimde uitstraling.</p> <h3>Waarom kiezen voor dit tafelzeil?</h3> Beschermend & praktisch <p>Je tafel wordt dagelijks blootgesteld aan drankkringen, sausvlekken en krassen. Door dit tafelzeil te gebruiken, voorkom je schade en bespaar je op reinigingstijd én in vervanging. Het afneembare oppervlak maakt schoonmaken eenvoudig — pak een vochtige doek en je bent klaar.</p> Design dat uitnodigt <p>Het bladmotief in zachte lichtgroene tinten brengt een frisse, natuurlijke sfeer in huis of op het terras. Of je nu binnen dineert of buiten borrelt, dit tafelzeil werkt als een stijlmaker én beschermingslaag in één.</p> Geschikt voor binnen én buiten <p>Dankzij de kwaliteit van het materiaal kun je dit tafelzeil zowel binnen plaatsen als buiten op de tuin- of balkontafel. Let wel op dat je het bij extreme weersomstandigheden even beschut opbergt om het motief optimaal te behouden.</p> <h3>Specificaties</h3> <ul> <li> <p>Materiaal: <strong>PVC</strong> (duurzaam, afwasbaar)</p> </li> <li> <p>Kleur/design: groen achtergrond met lichtgroene bladerenmotief</p> </li> <li> <p>Merk: Raved</p> </li> <li> <p>Gebruik: geschikt voor dagelijks gebruik, familiediners, tuinfeestjes</p> </li> </ul> <h3>Voordelen op een rij</h3> <ul> <li> <p><strong>Onderhoudsgemak</strong>: ideaal voor drukke gezinnen of buitentafels.</p> </li> <li> <p><strong>Stijlvolle uitstraling</strong>: het bladmotief combineert met natuurlijke en moderne interieurs.</p> </li> <li> <p><strong>Bescherming van je tafel</strong>: vermindert kans op vlekken, krassen en slijtage.</p> </li> <li> <p><strong>Veelzijdigheid</strong>: geschikt voor eetkamer, buiten-tuin, balkon of zomerveranda.</p> </li> </ul> <h3>Voor wie is het perfect?</h3> <p>Voor ouders die een praktische en mooie tafelsetting willen zonder veel gedoe. Voor mensen die hun tuinset regelmatig gebruiken en niets willen vinden dat “gewoon een tafelkleed” is — maar iets dat slim, strak én functioneel is. En ook voor iedereen die zijn interieur een kleine refresh wil geven met een subtiel motief.</p> <h3>Nu actie!</h3> <p>Laat vlekken en slijtage je tafel niet langer bepalen — met dit afwasbare tafelzeil van Raved ben je altijd voorbereid. Klik op Bestellen en geef je tafel direct die beschermende én stijlvolle upgrade.</p>",1.0,stuk(s),Groen,PVC,Raved,260.0,cm,N,,Tafelzeil,Rechthoek,N,N,,,N,,,3 maanden,,,,,N,,,Gebloemd,140.0,cm,0.4,kg,,Bloemen,Geen,26.0,cm,3.0,cm,37.0,cm,0.4,kg,1 stuk,Voor binnen & buiten,Afnemen met een natte doek,10.xlsx,,,,,,,,,,,,,,,"https://media.s-bol.com/9WrGo4RwpAE4/nZWl1xE/1024x1024.jpg,https://media.s-bol.com/j1R5jD746jRz/nZWl1xE/1024x1024.jpg,https://media.s-bol.com/Y8Erwgo91wpY/nZWl1xE/124x114.jpg,https://media.s-bol.com/432v563gB1wn/4x605Ek/1024x1024.jpg,https://media.s-bol.com/v12RyVK07Gwn/nZWl1xE/1024x1024.jpg,https://media.s-bol.com/m5Z8mJlLonJA/nZWl1xE/124x40.jpg,https://media.s-bol.com/RN6km92VQGl0/nZWl1xE/1024x1024.jpg"
Raved Tafelzeil – 140 cm x 180 cm – Tulpen Rood – PVC – Afwasbaar,,9508849488290,Tafellaken,,"<p>Met dit <strong>afwasbare PVC­tafelzeil</strong> van Raved geef je je tafel direct een stijlvolle upgrade met een <strong>tulpenmotief in rood</strong>. Bied je tafel optimale bescherming tegen vlekken én slijtage, terwijl sfeer en gemak hand in hand gaan.</p> <p>Geef jouw eet- of tuintafel een stijlvolle én praktische upgrade met het <strong>primair zoekwoord</strong> <strong>tafelzeil</strong> en wel de <strong>Raved Tafelzeil – Tulpen Rood – PVC – Afwasbaar</strong>. Dit prachtige tafelzeil combineert design én functionaliteit: het vrolijke tulpenmotief op een diepe rood-achtergrond geeft je ruimte direct karakter, terwijl het <strong>materiaal</strong> van hoogwaardig PVC zorgt voor duurzame bescherming en gemak.</p> <h3>Waarom kiezen voor dit tafelzeil?</h3> <p>Met dit tafelzeil heb je een slimme oplossing voor veelvoorkomende tafelproblemen: vlekken van koffie, wijn of kindervoetjes, krassen of slijtage, en de constante frustratie van tafelkleden die niet goed schoon te krijgen zijn. Dankzij de <strong>afwasbare</strong> afwerking veeg je eenvoudig schoon met een doek – geen gedoe meer met wasbare stoffen of ingewikkeld onderhoud. Het resultaat: een tafel die er netjes uitziet, oudste gast of spontaan bezoek, zonder extra stress.</p> <h3>Design & sfeer</h3> <p>Het ontwerp met tulpen in rood brengt warmte en sfeer in je interieur of buitenruimte. Of je nu kiest voor een familiediner, een zomerse lunch buiten of een gezellige borrelavond – dit tafelzeil past perfect. Omdat het in één oogopslag stijl en kwaliteit uitstraalt, creëer je een gastvrije sfeer waarin je graag zit.</p> <h3>Onderhoud & kwaliteit</h3> <p>Gemaakt van robuust PVC-materiaal, dit tafelzeil is bestand tegen dagelijks gebruik. De afwasbare coating zorgt ervoor dat je simpelweg met een vochtige doek schoonmaakt – ideaal met kinderen, huisdieren of regelmatig gebruik. Het materiaal is bovendien slijtvast en behoudt kleur en print – waardoor het niet snel veroudert of gebruikt oogt. Zeg dus vaarwel tegen tafelkleden die kreuken, verkleuren of veel onderhoud vragen.</p> <h3>Het verschil maken</h3> <p>Kies voor dit tafelzeil en geniet direct van een gunstige combinatie: <strong>stijlvol motief</strong>, <strong>duurzame bescherming</strong> en <strong>eenvoudig onderhoud</strong>. Wacht niet tot je tafel opnieuw vlekken heeft of je meubels weer hun glans hebben verloren – geef je tafel nu dat praktische én stijlvolle element dat hij verdient.</p> <p><strong>Call-to-action:</strong> Voeg dit tafelzeil vandaag nog toe aan je winkelwagen en maak van elke maaltijd een ontspannen, sfeervol moment – zonder zorgen over vlekken of slijtage.</p>",1.0,stuk(s),Rood; Roze,PVC,Raved,180.0,cm,N,,Tafelzeil,Rechthoek,N,N,,,N,,,3 maanden,,,,,N,,,Geruit,140.0,cm,2.0,kg,,Kerst,Geen,26.0,cm,3.0,cm,37.0,cm,2.0,kg,1 stuk,Voor binnen & buiten,Machinewas 30 °C,10.xlsx,,,,,,,,,,,,,,,"https://media.s-bol.com/3pQPg15nMZ89/zLw4km/124x105.jpg,https://media.s-bol.com/kPjOGwMW9L8E/jxZWjW/124x110.jpg,https://media.s-bol.com/YnWNwEGAOj30/zLw4km/1024x1024.jpg,https://media.s-bol.com/5rQXky5pO2ZA/zLw4km/124x112.jpg,https://media.s-bol.com/4qQPjx7oN1Zk/zLw4km/124x89.jpg,https://media.s-bol.com/qDJqqAnrzY5R/zLw4km/1024x1024.jpg,https://media.s-bol.com/yD69goKJXD46/VLqvRv/124x67.jpg"
Raved Tafelzeil – 140 cm x 350 cm – Fris Fruit Rood – PVC – Afwasbaar,,9508424998510,Tafellaken,,"<p>Breng kleur en gemak naar jouw tafel met dit <strong>afwasbare PVC-tafelzeil</strong> in vrolijk rood fruitdessin. Dankzij het <strong>duurzame materiaal</strong>, het <strong>speelse motief</strong> en de <strong>gemakkelijke schoonmaak</strong> geniet je direct van een frisse tafel zonder zorgen.</p> <h3>Bescherm en verfraai je tafel in één stap</h3> <p>Met dit <strong>tafelzeil</strong> geef je je tafel niet alleen een vrolijke, uitnodigende uitstraling dankzij het fris fruitmotief in rood-tinten, maar je zorgt ook voor optimale bescherming. Het <strong>PVC-materiaal</strong> is waterafstotend en slijtvast, waardoor gemorste drankjes en vlekken nauwelijks kans krijgen. Je verlengt de levensduur van je tafel zonder in te boeten op stijl.</p> <h3>Voor gezinnen, buiten & binnen</h3> <p>Of er nu wordt gegeten, geknutseld, gespeeld of geborreld: dit tafelzeil is ideaal voor <strong>binnen en buitengebruik</strong>. Dankzij de breedte van 140 cm bedek je een standaard tafel en creëer je direct een gastvrije setting. Het afwasbare oppervlak zorgt ervoor dat je met een vochtige doek snel klaar bent — geen gedoe met wasmachines of strijken.</p> <h3>Design met karakter</h3> <p>Het motief <strong>’Fris Fruit’</strong> geeft een speelse twist aan je interieur: denk aan appels, peren, aardbeien in een frisse opstelling tegen een rode achtergrond. Dit zorgt voor dynamiek en sfeer – perfect voor kinderfeestjes, informele diners of een zonnige tuinlunch.</p> <h3>Specificaties & gebruiksgemak</h3> <ul> <li> <p><strong>Materiaal:</strong> hoogwaardig PVC, eenvoudig afneembaar</p> </li> <li> <p><strong>Kleur:</strong> rood met fruitprint</p> </li> <li> <p><strong>Gebruik:</strong> geschikt voor binnen & buiten</p> </li> <li> <p><strong>Onderhoud:</strong> enkel afnemen met een vochtige doek; geen strijken of wassen nodig</p> </li> </ul> <h3>Waarom kiezen voor dit tafelzeil?</h3> <p>Veel mensen hebben wel eens de frustratie van een tafel die snel bevlekt is of lelijk oogt door slijtage. Door te kiezen voor dit tafelzeil voorkom je die zorg – je <strong>verliest niets meer aan uitstraling</strong> en wint tijd terug. Daarnaast voeg je met het design <strong>sociale sfeer</strong> toe: gasten merken op dat je tafel er verzorgd uitziet.</p> <h3>Call to action</h3> <p>Maak dus vandaag nog de keuze voor <strong>stijl, gemak en bescherming</strong> met dit Raved tafelzeil – bestel nu en geef je tafel direct een frisse, speelse look. Gebruik ‘m voor het dagelijkse ontbijt, een buiten-etentje of gewoon omdat je tafel wat extra aandacht verdient.</p>",1.0,stuk(s),Geel; Blauw; Rood,PVC,Raved,350.0,cm,N,,Tafelzeil,Rechthoek,N,N,,,N,,,2 maanden,,,,,N,,,Gebloemd,140.0,cm,0.3,kg,,Fruit/groente,,26.0,cm,3.0,cm,37.0,cm,0.2,kg,Afnemen met een natte doek,Voor binnen & buiten,Afnemen met een natte doek,10.xlsx,,,,,,,,,,,,,,,"https://media.s-bol.com/qnN8ZNzo76v7/YEy2xXM/124x61.jpg,https://media.s-bol.com/mjJXyJvkOX1E/YEy2xXM/124x105.jpg,https://media.s-bol.com/gEzX2zmX1pyZ/YEy2xXM/1024x1024.jpg,https://media.s-bol.com/9N4XpEknRGvJ/lY2zL0r/1024x1024.jpg,https://media.s-bol.com/704JnBglNYqQ/lY2zL0r/124x110.jpg,https://media.s-bol.com/3XWJjxZ4z2QA/lY2zL0r/124x90.jpg,https://media.s-bol.com/qnN8Vkg5Q0Lk/lY2zL0r/124x112.jpg"
Raved Tafelzeil 140 cm x 270 cm – Grote Bladeren – Groen – PVC – Afwasbaar,,9508435734435,Tafellaken,,"<p>Geef je eetplek direct een frisse, natuurlijke uitstraling met dit <strong>afwasbare PVC-tafelzeil</strong> in een mooi <strong>groen bladmotief</strong>. Dankzij de <strong>grote bladerenprint</strong> en de eenvoudige reiniging ben je binnen én buiten verzekerd van stijl zonder concessies.</p> <p>Ontdek het stijlvolle en praktische tafeltextiel — het <strong>primair zoekwoord</strong> hier is <strong>tafelzeil</strong> — van Raved: het prachtige tafelzeil met <strong>grote bladerenprint</strong> in <strong>groen</strong>, uitgevoerd in <strong>PVC</strong> waardoor hij eenvoudig schoon te maken is en geschikt voor zowel binnen als buiten.</p> <h3>Sfeervolle bladprint voor elke tafel</h3> <p>Met het Raved tafelzeil creëer je een uitnodigende tafelsetting: het levendige bladmotief brengt meteen de natuur binnen of verbindt je terras met de buitenlucht. De combinatie van de <strong>groene kleur</strong> en het uitgesproken bladerdessin geeft een speels én stijlvol accent aan jouw interieur of buitenplek. Wil je een gezellige brunch, een zonovergoten lunch op het balkon of een ontspannen avondeten buiten? Dit tafelzeil past daar perfect bij.</p> <h3>Bescherming én gemak in één</h3> <p>Het tafelzeil is vervaardigd van <strong>PVC</strong>, wat zorgt voor een glad en robuust oppervlak dat tegen een stootje kan. Gemorst? Geen probleem: je neemt het simpel met een vochtige doek af — dit onderhoudsgemak is een belangrijk <strong>USP</strong>. Bovendien verloopt het motief door tot aan de rand, wat zorgt voor een verzorgde en complete uitstraling.</p> <h3>Voor binnen én buiten</h3> <p>Kies je voor een eetkamer, keuken, tuintafel of veranda? Dankzij de veelzijdigheid is dit tafelzeil geschikt voor verschillende gebruikssituaties. Houd er wel rekening mee dat voor langdurige buitenstelling (intensieve zon, harde wind) enige bescherming van de kleur kan helpen — de rijke groen­tinten blijven het mooist als ze niet continu vol in de zon liggen.</p> <h3>Specificaties op een rij</h3> <ul> <li> <p>Materiaal: PVC (duurzaam, water- en vlekresistent)</p> </li> <li> <p>Kleur: groen met grote bladerenmotief</p> </li> <li> <p>Onderhoud: afnemen met een vochtige doek, niet in de wasmachine</p> </li> <li> <p>Gebruik: geschikt voor tafelbescherming, binnen & buiten</p> </li> <li> <p>Brandmerk: Raved</p> </li> </ul> <h3>Waarom kiezen voor dit tafelzeil?</h3> <ul> <li> <p><strong>Stijlvol motief</strong>: grote bladeren zorgen voor een natuurlijke, frisse look.</p> </li> <li> <p><strong>Onderhoudsgemak</strong>: PVC + afwasbaar oppervlak zorgt voor zorgeloos gebruik, juist handig bij gezinnen met kinderen of buitenmaaltijden.</p> </li> <li> <p><strong>Veelzijdigheid</strong>: geschikt voor diverse tafels, binnen of onder de pergola.</p> </li> <li> <p><strong>Bescherming</strong>: je tafel is beschermd tegen vlekken, vocht en lichte slijtage — verlies het risico op beschadiging niet.</p> </li> </ul> <h3>Call to action</h3> <p>Verander je tafel in een sfeervolle blikvanger en geniet iedere dag opnieuw van een frisse uitstraling. Bestel vandaag het Raved tafelzeil met groene grote bladerenprint en ervaar direct de perfecte combinatie van design én praktisch gemak! Klik op de knop en maak van iedere maaltijd een moment vol stijl.</p>",1.0,stuk(s),Wit; Donker Groen; Groen,PVC,Raved,270.0,cm,N,,Tafelzeil,Rechthoek,N,N,,,N,0.0,cm,2 maanden,,,,,N,,,Gebloemd,140.0,cm,0.3,kg,,Bloemen,0657452723,26.0,cm,3.0,cm,37.0,cm,0.2,kg,Afnemen met een natte doek,Voor binnen & buiten,Afnemen met een natte doek,10.xlsx,,,,,,,,,,,,,,,"https://media.s-bol.com/JB6lkK262RNJ/0gjMp9X/1024x1024.jpg,https://media.s-bol.com/xgk9WzNOoql3/0gjMp9X/1024x1024.jpg,https://media.s-bol.com/g0J6WDGx8kOj/0gjMp9X/124x111.jpg,https://media.s-bol.com/q1xDWpXwAj6y/0gjMp9X/124x40.jpg,https://media.s-bol.com/RN6wvK0oNY8w/0gjMp9X/1024x1024.jpg,https://media.s-bol.com/zkp9g4NVqPnZ/0gjMp9X/1024x1024.jpg"
Raved Tafelzeil – 140 cm x 350 cm – Kerstballen Beige – PVC – Afwasbaar,,9508138276324,Tafellaken,,"<p>Breng direct <strong>kerstsfeer</strong> in huis met dit <strong>sfeervolle tafelzeil</strong> van Raved, voorzien van een warme kerstballenprint en <strong>duurzaam PVC-materiaal</strong>. Dankzij de <strong>afwasbare laag</strong> leg je met een gerust hart de feesttafel klaar—lekker, veilig en stijlvol.</p> <p>Geef jouw kersttafel deze winter een blikvanger met het <strong>kerst tafelzeil</strong> van Raved. Dit stijlvolle tafelzeil is speciaal ontworpen om jouw interieur feestelijk én praktisch te maken tijdens de decemberdagen.</p> <h3>Sfeervolle uitstraling</h3> <p>Met een mooie <strong>kerstballenprint</strong> tegen een elegante beige achtergrond creëer je meteen een warme, gezellige tafelsetting waar familie en vrienden zich welkom voelen. Of je nu een uitgebreid kerstdiner organiseert of een knusse brunch op eerste kerstdag: het tafelzeil past perfect bij jouw kerstmoment.</p> <h3>Praktisch en beschermd</h3> <p>Het <strong>PVC-materiaal</strong> biedt niet alleen een luxe uitstraling, maar ook eenvoudige onderhoudsmogelijkheden: gemorste drankjes, restjes na het diner of zelfs spelende kinderen? Geen probleem. Het tafelzeil is <strong>afwasbaar</strong> en veeg je moeiteloos schoon met een vochtige doek—zodat je tafel beschermd blijft tegen vlekken en brandplekjes door hete pannen. (Tip: gebruik onderzetters voor extra veiligheid.)</p> <h3>Geschikt voor jouw tafel</h3> <p>Met een standaard breedte van 140 cm zie je het product meteen goed terugkomen in advertenties. De lengte varieert (zie variantspecificatie), zodat je kiest wat past bij jouw tafel—rechthoekig of langer uitlopend. Kies voor een variant die past bij jouw salon of eetkamer. Dankzij het materiaal is het tafelzeil zowel mooi als functioneel.</p> <h3>Waarom kiezen voor Raved?</h3> <p>Brand & burn-out van je interieur? Niet met dit tafelzeil. Raved heeft een stevig tafelzeil ontwikkeld dat de kerstsfeer combineert met gemak. Geen stress meer over rondslingerende servetten of onverwachte wijnvlekken—met dit tafelzeil zit je goed. Andere gebruikers gingen je voor en waarderen de combinatie van print + kwaliteit.<br />Voel je uitgeblust na het opruimen? Met dit afwasbare tafelzeil ben je sneller klaar en kun je écht genieten van je maaltijd en gezelschap.</p> <h3>Gebruik & onderhoud</h3> <ul> <li> <p>Leg het tafelzeil vlak op je tafel; indien te lang kun je overtollig materiaal aan de zijkant wegsnijden of omvouwen.</p> </li> <li> <p>Veeg vuil direct weg met een vochtige doek; het PVC-materiaal behoudt zijn kwaliteit en print.</p> </li> <li> <p>Berg het tafelzeil schoon en droog op voor hergebruik komende jaren—zo is jouw aankoop een slimme investering in jouw kerstsfeer.</p> </li> </ul> <h3>Call-to-action</h3> <p>Maak jouw kersttafel af met dit stijlvolle én praktische tafelzeil—klik op ‘Toevoegen aan winkelwagen’ en leg vandaag nog de basis voor een zorgeloze en sfeervolle feestmaaltijd.</p>",1.0,stuk(s),Beige; Rood,PVC,Raved,330.0,cm,N,,Tafelzeil,Rechthoek,N,N,,,N,,,3 maanden,,,,,N,,,Overig,140.0,cm,2.0,kg,,Print,Geen,26.0,cm,3.0,cm,37.0,cm,2.0,kg,Tafelzeil,Voor binnen & buiten,Machinewas 30 °C,10.xlsx,,,,,,,,,,,,,,,"https://media.s-bol.com/xBV23oyPp6VJ/4NjLqn/124x61.jpg,https://media.s-bol.com/4qQP0OJRk3x1/KwVGgY/124x105.jpg,https://media.s-bol.com/3pQPDNG2jX1M/KwVGgY/1024x1024.jpg,https://media.s-bol.com/5rQXGPg9l4yB/KwVGgY/124x112.jpg,https://media.s-bol.com/7kzKwRP1DLDB/LLArNg/1024x1024.jpg,https://media.s-bol.com/kPjOzABlgZZX/6gXlWV/124x110.jpg,https://media.s-bol.com/ZoYNQ1RVwEz5/KwVGgY/124x89.jpg"
Raved Tafelzeil 140 cm x 230 cm – Kerst Sneeuwvlokken Beige – PVC - Afwasbaar,,9507343677797,Tafellaken,,"<p>Breng direct <strong>feestsfeer</strong> op tafel met dit <strong>kerst-tafelzeil</strong> in sneeuwvlokdesign, gemaakt van <strong>duurzaam PVC</strong> en <strong>afwasbaar</strong> voor moeiteloos onderhoud – ideaal voor een zorgeloos kerstdiner.</p> <p><strong>Beschrijving van het product</strong><br />Met het <strong>kerst tafelzeil</strong> van Raved in het elegante sneeuwvlok-design geef je jouw kersttafel direct een warme, feestelijke uitstraling. Het hoogwaardige <strong>PVC-materiaal</strong> is <strong>afwasbaar</strong>, waardoor gemorste wijn, saus of chocolademelk geen kans krijgt – jij nodigt uit, geniet en ruimt achteraf moeiteloos op.</p> <h3>Feestelijke sfeer & bescherming</h3> <p>Met het motif van sneeuwvlokken in zachte beige tint brengt dit tafelzeil een subtiele en stijlvolle kerstlook op je tafel. Maar het mooie uiterlijk is slechts één kant van het verhaal: onder de motieven schuilt een functionele beschermlaag die jouw tafel helpt vrijwaren van krassen, brandplekken door hete pannen of vlekken van kinderspel – zo blijft je tafel er na de feestdagen nog prachtig bij.</p> <h3>Onderhoudsgemak & praktische instelling</h3> <p>Dankzij het <strong>afwasbare PVC-oppervlak</strong> veeg je eenvoudig en snel schoon met een vochtige doek – geen gedoe met wassen of strijken. Ideaal als je meerdere gangen serveert, met gasten werkt of gewoon geen uren wilt besteden aan opruimen. En aangezien het zeil breed 140 cm is, past het moeiteloos across veel standaard eettafels.</p> <h3>Veelzijdige toepassing</h3> <p>Of je nu een intiem kerstdiner hebt met het gezin of een uitgebreide feesttafel deelt met vrienden en familie: dit tafelzeil is flexibel inzetbaar. Dankzij het klassieke design en de neutrale beige kleur kun je makkelijk combineren met servies, kaarslicht en accessoires zonder dat het overheerst – maar het voegt wel direct feestgevoel toe.</p> <h3>Waarom dit tafelzeil kiezen?</h3> <ul> <li> <p><strong>Sterke bescherming</strong>: je tafel blijft vrij van vlekken, krassen en hitteplekken.</p> </li> <li> <p><strong>Stijlvol design</strong>: sneeuwvlokkenmotief past perfect bij kerst en winter, én laat ruimte voor je eigen styling.</p> </li> <li> <p><strong>Onderhoudsarm</strong>: afnemen is voldoende; geen tijdverslindend onderhoud.</p> </li> <li> <p><strong>Direct sfeer</strong>: je tafel ziet er meteen feestelijk uit, zonder extra aankleding.</p> </li> <li> <p><strong>Duurzaam gebruik</strong>: het materiaal is stevig, waardoor je het seizoen na seizoen opnieuw kunt inzetten.</p> </li> </ul> <h3>Actie-call</h3> <p>Maak jouw kersttafel klaar voor het feest – kies dit sneeuwvlok tafelzeil van Raved en combineer stijl met gemak. <strong>Bestel nu</strong> en laat tijdens het diner alleen het genieten over – niet het schoonmaken.</p>",1.0,stuk(s),Rood,PVC,Raved,230.0,cm,N,,Tafelzeil,Rechthoek,N,N,,,N,,,3 maanden,,,,,N,,,Overig,140.0,cm,2.0,kg,,Print,Geen,26.0,cm,3.0,cm,37.0,cm,2.0,kg,1 stuk,Voor binnen & buiten,Machinewas 30 °C,10.xlsx,,,,,,,,,,,,,,,"https://media.s-bol.com/OKY9VPBvG7qG/2RlrJWP/1024x1024.jpg,https://media.s-bol.com/yjPkQ9gv9BO7/2RlrJWP/1024x1024.jpg,https://media.s-bol.com/n15Jng4RRkO4/2RlrJWP/124x108.jpg,https://media.s-bol.com/g0JX1n4D8AB9/2RlrJWP/124x40.jpg,https://media.s-bol.com/JKnjAYNL5wlo/Yqz1rO/1024x1024.jpg,https://media.s-bol.com/w1pgMK4Jg9nR/2RlrJWP/1024x1024.jpg,https://media.s-bol.com/NJk1QYArGxpK/2RlrJWP/1024x1024.jpg"
Raved Tafelzeil – 140 cm x 320 cm – Klaprozen Rood – PVC – Afwasbaar,,9505618966140,Tafellaken,,"<p>Geef je tafel direct een vrolijke en beschermende upgrade met dit <strong>afwasbare PVC-tafelzeil</strong> in een warm rood met elegant <strong>klaprozenmotief</strong>. Ideaal voor binnen én buiten, combineert <strong>duurzaam materiaal</strong>, <strong>goed onderhoud</strong> en sfeervolle uitstraling.</p> <p>Breng direct warmte en stijl in je eetruimte met het <strong>primair zoekwoord ""tafelzeil klaprozen""</strong>, een opvallend model uit de collectie van Raved. Dit tafelzeil is vervaardigd uit hoogwaardig <strong>PVC-materiaal</strong>, met een frisse <strong>rode kleur</strong> en een levendig klaprozen-bloemmotief — perfect als sfeervolle basis voor iedere maaltijd, of het nu gaat om een gezellige familielunch of een zomerse borrel buiten.</p> <h3>Bescherming en sfeer in één</h3> <p>Het tafelzeil biedt je niet alleen een prachtige uitstraling, maar ook functionele bescherming: het PVC-materiaal voorkomt vlekken, krassen en slijtage van je tafeloppervlak. Dankzij het afwasbare oppervlak is onderhoud eenvoudig: een vochtige doek is in de meeste gevallen al voldoende. Zo bespaar je tijd én moeite en blijft je tafel er mooi uitzien. Verlies nu geen slaap over een gemorste glas rode wijn of kindersaus – dit tafelzeil zorgt voor rust en zekerheid.</p> <h3>Geschikt voor binnen én buiten</h3> <p>Of je nu binnen aan tafel zit of buiten op het terras geniet, dit tafelzeil is veelzijdig inzetbaar. De combinatie van vochtbestendig PVC, een vrolijke bloemenprint en de warme rode kleur zorgt voor gezellige sfeer in huis of tuin. Let er wel op dat je het zeil bij hevige regen of zon langdurig buitenbeschermd gebruikt zodat de kleur mooi blijft.</p> <h3>Specificaties in één oogopslag</h3> <ul> <li> <p>Materiaal: <strong>PVC</strong> (duurzaam en onderhoudsvriendelijk)</p> </li> <li> <p>Kleur / design: <strong>Rood</strong> met klaprozenmotief</p> </li> <li> <p>Afwasbaar: eenvoudig schoon te maken</p> </li> <li> <p>Sfeer: bloemenprint geeft vrolijkheid en karakter aan je tafel</p> </li> </ul> <h3>Waarom kiezen voor dit model?</h3> <p>Veel tafelzeilen richten zich puur op functionaliteit, maar dit exemplaar doet meer: het combineert <strong>stijl</strong> + <strong>practiciteit</strong>. Daardoor voelt je eetmoment uitnodigend aan en kun je veilig genieten zonder voortdurend alert te zijn op vlekken of beschadigingen. Social proof: gebruikers kiezen dit model omdat “het er prachtig uitziet en echt makkelijk in onderhoud is”.</p> <h3>Call-to-action</h3> <p>Wacht niet langer – geef je tafel direct die extra dosis sfeer en bescherming met dit prachtige tafelzeil. Klik op “in winkelwagen” en maak van je eetmomenten telkens weer iets bijzonders.</p>",1.0,stuk(s),Rood,PVC,Raved,320.0,cm,N,,Tafelzeil,Rechthoek,N,N,,,N,,,3 maanden,,,,,N,,,Gebloemd,140.0,cm,0.4,kg,,Bloemen,Geen,26.0,cm,3.0,cm,37.0,cm,0.4,kg,1 stuk,Voor binnen & buiten,Afnemen met een natte doek,10.xlsx,,,,,,,,,,,,,,,"https://media.s-bol.com/xgk8mWmmNB3q/P1qGDG1/1024x1024.jpg,https://media.s-bol.com/7R3Ykq0qn83w/P1qGDG1/1024x1024.jpg,https://media.s-bol.com/JB6zRkRlRMDK/P1qGDG1/124x106.jpg,https://media.s-bol.com/xgk8mWmRnKN9/P1qGDG1/1024x1024.jpg,https://media.s-bol.com/j1R5PWPMqlLl/P1qGDG1/124x40.jpg,https://media.s-bol.com/3N1EGmGJZOVx/P1qGDG1/1024x1024.jpg"
Raved - Rond Tafelzeil Ø 140 cm - Beige - PVC - Linnen Look - Afwasbaar,,9506235562685,Tafellaken,,"<p>Geef je tafel een <strong>luxe linnen uitstraling</strong> zonder zorgen om vlekken. Dit <strong>Raved rond tafelzeil 140 cm</strong> is gemaakt van <strong>duurzaam PVC</strong> en eenvoudig <strong>afwasbaar</strong> – perfect voor dagelijks gebruik én speciale gelegenheden.</p> <p>Een gezellig gedekte tafel begint bij de basis. Met het <strong>Raved rond tafelzeil 140 cm in beige linnen look</strong> combineer je stijl en gemak in één. Waar een echt linnen tafelkleed vaak vlekgevoelig en lastig te reinigen is, biedt dit <strong>afwasbare PVC tafelzeil</strong> dezelfde luxe uitstraling – maar zonder het onderhoud.</p> <h3>Waarom kiezen voor dit ronde tafelzeil?</h3> <ul> <li> <p><strong>Stijlvolle linnen look</strong>: warme, natuurlijke uitstraling die past in elk interieur</p> </li> <li> <p><strong>Praktisch afwasbaar</strong>: vlekken en kruimels veeg je in één beweging weg</p> </li> <li> <p><strong>Duurzaam PVC</strong>: gaat lang mee, bestand tegen intensief gebruik</p> </li> <li> <p><strong>Perfect formaat</strong>: rond, met een diameter van <strong>140 cm</strong>, ideaal voor kleine tot middelgrote tafels</p> </li> <li> <p><strong>Neutrale beige tint</strong>: eenvoudig te combineren met servies en woonaccessoires</p> </li> </ul> <h3>Voor elke gelegenheid</h3> <p>Of je nu een druk gezinsleven hebt met kinderen die knoeien, of regelmatig vrienden ontvangt voor een diner, dit <strong>rond tafelkleed 140 cm</strong> beschermt je tafel én zorgt voor een stijlvolle uitstraling. De beige kleur creëert een rustige basis, terwijl de <strong>linnen look</strong> net dat beetje extra sfeer toevoegt.</p> <h3>Onderhoudsvriendelijk</h3> <p>Geen gedoe meer met wassen, strijken of hardnekkige vlekken. Het <strong>PVC materiaal</strong> is volledig afwasbaar en bestand tegen vocht en vuil. Even afnemen met een vochtige doek en het tafelzeil ziet er weer uit als nieuw.</p> <h3>Slimme keuze</h3> <p>Met het Raved tafelzeil kies je voor gemak, stijl en duurzaamheid. Het bespaart je tijd in het huishouden en verlengt de levensduur van je tafel. Bovendien is de prijs aantrekkelijk in vergelijking met stoffen tafelkleden die sneller vervangen moeten worden.</p> <p><strong>Geef je eethoek de luxe uitstraling van linnen, maar dan praktisch en onderhoudsvrij. Bestel vandaag nog dit Raved rond tafelzeil en ervaar het gemak van stijlvol tafelen zonder zorgen.</strong></p>",1.0,stuk(s),Beige,PVC,Raved,140.0,cm,N,,Tafelzeil,Rond,N,N,,,N,140.0,cm,2 maanden,,,,,N,Raved Rond Tafelzeil Beige Ø 140 cm,,Effen,140.0,cm,0.3,kg,,effen,0657452723,23.8,cm,4.3,cm,25.3,cm,0.5,kg,1 stuk,Voor binnen & buiten,Afnemen met een natte doek,10.xlsx,,,,,,,,,,,,,,,https://media.s-bol.com/YLZ77n9qNnrW/pgL3BYV/550x550.jpg
Raved Tafelzeil 140 cm x 230 cm - Macarons Roze - PVC - Afwasbaar,,9508483686342,Tafellaken,,"<p>Maak van elke maaltijd een stijl­moment met dit <strong>afwasbare PVC tafelzeil</strong> in een vrolijke <strong>roze macarons-print</strong> – eenvoudig schoon te maken en direct sfeer aan tafel.</p> <p>**Maak indruk met het <strong>Raved Tafelzeil in roze macarons-design</strong>, de slimme keuze voor wie een tafelsetting wil die zowel mooi als functioneel is. Dit <strong>tafelzeil</strong> biedt <strong>bescherming én stijl</strong>: heeft een <strong>duurzaam PVC-materiaal</strong>, is <strong>afwasbaar</strong> met een vochtige doek en zorgt ervoor dat jouw tafel er elke dag fris uitziet.</p> <h3>Bescherming en styling in één</h3> <p>Met dit tafelzeil combineer je direct twee behoeften: bescherming van je tafel tegen kringen, knoeien, vlekken en slijtage, én een vrolijk design dat je eet- of tuintafel transformeert. De zachte roze achtergrond met speelse macarons zorgt voor een uitnodigende sfeer — perfect voor gezinsmaaltijden, gezellige borrels buiten, of als subtiel accent op je interieur.</p> <h3>Materiaal en onderhoud</h3> <p>Het tafelzeil is vervaardigd van hoogwaardig <strong>PVC</strong>, waardoor het flexibel, water- en vlekbestendig is. Dankzij de handige afneembare eigenschap (met een vochtige doek) houd je het simpel en snel schoon. Let erop dat bij langdurig gebruik buiten, het motief en de kleur het best behouden blijven als je het tafelzeil beschermt tegen extreme weersinvloeden.</p> <h3>Toepassingsmogelijkheden</h3> <p>Of je nu binnen eet of buiten op het terras aanschuift — dit tafelzeil is geschikt voor meerdere situaties: van een spontane kop koffie tot een uitgebreide barbecue met vrienden. Het maakt je tafel direct sfeervoller én praktischer. Dankzij de standaardmaat past het op de meeste tafels (controleer jouw afmetingen). Het vrolijke design haalt ook het beste in je servies en tafeldecor naar boven.</p> <h3>Waarom kiezen voor dit tafelzeil?</h3> <ul> <li> <p>**Veelzijdig gebruik **: geschikt voor zowel binnen als buiten.</p> </li> <li> <p>**Onderhoudsgemak **: eenvoudig schoon te maken, geen ingewikkeld wasprogramma.</p> </li> <li> <p>**Stijlvol motief **: macarons-print voegt direct karakter toe in plaats van een standaard effen doek.</p> </li> <li> <p><strong>Hoge kwaliteit</strong> dankzij het PVC-materiaal: bestand tegen dagelijkse gebruik.</p> </li> </ul> <h3>Let op</h3> <p>Hoewel het tafelzeil buiten gebruikt kan worden, streven we naar optimale duurzaamheid door het te beschermen tegen langdurig zon- of weergebruik.<br />Verzeker je ervan dat jouw tafelvlak schoon en droog is voordat je het tafelzeil legt voor het beste resultaat.</p> <h3>Call-to-action</h3> <p>Kies nu voor bescherming én stijl aan tafel – geef jouw eet- of tuintafel direct een upgrade met het <strong>Raved tafelzeil in roze macarons-print</strong>. Bestel vandaag nog en maak van elk moment aan tafel iets bijzonders!</p>",1.0,stuk(s),Wit; Groen; Rood; Oranje,PVC,Raved,230.0,cm,N,,Tafelzeil,Rechthoek,N,N,,,N,0.0,cm,2 maanden,,,,,N,,,Gebloemd,140.0,cm,0.3,kg,,Jungle,0657452723,26.0,cm,3.0,cm,37.0,cm,0.2,kg,contact@ravedfabrics.com,Voor binnen & buiten,Afnemen met een natte doek,10.xlsx,,,,,,,,,,,,,,,https://media.s-bol.com/k1RDO7PLN3Xx/98vjYQZ/550x550.jpg
Raved Tafelzeil 140 cm x 290 cm – Houten Planken Grijs - PVC - Afwasbaar,,9506491722779,Tafellaken,,"<p>Geef je tafel direct een stijlvolle uitstraling met dit <strong>afwasbare PVC-tafelzeil</strong> in houtplanken-look. De <strong>houten planken print</strong> en de <strong>grijze kleur</strong> zorgen voor rust en sfeer, terwijl je dankzij het <strong>water- en vlekbestendige materiaal</strong> ontspannen aan tafel gaat zitten – binnen én buiten.</p> <p>Breng dagelijks gemak en stijl samen met het <strong>primair zoekwoord: Raved tafelzeil houtlook</strong>. Dit prachtige model is uitgevoerd in een <strong>houten planken-print</strong> in subtiel <strong>grijs</strong>, vervaardigd uit hoogwaardig <strong>PVC</strong> en volledig <strong>afwasbaar</strong> – ideaal voor wie een goed uitziende tafel wil én minimale schoonmaaktijd.</p> <h3>Bescherm én verfraai je tafel</h3> <p>Of je nu binnen aan de eettafel zit of buiten op het terras, dit tafelzeil beschermt je oppervlak tegen vlekken, krassen en zelfs hete pannen. Dankzij het sterke PVC-materiaal hoef je niet bang te zijn voor per ongeluk morsen of een bord dat verschuift – de bescherming is direct ingebouwd.</p> <h3>Stijl die rust brengt</h3> <p>Het houtplanken-design geeft je tafel een natuurlijke, warme uitstraling zonder het onderhoud van echt hout. De grijze tint zorgt voor een moderne, neutrale basis die past bij veel interieurstijlen. Zo creëer je direct een “gezellige eettafel” waar iedereen graag aan plaatsneemt.</p> <h3>Praktisch in dagelijks gebruik</h3> <ul> <li> <p><strong>Afwastbaar:</strong> Even afnemen met een doekje of natte spons en je tafel is weer schoon.</p> </li> <li> <p><strong>PVC-materiaal:</strong> Slijtvast, water- en vlekbestendig – ideaal in een druk huishouden.</p> </li> <li> <p><strong>Breed inzetbaar:</strong> Geschikt voor binnen én buiten; geniet van je tafel in elk seizoen.</p> </li> </ul> <h3>Waarom wachten?</h3> <p>Stel je voor: je hebt net gekookt, het gezelschap zit aan en … er wordt geknoeid. In plaats van direct paniek, veeg je eenvoudig het tafelzeil af, en de tafel blijft er netjes uitzien. Zonder besef van stress. Tegelijkertijd lijkt het alsof je je tafel hebt geüpgraded – een sfeerboost met weinig effort.</p> <h3>Laat niets aan het toeval over</h3> <p>Een tafel is vaak het middelpunt van het huis – hier wordt gegeten, geleefd, gelachen. Met dit tafelzeil investeer je in een langdurige oplossing: bescherming én uitstraling in één. Wacht niet tot er vuil of krassen komen – zorg ervoor dat je tafel er vanaf dag één tip-top uitziet.</p> <p><strong>Call-to-action:</strong> Kies nu jouw maat, leg het neer en geniet direct van gemak en sfeer. Geef je tafel de upgrade die ‘ie verdient – met gemak, stijl én bescherming.</p>",1.0,stuk(s),Grijs,PVC,Raved,290.0,cm,N,,Tafelzeil,Rechthoek,N,N,,,N,,,3 maanden,,,,,N,,,Overig,140.0,cm,2.0,kg,,Hout,Geen,26.0,cm,3.0,cm,37.0,cm,2.0,kg,,Voor binnen & buiten,Afnemen met een natte doek,10.xlsx,,,,,,,,,,,,,,,https://media.s-bol.com/Y8Eq2x9N4MYp/mwW6Oj3/550x550.jpg
Raved Tafelzeil – 140 cm x 230 cm – Roze Fruit Groen – Bloemen – PVC – Afwasbaar,,9507642835829,Tafellaken,,"<p>Breng direct sfeer aan tafel met dit <strong>afwasbare PVC tafelzeil</strong> van Raved: met een vrolijk <strong>roze fruit- en groene bloemenmotief</strong> beschermt het je tafel tegen vlekken en krassen, zowel binnenshuis als buiten.</p> <p>Met dit <strong>tafelzeil</strong> van het merk Raved combineer je stijl en functionaliteit moeiteloos. Het <strong>primair zoekwoord “tafelzeil”</strong> komt direct terug. Het tafelzeil is uitgevoerd in een frisse <strong>groene kleur</strong> met een speels <strong>roze fruit- en bloemenmotief</strong>, en is vervaardigd uit stevig <strong>PVC-materiaal</strong> dat eenvoudig met een vochtige doek te reinigen is.</p> <h3>Bescherm en verfraai je tafel</h3> <p>Of je nu geniet van een ontspannen ontbijt in de keuken of een tuinlunch op het terras: dit tafelzeil biedt directe bescherming tegen morsen, vlekken en kleine krassen dankzij de afwasbare kunststoflaag. De vrolijke print maakt dat je tafel er elke dag uitnodigend uitziet – een kleine sfeerupgrade met groot effect. De combinatie van groen en roze motiveert een positieve huiselijke vibe voor zowel gezinnen als gezellige etentjes.</p> <h3>Geschikt voor binnen én buiten</h3> <p>Dankzij het praktische materiaal is het tafelzeil geschikt voor gebruik zowel <strong>binnen als buiten</strong>. Denk aan middag-zon in de serre, barbecue op het terras of simpelweg bescherming van je eettafel. Omdat kleur en kwaliteit behouden blijven, is het aan te raden het tafelzeil bij langdurige blootstelling aan slecht weer binnen te halen. </p> <h3>Materiaal & onderhoud</h3> <p>Het gebruikte PVC is duurzaam en eenvoudig te reinigen: veeg af met een vochtige doek en je tafel is weer klaar voor het volgende moment. Het tafelzeil is slijt­ en vlek­bestendig, wat bijdraagt aan een langere levensduur in het dagelijks gebruik. <br /><br /><strong>Waarom kiezen voor dit Raved-tafelzeil?</strong></p> <ul> <li> <p><strong>Vrolijke print</strong> met roze fruit en groene bloemen zorgt voor een sfeervolle uitstraling</p> </li> <li> <p><strong>Afwasbaar PVC-materiaal</strong> zorgt dat je tafel langdurig beschermd is</p> </li> <li> <p><strong>Binnen & buiten inzetbaar</strong>, flexibel in gebruik</p> </li> <li> <p>Makkelijk in onderhoud, ideaal voor gezinnen of regelmatig gebruik</p> </li> </ul> <p>Laat je tafel niet langer eenvoudig achtergaan door morsen of slijtage. Kies voor dit tafelzeil van Raved en combineer direct <strong>bescherming van je meubel</strong> met <strong>vrolijke, vernieuwende styling</strong>. Klik nu op “in winkelwagen” en geef je tafel de upgrade die ‘ie verdient!</p>",1.0,stuk(s),Roze,PVC,Raved,230.0,cm,N,,Tafelzeil,Rechthoek,N,N,,,N,,,3 maanden,,,,,N,,,Gebloemd,140.0,cm,2.0,kg,,Bloemen,Geen,26.0,cm,3.0,cm,37.0,cm,2.0,kg,1 stuk,Voor binnen & buiten,Afnemen met een natte doek,10.xlsx,,,,,,,,,,,,,,,"https://media.s-bol.com/9WrYVwXYE07Y/Y6DxvWK/1024x1024.jpg,https://media.s-bol.com/OKY6An95EPgg/Y6DxvWK/1024x1024.jpg,https://media.s-bol.com/BqB9kJE6wp0x/Y6DxvWK/124x109.jpg,https://media.s-bol.com/q1xLy0pN85gk/Y6DxvWK/124x40.jpg,https://media.s-bol.com/n156vq6P0n3l/Y6DxvWK/1024x1024.jpg,https://media.s-bol.com/q1xLy0L9qJqD/Y6DxvWK/1024x1024.jpg"
Raved Tafelzeil Blokken  140 cm x  280 cm - Grijs - PVC - Afwasbaar,,9506491227281,Tafellaken,,"<p><strong>De tafelkleden van Raved zijn veelzijdig en brengen sfeer in huis. Onze Tafelkleden/Tafelzeilen/Tafelzeilen zijn zowel verkrijgbaar in vrolijke motieven en prints, als in mooie effen kleuren. Een Toile cirée van Raved is ook nog eens erg praktisch en beschermt je tafel tegen geknoei of brandplekken door hete pannen. Zo schuift iedereen met een gerust hart aan!</strong></p> <h3>Voor binnen & buiten</h3> <p>Dit Tafelkleed/Tafelzeil/Tafelzijl is geschikt voor zowel binnen als buiten. Let er wel op dat je het kleed naar binnen haalt wanneer het regent, dit voorkomt verkleuring en verwering. Na gebruik is het kleed eenvoudig af te nemen met een vochtige doek en kan het weer de kast in voor een volgend gebruik!</p> <h3>Blokken design</h3> <p>Dit tafelkleed/tafelzeil, met een subtiele print en neutrale kleur, past perfect binnen een modern en klassiek interieur. Het ontwerp bestaat uit een stijlvolle blokken print in de kleuren grijs en wit en maakt uw eetkamer nog completer.</p> <h3>Specificaties:</h3> <p> Materiaal: PVC / plastic <br /> Afmetingen: 140 x 140 cm <br /> Kleur: Wit/Grijs <br /> Inhoud: 1 stuk<br /> Fabrikant: Wicotex / 2Lif<br /> Onze tafelzijlen zijn geschikt voor jong en oud. Of je nu gezellig een avondje met vrienden of familie aan tafel schuift of kinderen hebt die graag knutselen en knoeien, je tafel kan alles aan!</p> <p>Raved, ook wel bekend als Raved Frabrics, verkoopt zowel praktische als mooie items! Onze artikelen worden zorgvuldig geselecteerd voor de beste kwaliteit. Van prachtige tafelkleden en -zeilen tot de mooiste muurdecoratie: bij Raved kun je altijd terecht!</p>",1.0,stuk(s),Wit; Grijs,PVC,Raved,280.0,cm,N,,Tafelzeil,Rechthoek,N,N,,,N,,,3 maanden,,,,,N,,,Geruit,140.0,cm,2.0,kg,,Vierkantjes,Geen,26.0,cm,3.0,cm,37.0,cm,2.0,kg,1 stuk,Voor binnen & buiten,Afnemen met een natte doek,10.xlsx,,,,,,,,,,,,,,,"https://media.s-bol.com/q1xL7QrnZPDp/48n2MEk/124x122.jpg,https://media.s-bol.com/NJkXPmkMYYAz/3lm3WpR/1024x1024.jpg,https://media.s-bol.com/RN6kW3XJwBjR/3lm3WpR/124x105.jpg,https://media.s-bol.com/n156xRokzQlP/48n2MEk/124x108.jpg,https://media.s-bol.com/m5ZNOqnJ0XQG/48n2MEk/124x40.jpg,https://media.s-bol.com/kXBLV4XMw30Y/BkYvXJ/1024x1024.jpg,https://media.s-bol.com/gM8EV4MXxzoY/BkYvXJ/1024x1024.jpg,https://media.s-bol.com/3N1VQ6pNRgnR/48n2MEk/1024x1024.jpg,https://media.s-bol.com/m5ZNOqnjERkn/48n2MEk/1024x1024.jpg,https://media.s-bol.com/RN6kWzx97XxO/3lm3WpR/1024x1024.jpg,https://media.s-bol.com/j1R6ZYklOZwv/48n2MEk/1024x1024.jpg,https://media.s-bol.com/NJkXPw0kW4ZN/3lm3WpR/1024x1024.jpg"
Raved tafelzeil 140 cm × 220 cm – kersenprint rood – PVC – afwasbaar,,9508217468541,Tafellaken,,"<p>Breng direct sfeer aan tafel met dit <strong>lege­r- en vlekbestendige PVC tafelzeil</strong> van Raved in een vrolijke <strong>kersenprint</strong>. Dankzij de <strong>afwasbare kwaliteit</strong> is je tafel in no time schoon — ideaal voor dagelijks gebruik of gezellig dineren buiten.</p> <p>Creëer moeiteloos een tafelsetting die zowel stijlvol als praktisch is met dit <strong>tafelzeil van Raved</strong>. Het uitnodigende kersenmotief op een warme rode achtergrond geeft je eet- of tuintafel een frisse, speelse uitstraling — perfect voor een gezellige brunch of een uitgebreide familiediner.</p> <h3>Bescherming én sfeer</h3> <p>Met dit tafelzeil kies je niet alleen voor een leuke look, maar ook voor een slimme oplossing: het <strong>duurzame PVC-materiaal</strong> beschermt je tafel tegen slijtage, vlekken, krassen en lekkages. Geen zorgen bij een glas rode wijn of een knoeierige eter — gewoon afnemen en verder genieten. Het resultaat: een tafel die er altijd netjes uitziet én een huiskamer of terras die uitnodigt.</p> <h3>Voor binnen én buiten</h3> <p>Of je nu binnen eet of buiten op het terras zit, dit exemplaar presteert: het is <strong>afwasbaar</strong>, waterafstotend en licht onderhoudsarm. Zo kun je meer tijd besteden aan gezelschap en minder aan schoonmaak.</p> <h3>Mooi design + praktische details</h3> <ul> <li> <p><strong>Kleur/design:</strong> Rood met kersenprint — stijlvol en vrolijk.</p> </li> <li> <p><strong>Materiaal:</strong> PVC (afwasbaar) — snelle reiniging, hoge bescherming.</p> </li> <li> <p><strong>Gebruik:</strong> Geschikt voor dagelijks gebruik, kinderfeestjes, buitenmaaltijden of gezellige diners.</p> </li> </ul> <h3>Waarom dit tafelzeil kiezen?</h3> <ul> <li> <p><strong>Verliesaversie-trigger:</strong> “Bescherm je tafel nu tegen krassen en vlekken — want een nieuw tafelblad is duurder dan dit tafelzeil.”</p> </li> <li> <p><strong>Sociale bewijskracht:</strong> Het merk Raved staat bekend om kwaliteitsvolle tafelzeilen met vrolijke prints die veel huishoudens gebruiken.</p> </li> <li> <p><strong>Urgentie-element:</strong> Maak je tafel vandaag nog klaar voor gasten of een ontspannen maaltijd — wacht niet tot het weer knoeien gebeurt.</p> </li> </ul> <h3>Onderhoudstip</h3> <p>Veeg het tafelzeil eenvoudig schoon met een vochtige doek. Gebruik geen agressieve schoonmaakmiddelen om de print en het materiaal mooi te houden. Rol het los op voor langere levensduur — zo blijft de kersenprint levendig en de PVC-laag intact.</p> <p><strong>Voeg stijl, gemak en bescherming toe aan je tafel – kies vandaag dit Raved tafelzeil en geniet elke dag weer van een vrolijke tafel.</strong></p>",1.0,stuk(s),Beige; Rood; Groen,PVC,Raved,220.0,cm,N,,Tafelzeil,Rechthoek,N,N,,,N,0.0,cm,3 maanden,,,,,N,,,Effen,140.0,cm,2.0,kg,,Aardbeien,Geen,26.0,cm,3.0,cm,37.0,cm,2.0,kg,1 stuk,Voor binnen & buiten,Machinewas 30 °C,10.xlsx,,,,,,,,,,,,,,,"https://media.s-bol.com/r1kV6Jzg7jQK/wj6xYkg/1024x1024.jpg,https://media.s-bol.com/QMWgRQD39DZ9/wj6xYkg/124x110.jpg,https://media.s-bol.com/BQzAA1p4DO9n/Nz6KwD/1024x1024.jpg,https://media.s-bol.com/g0JMPrmwWXAj/wj6xYkg/1024x1024.jpg,https://media.s-bol.com/q1xL9GyOrQkp/wj6xYkg/1024x1024.jpg,https://media.s-bol.com/g0JMPrlpR12j/wj6xYkg/124x40.jpg"
Raved Tafelzeil 140x250 cm - Zwart Ruit - PVC - Afwasbaar - Duurzaam,,9509352976328,Tafellaken,,"<p>Breng stijl en gemak naar je eettafel met dit <strong>Raved tafelzeil</strong> in zwart ruitmotief. Gemaakt van <strong>duurzaam PVC</strong> en volledig <strong>afwasbaar</strong>, ideaal om je tafel te beschermen tegen vlekken en krassen zonder in te leveren op uitstraling.</p> <p>Geef je eettafel een stijlvolle én praktische upgrade met het <strong>Raved tafelzeil </strong> in zwart ruitmotief. Dit tafelzeil is speciaal ontworpen voor wie houdt van een verzorgd interieur maar geen tijd wil verliezen aan eindeloos schoonmaken. Dankzij het <strong>afwasbare PVC-materiaal</strong> maak je vlekken, kruimels en vocht eenvoudig schoon met een vochtige doek. Zo blijft jouw tafel elke dag fris en netjes, zelfs bij intensief gebruik door het hele gezin.</p> <h3>Bescherming en duurzaamheid</h3> <p>Een eettafel is vaak het middelpunt van het huis: van ontbijt met het gezin tot gezellige etentjes met vrienden. Helaas leidt dit vaak tot krassen, kringen en vlekken. Met dit <strong>PVC tafelzeil</strong> bescherm je je tafelblad optimaal. Het materiaal is stevig, <strong>duurzaam</strong> en bestand tegen dagelijks gebruik. Daarmee is het een slimme investering die je tafel jarenlang mooi houdt.</p> <h3>Stijlvol design</h3> <p>Het <strong>zwarte ruitmotief</strong> geeft een moderne, tijdloze uitstraling die past in zowel een strak interieur als een landelijke woonstijl. Waar veel tafelzeilen een goedkope uitstraling hebben, biedt Raved een combinatie van <strong>kwaliteit en elegantie</strong> die je eethoek direct naar een hoger niveau tilt.</p> <h3>Eenvoudig in gebruik</h3> <p>Naast stijl en bescherming is gemak minstens zo belangrijk. Dit <strong>afwasbare tafelzeil</strong> is onderhoudsvriendelijk: een vochtige doek of mild sopje is voldoende om vlekken te verwijderen. Geen gedoe met wassen of strijken, altijd direct klaar voor gebruik. Bovendien verschuift het niet snel, zodat je zonder zorgen kunt genieten van elke maaltijd.</p> <h3>Toepassingen</h3> <p>Dit tafelzeil is niet alleen geschikt voor dagelijks gebruik binnenshuis, maar ook ideaal voor buiten op het terras of tijdens een feestje. Zo combineer je functionaliteit met veelzijdigheid.</p> <p><strong>Waarom kiezen voor Raved?</strong></p> <ul> <li> <p><strong>Afwasbaar PVC</strong>: hygiënisch en praktisch in onderhoud</p> </li> <li> <p><strong>Zwart ruit design</strong>: stijlvol en tijdloos</p> </li> <li> <p><strong>Duurzaam materiaal</strong>: lange levensduur en sterke bescherming</p> </li> </ul> <p>Maak je leven gemakkelijker en je interieur mooier met dit <strong>Raved tafelzeil</strong>. Bestel vandaag nog en ervaar hoe stijl en gebruiksgemak perfect samenkomen.</p>",1.0,stuk(s),Zwart,PVC,Raved,250.0,cm,N,,Tafelzeil,Rechthoek,N,N,,,N,0.0,cm,3 maanden,,,,,N,,,Overig,140.0,cm,2.0,kg,,Vierkantjes,Geen,26.0,cm,3.0,cm,37.0,cm,2.0,kg,1 stuk,Voor binnen & buiten,Afnemen met een natte doek,10.xlsx,,,,,,,,,,,,,,,https://media.s-bol.com/xBV2AJoyzVPz/1KOWR3/550x264.jpg
Raved Tafelzeil 140×280 cm – Delfts Tegels – Beige/Blauw – PVC – Afwasbaar,,9509253364521,Tafellaken,,"<p>Breng direct sfeer aan tafel met dit <strong>stijlvolle en praktisch afneembare</strong> tafelzeil van met authentiek <strong>Delfts Tegels-motief</strong>. Dankzij het <strong>hoogwaardige PVC-materiaal</strong> en de <strong>afwasbare kwaliteit</strong> is jouw tafel beschermd én mooi, zowel binnen als buiten.</p> <p>Maak van iedere maaltijd of bijeenkomst een moment om naar uit te kijken met het <strong>premium tafelzeil</strong> van Raved met <strong>Delfts Tegels-design</strong>. Dit tafelzeil combineert <strong>stijlvol Hollands motief</strong>, functioneel materiaalgebruik en slimme onderhoudsvriendelijkheid – precies wat je zoekt wanneer je tafel er zowel mooi uit moet zien als praktisch in gebruik moet zijn.</p> <h3>Waarom kiezen voor dit tafelzeil?</h3> <p>Met het <strong>primair zoekwoord “tafelzeil”</strong> in gedachten: dit model is ideaal voor wie een tafel al voldoende aandacht geeft en zoekt naar een oplossing voor knoeien, hitteplekken of verkleuring. Het klassieke <strong>Delfts Tegels-patroon</strong> in beige/­blauw voegt direct landelijke charme toe aan je eetkamer, serre of buitenruimte. Omdat het van <strong>materiaal PVC</strong> is gemaakt, zit je nooit met stof of vervelende stof‐nesten: vlekken neem je eenvoudig af met een vochtige doek – geen gedoe meer met grote wasbeurten of vervangingen.</p> <h3>Specificaties & toepassingen</h3> <ul> <li> <p><strong>Materiaal</strong>: sterk PVC – waterafstotend en bestand tegen knoeien, kringen en algemene slijtage.</p> </li> <li> <p><strong>Kleur/Design</strong>: beige basis met blauw Delfts Tegels-motief – passend bij zowel een landelijk interieur als een frisse buitenlook.</p> </li> <li> <p><strong>Gebruik</strong>: voor binnen en buiten – let op: bij regen of langdurig buitengebruik liever binnen opbergen om verkleuring of slijtage te voorkomen. </p> </li> <li> <p><strong>Onderhoud</strong>: eenvoudig afnemen i.p.v. wassen – zo blijft je tafel altijd uitnodigend en netjes.</p> </li> </ul> <h3>Voordelen voor jou</h3> <ul> <li> <p>Beschermt je tafel tegen hitte, vocht en kringen – zodat je je tafel behoudt in nieuwstaat.</p> </li> <li> <p>Creëert direct een sfeervol tafelbeeld – je hoeft nauwelijks extra styling toe te voegen.</p> </li> <li> <p>Gemakkelijk in gebruik – ideaal voor gezinnen, buitengebruik of als je weinig tijd hebt voor onderhoud.</p> </li> <li> <p>Duurzaam en stijlvol – het ontwerp is tijdloos genoeg om seizoen na seizoen te blijven passen.</p> </li> </ul> <h3>Verlies-aversie & sociale bewijskracht</h3> <p>Stel je voor: je kinderen spelen aan tafel, gasten schuiven aan … en binnen een minuut is er geknoeid. Met dit tafelzeil hoef jij je geen zorgen te maken. Twee tevreden klanten geven een gemiddelde score van 5,0 sterren – “Mooi design, soepel materiaal” en “Heel mooi tafelkleed en een fantastische service”. <br />Waarom wachten tot je tafel beschadigd is?</p> <h3>Call-to-action</h3> <p>Maak indruk én werk efficiënt: kies voor dit <strong>Raved tafelzeil met Delfts Tegels-print</strong> en geef je tafel direct de bescherming én uitstraling die het verdient. Voeg ‘m vandaag nog toe aan je winkelwagen – jouw tafel zal je dankbaar zijn!</p>",1.0,stuk(s),Blauw; beige,PVC,Raved,280.0,cm,N,,Tafelzeil,Rechthoek,N,N,,,N,,,3 maanden,,,,,N,,,Geruit,140.0,cm,2.0,kg,,Ruitjes,Geen,26.0,cm,3.0,cm,37.0,cm,2.0,kg,1 stuk,Voor binnen & buiten,Machinewas 30 °C,10.xlsx,,,,,,,,,,,,,,,https://media.s-bol.com/yjPk5xAnz1BP/g5WK7Xk/550x550.jpg
Raved Tafelzeil – 140 cm x 310 cm – Kippen Rood – PVC – Afwasbaar,,9506442493741,Tafellaken,,"<p>Met dit <strong>praktische en stijlvolle tafelzeil</strong> geef je je tafel direct een vrolijke uitstraling met <strong>kippenmotief en rood accent</strong>, terwijl het <strong>eenvoudig schoon te maken PVC-materiaal</strong> en de <strong>geschiktheid voor binnen en buiten</strong> zorgen voor zorgeloos gebruik bij dagelijks leven.</p> <p><strong>Verhoog je tafelbeleving met het stijlvolle en functionele tafelzeil</strong> van Raved: met uniek <strong>kippenmotief</strong>, opvallende rode kleuraccenten en een breedte van 140 cm is dit tafelzeil de perfecte combinatie van sfeer en praktisch gebruik.<br />Vanaf de eerste aanblik ziet je tafel er uitnodigend uit: het vrolijke kippenprint-design brengt een huiselijke en frisse twist in je interieur of tuinsetting. Tegelijkertijd is het uitgevoerd in <strong>PVC-materiaal</strong>, wat betekent dat het <strong>afwasbaar</strong>, slijtagebestendig en geschikt is voor <strong>binnen én buitengebruik</strong>.</p> <h3>Waarom dit tafelzeil kiezen?</h3> <ul> <li> <p><strong>Betrouwbare bescherming</strong> – Dankzij het robuuste PVC-oppervlak worden je tafelblad en onderlaag effectief beschermd tegen knoeien, vlekken, vocht en zelfs warme pannen.</p> </li> <li> <p><strong>Vrolijk ontwerp</strong> – Het kippenprint-motief in combinatie met de rode ondertoon ondersteunt een gezellige woonstijl of landelijke sfeer; ideaal voor gezinnen met kinderen of liefhebbers van speelser tafeltextiel.</p> </li> <li> <p><strong>Gebruiksgemak & onderhoud</strong> – Geen gedoe met wassen of speciale behandeling: gewoon afnemen met een vochtige doek en klaar. Het materiaal behoudt kleur en print, ook bij buitengebruik op het terras of in de serre.</p> </li> <li> <p><strong>Veelzijdig toepasbaar</strong> – Of je nu binnen dineert of buiten geniet van een zomeravond, dit tafelzeil past. Het maakt je tafel direct feestelijker én functioneler, zonder in te leveren op stijl.</p> </li> </ul> <h3>Specificaties & details</h3> <ul> <li> <p>Merk: Raved.</p> </li> <li>Kleur: rood accent met kippenprint.</li> <li> <p>Materiaal: <strong>PVC-materiaal</strong> bovenlaag (met vaak non-woven onderlaag) voor stevigheid en duurzaam gebruik. </p> </li> <li> <p>Geschikt voor binnen en buiten; wel aanbevolen om droog binnen te halen bij regen om verkleuring of verwering te voorkomen. </p> </li> </ul> <h3>Praktische tips & beleving</h3> <p>Stel je voor: je nodigt vrienden of familie uit voor een gezellige avond, je tafel is al aangekleed met dit vrolijke tafelzeil en je hoeft je geen zorgen te maken over kruimels of kids die knoeien – het doek maakt alles simpel schoon. Er ontstaat een sfeer van zorgeloos samen zijn, terwijl je interieurtoon intact blijft. En mocht dan toch een drup per ongeluk terechtkomen, geen stress: een doek eroverheen en het ziet er weer netjes uit.</p> <p><strong>Maak er nu een gewoonte van</strong> om je tafel eenvoudig én sfeervol te dekken met dit tafelzeil – je zal merken dat je tafel niet alleen beter beschermd is, maar ook uitnodigender oogt.<br /><strong>Voeg dit tafelzeil vandaag nog toe aan je huis-en tafelbeleving</strong> en creëer een stijlvolle, functionele omgeving zonder concessies.</p>",1.0,stuk(s),Rood,PVC,Raved,310.0,cm,N,,Tafelzeil,Rechthoek,N,N,,,N,,,3 maanden,,,,,N,,,Overig,140.0,cm,2.0,kg,,Print,Geen,26.0,cm,3.0,cm,37.0,cm,2.0,kg,,Voor binnen & buiten,Machinewas 30 °C,10.xlsx,,,,,,,,,,,,,,,"https://media.s-bol.com/N2EYvLAEQwy6/5OkLxK/124x61.jpg,https://media.s-bol.com/4vQ6mvZWnOox/DwN1Pn/1024x1024.jpg,https://media.s-bol.com/4JvYgBZnBk26/oDVoOj/124x110.jpg,https://media.s-bol.com/qr7m4W0JMJqD/OA0XwL/124x89.jpg,https://media.s-bol.com/yDoxgWGNrvKz/OA0XwL/1024x1024.jpg,https://media.s-bol.com/xBnw4WEMvrJz/OA0XwL/124x112.jpg,https://media.s-bol.com/rv8n4WxDRGK6/OA0XwL/124x105.jpg"
Raved Tafelzeil 140 cm x 300 cm – Boerenbont Ruit Blauw – PVC - Afwasbaar,,9506656979338,Tafellaken,,"<p>Geef je tafel de charmante <strong>landelijke uitstraling</strong> van het klassieke <strong>boerenbont-ruitpatroon</strong>, terwijl je met <strong>PVC-materiaal dat makkelijk afwasbaar is</strong> zorgeloos eet en geniet. Het ruime formaat en het robuuste design vormen de ideale combinatie van <strong>stijl en functionaliteit</strong>.</p> <p>Breng direct sfeer en gemak in je eetkamer of op je terras met dit prachtige <strong>tafelzeil</strong> van Raved – voorzien van een tijdloos <strong>boerenbont-ruitpatroon in blauw/wit</strong> dat landelijkheid en gezelligheid uitstraalt. Door het duurzame <strong>PVC-materiaal</strong> heb je een tafelkleed-look met extra voordelen: het is <strong>afwasbaar</strong>, slijtvast en eenvoudig schoon te houden.</p> <h3>Waarom kiezen voor dit tafelzeil?</h3> <p>Je tafel is het hart van je huis – van een rustig ontbijt tot een feestelijke dinnerparty – maar een tafellakendrama als kringen, knoeien of vlekken zit niemand op te wachten. Dit tafelzeil voorkomt exact dat soort stress. Het stevige PVC-oppervlak beschermt je tafelblad tegen vocht, kruimels, kinderspeelgoed, knutselplezier én hete schalen.<br />Met het kenmerkende patroon creëer je direct een warme, uitnodigende sfeer: het bekende boerenbont-ruit in blauw/wit zorgt voor herkenbaarheid én rust. Hierdoor past het zowel in een landelijke inrichting als in een moderne setting als accent.</p> <h3>Producteigenschappen in een oogopslag</h3> <ul> <li> <p>Materiaal: <strong>PVC</strong> – slijtvast, afwasbaar, onderhoudsvriendelijk.</p> </li> <li> <p>Patroon/kleur: blauw/wit boerenbont-ruit – een klassieke look.</p> </li> <li> <p>Geschikt voor: binnen én buitengebruik (let op: bij regen binnenhalen om verkleuring te voorkomen). </p> </li> <li> <p>Gebruiksgemak: eenvoudig afnemen met een vochtige doek, geen gedoe met strijken of wassen.</p> </li> </ul> <h3>Sfeer en gemak combineren</h3> <p>Stel je een zonnige middag voor: kinderen bouwen iets op tafel, vrienden schuiven aan voor een borrel, jij serveert lichte gerechten – met dit tafelzeil hoef je je geen zorgen te maken over knoeien of morsen. Het patroon zorgt voor een vrolijke basis, het materiaal zorgt dat jij ontspannen kunt genieten.<br />En ben je een BBQ-avond in de tuin aan het organiseren? Geen probleem: door de buitenmogelijkheden van dit tafelzeil (binnen/­buiten) heb je direct een stijlvolle tafelsetting klaar.</p> <h3>Verliesaversie & sociale bewijskracht</h3> <p>Veel huishoudens kiezen alsnog voor standaard tafelzeilen of tafelkleden die net niet veilig genoeg zijn – denk aan permanente vlekken of beschadigingen. Met dit tafelzeil zie je binnen no-time dat het anders kan.</p> <h3>Onderhoud & tip</h3> <p>Voor de beste levensduur: neem het tafelzeil af met een zachte vochtige doek, en haal het naar binnen zodra het begint te regenen om verkleuring te voorkomen. Zo blijft het patroon helder en het materiaal in topconditie.<br />Wil je extra stijl? Combineer het met placemats of servetten in wit of lichtblauw voor een complete landelijke tafelsetting.</p> <p><strong>Voeg vandaag nog dit stijlvolle én praktische tafelzeil toe aan je tafel – kies rust, sfeer én zekerheid</strong> en bestel nu terwijl je voorraad is!</p>",1.0,stuk(s),Blauw,PVC,Raved,300.0,cm,N,,Tafelzeil,Rechthoek,N,N,,,N,,,3 maanden,,,,,N,,,Geruit,140.0,cm,2.0,kg,,Ruitjes,Geen,26.0,cm,3.0,cm,37.0,cm,2.0,kg,,Voor binnen & buiten,Machinewas 30 °C,10.xlsx,,,,,,,,,,,,,,,"https://media.s-bol.com/mn2Y43vQ99E3/rzrmY2/124x59.jpg,https://media.s-bol.com/gGZNOjAKgrA6/BkYEOW/124x105.jpg,https://media.s-bol.com/7w12mroz5N8y/BkYEOW/1024x1024.jpg,https://media.s-bol.com/9y1PowqB5R6B/BkYEOW/124x112.jpg,https://media.s-bol.com/vkx9WWR0OKGL/56QvX8/124x110.jpg,https://media.s-bol.com/8x10nvpA5P8g/BkYEOW/124x89.jpg,https://media.s-bol.com/yM1BORYlJLzR/BkYEOW/1024x1024.jpg"
Raved Tafelzeil 140×320 cm - Bruin Tegel-Houtlook - PVC - Afwasbaar,,9505718125539,Tafellaken,,"<p>Geef je tafel direct een stijlvolle upgrade met dit <strong>houten tegel-dessin tafelzeil</strong> van Raved. Dankzij de <strong>afwasbare PVC-laag</strong> is knoeien geen drama meer: <strong>bescherm je tafel én creëer sfeer</strong>.</p> <p>**Verbeter direct je tafelbeleving met het **Raved Tafelzeil Tegel Hout  Bruin PVC Afwasbaar — een perfecte mix van stijl, bescherming en praktisch gebruiksgemak.</p> <h3>Stijlvol en functioneel</h3> <p>Het <strong>primair zoekwoord</strong> “tafelzeil” komt hier prominent voor: dit tafelzeil met in de kleur <strong>bruin</strong>, heeft een elegant tegel-houtlook-design dat een warme, natuurlijke uitstraling geeft aan zowel je eetkamer als de tuinset. Dankzij het <strong>materiaal</strong> PVC is het oppervlak stevig, soepel en direct klaar voor gebruik.</p> <h3>Bescherming & onderhoud</h3> <p>Met dit tafelzeil is je tafel gelijk goed beschermd: de afwasbare PVC-laag zorgt ervoor dat gemorste koffie, saus of kruimels geen kans krijgen. Een snelle veeg met een vochtige doek of spons volstaat en je tafel oogt weer als nieuw. Geen gedoe meer met dure tafelkleden die kreuken of met moeilijk schoon te maken stof.</p> <h3>Binnen en buiten geschikt</h3> <p>Gebruik het tafelzeil zowel <strong>binnen als buiten</strong>: perfect voor de eettafel, tuintafel of serre. Let op: bij regen of langdurige bewolking verdient het de aanbeveling het tafelzeil binnen op te bergen om de levensduur te maximaliseren.</p> <h3>Productvoordelen in één overzicht</h3> <ul> <li> <p>Kleur: <strong>Bruin</strong>, design: tegel-houtlook — past bij naturel en industrieel interieur.</p> </li> <li> <p>Materiaal: <strong>PVC</strong>, vlek- en afwasbaar — maximaal gebruiksgemak.</p> </li> <li> <p>Merk: Raved — vertrouwd in tafeltextiel-accessoires.</p> </li> <li> <p>Eenvoudige schoonmaak & onderhoud — bespaart tijd en zorgt voor gemoedsrust.</p> </li> </ul> <h3>Waarom kiezen voor dit tafelzeil?</h3> <p>Stel je voor: een spontaan etentje, druk gezin of gezellige tuinmiddag. Dankzij dit tafelzeil hoef je je geen zorgen te maken over knoeien of tafelschade. Daarmee speel je in op de wens naar gemak én een mooie uitstraling. Het biedt echte <strong>bescherming</strong>, dat is de logische kant, én creëert direct <strong>sfeer</strong>, de emotionele kant. Nu kiezen is slim: zonder dit beschermende lagen sta je bloot aan vlekken, brandplekken of vocht—laten we dat liever voorkomen.</p> <h3>Call-to-action</h3> <p>Wacht niet langer: selecteer vandaag nog dit stijlvolle tafelzeil, leg het direct op je tafel en geniet van een verzorgde uitstraling <strong>én</strong> praktisch gemak. Geef je tafel de upgrade die hij verdient — klik op “in winkelwagen” en maak je interieur weer tiptop klaar!</p>",1.0,stuk(s),Bruin,PVC,Raved,320.0,cm,N,,Tafelzeil,Rechthoek,N,N,,,N,,,3 maanden,,,,,N,,,Overig,140.0,cm,2.0,kg,,Hout,Geen,26.0,cm,3.0,cm,37.0,cm,2.0,kg,,Voor binnen & buiten,Afnemen met een natte doek,10.xlsx,,,,,,,,,,,,,,,"https://media.s-bol.com/LE9WQGRX3ygp/Z4EyYWR/1024x1024.jpg,https://media.s-bol.com/q1xLOorOz0G3/Z4EyYWR/1024x1024.jpg,https://media.s-bol.com/ApDKBr2JnP5j/Z4EyYWR/124x104.jpg,https://media.s-bol.com/qL6nXBRJXMV7/VLV2gB/1024x1024.jpg,https://media.s-bol.com/r1kVPp6PNKrB/Z4EyYWR/124x40.jpg,https://media.s-bol.com/PLNW0G823wRA/Z4EyYWR/1024x1024.jpg,https://media.s-bol.com/g0JMAyGwW2B9/Z4EyYWR/1024x1024.jpg"
Raved Tafelzeil – 140 cm x 100 cm – Vierkant Hout-design Bruin/Beige – PVC – Afwasbaar,,9509348697466,Tafellaken,,"<p><strong>De tafelkleden van Raved zijn veelzijdig en brengen sfeer in huis. Onze Tafelkleed/Tafelzeilen zijn zowel verkrijgbaar in vrolijke motieven en prints, als in mooie effen kleuren. Een kleed van Raved is ook nog eens erg praktisch en beschermt je tafel tegen geknoei of brandplekken door hete pannen. Zo schuift iedereen met een gerust hart aan!</strong></p><h3>Voor binnen & buiten</h3><p>Dit Tafelkleed/Tafelzeil is geschikt voor zowel binnen als buiten. Let er wel op dat je het kleed naar binnen haalt als het regent, dit voorkomt namelijk verkleuring en verwering. Na gebruik is het kleed eenvoudig af te nemen met een vochtige doek en kan het weer de kast in, voor een volgend gebruik!</p><h3>Geruit design</h3><p>Dit tafelkleed/tafelzeil, met een subtiele print en neutrale kleur, past perfect binnen elk interieur. Het ontwerp bestaat uit een stijlvolle geruite print in de kleur wit en maakt uw eetkamer nog completer.</p><h3>Specificaties:</h3><p> Materiaal: PVC <br /> Afmetingen: 140 x 140 cm <br /> Kleur: Bruin & beige<br /> Inhoud: 1 stuk <br /> Onze tafelzijlen zijn geschikt voor jong en oud. Of je nu gezellig een avondje met vrienden of familie aan tafel schuift of kinderen hebt die graag knutselen en knoeien, je tafel kan alles aan!</p><p>Raved, ook wel bekend als Raved Frabrics, verkoopt zowel praktische als mooie items! Onze artikelen worden zorgvuldig geselecteerd voor de beste kwaliteit. Van prachtige tafelkleden tot de mooiste muurdecoratie: bij Raved kun je altijd terecht!</p>",1.0,stuk(s),Bruin;Beige,PVC,Raved,100.0,cm,N,,Tafelzeil,Rechthoek,N,N,,,N,,,3 maanden,,,,,N,,,Overig,140.0,cm,2.0,kg,,Hout,Geen,26.0,cm,5.0,cm,37.0,cm,2.0,kg,,Voor binnen & buiten,Afnemen met een natte doek,10.xlsx,,,,,,,,,,,,,,,https://media.s-bol.com/D6xZGl1294OB/nxv7nZ7/550x278.jpg
Raved Tafelzeil 140 cm x 160 cm – Kerstman Rood – PVC – Afwasbaar,,9507427378831,Tafellaken,,"<p>Breng instant kerstsfeer in huis met dit <strong>afwasbare pvc-tafelzeil</strong> van Raved in rood met een vrolijke <strong>kerstman-print</strong>. Perfect voor een zorgeloos kerstdiner: <strong>beschermt je tafel tegen morsen en brandplekken</strong>, terwijl het direct décor toevoegt.</p> <p>Maak je klaar voor de feestdagen met dit prachtige <strong>kerst tafelzeil</strong> van Raved — een stijlvolle en praktische toevoeging aan jouw kerstdiner. Dankzij de opvallende <strong>kerstman-print</strong>, de warme rode kleur en het <strong>afwasbare pvc-materiaal</strong>, combineert dit zeil een gezellige uitstraling met ultiem gebruiksgemak.</p> <h3>Sfeervol & beschermend</h3> <p>Met dit tafelzeil creëer je direct een warme, feestelijke ambiance. De print met kerstman en kerstornamenten zorgt ervoor dat je tafel straalt zonder gedoe. Tegelijkertijd biedt het een betrouwbare bescherming: morsen, kruimels, hete pannen en speelse kinderen zijn geen probleem meer. Dankzij het <strong>duurzame pvc-materiaal</strong> blijft je tafel netjes en feestelijk.</p> <h3>Hoogwaardig materiaal & onderhoud</h3> <p>Gemaakt van stevig pvc/kunststof dat eenvoudig af te nemen is — een natte doek is vaak al voldoende. Dit maakt het ideaal voor drukke dagen en gezinnen. Door de afwasbaarheid werk je efficiënter en voorkom je stress, waardoor je volop kunt genieten van de kerstsfeer.</p> <h3>Flexibel in gebruik</h3> <p>Of je nu kiest voor een kleinere of grotere tafel, dit tafelzeil is in verschillende lengtes verkrijgbaar — ideaal voor zowel intieme diners als grotere familiebijeenkomsten. Het neutrale maar opvallende rood en de klassieke kerstman-print passen in zowel moderne als traditionele woonstijlen.</p> <h3>Waarom kiezen voor dit tafelzeil?</h3> <ul> <li> <p><strong>Betaalbare luxe</strong>: je hoeft niet te investeren in dure tafelkleden om sfeer te creëren.</p> </li> <li> <p><strong>Praktisch en schoon</strong>: minder schoonmaaktijd betekent meer tijd om te genieten.</p> </li> <li> <p><strong>Veiligheid & comfort</strong>: stevige tafelbedekking die slijtage minimaliseert en jouw tafel beschermt.</p> </li> <li> <p><strong>Direct klaar voor gebruik</strong>: je legt het neer en de kersttafel is klaar, geen gestress.</p> </li> </ul> <h3>Laat geen moment verloren gaan</h3> <p>Zorg dat je tafel er klaar voor is vóór het kerstdiner begint. Dankzij dit tafelzeil voelt iedere maaltijd meteen speciaal. Kies voor comfort, functionaliteit en sfeer — zet vandaag nog de stap naar een gezellige en zorgeloze kerst. <strong>Voeg dit tafelzeil direct toe aan je winkelwagen en geef je tafel de feestlook die het verdient.</strong></p>",1.0,stuk(s),Rood,PVC,Raved,160.0,cm,N,,Tafelzeil,Rechthoek,N,N,,,N,,,3 maanden,,,,,N,,,Overig,140.0,cm,2.0,kg,,Print,Geen,26.0,cm,3.0,cm,37.0,cm,2.0,kg,1 stuk,Voor binnen & buiten,Machinewas 30 °C,10.xlsx,,,,,,,,,,,,,,,"https://media.s-bol.com/N2EYv8kq7gZ6/6Pl97l/124x61.jpg,https://media.s-bol.com/VkAKMxBv6n9v/8RDg3j/124x105.jpg,https://media.s-bol.com/R0ODGqxPZmow/8RDg3j/1024x1024.jpg,https://media.s-bol.com/jPgOyp01xEK4/mAOzoA/124x110.jpg,https://media.s-bol.com/R0ODGqxl9j7O/8RDg3j/124x112.jpg,https://media.s-bol.com/7y5zQOkrwLYw/xzyZQ3/1024x1024.jpg,https://media.s-bol.com/YnWNPAGyj9kM/8RDg3j/124x89.jpg"
Raved – Tafelzeil 140 cm x 230 cm – Paarse Bloesem op Groen – PVC Afwasbaar – Binnen & Buiten,,9507815554144,Tafellaken,,"<p>Ontdek met dit <strong>duurzame PVC-tafelzeil</strong> van <strong>Raved</strong> een stijlvolle en praktische bescherming voor uw tafel: het motief met <strong>paarse bloesem op een groene achtergrond</strong> zorgt voor sfeer, terwijl het <strong>afwasbare materiaal</strong> smeer- en vlekvrij blijft </p> <p>Maak van iedere tafelsetting een warme uitnodiging met het <strong>tafelzeil</strong> van <strong>Raved</strong> in het motief <strong>paarse bloesem op groen</strong>. Met subtiele elegantie én stevige functionaliteit biedt dit product een slimme oplossing voor wie zowel stijl als gemak verlangt.</p> <h3>Elegant motief, frisse sfeer</h3> <p>Het opvallende design met <strong>paarse bloesem</strong> tegen een <strong>groene achtergrond</strong> geeft direct een natuurlijke, bloemrijke uitstraling aan uw tafel. Of u nu een gezellige lunch organiseert, een familiediner of een zomerse barbecue op het terras – dit tafelzeil voegt sfeer toe <strong>zonder dat u extra decoratie hoeft te bedenken</strong>.</p> <h3>Praktisch materiaal voor dagelijks gebruik</h3> <p>Gemaakt van <strong>PVC</strong>, is het tafelzeil volledig <strong>afwasbaar</strong>, wat betekent dat u vlekken, kruimels, etens­sappen en krassen moeiteloos kunt reinigen met een vochtige doek. Dankzij dit materiaal is de beschermingsfunctie gewaarborgd: uw tafel blijft netjes en mooi, zonder dat u telkens een hardnekkige schoonmaak hoeft in te plannen.</p> <h3>Voor binnen én buiten</h3> <p>Dankzij het robuuste maar stijlvolle materiaal is dit zeil geschikt voor gebruik zowel binnen als buiten. Denk aan tafelavonden in de eetkamer, een zomers terrasmoment of een feestelijke tuin­setting. Het motief brengt gezelligheid mee, het materiaal brengt duurzaamheid – een slimme combinatie van emotie én logica.</p> <h3>Waarom kiezen voor dit tafelzeil van Raved?</h3> <ul> <li> <p><strong>Bescherming</strong>: vlekken, krassen en slijtage krijgen geen kans dankzij het sterke PVC-materiaal.</p> </li> <li> <p><strong>Design & sfeer</strong>: bloemenmotief in paars op groen zorgt voor een verfrissende uitstraling en voegt direct karakter toe.</p> </li> <li> <p><strong>Onderhoudsgemak</strong>: afnemen met een vochtige doek is voldoende – geen ingewikkeld wasprogramma.</p> </li> <li> <p><strong>Veelzijdigheid</strong>: geschikt voor dagelijks gebruik en speciale gelegenheden, binnen én buiten.</p> </li> </ul> <h3>Specificaties op een rij</h3> <ul> <li> <p>Merk: <strong>Raved</strong></p> </li> <li> <p>Materiaal: <strong>PVC</strong></p> </li> <li> <p>Kleur / motief: groen met paarse bloesem, bloemen­print</p> </li> <li> <p>Geschikt voor binnen & buiten</p> </li> </ul> <p>Laat uw tafel niet aan z’n lot over met een simpel kleed dat snel vlekken of slijtage toont. Investeer in een <strong>stijlvol tafelzeil</strong> dat houdt wat het belooft: bescherming én uitstraling. Wacht niet te lang – maak van elke maaltijd een sfeervol moment en kies vandaag nog voor dit praktische én mooie tafelzeil van Raved. <strong>Klik op ‘In winkelwagen’ en geef uw tafel de upgrade die hij verdient.</strong></p>",1.0,stuk(s),Paars,PVC,Raved,230.0,cm,N,,Tafelzeil,Rechthoek,N,N,,,N,,,3 maanden,,,,,N,,,Gebloemd,140.0,cm,2.0,kg,,Bloemen,Geen,26.0,cm,3.0,cm,37.0,cm,2.0,kg,1 stuk,Voor binnen & buiten,Afnemen met een natte doek,10.xlsx,,,,,,,,,,,,,,,"https://media.s-bol.com/Y8EYyqAzqrLM/j2WMJoB/124x110.jpg,https://media.s-bol.com/Y8EYyqJAkmzM/j2WMJoB/1024x1024.jpg,https://media.s-bol.com/k1RjrXxlQnRN/j2WMJoB/1024x1024.jpg,https://media.s-bol.com/Z16GzrKBlnAw/j2WMJoB/1024x1024.jpg,https://media.s-bol.com/BqBXP9J2p7DJ/j2WMJoB/1024x1024.jpg,https://media.s-bol.com/n15mg6APR2jW/j2WMJoB/124x40.jpg"
Raved Tafelzeil – 140 cm x 290 cm – Takken Wit – PVC – Afwasbaar,,9506681832288,Tafellaken,,"<p>Laat je tafel stralen én beschermen met <strong>een stijlvol motief in wit met takkenprint</strong>, <strong>duurzaam PVC-materiaal</strong>, en <strong>afwasbaar oppervlak</strong> — perfect voor dagelijks gebruik én gezellige samenkomsten, binnen of buiten.</p> <p>Breng rust en stijl naar je tafel met het **Raved Tafelzeil Takken. Dit tafelzeil combineert een <strong>elegant takkenmotief op een witte achtergrond</strong> met het praktische gemak van <strong>afwasbaar PVC-materiaal</strong> — een slimme keuze voor jouw huis.</p> <h3>Een frisse uitstraling en slimme bescherming</h3> <p>Met het subtiele <strong>takkenmotief in wit</strong> creëer je direct een natuurlijke en serene sfeer rond je tafel. Het oogt rustig, fris en stijlvol — perfect voor een moderne eettafel of een zonnig terras. Tegelijkertijd biedt het tafelzeil bescherming: dankzij het <strong>PVC-materiaal</strong> is je tafel bestand tegen dagelijks gebruik, speelse kleintjes, koffie-vlekken of onvoorzichtige aanrakingen.</p> <h3>Ideaal voor dagelijks gebruik én bijzondere momenten</h3> <p>Of je nu een ontbijt met het gezin hebt, een middagbuitentafel opzet of een etentje organiseert: dit tafelzeil is geschikt voor zowel binnen als buiten. Het is direct klaar voor gebruik, eenvoudig schoon te maken met een vochtige doek en het behoudt zijn frisse uitstraling. Dankzij de maat past het ideaal op standaard tafels — waardoor je tafel veilig is, zonder concessies te doen aan stijl.</p> <h3>Materiaal & onderhoud</h3> <p>Het tafelzeil is vervaardigd uit <strong>PVC</strong>, wat staat voor:</p> <ul> <li> <p><strong>Duurzaamheid</strong>: bestand tegen krassen, vocht en vlekken.</p> </li> <li> <p><strong>Onderhoudsgemak</strong>: veeg schoon met een natte doek, geen gesjouw met zware wasprogramma’s.</p> </li> <li> <p><strong>Gebruiksgemak</strong>: geen strijken, geen speciale schoonmaakmiddelen nodig.</p> </li> </ul> <h3>Waarom kiezen voor dit tafelzeil?</h3> <ul> <li> <p><strong>Bescherming</strong> voor je tafel tegen vlekken, krassen en slijtage.</p> </li> <li> <p><strong>Verbluffend eenvoudig in onderhoud</strong>, bespaart je tijd en moeite.</p> </li> <li> <p><strong>Stijlvol ontwerp</strong> dat past bij interieur én buitenruimte.</p> </li> <li> <p><strong>Merkvertrouwen</strong> van Raved, specialist in kwaliteits-tafeloplossingen.</p> </li> <li> <p><strong>Binnen & buiten gebruik</strong>, verhoogt de flexibiliteit in je woning.</p> </li> </ul> <p>Laat de zorgen over een beschadigde tafel achter je en geniet van het moment — of je nu werkt, eet, leest of ontspant. Voeg vandaag dit tafelzeil toe aan je interieur en creëer direct een stijlvolle en beschermde tafelsetting. <strong>Bestel nu en ervaar het gemak van een afwasbaar, stijlvol tafelzeil!</strong></p>",1.0,stuk(s),Wit; Grijs,PVC,Raved,290.0,cm,N,,Tafelzeil,Rechthoek,N,N,,,N,,,2 maanden,,,,,N,,,Geruit,140.0,cm,0.3,kg,,Bloemen,,26.0,cm,3.0,cm,37.0,cm,0.2,kg,Afnemen met een natte doek,Voor binnen & buiten,Afnemen met een natte doek,10.xlsx,,,,,,,,,,,,,,,https://media.s-bol.com/xxX9Ej6BLz09/0R013o5/550x270.jpg
Raved – Tafelzeil 140 cm x 160 cm – Paarse Bloesem op Groen – PVC Afwasbaar – Binnen & Buiten,,9507159551472,Tafellaken,,"<p>Ontdek met dit <strong>duurzame PVC-tafelzeil</strong> van <strong>Raved</strong> een stijlvolle en praktische bescherming voor uw tafel: het motief met <strong>paarse bloesem op een groene achtergrond</strong> zorgt voor sfeer, terwijl het <strong>afwasbare materiaal</strong> smeer- en vlekvrij blijft </p> <p>Maak van iedere tafelsetting een warme uitnodiging met het <strong>tafelzeil</strong> van <strong>Raved</strong> in het motief <strong>paarse bloesem op groen</strong>. Met subtiele elegantie én stevige functionaliteit biedt dit product een slimme oplossing voor wie zowel stijl als gemak verlangt.</p> <h3>Elegant motief, frisse sfeer</h3> <p>Het opvallende design met <strong>paarse bloesem</strong> tegen een <strong>groene achtergrond</strong> geeft direct een natuurlijke, bloemrijke uitstraling aan uw tafel. Of u nu een gezellige lunch organiseert, een familiediner of een zomerse barbecue op het terras – dit tafelzeil voegt sfeer toe <strong>zonder dat u extra decoratie hoeft te bedenken</strong>.</p> <h3>Praktisch materiaal voor dagelijks gebruik</h3> <p>Gemaakt van <strong>PVC</strong>, is het tafelzeil volledig <strong>afwasbaar</strong>, wat betekent dat u vlekken, kruimels, etens­sappen en krassen moeiteloos kunt reinigen met een vochtige doek. Dankzij dit materiaal is de beschermingsfunctie gewaarborgd: uw tafel blijft netjes en mooi, zonder dat u telkens een hardnekkige schoonmaak hoeft in te plannen.</p> <h3>Voor binnen én buiten</h3> <p>Dankzij het robuuste maar stijlvolle materiaal is dit zeil geschikt voor gebruik zowel binnen als buiten. Denk aan tafelavonden in de eetkamer, een zomers terrasmoment of een feestelijke tuin­setting. Het motief brengt gezelligheid mee, het materiaal brengt duurzaamheid – een slimme combinatie van emotie én logica.</p> <h3>Waarom kiezen voor dit tafelzeil van Raved?</h3> <ul> <li> <p><strong>Bescherming</strong>: vlekken, krassen en slijtage krijgen geen kans dankzij het sterke PVC-materiaal.</p> </li> <li> <p><strong>Design & sfeer</strong>: bloemenmotief in paars op groen zorgt voor een verfrissende uitstraling en voegt direct karakter toe.</p> </li> <li> <p><strong>Onderhoudsgemak</strong>: afnemen met een vochtige doek is voldoende – geen ingewikkeld wasprogramma.</p> </li> <li> <p><strong>Veelzijdigheid</strong>: geschikt voor dagelijks gebruik en speciale gelegenheden, binnen én buiten.</p> </li> </ul> <h3>Specificaties op een rij</h3> <ul> <li> <p>Merk: <strong>Raved</strong></p> </li> <li> <p>Materiaal: <strong>PVC</strong></p> </li> <li> <p>Kleur / motief: groen met paarse bloesem, bloemen­print</p> </li> <li> <p>Geschikt voor binnen & buiten</p> </li> </ul> <p>Laat uw tafel niet aan z’n lot over met een simpel kleed dat snel vlekken of slijtage toont. Investeer in een <strong>stijlvol tafelzeil</strong> dat houdt wat het belooft: bescherming én uitstraling. Wacht niet te lang – maak van elke maaltijd een sfeervol moment en kies vandaag nog voor dit praktische én mooie tafelzeil van Raved. <strong>Klik op ‘In winkelwagen’ en geef uw tafel de upgrade die hij verdient.</strong></p>",1.0,stuk(s),Paars,PVC,Raved,160.0,cm,N,,Tafelzeil,Rechthoek,N,N,,,N,,,3 maanden,,,,,N,,,Gebloemd,140.0,cm,2.0,kg,,Bloemen,Geen,26.0,cm,3.0,cm,37.0,cm,2.0,kg,1 stuk,Voor binnen & buiten,Afnemen met een natte doek,10.xlsx,,,,,,,,,,,,,,,"https://media.s-bol.com/KDr7L9lMNgkx/oYWKJwA/124x110.jpg,https://media.s-bol.com/G06XMWNDoJPJ/oYWKJwA/1024x1024.jpg,https://media.s-bol.com/RJlq8k9zZoYK/n5xEmKl/124x112.jpg,https://media.s-bol.com/zz6JqQZD9Lor/n5xEmKl/1024x1024.jpg,https://media.s-bol.com/o12njXWGjDlX/oYWKJwA/124x40.jpg,https://media.s-bol.com/BqBXP9GxjAKY/oYWKJwA/1024x1024.jpg,https://media.s-bol.com/BqBXP9GzAxYW/oYWKJwA/1024x1024.jpg,https://media.s-bol.com/m5Z0YNW1G2qn/oYWKJwA/1024x1024.jpg"
Raved tafelzeil 140 cm × 270 cm – kersenprint rood – PVC – afwasbaar,,9505821416326,Tafellaken,,"<p>Breng direct sfeer aan tafel met dit <strong>lege­r- en vlekbestendige PVC tafelzeil</strong> van Raved in een vrolijke <strong>kersenprint</strong>. Dankzij de <strong>afwasbare kwaliteit</strong> is je tafel in no time schoon — ideaal voor dagelijks gebruik of gezellig dineren buiten.</p> <p>Creëer moeiteloos een tafelsetting die zowel stijlvol als praktisch is met dit <strong>tafelzeil van Raved</strong>. Het uitnodigende kersenmotief op een warme rode achtergrond geeft je eet- of tuintafel een frisse, speelse uitstraling — perfect voor een gezellige brunch of een uitgebreide familiediner.</p> <h3>Bescherming én sfeer</h3> <p>Met dit tafelzeil kies je niet alleen voor een leuke look, maar ook voor een slimme oplossing: het <strong>duurzame PVC-materiaal</strong> beschermt je tafel tegen slijtage, vlekken, krassen en lekkages. Geen zorgen bij een glas rode wijn of een knoeierige eter — gewoon afnemen en verder genieten. Het resultaat: een tafel die er altijd netjes uitziet én een huiskamer of terras die uitnodigt.</p> <h3>Voor binnen én buiten</h3> <p>Of je nu binnen eet of buiten op het terras zit, dit exemplaar presteert: het is <strong>afwasbaar</strong>, waterafstotend en licht onderhoudsarm. Zo kun je meer tijd besteden aan gezelschap en minder aan schoonmaak.</p> <h3>Mooi design + praktische details</h3> <ul> <li> <p><strong>Kleur/design:</strong> Rood met kersenprint — stijlvol en vrolijk.</p> </li> <li> <p><strong>Materiaal:</strong> PVC (afwasbaar) — snelle reiniging, hoge bescherming.</p> </li> <li> <p><strong>Gebruik:</strong> Geschikt voor dagelijks gebruik, kinderfeestjes, buitenmaaltijden of gezellige diners.</p> </li> </ul> <h3>Waarom dit tafelzeil kiezen?</h3> <ul> <li> <p><strong>Verliesaversie-trigger:</strong> “Bescherm je tafel nu tegen krassen en vlekken — want een nieuw tafelblad is duurder dan dit tafelzeil.”</p> </li> <li> <p><strong>Sociale bewijskracht:</strong> Het merk Raved staat bekend om kwaliteitsvolle tafelzeilen met vrolijke prints die veel huishoudens gebruiken.</p> </li> <li> <p><strong>Urgentie-element:</strong> Maak je tafel vandaag nog klaar voor gasten of een ontspannen maaltijd — wacht niet tot het weer knoeien gebeurt.</p> </li> </ul> <h3>Onderhoudstip</h3> <p>Veeg het tafelzeil eenvoudig schoon met een vochtige doek. Gebruik geen agressieve schoonmaakmiddelen om de print en het materiaal mooi te houden. Rol het los op voor langere levensduur — zo blijft de kersenprint levendig en de PVC-laag intact.</p> <p><strong>Voeg stijl, gemak en bescherming toe aan je tafel – kies vandaag dit Raved tafelzeil en geniet elke dag weer van een vrolijke tafel.</strong></p>",1.0,stuk(s),Beige; Rood; Groen,PVC,Raved,270.0,cm,N,,Tafelzeil,Rechthoek,N,N,,,N,,,3 maanden,,,,,N,Raved tafelzeil 140 cm × 270 cm – kersenprint rood,,Effen,140.0,cm,2.0,kg,,Aardbeien,Geen,26.0,cm,3.0,cm,37.0,cm,2.0,kg,,Voor binnen & buiten,Machinewas 30 °C,10.xlsx,,,,,,,,,,,,,,,"https://media.s-bol.com/NJkWRNzDp448/JZk1VP9/1024x1024.jpg,https://media.s-bol.com/q1xL9Gy2QrQy/JZk1VP9/124x110.jpg,https://media.s-bol.com/44pxj1lpo1ZV/6PAxJV/1024x1024.jpg,https://media.s-bol.com/q1xL9GKl0rA2/JZk1VP9/1024x1024.jpg,https://media.s-bol.com/3N1VG4Z8ypEQ/JZk1VP9/1024x1024.jpg,https://media.s-bol.com/PLNW8P3XQAY1/JZk1VP9/124x40.jpg"
Raved Tafelzeil Speelkleed Autobaan  140 cm x  250 cm - PVC - Afwasbaar,,9507347865824,Tafellaken,,"<p>Maak van tafel en speelplek één vrolijk geheel met <strong>het Raved tafelzeil speelkleed</strong>: dankzij de <strong>autobaan-print</strong>, het <strong>duurzame PVC-materiaal</strong> en de <strong>afwasbare afwerking</strong> is jouw tafel in één keer kindproof & stijlvol. Zet klaar voor uren spelplezier zonder zorgen.</p> <p>Ontdek de ultieme combinatie van sfeer, onderhoudsgemak en speelplezier met het <strong>Raved tafelzeil speelkleed</strong> – speciaal ontworpen voor gezinnen die kiezen voor stijl én functionaliteit.</p> <h3>Speelplezier zonder compromis</h3> <p>Met de levendige <strong>autobaan-print</strong> op het tafelzeil geef je kinderen een speelse speelruimte waar zij hun autootjes kunnen laten racen, manoeuvreren en avontuur beleven. Tegelijkertijd blijft de tafel beschermd — dus jij hebt geen zorgen over krassen, klei-werkjes of knoeien. Dankzij dit slimme speelkleed creëer je een situatie waarin iedereen wint.</p> <h3>Materiaal en onderhoudsgemak</h3> <p>Gemaakt van hoogwaardig <strong>PVC-materiaal</strong>, is dit tafelzeil extra stevig, slijtvast en eenvoudig af te nemen met een vochtige doek. Vlekken van verf, drankjes of papierwerk zijn geen issue meer. Dit betekent: minder schoonmaaktijd, meer kwaliteitstijd met je gezin. En doordat het kleed geschikt is voor <strong>binnen & buiten gebruik</strong>, kun je het ook gebruiken voor een tuin- of jeu-de-boules-tafel of speeltafel in de veranda.</p> <h3>Bescherming en rust voor jouw interieur</h3> <p>Je tafel verdient bescherming — of dat nu tijdens een knutselmiddag is of een gezellige middag met vrienden. Met dit tafelzeil houd je kleur, vorm en integriteit in tact. En doordat de autobaan-print uitnodigt tot spelen, kun je relaxter aanschuiven; het is geen ‘rommelige’ tafel meer maar een creatieve speeltafel.</p> <h3>Specificaties in een oogopslag</h3> <ul> <li> <p>Materiaal: <strong>PVC</strong> (duurzaam, afwasbaar)</p> </li> <li> <p>Print: <strong>autobaan-design</strong> (kindvriendelijk)</p> </li> <li> <p>Geschikt voor binnen en buiten gebruik</p> </li> <li> <p>Onderhoud: eenvoudig schoon te maken – afnemen met vochtige doek</p> </li> <li> <p>Merk: <strong>Raved</strong></p> </li> </ul> <h3>Waarom kiezen voor dit tafelzeil speelkleed?</h3> <ul> <li> <p>directe speelplek + tafelbescherming = geen compromis.</p> </li> <li> <p>onderhoudsgemak – minder schoonmaaksstress, meer ontspanning.</p> </li> <li> <p>flexibel gebruik – voor knutselen, spelen, eten; binnen of buiten.</p> </li> </ul> <p>Wacht niet te lang – maak van jouw tafel een multifunctioneel speel- en leefcentrum waar kinderen veilig en creatief kunnen spelen én waar jij als ouder de rust hebt. <strong>Bestel vandaag nog je Raved tafelzeil speelkleed en begin met zorgeloos genieten!</strong></p>",1.0,stuk(s),Groen,PVC,Raved,250.0,cm,N,,Tafelzeil,Rechthoek,N,N,,,N,,,3 maanden,,,,,N,,,Overig,140.0,cm,2.0,kg,,Auto's,Geen,26.0,cm,3.0,cm,37.0,cm,2.0,kg,,Voor binnen & buiten,Afnemen met een natte doek,10.xlsx,,,,,,,,,,,,,,,"https://media.s-bol.com/L2Yvr9GXXjDA/WMrQ1g/124x57.jpg,https://media.s-bol.com/wAVvzOKEovqr/rzlpE4/124x105.jpg,https://media.s-bol.com/qr7mqGlVgr5G/rzlpE4/1024x1024.jpg,https://media.s-bol.com/ynAJ0947xOAz/y0o4xE/124x110.jpg,https://media.s-bol.com/noxj0BgEEok7/rzlpE4/124x112.jpg,https://media.s-bol.com/o0VkoDjw5yEj/rzlpE4/124x89.jpg,https://media.s-bol.com/9G3nDrBqz1x3/p8AWBnQ/1024x1024.jpg"
Raved – Tafelzeil 140 cm x 270 cm – Paarse Bloesem op Groen – PVC Afwasbaar – Binnen & Buiten,,9505416736716,Tafellaken,,"<p>Ontdek met dit <strong>duurzame PVC-tafelzeil</strong> van <strong>Raved</strong> een stijlvolle en praktische bescherming voor uw tafel: het motief met <strong>paarse bloesem op een groene achtergrond</strong> zorgt voor sfeer, terwijl het <strong>afwasbare materiaal</strong> smeer- en vlekvrij blijft </p> <p>Maak van iedere tafelsetting een warme uitnodiging met het <strong>tafelzeil</strong> van <strong>Raved</strong> in het motief <strong>paarse bloesem op groen</strong>. Met subtiele elegantie én stevige functionaliteit biedt dit product een slimme oplossing voor wie zowel stijl als gemak verlangt.</p> <h3>Elegant motief, frisse sfeer</h3> <p>Het opvallende design met <strong>paarse bloesem</strong> tegen een <strong>groene achtergrond</strong> geeft direct een natuurlijke, bloemrijke uitstraling aan uw tafel. Of u nu een gezellige lunch organiseert, een familiediner of een zomerse barbecue op het terras – dit tafelzeil voegt sfeer toe <strong>zonder dat u extra decoratie hoeft te bedenken</strong>.</p> <h3>Praktisch materiaal voor dagelijks gebruik</h3> <p>Gemaakt van <strong>PVC</strong>, is het tafelzeil volledig <strong>afwasbaar</strong>, wat betekent dat u vlekken, kruimels, etens­sappen en krassen moeiteloos kunt reinigen met een vochtige doek. Dankzij dit materiaal is de beschermingsfunctie gewaarborgd: uw tafel blijft netjes en mooi, zonder dat u telkens een hardnekkige schoonmaak hoeft in te plannen.</p> <h3>Voor binnen én buiten</h3> <p>Dankzij het robuuste maar stijlvolle materiaal is dit zeil geschikt voor gebruik zowel binnen als buiten. Denk aan tafelavonden in de eetkamer, een zomers terrasmoment of een feestelijke tuin­setting. Het motief brengt gezelligheid mee, het materiaal brengt duurzaamheid – een slimme combinatie van emotie én logica.</p> <h3>Waarom kiezen voor dit tafelzeil van Raved?</h3> <ul> <li> <p><strong>Bescherming</strong>: vlekken, krassen en slijtage krijgen geen kans dankzij het sterke PVC-materiaal.</p> </li> <li> <p><strong>Design & sfeer</strong>: bloemenmotief in paars op groen zorgt voor een verfrissende uitstraling en voegt direct karakter toe.</p> </li> <li> <p><strong>Onderhoudsgemak</strong>: afnemen met een vochtige doek is voldoende – geen ingewikkeld wasprogramma.</p> </li> <li> <p><strong>Veelzijdigheid</strong>: geschikt voor dagelijks gebruik en speciale gelegenheden, binnen én buiten.</p> </li> </ul> <h3>Specificaties op een rij</h3> <ul> <li> <p>Merk: <strong>Raved</strong></p> </li> <li> <p>Materiaal: <strong>PVC</strong></p> </li> <li> <p>Kleur / motief: groen met paarse bloesem, bloemen­print</p> </li> <li> <p>Geschikt voor binnen & buiten</p> </li> </ul> <p>Laat uw tafel niet aan z’n lot over met een simpel kleed dat snel vlekken of slijtage toont. Investeer in een <strong>stijlvol tafelzeil</strong> dat houdt wat het belooft: bescherming én uitstraling. Wacht niet te lang – maak van elke maaltijd een sfeervol moment en kies vandaag nog voor dit praktische én mooie tafelzeil van Raved. <strong>Klik op ‘In winkelwagen’ en geef uw tafel de upgrade die hij verdient.</strong></p>",1.0,stuk(s),Paars,PVC,Raved,270.0,cm,N,,Tafelzeil,Rechthoek,N,N,,,N,,,3 maanden,,,,,N,,,Gebloemd,140.0,cm,2.0,kg,,Bloemen,Geen,26.0,cm,3.0,cm,37.0,cm,2.0,kg,1 stuk,Voor binnen & buiten,Afnemen met een natte doek,10.xlsx,,,,,,,,,,,,,,,"https://media.s-bol.com/g0JDnMqGYjJG/qjW58yD/124x110.jpg,https://media.s-bol.com/Y8EYyqJAkDoY/qjW58yD/1024x1024.jpg,https://media.s-bol.com/OKYXP6vjN9zE/qjW58yD/1024x1024.jpg,https://media.s-bol.com/xgkz2LEN8V5r/qjW58yD/1024x1024.jpg,https://media.s-bol.com/Z16GzrBArvMw/qjW58yD/124x40.jpg,https://media.s-bol.com/Z16GzrKMVPog/qjW58yD/1024x1024.jpg"
Raved Tafelzeil – 140 cm x 260 cm – Hortensia Roze – PVC – Afwasbaar,,9507498272953,Tafellaken,,"<p>Transformeer je eetruimte direct met dit <strong>stijlvolle en functionele tafelzeil</strong>. Het <strong>duurzame PVC-materiaal</strong> en de <strong>levendige hortensia-print in roze</strong> zorgen voor sfeer, terwijl het zeil moeiteloos jouw tafel beschermt en schoon te maken is dankzij de <strong>afwasbare afwerking</strong>.</p> <p>Breng een frisse, stijlvolle look naar je tafel met het <strong>primair zoekwoord: tafelzeil</strong>. Het <strong>Raved Tafelzeil Hortensia</strong> in <strong>materiaal PVC</strong>, uitgevoerd in <strong>kleur Roze</strong> met een levendig hortensia-dessin, combineert elegantie en praktisch gemak op uitstekende wijze.</p> <h3>Elegantie en bescherming</h3> <p>Je tafel is een plek waar geleefd, gelachen en gedeeld wordt. Met dit tafelzeil kies je niet alleen voor een decoratieve upgrade, maar ook voor bewuste bescherming. Het stevige hoogwaardig PVC-materiaal biedt een duurzame barrière tegen morsen, krassen en vlekken — ideaal voor gezinnen, diners met vrienden of een ontspannen moment op het terras. Bol+2meubelo.nl+2</p> <h3>Voor binnen én buiten</h3> <p>Dankzij de multifunctionele toepassing is dit tafelzeil geschikt voor zowel binnen- als buitengebruik. Zet het op de eettafel in de keuken, op de tuintafel tijdens warme dagen of op het balkon voor een gezellige sfeer. Voor het behoud van de levendige kleuren raden wij aan het zeil bij slecht weer of langdurige zonblootstelling naar binnen te halen. Bol</p> <h3>Gebruiksgemak & onderhoud</h3> <p>Het afwasbare oppervlak maakt schoonmaken een kwestie van seconden: een vochtige doek volstaat om vlekken te verwijderen. Geen worsteling meer met hardnekkige resten of ingewikkeld onderhoud, gewoon direct weer klaar voor de volgende maaltijd. meubelo.nl+1</p> <h3>Stijlvol dessin & sfeer</h3> <p>De print met hortensia’s in zachte roze/paars tinten brengt een subtiele bloemrijke sfeer in je woonruimte. Het perfecte middelpunt van jouw tafelsetting dat opvalt zonder te overheersen — en dat bij verschillende interieurstijlen past, van landelijk tot modern.</p> <h3>Specificaties in één oogopslag</h3> <ul> <li> <p>Merk: Raved</p> </li> <li> <p>Materiaal: PVC</p> </li> <li> <p>Kleur: Roze (Hortensia-dessin)</p> </li> <li> <p>Maat: 140 cm x 240 cm</p> </li> <li> <p>Afwasbaar: Ja</p> </li> <li> <p>Geschikt voor binnen & buiten: Ja</p> </li> </ul> <h3>Waarom kiezen voor dit tafelzeil?</h3> <p>Omdat je tafel méér verdient dan alleen functioneel te zijn. Je wilt een plek creëren waar je echt ontspannen kunt zitten, waar je trots op bent en die klaar is voor het leven — zonder dat je je zorgen maakt over gemorste drankjes of krassen. Het is de slimme investering voor mensen die stijl én gemak waarderen.</p> <h3>Call-to-action</h3> <p>Wacht niet langer en geef je tafel de upgrade die hij verdient. Klik op “In winkelwagen” en ervaar direct het verschil — jouw nieuwe favoriete tafelsetting wacht op je!</p>",1.0,stuk(s),Roze,PVC,Raved,260.0,cm,N,,Tafelzeil,Rechthoek,N,N,,,N,,,3 maanden,,,,,N,Raved Tafelzeil – Hortensia Roze,,Overig,140.0,cm,2.0,kg,,Bloemen,Geen,26.0,cm,3.0,cm,37.0,cm,2.0,kg,1 stuk,Voor binnen & buiten,Afnemen met een natte doek,10.xlsx,,,,,,,,,,,,,,,"https://media.s-bol.com/yjPAlWXDpwkg/48nwKKJ/1024x1024.jpg,https://media.s-bol.com/6Q8xopBlGzNQ/48nwKKJ/1024x1024.jpg,https://media.s-bol.com/Y8EYpDywrrAK/48nwKKJ/124x108.jpg,https://media.s-bol.com/DvkZNK8Q36vn/48nwKKJ/124x40.jpg,https://media.s-bol.com/1Lwp1kGo9wjo/48nwKKJ/1024x1024.jpg,https://media.s-bol.com/yjPAlWXEgP6V/48nwKKJ/1024x1024.jpg"
Raved Placemats Alma - Set van 4 Stuks - Grijs - Leatherlook - Kunststof - Ovaal - Eettafel - Onderlegger - Waterafstotend,,8720707636754,Placemats,,"<p><strong>Raved Alma Placemats zijn dé stijlvolle onderleggers die je eettafel beschermen én verfraaien.</strong><br />Met een luxe leatherlook en waterafstotend materiaal voeg je elegantie en gemak toe aan elke maaltijd.</p> <h3>Luxe uitstraling met leatherlook</h3> <p>Het stijlvolle design in leatherlook geeft jouw tafel direct een chique uitstraling. Deze placemats passen perfect bij moderne én klassieke interieurs.</p> <h3>Waterafstotend en makkelijk schoon te maken</h3> <p>Morsen geen probleem: dankzij het waterafstotende kunststof reinig je de placemats eenvoudig met een vochtige doek. Snel schoon en weer klaar voor gebruik.</p> <h3>Antislip voor extra gemak</h3> <p>Dankzij de antislip laag blijven de placemats stevig liggen. Geen verschuivende borden of glazen tijdens het eten – wel zo prettig.</p> <h3>Ovale vorm voor moderne look</h3> <p>De ovale vorm (45 x 30 cm) geeft jouw tafelsetting een unieke touch. Combineer stijlvol met ronde of rechthoekige tafels voor een speels effect.</p> <h3>Set van 6: ideaal voor het hele gezin</h3> <p>Met zes stuks in één set heb je genoeg voor het hele gezin of een diner met gasten. Praktisch én voordelig.</p> <p><strong>Wat zit er in de doos?</strong></p> <ul> <li> <p>6x Raved Alma placemats (grijs, 45 x 30 cm, ovaal)</p> </li> </ul> <h3>Productspecificaties:</h3> <ul> <li> <p><strong>Merk:</strong> Raved</p> </li> <li> <p><strong>Serie:</strong> Alma</p> </li> <li> <p><strong>Materiaal:</strong> Kunststof met leatherlook</p> </li> <li> <p><strong>Afmetingen:</strong> 45 x 30 cm</p> </li> <li> <p><strong>Kleur:</strong> Grijs</p> </li> <li> <p><strong>Vorm:</strong> Ovaal</p> </li> <li> <p><strong>Gewicht:</strong> ca. 100 g per stuk</p> </li> <li> <p><strong>Eigenschappen:</strong> Waterafstotend, antislip, makkelijk schoon te maken</p> </li> </ul> <h3>Producttips:</h3> <ul> <li> <p>Reinig met een zachte, vochtige doek – geen agressieve schoonmaakmiddelen</p> </li> <li> <p>Perfect als onderlegger voor dagelijks gebruik én diners</p> </li> <li> <p>Combineer met bijpassende servetten voor een complete look</p> </li> <li> <p>Bewaar plat om vervorming te voorkomen</p> </li> </ul>",4.0,stuk(s),Grijs,Kunstleer,Raved,40.0,cm,N,,,Ovaal,N,N,,,Y,,,1 jaar,,,,,N,,,Effen,30.0,cm,,,,,Geen,,,,,37.0,cm,0.5,kg,6 Stuks,,Afnemen met een natte doek,11.xlsx,,,,,,,,,,,,,,,https://media.s-bol.com/g981MjPjKRKk/qx2GB1D/550x550.jpg
Raved Tafelzeil – 140 cm x 270 cm – Wit Ruit – PVC – Afwasbaar,,9503115851471,Tafellaken,,"<p>Geef jouw tafel een stijlvolle én praktische upgrade met <strong>afwasbaar PVC-tafelzeil</strong> in <strong>geruit wit motief</strong>, geschikt voor zowel <strong>binnen als buiten</strong>. Bescherm je tafel moeiteloos tegen vlekken en kringen – ideaal voor gezinnen en gezellige diners!</p> <p><strong>Ontdek het ruime gemak van het premium tafelzeil 10: de Raved Tafelzeil.</strong><br />Met een <strong>geruit wit motief</strong>, gemaakt van <strong>hoogwaardig PVC-materiaal</strong>, brengt dit tafelzeil direct rust, stijl en bescherming naar jouw eet­tafel. Of je nu een gezellig gezin hebt, vaak gasten ontvangt of gewoon maximaal wilt genieten zonder schoonmaakstress — dit is jouw slimme oplossing.</p> <h3>Bescherming én stijl</h3> <p>Je tafel is een ontmoetingsplek: ontbijt met het gezin, knutselen met de kinderen, een rustige lunch of een feestelijke eter­middag. Daar hoort een tafel bij die klaar is voor álles. Het <strong>PVC-tafelzeil</strong> is <strong>afwasbaar</strong>, waardoor je vloeistoffen, kruimels of knoei­momenten eenvoudig met een vochtige doek verwijdert. Geen gedoe met wassen of strijken — gewoon klaar voor het volgende moment. Het lichte geruite motief in wit zorgt voor een neutrale, frisse uitstraling die moeiteloos past in zowel modern als landelijk interieur.</p> <h3>Voor binnen én buiten</h3> <p>Dankzij het duurzame materiaal is dit tafelzeil geschikt voor <strong>binnen en buiten gebruik</strong>. Op het terras tijdens de zomer? Uitstekend. Binnen aan de keukentafel? Natuurlijk. En dankzij het onderhoudsgemak gebruik je het zonder zorgen. Let wel op: bij aanhoudende regen wordt aangeraden het binnen te halen om verwering en verkleuring te voorkomen. </p> <h3>Specificaties in één oogopslag</h3> <ul> <li> <p><strong>Materiaal</strong>: PVC (kunststof) — stevig, duurzaam en ideaal in onderhoud</p> </li> <li> <p><strong>Kleur/design</strong>: Wit met geruit motief</p> </li> <li> <p><strong>Gebruik</strong>: geschikt voor binnen & buiten</p> </li> <li> <p><strong>Onderhoud</strong>: eenvoudig afnemen met vochtige doek; geen strijken of wassen nodig</p> </li> <li> <p><strong>Waarom kiezen?</strong></p> <ul> <li> <p>Beschermt je tafel tegen vlekken, kringen en slijtage</p> </li> <li> <p>Stijlvolle uitstraling zonder concessies</p> </li> <li> <p>Gemak én kwaliteit in één</p> </li> </ul> </li> </ul> <h3>Verlies geen tijd, geniet direct</h3> <p>Waarom wachten met een nette tafel wanneer je vandaag al kunt genieten van meer rust en stijl? Het tafelzeil van Raved combineert vorm en functie op een manier die jouw dagelijkse leven makkelijker maakt. Bestel nu en maak jouw tafel klaar voor elk moment — of het nu ontbijt, diner of een knutselmiddag is. <strong>Laat je tafel gewoon weer stralen.</strong></p>",1.0,stuk(s),Wit,PVC,Raved,270.0,cm,N,,Tafelzeil,Rechthoek,N,N,,,N,,,3 maanden,,,,,N,,,Geruit,140.0,cm,2.0,kg,,Vierkantjes,Geen,26.0,cm,3.0,cm,37.0,cm,2.0,kg,1 stuk,Voor binnen & buiten,Afnemen met een natte doek,11.xlsx,,,,,,,,,,,,,,,https://media.s-bol.com/J2YNM3No70rJ/zLDvGr/550x266.jpg
Raved Tafelzeil - 140 cm x 160 cm – Rood Bloesem – PVC Afwasbaar,,9503455948961,Tafellaken,,"<p>Breng direct vrolijkheid op tafel met dit <strong>afwasbare PVC tafelzeil</strong> van Raved met een groen-rode bloemenprint – <strong>beschermt je tafel tegen vlekken en krassen</strong> en geeft je terras of eetkamer direct een sfeervolle upgrade.</p> <p><strong>Optimaal tafeldecoratie en bescherming in één met het Raved tafelzeil.</strong> Dit stijlvolle tafelzeil combineert een frisse groen-rode bloemenprint met <strong>duurzaam PVC-materiaal</strong>, waardoor het zowel praktisch als decoratief is.</p> <h3>Bescherming én sfeer</h3> <p>Het <strong>PVC-tafelzeil</strong> zorgt ervoor dat je tafel beschermd is tegen gemorste drankjes, kruimels of krassen – ideaal voor drukke gezinsmomenten of gezellige diners met vrienden. Het <strong>afwasbare oppervlak</strong> betekent: wéér klaar voor gebruik met slechts een vochtige doek – geen gedoe meer met wassen en strijken.</p> <h3>Design dat uitnodigt</h3> <p>Met een rijke groene achtergrond en levendige rode bloesems creëert dit tafelzeil direct een warme, natuurlijke sfeer. Het bloemenmotief geeft je eet- of tuintafel een frisse uitstraling en maakt elk moment extra bijzonder. Perfect om van een gezamenlijke maaltijd een feestje te maken.</p> <h3>Binnen & buiten gebruik</h3> <p>Of je nu binnen aan de eettafel zit of buiten op het terras geniet – dit tafelzeil is ontworpen voor veelzijdigheid. Dankzij het robuuste PVC-materiaal kun je gerust klanten of familie uitnodigen, zonder je zorgen te maken over morsen of vlekken.</p> <h3>Specificaties in een oogopslag</h3> <ul> <li> <p>Materiaal: <strong>PVC / plastic</strong> – slijtvast, waterafstotend en onderhoudsvriendelijk. </p> </li> <li> <p>Kleur/design: groen basis met rode bloesem - bloemenmotief. </p> </li> <li> <p>Merk: <strong>Raved</strong> – staat bekend om stijlvolle en praktische tafeltextiel.</p> </li> <li> <p>Gebruik: geschikt voor zowel binnen- als buitengebruik. </p> </li> </ul> <h3>Waarom kiezen voor dit tafelzeil?</h3> <p>Stel je voor: je bereidt een gezellige brunch met vrienden, kinderen lopen rond, er wordt gelachen en geknoeid – zonder dat jij achteraf uren moet opruimen. Dit tafelzeil maakt het mogelijk. En verbeeld je hoe je tuinset er fris uitziet tijdens een middagborrel, met een stijlvol zeil dat de zon reflecteert en de sfeer verhoogt. Een slimme investering die je tafel beschermt én je interieur verlevendigt.</p> <h3>Call to action</h3> <p>Wacht niet langer – geef je tafel vandaag nog een stijlvolle én beschermende upgrade met dit <strong>Raved tafelzeil</strong> en geniet direct van gemak, kleur en sfeer!</p>",1.0,stuk(s),Rood,PVC,Raved,160.0,cm,N,,Tafelzeil,Rechthoek,N,N,,,N,,,3 maanden,,,,,N,,,Gebloemd,140.0,cm,2.0,kg,,Bloemen,Geen,26.0,cm,3.0,cm,37.0,cm,2.0,kg,1 stuk,Voor binnen & buiten,Afnemen met een natte doek,11.xlsx,,,,,,,,,,,,,,,"https://media.s-bol.com/r1kV1gNEMRZp/Y6DxEYK/1024x1024.jpg,https://media.s-bol.com/8V2KVXx50yXm/Y6DxEYK/1024x1024.jpg,https://media.s-bol.com/3N1VNYG1MKnR/Y6DxEYK/124x112.jpg,https://media.s-bol.com/q1xL1ArKwEDp/Y6DxEYK/1024x1024.jpg,https://media.s-bol.com/m5ZN57nr1XvG/Y6DxEYK/124x40.jpg,https://media.s-bol.com/m5ZN576pm1Wn/Y6DxEYK/1024x1024.jpg"
Raved Tafelzeil – 140 cm x 300 cm – Boerenbont Ruit Zwart – PVC – Afwasbaar,,8720707631995,Tafellaken,,"<p>Geef je tafel direct een stijlvolle <strong>boerenbont-ruit look</strong> met dit <strong>afwasbare PVC-tafelzeil</strong> van Raved — makkelijk schoon te maken en perfect voor zowel binnen als buiten.</p> <p>Breng sfeer en gemak samen aan jouw eettafel met het <strong>primair zoekwoord “tafelzeil”</strong>: het <strong>Raved Tafelzeil Boerenbont Ruit Zwart – PVC – Afwasbaar</strong> staat voor stijlvol, praktisch en onderhoudsvriendelijk tafeltextiel.</p> <h3>Stijlvol interieur in één stap</h3> <p>Met het karakteristieke <strong>boerenbont-ruit patroon</strong> in zwart op dit tafelzeil geef je jouw ruimte direct een landelijke of cottage-look, zonder gedoe. Het patroon valt op, maar is toch tijdloos — ideaal voor het interieur thuis, op het terras of in de serre.</p> <h3>Praktisch & duurzaam materiaal</h3> <p>Het <strong>materiaal</strong> bestaat uit stevig <strong>PVC</strong> dat afwasbaar is: vlekken van eten of drinken zijn zo schoongeveegd, dus je maakt je minder zorgen. Dankzij deze <strong>USP’s</strong> – onderhoudsvriendelijk én duurzaam – hoef je niet steeds nieuwe tafelkleden te kopen. Volgens de fabrikant is dit tafelzeil geschikt voor <strong>binnen en buiten</strong>. </p> <h3>Beschermt én verfraait je tafel</h3> <p>Niet alleen beschermt dit tafelzeil je tafel tegen kringen, etensresten en vocht, maar door de (en in meerdere lengtes beschikbaar) past hij op veel standaardtafels. Daarmee biedt het een veilige keuze voor gezinnen, hobby-avonden of buitenmaaltijden.</p> <h3>Waarom kiezen voor dit tafelzeil?</h3> <ul> <li> <p><strong>Onderhoudsgemak</strong>: Afwasbaar en snel schoon.</p> </li> <li> <p><strong>Stijl en sfeer</strong>: Het boerenbont-ruit-design geeft karakter.</p> </li> <li> <p><strong>Veelzijdig gebruik</strong>: Voor binnen én buiten.</p> </li> <li> <p><strong>Verliesaversie trigger</strong>: Kleine vlekken of hete pannen? Geen stress meer.</p> </li> <li> <p><strong>Sociale bewijskracht</strong>: Veel varianten beschikbaar, goede kwaliteit wordt genoemd in reviews (“goede kwaliteit” aldus een gebruiker). </p> </li> </ul> <h3>Specifieke details</h3> <ul> <li> <p>Merk: <strong>Raved</strong></p> </li> <li> <p>Kleur / design: <strong>Zwart boerenbont-ruit</strong></p> </li> <li> <p>Materiaal: <strong>PVC</strong> (afwasbaar)</p> </li> <li> <p>Geschikt voor: Eettafel binnen, tuintafel buiten, serre, balkon</p> </li> </ul> <h3>Call-to-action</h3> <p>Wacht niet tot die ene koffiekringen-avond opnieuw ontstaat – kies vandaag voor dit stijlvolle én onderhoudsvriendelijke tafelzeil en geniet direct van een nette, uitnodigende tafel. <strong>Bestel nu en geef jouw tafel de upgrade die hij verdient!</strong></p>",1.0,stuk(s),Zwart,PVC,Raved,300.0,cm,N,,Tafelzeil,Rechthoek,N,N,,,N,,,3 maanden,,,,,N,,,Geruit,140.0,cm,0.5,kg,,Ruitjes,Geen,26.0,cm,5.0,cm,37.0,cm,0.5,kg,,Voor binnen & buiten,Machinewas 30 °C,11.xlsx,,,,,,,,,,,,,,,https://media.s-bol.com/g6vVl1n9WkOj/OM2982G/550x302.jpg
Raved Tafelzeil – 140 cm x 160 cm – Vuurtoren Groen – PVC – Afwasbaar,,9503445631163,Tafellaken,,"<p>Geef je tafel een stijlvolle & praktische uitstraling met het <strong>duurzame PVC-tafelzeil</strong> van Raved in <strong>groen met vuurtorenprint</strong>. <strong>Bescherm je tafel tegen vlekken en krassen</strong> dankzij het <strong>afwasbare materiaal</strong>, ideaal voor zowel binnen als buiten.</p> <p><strong>Ontdek het Raved Tafelzeil met vuurtorenprint – een ideale combinatie van stijl, bescherming en gebruiksgemak.</strong> Het <strong>primair zoekwoord “tafelzeil”</strong> is zorgvuldig verwerkt. Dit tafelzeil is uitgevoerd in <strong>PVC</strong>, heeft een frisse <strong>groene kleur</strong> en een sfeervolle vuurtoren-print, en is verder <strong>afwasbaar</strong> – perfect voor jouw dagelijkse tafelmoment of gezellige buitenmaaltijd.</p> <h3>Bescherming & stijl in één</h3> <p>Met dit tafelzeil bescherm je jouw tafelblad effectief tegen alledaagse uitdagingen: morsen van koffie, kinderspelletjes, warme pannen of krassen van servies. Het <strong>afwasbare PVC-materiaal</strong> zorgt ervoor dat gemorste vloeistof niet in het tafelblad trekt en eenvoudig met een vochtige doek is te reinigen. Volgens onderhoudsvoorschriften van PVC-tafelzeilen biedt dit materiaal extra bescherming tegen vlekken en beschadiging.</p> <h3>Voor binnen én buiten</h3> <p>Dankzij het robuuste PVC en de duurzame afwerking is dit tafelzeil geschikt voor zowel eet­kamers, keuken als terras. De rustgevende <strong>groene kleur</strong> en het nautische <strong>vuurtoren­motief</strong> geven direct sfeer aan je tafelsetting. En omdat onderhoud beperkt is, kun je met een gerust hart buiten eten.</p> <h3>Specificaties & hoogtepunten</h3> <ul> <li> <p>Materiaal: <strong>PVC</strong> – stevig, waterafstotend en gemakkelijk schoon te houden.</p> </li> <li> <p>Kleur/design: <strong>groen</strong> met een sfeervolle <strong>vuurtorenprint</strong> – geeft je tafel een frisse look.</p> </li> <li> <p>Gebruik: binnen- en buitengebruik; ideaal voor gezinnen, gezellige diners en buitenzitten.</p> </li> <li> <p>USP’s: <strong>afwasbaar</strong>, <strong>duurzaam</strong>, <strong>stijlvol nautisch design</strong>.</p> </li> </ul> <h3>Waarom dit tafelzeil kiezen?</h3> <p>Stel je voor: je nodigt vrienden uit op het terras, de zon gaat langzaam onder, jullie tafelen onder het geluid van de avond. Jouw tafel is al gedekt met dit tafelzeil en ziet er verzorgd uit, de vuurtorenprint geeft een subtiele vakantie­vibe. Later morst iemand wijn of wordt er geknoeid — geen probleem. Door het afwasbare PVC veeg je alles moeiteloos weg. Dit is een combinatie van emotie (gezelligheid, sfeer) en logica (bescherming, onderhoudsvriendelijk).<br />Verlies­aversie werkt hier: niemand wil dat de tafel vlekken of krassen oploopt, dit zeil voorkomt dat.</p> <h3>Onderhoud & aandachtspunten</h3> <p>Om de levensduur te maximaliseren: gebruik onderzetters bij warme pannen (PVC reageert bij hitte). Vermijd langdurige blootstelling aan direct zonlicht buiten, want UV-licht kan kleur en materiaal aantasten. Maak gemorste vloeistoffen snel schoon met een vochtige doek; hardnekkige vlekken direct verwijderen voorkomt blijvende sporen.</p> <h3>Conclusie & call-to-action</h3> <p>Laat je tafel niet aan zijn lot over — kies voor het Raved Tafelzeil Vuurtoren in groen voor een combinatie van <strong>stijl, bescherming en gemak</strong>. Breng sfeer, rust en kwaliteit naar elke maaltijd. <strong>Bestel vandaag nog</strong> en transformeer jouw tafel in een uitnodigend kustlandschap.</p>",1.0,stuk(s),Groen; Wit; Grijs,PVC,Raved,160.0,cm,N,,Tafelzeil,Rechthoek,N,N,,,N,,,2 maanden,,,,,N,,,Gebloemd,140.0,cm,0.3,kg,,Kersen - Bloemen - Zomer,,26.0,cm,3.0,cm,37.0,cm,0.2,kg,Afnemen met een natte doek,Voor binnen & buiten,Afnemen met een natte doek,11.xlsx,,,,,,,,,,,,,,,https://media.s-bol.com/o127zByr66QX/NxoGnjK/550x550.jpg
Raved Tafelzeil – 140 cm x 220 cm – Barok Goud – PVC – Afwasbaar,,9503749574340,Tafellaken,,"<p>Geef je interieur direct een <strong>luxe uitstraling</strong> met dit <strong>afwasbare PVC tafelzeil</strong> in stijlvolle barok print gold-kleur. Ideaal voor dagelijks gebruik én bijzondere momenten – <strong>duurzaam, stijlvol en eenvoudig schoon te maken</strong>.</p> <p>Breng elegantie en gemak samen op jouw tafel met dit <strong>tafelzeil Barok Goud</strong> van het merk <strong>Raved</strong>. Of je nu een gezellige familiebijeenkomst hebt, een ontspannen diner op het balkon of gewoon je eethoek wil opfrissen: met dit prachtige tafelzeil kies je voor <strong>stijl én functionaliteit</strong>.</p> <h3>Tijdloze uitstraling & hoogwaardige kwaliteit</h3> <p>Het design is geïnspireerd op klassieke barok-ornamenten en straalt luxueuze flair uit dankzij de goudkleurige achtergrond. Hierdoor transformeert je tafel direct in het hart van je interieur. Het materiaal van het tafelzeil is <strong>PVC</strong>, wat zorgt voor duurzame bescherming tegen dagelijkse slijtage, gemorste dranken of buitengebruik. Dankzij de afwasbare afwerking houd je alles eenvoudig schoon — een praktisch voordeel dat je continu terugziet.</p> <h3>Veelzijdig in gebruik</h3> <p>Of je nu binnen dineert of buiten op je terras zit: dit tafelzeil is geschikt voor beide. Dankzij de waterafstotende en afneembare eigenschappen is het ideaal voor gezinnen, vrienden of gezellige avonden. De breedte van 140 cm (maat invulbaar) maakt het geschikt voor de meeste standaardtafels.<br /><strong>Materiaal:</strong> PVC<br /><strong>Kleur/design:</strong> goud barok print<br /><strong>Merk:</strong> Raved<br /><strong>Belangrijkste USP’s:</strong> luxe uitstraling, afwasbaar, barok print.</p> <h3>Zorgeloos onderhoud & lange levensduur</h3> <p>Vergeet tafelkleed-stress: geniet van je moment, en veeg daarna moeiteloos de vlekken weg. Dankzij het PVC-oppervlak is schoonmaken eenvoudig — een vochtige doek is vaak al voldoende. Daardoor bespaar je tijd én blijft je tafel langdurig mooi. Dankzij het robuuste karakter van het materiaal kun je langer genieten van een frisse, stijlvolle tafelopstelling.</p> <h3>Waarom kiezen voor dit tafelzeil?</h3> <ul> <li> <p><strong>Verliesaversie:</strong> Voorkom dat vlekken of slijtage je tafelbeeld ruïneren – kies nu voor bescherming én stijl.</p> </li> <li> <p><strong>Sociale bewijskracht:</strong> Veel huishoudens kiezen voor luxe afwasbaar tafelzeil om dagelijks comfort met esthetiek te combineren.</p> </li> <li> <p><strong>Urgentie:</strong> Maak van je tafel direct een verhoging van sfeer — wacht niet tot je oude kleed doorgezakt of versleten is.</p> </li> </ul> <h3>Samenvatting en call-to-action</h3> <p>Met dit <strong>afwasbare PVC tafelzeil in goud barok stijl</strong> haal je direct een sfeerverbetering in huis, zonder in te leveren op onderhoudsgemak. Het combineert luxe, duurzaamheid en praktische inzet — perfect voor gezinnen, gasten of gewoon jezelf. Wacht niet langer en creëer vandaag nog die stijlvolle tafel waar je trots op kunt zijn. <strong>Bestel nu</strong> en geef je tafel die elegante upgrade!</p>",1.0,stuk(s),Goud; Wit,PVC,Raved,220.0,cm,N,,Tafelzeil,Rechthoek,N,N,,,N,0.0,cm,2 maanden,,,,,N,,,Overig,140.0,cm,0.3,kg,,pauwen,0657452723,26.0,cm,3.0,cm,37.0,cm,0.2,kg,Afnemen met een natte doek,Voor binnen & buiten,Afnemen met een natte doek,11.xlsx,,,,,,,,,,,,,,,https://media.s-bol.com/yy3GGrEnrk1W/BBPZyzk/550x270.jpg
Raved Tafelzeil Speelkleed Autobaan  140 cm x  260 cm - PVC - Afwasbaar,,9502347668635,Tafellaken,,"<p>Maak van tafel en speelplek één vrolijk geheel met <strong>het Raved tafelzeil speelkleed</strong>: dankzij de <strong>autobaan-print</strong>, het <strong>duurzame PVC-materiaal</strong> en de <strong>afwasbare afwerking</strong> is jouw tafel in één keer kindproof & stijlvol. Zet klaar voor uren spelplezier zonder zorgen.</p> <p>Ontdek de ultieme combinatie van sfeer, onderhoudsgemak en speelplezier met het <strong>Raved tafelzeil speelkleed</strong> – speciaal ontworpen voor gezinnen die kiezen voor stijl én functionaliteit.</p> <h3>Speelplezier zonder compromis</h3> <p>Met de levendige <strong>autobaan-print</strong> op het tafelzeil geef je kinderen een speelse speelruimte waar zij hun autootjes kunnen laten racen, manoeuvreren en avontuur beleven. Tegelijkertijd blijft de tafel beschermd — dus jij hebt geen zorgen over krassen, klei-werkjes of knoeien. Dankzij dit slimme speelkleed creëer je een situatie waarin iedereen wint.</p> <h3>Materiaal en onderhoudsgemak</h3> <p>Gemaakt van hoogwaardig <strong>PVC-materiaal</strong>, is dit tafelzeil extra stevig, slijtvast en eenvoudig af te nemen met een vochtige doek. Vlekken van verf, drankjes of papierwerk zijn geen issue meer. Dit betekent: minder schoonmaaktijd, meer kwaliteitstijd met je gezin. En doordat het kleed geschikt is voor <strong>binnen & buiten gebruik</strong>, kun je het ook gebruiken voor een tuin- of jeu-de-boules-tafel of speeltafel in de veranda.</p> <h3>Bescherming en rust voor jouw interieur</h3> <p>Je tafel verdient bescherming — of dat nu tijdens een knutselmiddag is of een gezellige middag met vrienden. Met dit tafelzeil houd je kleur, vorm en integriteit in tact. En doordat de autobaan-print uitnodigt tot spelen, kun je relaxter aanschuiven; het is geen ‘rommelige’ tafel meer maar een creatieve speeltafel.</p> <h3>Specificaties in een oogopslag</h3> <ul> <li> <p>Materiaal: <strong>PVC</strong> (duurzaam, afwasbaar)</p> </li> <li> <p>Print: <strong>autobaan-design</strong> (kindvriendelijk)</p> </li> <li> <p>Geschikt voor binnen en buiten gebruik</p> </li> <li> <p>Onderhoud: eenvoudig schoon te maken – afnemen met vochtige doek</p> </li> <li> <p>Merk: <strong>Raved</strong></p> </li> </ul> <h3>Waarom kiezen voor dit tafelzeil speelkleed?</h3> <ul> <li> <p>directe speelplek + tafelbescherming = geen compromis.</p> </li> <li> <p>onderhoudsgemak – minder schoonmaaksstress, meer ontspanning.</p> </li> <li> <p>flexibel gebruik – voor knutselen, spelen, eten; binnen of buiten.</p> </li> </ul> <p>Wacht niet te lang – maak van jouw tafel een multifunctioneel speel- en leefcentrum waar kinderen veilig en creatief kunnen spelen én waar jij als ouder de rust hebt. <strong>Bestel vandaag nog je Raved tafelzeil speelkleed en begin met zorgeloos genieten!</strong></p>",1.0,stuk(s),Groen,PVC,Raved,260.0,cm,N,,Tafelzeil,Rechthoek,N,N,,,N,,,3 maanden,,,,,N,,,Overig,140.0,cm,2.0,kg,,Auto's,Geen,26.0,cm,3.0,cm,37.0,cm,2.0,kg,1 tafelzeil speelkleed,Voor binnen & buiten,Afnemen met een natte doek,11.xlsx,,,,,,,,,,,,,,,"https://media.s-bol.com/noYgy5yNoMZY/qyql82/124x57.jpg,https://media.s-bol.com/rv8nrJMXlLz2/EnVQEv/124x105.jpg,https://media.s-bol.com/vzlryN9DpPE8/EnVQEv/1024x1024.jpg,https://media.s-bol.com/mnOgmAMG9DrR/EnVQEv/124x112.jpg,https://media.s-bol.com/R7K5R1kkm33w/56QoqK/124x110.jpg,https://media.s-bol.com/pq8lpEX7jJxQ/EnVQEv/124x89.jpg,https://media.s-bol.com/AW8yMDKzLNoj/2xZlJwW/1024x1024.jpg"
Raved Tafelkleed – 140 cm x 240 cm – Lichtgrijs – Polyester – Kreukvrij,,8720707633258,Tafellaken,,"<p>Met dit elegante <strong>licht-grijze tafelkleed</strong> van het merk Raved geef je je tafel direct een stijlvolle upgrade. Het <strong>100% polyester materiaal</strong>, is <strong>kreukvrij</strong> en geschikt voor zowel <strong>binnen als buitengebruik</strong>, zodat je zorgeloos geniet van iedere maaltijd.</p> <p>Geef je eettafel of tuintafel een professionele uitstraling met het <strong>primair zoekwoord “tafelkleed licht grijs polyester”</strong> en ontdek waarom dit <strong>Raved tafelkleed</strong> de slimme keuze is voor jouw woon- of buitenruimte.</p> <h3>Elegant en veelzijdig</h3> <p>Het effen licht-grijze kleed creëert direct een rustige en stijlvolle basis — perfect voor iedere interieurstijl, van modern minimalistisch tot landelijk en industrieel. het past uitstekend op rechthoekige tafels en oogt het altijd verzorgd. Het <strong>materiaal 100% polyester</strong> biedt een subtiele glans, valt mooi en voelt kwalitatief aan.</p> <h3>Praktisch in gebruik</h3> <p>Met de afwerking <strong>kreukvrij</strong> houd je moeiteloos een strak gedekte tafel — geen tijdrovend strijkwerk meer. Het kleed is bovendien geschikt voor zowel <strong>binnen als buitengebruik</strong>, waardoor het uitermate geschikt is voor een gezellige tuinbrunch, picknick of klassieke diner binnen. Dankzij de hoogwaardige afwerking beschermt het je tafel tegen knoeien, vlekken en het dagelijkse gebruik. </p> <h3>Technische details & onderhoud</h3> <ul> <li> <p><strong>Materiaal:</strong> Polyester – stevig, soepel, duurzaam</p> </li> <li> <p><strong>Kleur:</strong> Licht Grijs – neutraal en stijlvol</p> </li> <li> <p><strong>Eigenschappen:</strong> Kreukvrij – gemakkelijk uit de verpakking zonder strijken</p> </li> <li> <p><strong>Gebruik:</strong> Binnen & buiten – maximaal gemak in verschillende settings </p> </li> </ul> <p>Voor onderhoud: afnemen met een vochtige doek of licht wassen (controleer het wasvoorschrift van de specifieke variant) om langdurig plezier te garanderen.</p> <h3>Waarom kiezen voor dit tafelkleed?</h3> <ul> <li> <p><strong>Gebruiksgemak:</strong> Geen strijkwerk, minder stress</p> </li> <li> <p><strong>Flexibiliteit:</strong> Binnen en buiten inzetten</p> </li> <li> <p><strong>Sfeermaker:</strong> Vaak dé finishing touch van je tafelsetting</p> </li> <li> <p><strong>Bescherming:</strong> Je tafel blijft langer mooi dankzij de duurzame kwaliteit</p> </li> </ul> <h3>Maak je tafel compleet</h3> <p>Of je nu een spontaan diner organiseert, een gezellige brunch in de tuin houdt of je interieur simpelweg wilt upgraden — dit tafelkleed maakt het verschil. Wacht niet te lang: om direct sfeer en kwaliteit te combineren kies je nu voor dit kleed van Raved. Voeg toe aan je winkelwagen en geef je tafel de uitstraling die hij verdient!</p>",1.0,stuk(s),Licht Grijs,Polyester,Raved,240.0,cm,N,,Tafelkleed,Rechthoek,Y,N,,,N,,,2 maanden,,,,,N,,,Effen,140.0,cm,0.5,kg,,Effen,Geen,26.0,cm,3.0,cm,37.0,cm,0.5,kg,1 stuk,Voor binnen & buiten,"30 °C, normaal programma",11.xlsx,,,,,,,,,,,,,,,"https://media.s-bol.com/Y8pG9wBO8nKp/pgWXQDp/124x111.jpg,https://media.s-bol.com/g0Yg9N0D1NkY/pgWXQDp/1024x1024.jpg,https://media.s-bol.com/q1x6y6kM9ZW7/g5WygJl/124x40.jpg,https://media.s-bol.com/q1RvkryVBB33/pgWXQDp/1024x1024.jpg,https://media.s-bol.com/m5Ro9WqBv6zA/pgWXQDp/1024x1024.jpg,https://media.s-bol.com/8V2WRWD93x3j/g5WygJl/1024x1024.jpg"
Raved Tafelzeil 140 cm × 160 cm – Watermeloen-dessin – Rood PVC Afwasbaar,,9503934188833,Tafellaken,,"<p>Geef je tafel direct een vrolijke upgrade met dit <strong>afwasbare PVC-tafelzeil</strong> in een speels <strong>watermeloen-dessin</strong>. Het beschermt tegen vlekken en krassen én is geschikt voor zowel <strong>binnen als buiten</strong> – ideaal voor zorgeloze momenten aan tafel.</p> <p>**Ontdek het vrolijke effect van het <strong>tafelleven</strong> met dit <strong>PVC-tafelzeil</strong> van <strong>Raved</strong>, met een vrolijk <strong>watermeloen-dessin</strong> in <strong>rood</strong> dat direct sfeer toevoegt.<br />Of je nu binnen aan de eettafel zit met het gezin of buiten op het terras geniet van een zonnige middag, dit tafelzeil is dé slimme keuze voor wie stijl en gemak wil combineren.</p> <h3>Tijdloze uitstraling en praktisch in gebruik</h3> <p>Het centrale <strong>zoekwoord “tafelzeil”</strong> komt hier direct aan bod: dit tafelzeil is vervaardigd van duurzaam <strong>PVC-materiaal</strong>, dat makkelijk afneemt is en bestand is tegen dagelijks gebruik. Met het speelse watermeloen-dessin geef je je tafel meteen een frisse, uitnodigende look.</p> <h3>Bescherming én sfeer</h3> <ul> <li> <p>Het <strong>PVC-materiaal</strong> beschermt je tafel tegen vlekken, krassen en spetters – ideaal wanneer kinderen mee aan tafel zitten of wanneer het servies iets harder aankomt.</p> </li> <li> <p>Het <strong>rode kleur- en dessin-ontwerp</strong> zorgt voor een opvallende eyecatcher; perfect voor gezellige diners, borrels of zomerse barbecues.</p> </li> <li> <p>Dankzij de afwasbare afwerking verwijder je snel etensresten of drankvlekken – geen stress na het eten.</p> </li> </ul> <h3>Geschikt voor binnen én buiten</h3> <p>Of je nu eet in de keuken, woon­eetkamer of op het terras: dit tafelzeil is geschikt voor beide omgevingen. Het brengt direct sfeer en is bestand tegen wat meer ruig gebruik.</p> <h3>Specificaties op een rij</h3> <ul> <li> <p>Materiaal: stevig PVC (afwasbaar)</p> </li> <li> <p>Kleur/design: Rood met watermeloenmotief</p> </li> <li> <p>Geschikt voor: eettafels, tuintafels, binnen- en buitengebruik</p> </li> <li> <p>Belangrijkste USP’s: <strong>afwasbaar</strong>, <strong>beschermend tegen vlekken/krassen</strong>, <strong>decoratief dessin</strong></p> </li> </ul> <h3>Waarom kiezen voor dit tafelzeil?</h3> <p>Stel je voor: je nodigt vrienden uit, de tafel staat klaar, het <strong>watermeloen-dessin</strong> valt meteen op en geeft een ontspannen zomerse vibe. En mocht er iets gemorst worden? Geen paniek — even afnemen en doorgaan. Je tafel blijft mooi en je hoeft je niet te druk maken over vlekken of slijtplekken. Met dit tafelzeil uit de collectie van Raved kies je voor slimme schoonheid.</p> <h3>Nu actie ondernemen</h3> <p>Laat je tafel weer stralen met dit tafelkleden-alternatief waarin stijl en functie samenkomen. Wacht niet te lang en maak je tafel klaar voor de volgende gezellige maaltijd of lounge-moment. Voeg het toe aan je winkelwagen en ervaar zelf het gemak én de vrolijke uitstraling.</p>",1.0,stuk(s),Groen,PVC,Raved,50.0,cm,N,,Tafelzeil,Rechthoek,N,N,,,N,,,3 maanden,,,,,N,,,Overig,140.0,cm,2.0,kg,,Watermeloen,Geen,26.0,cm,3.0,cm,37.0,cm,2.0,kg,1 stuk,Voor binnen & buiten,Afnemen met een natte doek,11.xlsx,,,,,,,,,,,,,,,https://media.s-bol.com/0KRDMMMxQ9Qv/y8Wz0M7/550x550.jpg
Raved Tafelzeil 140 cm x 230 cm – Kerst Rendieren Blauw – PVC - Afwasbaar,,9503498723570,Tafellaken,,"<p>Breng sfeer én gemak naar je kersttafel met het <strong>tafelzeil van Raved met rendieren-motief</strong>. Dit stijlvolle tafelzeil combineert een prachtig blauw kerstdesign met praktische functies, waardoor je zonder zorgen kunt genieten van een gezellige dineravond.</p> <h3>Feestelijke look voor elke gelegenheid</h3> <p>Met het <strong>kerst-motief van rendieren in blauw</strong> creëer je direct een warme, feestelijke tafelsetting die uitnodigt tot samenzijn. Het motief past perfect bij het seizoen en maakt je eettafel klaar voor de kersttijd – van kerstdiner tot borrel met vrienden. Je tafel oogt verzorgd, stijlvol en sfeervol zonder extra accessoires.</p> <h3>Praktisch en beschermend</h3> <p>Gemaakt van <strong>duurzaam PVC</strong>, is dit tafelzeil afwasbaar en eenvoudig te reinigen – een vochtige doek is vaak al voldoende. Zo voorkom je vlekken door wijn, saus of koffie en hoef je geen kant en klaar stoffen kleed telkens te wassen. Bovendien biedt het bescherming tegen krassen en brandplekken door hete pannen of schalen – ideaal voor langere, gezellige eetmomenten.</p> <h3>Binnen én buiten mogelijk</h3> <p>Of je nu binnen aan tafel schuift of buiten op het terras kerstviert – dit tafelzeil is geschikt voor beide omgevingen. Dankzij het PVC-materiaal hoef je niet bang te zijn voor knoeien of een beetje vocht. (Voor langdurig buitengebruik is het aan te raden het kleed droog op te bergen na gebruik.)</p> <h3>Waarom kiezen voor Raved?</h3> <p>Het merk Raved staat bekend om woonaccessoires die stijl combineren met functionaliteit. Dit tafelzeil is daar een perfect voorbeeld van: je haalt niet alleen een decoratief element in huis, maar ook een slimme bescherming voor je tafel – zonder concessies aan stijl.</p> <h3>Tot slot</h3> <p>Laat knoeien, vlekken of het gedoe met stoffen kleedjes je kerstvreugde niet drukken. Kies dit <strong>afwasbare PVC tafelzeil met rendieren</strong> en geniet van een tafel die er tiptop uitziet én praktisch is. <strong>Bestel vandaag nog</strong> en maak je klaar voor een zorgeloos, sfeervol kerstdiner.</p>",1.0,stuk(s),Blauw,PVC,Raved,230.0,cm,N,,Tafelzeil,Rechthoek,N,N,,,N,,,3 maanden,,,,,N,,,Overig,140.0,cm,2.0,kg,,Print,Geen,26.0,cm,3.0,cm,37.0,cm,2.0,kg,,Voor binnen & buiten,Machinewas 30 °C,11.xlsx,,,,,,,,,,,,,,,"https://media.s-bol.com/NJkXMXK3lO1m/8qrg5Yg/1024x1024.jpg,https://media.s-bol.com/WV6pYpK09zgE/8qrg5Yg/1024x1024.jpg,https://media.s-bol.com/VROoXo23wPJz/8qrg5Yg/124x108.jpg,https://media.s-bol.com/p1YBJBonOBAX/8qrg5Yg/1024x1024.jpg,https://media.s-bol.com/m0o6r6nXqwG0/5wMqJK/1024x1024.jpg,https://media.s-bol.com/q1x6K6poP6BD/8qrg5Yg/124x40.jpg,https://media.s-bol.com/j1R5z5JRKVp5/8qrg5Yg/1024x1024.jpg"
Raved – Tafelzeil Linnen Look 140 cm × 350 cm – Donker Grijs – PVC Afwasbaar,,8720387517992,Tafellaken,,"<p>Geef je tafel direct een stijlvolle upgrade met dit <strong>afwasbare PVC tafelzeil in linnen-look</strong>. Dankzij de <strong>donkergrijze kleur</strong> en chique textuur combineert hij moeiteloos met elk interieur — terwijl je tafel <strong>beschermd is tegen vlekken en kringen</strong>.</p> <p>Breng rust en stijl naar je eetplek met het <strong>primaire zoekwoord “tafelzeil linnen look”</strong>, en kies voor dit duurzame model van het merk <strong>Raved</strong>. Dit <strong>PVC tafelzeil</strong> in een elegante <strong>donkergrijze kleur</strong> is ontworpen voor mensen die kwaliteit én gemak waarderen. Of je nu aan tafel knutselt met de kinderen, een gezellige eterij plant of buiten wilt dineren — dit tafelzeil staat voor je klaar.</p> <h3>Bescherming én stijl</h3> <p>Het tafelzeil is gemaakt van hoogwaardig <strong>PVC-materiaal</strong>, waardoor je tafel optimaal beschermd is tegen vocht, vlekken, kringen door hete pannen en alledaagse slijtage. De subtiele linnen-structuur geeft een luxe uitstraling die lijkt op textiel, maar dan wel met het onderhoudsgemak van kunststof.<br />Met deze kleur en look geef je je tafel – binnen of buiten – direct een stijlvolle upgrade, zonder dat je inlevert op praktische functionaliteit.</p> <h3>Geschikt voor binnen en buiten</h3> <p>Of het nu een gezellige lunch binnen is, of een zomerse avond buiten; dit tafelzeil doet beide. Dankzij de afwasbare afwerking veeg je knoeien en resten moeiteloos schoon met een vochtige doek. Zo blijft jouw tafel netjes en jouw leefruimte ontspannen. Let wel op: bij buitengebruik is het raadzaam het tafelzeil bij regen tijdelijk naar binnen te halen om verkleuring of verwering te voorkomen.</p> <h3>Specificaties & praktische voordelen</h3> <ul> <li> <p>Materiaal: <strong>PVC</strong> – robuust en waterafstotend.</p> </li> <li> <p>Kleur: <strong>Donker grijs/antraciet</strong> – een neutrale en chique keuze die past bij veel interieurstijlen.</p> </li> <li> <p>Finish: <strong>Afwasbaar</strong> – simpel schoon te houden en ideaal voor gezinnen of buitentafels.</p> </li> <li> <p>Merk: <strong>Raved</strong> – een bewuste keuze voor kwaliteit en design.</p> </li> </ul> <h3>Waarom kiezen voor dit tafelzeil?</h3> <p>Stel je voor: je gezin eet, knutselt en lacht aan tafel zonder de constante angst voor drankkringen of pannen die een spoor achterlaten. Dat geeft rust. Bovendien oogt je eethoek direct verzorgd en modern. Zoals bewezen door meerdere gebruikers:</p> <p>“Hele mooie zeil past goed … vlekken gingen er heel makkelijk uit toen ik hem afdeed met een doek.” <br />En doordat het product zowel binnen als buiten inzetbaar is, verhoog je direct de functionele waarde.</p> <h3>Call-to-action</h3> <p>Gun jezelf die rust van geen zorgen meer over tafelbeschadiging en creëer een tafelsetting waar je trots op bent. Klik op “In winkelwagen” en geef je tafel de kwaliteit en uitstraling die hij verdient.</p>",1.0,stuk(s),Antraciet,PVC,Raved,350.0,cm,N,,Tafelzeil,Rechthoek,N,N,,,N,,,2 maanden,,,,,N,,,Overig,140.0,cm,0.5,kg,,Hout,Geen,26.0,cm,5.0,cm,37.0,cm,0.5,kg,1 stuk,Voor binnen & buiten,Afnemen met een natte doek,11.xlsx,,,,,,,,,,,,,,,"https://media.s-bol.com/g05PvP63O2DD/1jkOqxP/124x117.jpg,https://media.s-bol.com/BqgyzyQwNrQW/1jkOqxP/1024x1024.jpg,https://media.s-bol.com/Wm2rrWy15oXE/owgJqz/1024x1024.jpg,https://media.s-bol.com/xgGmQm9KZpKE/1jkOqxP/1024x1024.jpg,https://media.s-bol.com/q1j9J9D19GOD/1jkOqxP/124x40.jpg,https://media.s-bol.com/8VqlmlOvMox2/1jkOqxP/1024x1024.jpg"
Raved Tafelzeil 140x270 cm - Jungle Roze - PVC - Afwasbaar - Binnen/Buiten,,9501842491823,Tafellaken,,"<p>Breng sfeer en gemak in huis met het <strong>Raved tafelzeil Jungle roze 140x240 cm</strong>. Gemaakt van <strong>duurzaam PVC</strong> en <strong>100% afwasbaar</strong>, zodat je tafel altijd schoon en beschermd blijft. Ideaal voor dagelijks gebruik, feestjes of buiten in de tuin.</p> <p>Een tafel is vaak het middelpunt van je huis – hier wordt gegeten, gewerkt, gelachen en geleefd. Juist daarom wil je een tafelzeil dat niet alleen beschermt, maar ook bijdraagt aan de uitstraling van je interieur. Met het <strong>Raved tafelzeil Jungle</strong> kies je voor een combinatie van stijl en praktisch gemak.</p> <h3>Waarom kiezen voor dit tafelzeil?</h3> <p>Het <strong>tafelzeil van PVC</strong> is ontworpen om je tafel optimaal te beschermen tegen vlekken, kringen en krassen. Dankzij de <strong>afwasbare laag</strong> veeg je vuil eenvoudig weg met een vochtige doek – ideaal na een drukke maaltijd of een feestje. Zo blijft je tafel langer mooi en hoef je nooit meer te stressen over hardnekkige vlekken.</p> <h3>Stijlvol design voor elke ruimte</h3> <p>De trendy <strong>jungleprint in zacht roze tinten</strong> brengt direct sfeer in je interieur. Perfect voor een gezellige eetkamer, maar ook een eyecatcher in de tuin. Of je nu een etentje organiseert of gewoon samen met je gezin dineert: dit tafelzeil maakt van ieder moment een stijlvolle gelegenheid.</p> <h3>Veelzijdig in gebruik</h3> <ul> <li> <p>Geschikt voor <strong>binnen én buiten</strong></p> </li> <li> <p>Ideaal voor gezinnen met kinderen</p> </li> <li> <p>Handig tijdens verjaardagen en feestjes</p> </li> <li> <p>Past perfect op tafels van 6 tot 8 personen</p> </li> </ul> <h3>Duurzaamheid en gemak</h3> <p>Het <strong>stevige PVC-materiaal</strong> zorgt ervoor dat het zeil lang meegaat en tegen een stootje kan. Bovendien is het licht van gewicht, waardoor je het eenvoudig kunt opbergen of meenemen naar buiten.</p> <h3>Onderhoudsvriendelijk</h3> <p>Geen gedoe met wassen of strijken – een simpele veeg is genoeg. Zo hou je meer tijd over voor de dingen die er écht toe doen.</p> <p>Met het <strong>Raved tafelzeil Jungle roze</strong> geniet je van een combinatie van gemak, stijl en bescherming. Bescherm je tafel, voeg sfeer toe aan je interieur en maak van elke maaltijd een mooi moment.</p> <p><strong>Bestel nu en ontdek hoe makkelijk én sfeervol jouw tafel kan zijn.</strong></p>",1.0,stuk(s),Groen; Roze,PVC,Raved,270.0,cm,N,,Tafelzeil,Rechthoek,N,N,,,N,,,3 maanden,,,,,N,,,Gebloemd,140.0,cm,2.0,kg,,Jungle,Geen,26.0,cm,3.0,cm,37.0,cm,2.0,kg,,Voor binnen & buiten,Afnemen met een natte doek,11.xlsx,,,,,,,,,,,,,,,"https://media.s-bol.com/QGkJp5GZjwNY/L974nJD/124x62.jpg,https://media.s-bol.com/7R3y3GP7p3rG/MjngB6O/1024x1024.jpg,https://media.s-bol.com/g0JDJ3l3xkZD/MjngB6O/124x111.jpg,https://media.s-bol.com/BmroJRmzLQRJ/L974nJD/1024x1024.jpg,https://media.s-bol.com/ODgln5DVLrEN/L974nJD/124x89.jpg,https://media.s-bol.com/Jx8Dg7xGz3WJ/L974nJD/124x110.jpg,https://media.s-bol.com/Ym7pAl9E9VMp/L974nJD/1024x1024.jpg,https://media.s-bol.com/k1RjR3pmXlvx/MjngB6O/1024x1024.jpg,https://media.s-bol.com/g0JDJ3lgMGo9/MjngB6O/124x40.jpg,https://media.s-bol.com/q1xpx3znqxB2/MjngB6O/1024x1024.jpg,https://media.s-bol.com/m5Z0Z3roN6Wn/MjngB6O/1024x1024.jpg"
Raved Tafelzeil 140 cm × 140 cm – Watermeloen-dessin – Rood PVC Afwasbaar,,9503254475590,Tafellaken,,"<p>Geef je tafel direct een vrolijke upgrade met dit <strong>afwasbare PVC-tafelzeil</strong> in een speels <strong>watermeloen-dessin</strong>. Het beschermt tegen vlekken en krassen én is geschikt voor zowel <strong>binnen als buiten</strong> – ideaal voor zorgeloze momenten aan tafel.</p> <p>**Ontdek het vrolijke effect van het <strong>tafelleven</strong> met dit <strong>PVC-tafelzeil</strong> van <strong>Raved</strong>, met een vrolijk <strong>watermeloen-dessin</strong> in <strong>rood</strong> dat direct sfeer toevoegt.<br />Of je nu binnen aan de eettafel zit met het gezin of buiten op het terras geniet van een zonnige middag, dit tafelzeil is dé slimme keuze voor wie stijl en gemak wil combineren.</p> <h3>Tijdloze uitstraling en praktisch in gebruik</h3> <p>Het centrale <strong>zoekwoord “tafelzeil”</strong> komt hier direct aan bod: dit tafelzeil is vervaardigd van duurzaam <strong>PVC-materiaal</strong>, dat makkelijk afneemt is en bestand is tegen dagelijks gebruik. Met het speelse watermeloen-dessin geef je je tafel meteen een frisse, uitnodigende look.</p> <h3>Bescherming én sfeer</h3> <ul> <li> <p>Het <strong>PVC-materiaal</strong> beschermt je tafel tegen vlekken, krassen en spetters – ideaal wanneer kinderen mee aan tafel zitten of wanneer het servies iets harder aankomt.</p> </li> <li> <p>Het <strong>rode kleur- en dessin-ontwerp</strong> zorgt voor een opvallende eyecatcher; perfect voor gezellige diners, borrels of zomerse barbecues.</p> </li> <li> <p>Dankzij de afwasbare afwerking verwijder je snel etensresten of drankvlekken – geen stress na het eten.</p> </li> </ul> <h3>Geschikt voor binnen én buiten</h3> <p>Of je nu eet in de keuken, woon­eetkamer of op het terras: dit tafelzeil is geschikt voor beide omgevingen. Het brengt direct sfeer en is bestand tegen wat meer ruig gebruik.</p> <h3>Specificaties op een rij</h3> <ul> <li> <p>Materiaal: stevig PVC (afwasbaar)</p> </li> <li> <p>Kleur/design: Rood met watermeloenmotief</p> </li> <li> <p>Geschikt voor: eettafels, tuintafels, binnen- en buitengebruik</p> </li> <li> <p>Belangrijkste USP’s: <strong>afwasbaar</strong>, <strong>beschermend tegen vlekken/krassen</strong>, <strong>decoratief dessin</strong></p> </li> </ul> <h3>Waarom kiezen voor dit tafelzeil?</h3> <p>Stel je voor: je nodigt vrienden uit, de tafel staat klaar, het <strong>watermeloen-dessin</strong> valt meteen op en geeft een ontspannen zomerse vibe. En mocht er iets gemorst worden? Geen paniek — even afnemen en doorgaan. Je tafel blijft mooi en je hoeft je niet te druk maken over vlekken of slijtplekken. Met dit tafelzeil uit de collectie van Raved kies je voor slimme schoonheid.</p> <h3>Nu actie ondernemen</h3> <p>Laat je tafel weer stralen met dit tafelkleden-alternatief waarin stijl en functie samenkomen. Wacht niet te lang en maak je tafel klaar voor de volgende gezellige maaltijd of lounge-moment. Voeg het toe aan je winkelwagen en ervaar zelf het gemak én de vrolijke uitstraling.</p>",1.0,stuk(s),Groen,PVC,Raved,280.0,cm,N,,Tafelzeil,Rechthoek,N,N,,,N,,,3 maanden,,,,,N,,,Overig,140.0,cm,2.0,kg,,Watermeloen,Geen,26.0,cm,3.0,cm,37.0,cm,2.0,kg,1 stuk,Voor binnen & buiten,Afnemen met een natte doek,11.xlsx,,,,,,,,,,,,,,,https://media.s-bol.com/NBkBJWqOr8Nv/L97pYAA/550x268.jpg
Raved Tafelzeil – 140 cm x 320 cm – Barok Goud – PVC – Afwasbaar,,9501941522138,Tafellaken,,"<p>Geef je interieur direct een <strong>luxe uitstraling</strong> met dit <strong>afwasbare PVC tafelzeil</strong> in stijlvolle barok print gold-kleur. Ideaal voor dagelijks gebruik én bijzondere momenten – <strong>duurzaam, stijlvol en eenvoudig schoon te maken</strong>.</p> <p>Breng elegantie en gemak samen op jouw tafel met dit <strong>tafelzeil Barok Goud</strong> van het merk <strong>Raved</strong>. Of je nu een gezellige familiebijeenkomst hebt, een ontspannen diner op het balkon of gewoon je eethoek wil opfrissen: met dit prachtige tafelzeil kies je voor <strong>stijl én functionaliteit</strong>.</p> <h3>Tijdloze uitstraling & hoogwaardige kwaliteit</h3> <p>Het design is geïnspireerd op klassieke barok-ornamenten en straalt luxueuze flair uit dankzij de goudkleurige achtergrond. Hierdoor transformeert je tafel direct in het hart van je interieur. Het materiaal van het tafelzeil is <strong>PVC</strong>, wat zorgt voor duurzame bescherming tegen dagelijkse slijtage, gemorste dranken of buitengebruik. Dankzij de afwasbare afwerking houd je alles eenvoudig schoon — een praktisch voordeel dat je continu terugziet.</p> <h3>Veelzijdig in gebruik</h3> <p>Of je nu binnen dineert of buiten op je terras zit: dit tafelzeil is geschikt voor beide. Dankzij de waterafstotende en afneembare eigenschappen is het ideaal voor gezinnen, vrienden of gezellige avonden. De breedte van 140 cm (maat invulbaar) maakt het geschikt voor de meeste standaardtafels.<br /><strong>Materiaal:</strong> PVC<br /><strong>Kleur/design:</strong> goud barok print<br /><strong>Merk:</strong> Raved<br /><strong>Belangrijkste USP’s:</strong> luxe uitstraling, afwasbaar, barok print.</p> <h3>Zorgeloos onderhoud & lange levensduur</h3> <p>Vergeet tafelkleed-stress: geniet van je moment, en veeg daarna moeiteloos de vlekken weg. Dankzij het PVC-oppervlak is schoonmaken eenvoudig — een vochtige doek is vaak al voldoende. Daardoor bespaar je tijd én blijft je tafel langdurig mooi. Dankzij het robuuste karakter van het materiaal kun je langer genieten van een frisse, stijlvolle tafelopstelling.</p> <h3>Waarom kiezen voor dit tafelzeil?</h3> <ul> <li> <p><strong>Verliesaversie:</strong> Voorkom dat vlekken of slijtage je tafelbeeld ruïneren – kies nu voor bescherming én stijl.</p> </li> <li> <p><strong>Sociale bewijskracht:</strong> Veel huishoudens kiezen voor luxe afwasbaar tafelzeil om dagelijks comfort met esthetiek te combineren.</p> </li> <li> <p><strong>Urgentie:</strong> Maak van je tafel direct een verhoging van sfeer — wacht niet tot je oude kleed doorgezakt of versleten is.</p> </li> </ul> <h3>Samenvatting en call-to-action</h3> <p>Met dit <strong>afwasbare PVC tafelzeil in goud barok stijl</strong> haal je direct een sfeerverbetering in huis, zonder in te leveren op onderhoudsgemak. Het combineert luxe, duurzaamheid en praktische inzet — perfect voor gezinnen, gasten of gewoon jezelf. Wacht niet langer en creëer vandaag nog die stijlvolle tafel waar je trots op kunt zijn. <strong>Bestel nu</strong> en geef je tafel die elegante upgrade!</p>",1.0,stuk(s),Goud; Wit,PVC,Raved,320.0,cm,N,,Tafelzeil,Rechthoek,N,N,,,N,0.0,cm,2 maanden,,,,,N,,,Overig,140.0,cm,0.3,kg,,pauwen,0657452723,26.0,cm,3.0,cm,37.0,cm,0.2,kg,Afnemen met een natte doek,Voor binnen & buiten,Afnemen met een natte doek,11.xlsx,,,,,,,,,,,,,,,https://media.s-bol.com/OKYq0q94RW1p/r0WppjL/550x550.jpg
Raved Tafelzeil – 140 cm x 200 cm – Hortensia Roze – PVC – Afwasbaar,,9503759796589,Tafellaken,,"<p>Transformeer je eetruimte direct met dit <strong>stijlvolle en functionele tafelzeil</strong>. Het <strong>duurzame PVC-materiaal</strong> en de <strong>levendige hortensia-print in roze</strong> zorgen voor sfeer, terwijl het zeil moeiteloos jouw tafel beschermt en schoon te maken is dankzij de <strong>afwasbare afwerking</strong>.</p> <p>Breng een frisse, stijlvolle look naar je tafel met het <strong>primair zoekwoord: tafelzeil</strong>. Het <strong>Raved Tafelzeil Hortensia</strong> in <strong>materiaal PVC</strong>, uitgevoerd in <strong>kleur Roze</strong> met een levendig hortensia-dessin, combineert elegantie en praktisch gemak op uitstekende wijze.</p> <h3>Elegantie en bescherming</h3> <p>Je tafel is een plek waar geleefd, gelachen en gedeeld wordt. Met dit tafelzeil kies je niet alleen voor een decoratieve upgrade, maar ook voor bewuste bescherming. Het stevige hoogwaardig PVC-materiaal biedt een duurzame barrière tegen morsen, krassen en vlekken — ideaal voor gezinnen, diners met vrienden of een ontspannen moment op het terras. Bol+2meubelo.nl+2</p> <h3>Voor binnen én buiten</h3> <p>Dankzij de multifunctionele toepassing is dit tafelzeil geschikt voor zowel binnen- als buitengebruik. Zet het op de eettafel in de keuken, op de tuintafel tijdens warme dagen of op het balkon voor een gezellige sfeer. Voor het behoud van de levendige kleuren raden wij aan het zeil bij slecht weer of langdurige zonblootstelling naar binnen te halen. Bol</p> <h3>Gebruiksgemak & onderhoud</h3> <p>Het afwasbare oppervlak maakt schoonmaken een kwestie van seconden: een vochtige doek volstaat om vlekken te verwijderen. Geen worsteling meer met hardnekkige resten of ingewikkeld onderhoud, gewoon direct weer klaar voor de volgende maaltijd. meubelo.nl+1</p> <h3>Stijlvol dessin & sfeer</h3> <p>De print met hortensia’s in zachte roze/paars tinten brengt een subtiele bloemrijke sfeer in je woonruimte. Het perfecte middelpunt van jouw tafelsetting dat opvalt zonder te overheersen — en dat bij verschillende interieurstijlen past, van landelijk tot modern.</p> <h3>Specificaties in één oogopslag</h3> <ul> <li> <p>Merk: Raved</p> </li> <li> <p>Materiaal: PVC</p> </li> <li> <p>Kleur: Roze (Hortensia-dessin)</p> </li> <li> <p>Maat: 140 cm x 240 cm</p> </li> <li> <p>Afwasbaar: Ja</p> </li> <li> <p>Geschikt voor binnen & buiten: Ja</p> </li> </ul> <h3>Waarom kiezen voor dit tafelzeil?</h3> <p>Omdat je tafel méér verdient dan alleen functioneel te zijn. Je wilt een plek creëren waar je echt ontspannen kunt zitten, waar je trots op bent en die klaar is voor het leven — zonder dat je je zorgen maakt over gemorste drankjes of krassen. Het is de slimme investering voor mensen die stijl én gemak waarderen.</p> <h3>Call-to-action</h3> <p>Wacht niet langer en geef je tafel de upgrade die hij verdient. Klik op “In winkelwagen” en ervaar direct het verschil — jouw nieuwe favoriete tafelsetting wacht op je!</p>",1.0,stuk(s),Roze,PVC,Raved,200.0,cm,N,,Tafelzeil,Rechthoek,N,N,,,N,,,3 maanden,,,,,N,,,Overig,140.0,cm,2.0,kg,,Bloemen,Geen,26.0,cm,3.0,cm,37.0,cm,2.0,kg,1 stuk,Voor binnen & buiten,Afnemen met een natte doek,11.xlsx,,,,,,,,,,,,,,,"https://media.s-bol.com/7R3y8qXY2GxA/oYWKJJL/1024x1024.jpg,https://media.s-bol.com/DvkZNKQyZxyA/oYWKJJL/1024x1024.jpg,https://media.s-bol.com/QMWKJr744NrZ/oYWKJJL/124x108.jpg,https://media.s-bol.com/BqBXoG6j2Jpx/oYWKJJL/124x40.jpg,https://media.s-bol.com/zkp4PgX3zZ3r/oYWKJJL/1024x1024.jpg,https://media.s-bol.com/KDr7XlQv2ozJ/oYWKJJL/1024x1024.jpg"
Raved Tafelzeil – 140 cm x 270 cm – Fris Fruit Rood – PVC – Afwasbaar,,9501983346365,Tafellaken,,"<p>Breng kleur en gemak naar jouw tafel met dit <strong>afwasbare PVC-tafelzeil</strong> in vrolijk rood fruitdessin. Dankzij het <strong>duurzame materiaal</strong>, het <strong>speelse motief</strong> en de <strong>gemakkelijke schoonmaak</strong> geniet je direct van een frisse tafel zonder zorgen.</p> <h3>Bescherm en verfraai je tafel in één stap</h3> <p>Met dit <strong>tafelzeil</strong> geef je je tafel niet alleen een vrolijke, uitnodigende uitstraling dankzij het fris fruitmotief in rood-tinten, maar je zorgt ook voor optimale bescherming. Het <strong>PVC-materiaal</strong> is waterafstotend en slijtvast, waardoor gemorste drankjes en vlekken nauwelijks kans krijgen. Je verlengt de levensduur van je tafel zonder in te boeten op stijl.</p> <h3>Voor gezinnen, buiten & binnen</h3> <p>Of er nu wordt gegeten, geknutseld, gespeeld of geborreld: dit tafelzeil is ideaal voor <strong>binnen en buitengebruik</strong>. Dankzij de breedte van 140 cm bedek je een standaard tafel en creëer je direct een gastvrije setting. Het afwasbare oppervlak zorgt ervoor dat je met een vochtige doek snel klaar bent — geen gedoe met wasmachines of strijken.</p> <h3>Design met karakter</h3> <p>Het motief <strong>’Fris Fruit’</strong> geeft een speelse twist aan je interieur: denk aan appels, peren, aardbeien in een frisse opstelling tegen een rode achtergrond. Dit zorgt voor dynamiek en sfeer – perfect voor kinderfeestjes, informele diners of een zonnige tuinlunch.</p> <h3>Specificaties & gebruiksgemak</h3> <ul> <li> <p><strong>Materiaal:</strong> hoogwaardig PVC, eenvoudig afneembaar</p> </li> <li> <p><strong>Kleur:</strong> rood met fruitprint</p> </li> <li> <p><strong>Gebruik:</strong> geschikt voor binnen & buiten</p> </li> <li> <p><strong>Onderhoud:</strong> enkel afnemen met een vochtige doek; geen strijken of wassen nodig</p> </li> </ul> <h3>Waarom kiezen voor dit tafelzeil?</h3> <p>Veel mensen hebben wel eens de frustratie van een tafel die snel bevlekt is of lelijk oogt door slijtage. Door te kiezen voor dit tafelzeil voorkom je die zorg – je <strong>verliest niets meer aan uitstraling</strong> en wint tijd terug. Daarnaast voeg je met het design <strong>sociale sfeer</strong> toe: gasten merken op dat je tafel er verzorgd uitziet.</p> <h3>Call to action</h3> <p>Maak dus vandaag nog de keuze voor <strong>stijl, gemak en bescherming</strong> met dit Raved tafelzeil – bestel nu en geef je tafel direct een frisse, speelse look. Gebruik ‘m voor het dagelijkse ontbijt, een buiten-etentje of gewoon omdat je tafel wat extra aandacht verdient.</p>",1.0,stuk(s),Geel; Blauw; Rood,PVC,Raved,270.0,cm,N,,Tafelzeil,Rechthoek,N,N,,,N,,,2 maanden,,,,,N,,,Gebloemd,140.0,cm,0.3,kg,,Fruit/groente,,26.0,cm,3.0,cm,37.0,cm,0.2,kg,Afnemen met een natte doek,Voor binnen & buiten,Afnemen met een natte doek,11.xlsx,,,,,,,,,,,,,,,"https://media.s-bol.com/3XWJw5LVkLXn/zp7R5YZ/124x61.jpg,https://media.s-bol.com/W04BqD3p4rqJ/zp7R5YZ/124x105.jpg,https://media.s-bol.com/RJ9B1x3wGjv0/zp7R5YZ/1024x1024.jpg,https://media.s-bol.com/mjJX291ZXQYE/5yR6xMv/1024x1024.jpg,https://media.s-bol.com/OD49E0mJq11Q/5yR6xMv/124x90.jpg,https://media.s-bol.com/Bm4E8YVngjoW/5yR6xMv/124x112.jpg,https://media.s-bol.com/qnN8VkOBYk67/5yR6xMv/124x110.jpg"
Raved Tafelzeil – 140 cm x 50 cm – Driehoek Wit/Zwart – PVC – Afwasbaar – Binnen & buiten,,9502439136394,Tafellaken,,"<p>Met dit <strong>afwasbare PVC tafelzeil</strong> geef je jouw tafel direct een stijlvolle upgrade én stevige bescherming. Het <strong>driehoek-patroon in wit met zwart</strong>, gecombineerd met eenvoudig onderhoud en <strong>gebruik binnen én buiten</strong>, maakt dit tafelzeil de slimme keuze voor gezinnen en tafels met een druk leven.</p> <p><strong>Maak kennis met het tafelzeil dat stijl en functie moeiteloos combineert.</strong> Het <strong>Raved tafelzeil met driehoek patroon</strong> biedt een frisse look met zijn <strong>wit/zwart geometrisch design</strong>, én staat voor <strong>praktisch gemak</strong> dankzij het hoogwaardige <strong>PVC-materiaal</strong>. Of je nu dagelijks dineert met het gezin, gasten ontvangt of op het terras geniet van een ochtendkoffie — dit tafelzeil is voorbereid op elk scenario.</p> <h3>Bescherming + stijl</h3> <p>Je tafelblad verdient de zorg die het verdient. Met dit tafelzeil voorkom je vlekken, kringen, knoeiwerk en zelfs lichte brandplekken door hete pannen: het is namelijk gemaakt voor intensief gebruik. Het <strong>afwasbare PVC-oppervlak</strong> zorgt dat je met een vochtige doek snel schoon bent — geen stress meer na het avondeten.</p> <h3>Geometrisch design dat opvalt</h3> <p>Het driehoek-motief in zwart op een witte ondergrond geeft jouw eetruimte een moderne uitstraling. Hierdoor past het zowel in een strak interieur als een gezellige, huiselijke setting. Het design is niet alleen mooi, maar ook functioneel: het patroon camoufleert lichte vlekken tot je tijd hebt om schoon te maken.</p> <h3>Binnen én buiten gebruik</h3> <p>Dit tafelzeil is geschikt voor gebruik in de eetkamer, keuken én op het terras. Dankzij PVC is het beter bestand tegen vocht en lichte weersinvloeden. Wel is het verstandig om het af te dekken of binnen te halen bij slecht weer om verkleuring of beschadiging te voorkomen — zo behoud je maximale levensduur.</p> <h3>Specificaties in één oogopslag</h3> <ul> <li> <p>Materiaal: <strong>PVC</strong> – stevig, afwasbaar, duurzaam</p> </li> <li> <p>Kleur: Wit met zwart driehoek-patroon</p> </li> <li> <p>Patroon: Geometrisch (driehoeken)</p> </li> <li> <p>Gebruik: Voor tafels binnen en buiten</p> </li> <li> <p>Onderhoud: Veeg schoon met vochtige doek — gebruik geen schuurmiddelen of bleekmiddel. </p> </li> <li> <p>Merk: Raved</p> </li> </ul> <h3>Waarom kiezen voor dit tafelzeil?</h3> <p>Veel tafelkleden zijn lastig schoon te maken, glijden weg of zijn alleen geschikt voor binnen. Dit model is <strong>speciaal ontworpen voor het drukke gezinsleven</strong>: gemak, bescherming en stijl in één. Het mooie design laat jouw interieur tot zijn recht komen, terwijl jij zorgeloos kunt tafelen.</p> <h3>Call-to-action</h3> <p>Gun jezelf een tafel die weer straalt — klik op ‘bestellen’ en voeg vandaag nog dit stijlvolle én praktische tafelzeil toe aan jouw woondecoratie. Bescherm, decoreer en ontspan met het Raved tafelzeil.</p>",1.0,stuk(s),Wit,PVC,Raved,50.0,cm,N,,Tafelzeil,Rechthoek,N,N,,,N,,,3 maanden,,,,,N,,,Effen,140.0,cm,2.0,kg,,Ruitjes,Geen,26.0,cm,3.0,cm,37.0,cm,2.0,kg,Tafelzeil,Voor binnen & buiten,Machinewas 30 °C,11.xlsx,,,,,,,,,,,,,,,https://media.s-bol.com/m5ZNM6wz6XBE/8qrgG42/550x550.jpg
Raved Tafelzeil 140×160 cm - Bruin Tegel-Houtlook - PVC - Afwasbaar,,9501264352467,Tafellaken,,"<p>Geef je tafel direct een stijlvolle upgrade met dit <strong>houten tegel-dessin tafelzeil</strong> van Raved. Dankzij de <strong>afwasbare PVC-laag</strong> is knoeien geen drama meer: <strong>bescherm je tafel én creëer sfeer</strong>.</p> <p>**Verbeter direct je tafelbeleving met het **Raved Tafelzeil Tegel Hout  Bruin PVC Afwasbaar — een perfecte mix van stijl, bescherming en praktisch gebruiksgemak.</p> <h3>Stijlvol en functioneel</h3> <p>Het <strong>primair zoekwoord</strong> “tafelzeil” komt hier prominent voor: dit tafelzeil met in de kleur <strong>bruin</strong>, heeft een elegant tegel-houtlook-design dat een warme, natuurlijke uitstraling geeft aan zowel je eetkamer als de tuinset. Dankzij het <strong>materiaal</strong> PVC is het oppervlak stevig, soepel en direct klaar voor gebruik.</p> <h3>Bescherming & onderhoud</h3> <p>Met dit tafelzeil is je tafel gelijk goed beschermd: de afwasbare PVC-laag zorgt ervoor dat gemorste koffie, saus of kruimels geen kans krijgen. Een snelle veeg met een vochtige doek of spons volstaat en je tafel oogt weer als nieuw. Geen gedoe meer met dure tafelkleden die kreuken of met moeilijk schoon te maken stof.</p> <h3>Binnen en buiten geschikt</h3> <p>Gebruik het tafelzeil zowel <strong>binnen als buiten</strong>: perfect voor de eettafel, tuintafel of serre. Let op: bij regen of langdurige bewolking verdient het de aanbeveling het tafelzeil binnen op te bergen om de levensduur te maximaliseren.</p> <h3>Productvoordelen in één overzicht</h3> <ul> <li> <p>Kleur: <strong>Bruin</strong>, design: tegel-houtlook — past bij naturel en industrieel interieur.</p> </li> <li> <p>Materiaal: <strong>PVC</strong>, vlek- en afwasbaar — maximaal gebruiksgemak.</p> </li> <li> <p>Merk: Raved — vertrouwd in tafeltextiel-accessoires.</p> </li> <li> <p>Eenvoudige schoonmaak & onderhoud — bespaart tijd en zorgt voor gemoedsrust.</p> </li> </ul> <h3>Waarom kiezen voor dit tafelzeil?</h3> <p>Stel je voor: een spontaan etentje, druk gezin of gezellige tuinmiddag. Dankzij dit tafelzeil hoef je je geen zorgen te maken over knoeien of tafelschade. Daarmee speel je in op de wens naar gemak én een mooie uitstraling. Het biedt echte <strong>bescherming</strong>, dat is de logische kant, én creëert direct <strong>sfeer</strong>, de emotionele kant. Nu kiezen is slim: zonder dit beschermende lagen sta je bloot aan vlekken, brandplekken of vocht—laten we dat liever voorkomen.</p> <h3>Call-to-action</h3> <p>Wacht niet langer: selecteer vandaag nog dit stijlvolle tafelzeil, leg het direct op je tafel en geniet van een verzorgde uitstraling <strong>én</strong> praktisch gemak. Geef je tafel de upgrade die hij verdient — klik op “in winkelwagen” en maak je interieur weer tiptop klaar!</p>",1.0,stuk(s),Bruin,PVC,Raved,160.0,cm,N,,Tafelzeil,Rechthoek,N,N,,,N,,,3 maanden,,,,,N,,,Overig,140.0,cm,2.0,kg,,Hout,Geen,26.0,cm,3.0,cm,37.0,cm,2.0,kg,1x Tafelzeil,Voor binnen & buiten,Afnemen met een natte doek,11.xlsx,,,,,,,,,,,,,,,"https://media.s-bol.com/v12LWw7Kvo4r/WnAvL8v/1024x1024.jpg,https://media.s-bol.com/ApDKBr7jlPkz/WnAvL8v/1024x1024.jpg,https://media.s-bol.com/G06WLA7yr6Vr/WnAvL8v/124x104.jpg,https://media.s-bol.com/YnWNARR2qxMp/VLVZzW/1024x1024.jpg,https://media.s-bol.com/3pQPnGG4Vrl4/VLVZzW/124x112.jpg,https://media.s-bol.com/kXBLV41lMRrJ/k5WKZAr/124x103.jpg,https://media.s-bol.com/BOZR9JprjjYN/VLVZzW/1024x1024.jpg,https://media.s-bol.com/JB6WO1jGx699/WnAvL8v/124x40.jpg,https://media.s-bol.com/w1p7Xx8Mwm4w/WnAvL8v/1024x1024.jpg,https://media.s-bol.com/q1xLOoXwnY4r/WnAvL8v/1024x1024.jpg"
Raved Tafelzeil – 140 cm x 140 cm – Wit Ruit – PVC – Afwasbaar,,9503276575933,Tafellaken,,"<p>Geef jouw tafel een stijlvolle én praktische upgrade met <strong>afwasbaar PVC-tafelzeil</strong> in <strong>geruit wit motief</strong>, geschikt voor zowel <strong>binnen als buiten</strong>. Bescherm je tafel moeiteloos tegen vlekken en kringen – ideaal voor gezinnen en gezellige diners!</p> <p><strong>Ontdek het ruime gemak van het premium tafelzeil 10: de Raved Tafelzeil.</strong><br />Met een <strong>geruit wit motief</strong>, gemaakt van <strong>hoogwaardig PVC-materiaal</strong>, brengt dit tafelzeil direct rust, stijl en bescherming naar jouw eet­tafel. Of je nu een gezellig gezin hebt, vaak gasten ontvangt of gewoon maximaal wilt genieten zonder schoonmaakstress — dit is jouw slimme oplossing.</p> <h3>Bescherming én stijl</h3> <p>Je tafel is een ontmoetingsplek: ontbijt met het gezin, knutselen met de kinderen, een rustige lunch of een feestelijke eter­middag. Daar hoort een tafel bij die klaar is voor álles. Het <strong>PVC-tafelzeil</strong> is <strong>afwasbaar</strong>, waardoor je vloeistoffen, kruimels of knoei­momenten eenvoudig met een vochtige doek verwijdert. Geen gedoe met wassen of strijken — gewoon klaar voor het volgende moment. Het lichte geruite motief in wit zorgt voor een neutrale, frisse uitstraling die moeiteloos past in zowel modern als landelijk interieur.</p> <h3>Voor binnen én buiten</h3> <p>Dankzij het duurzame materiaal is dit tafelzeil geschikt voor <strong>binnen en buiten gebruik</strong>. Op het terras tijdens de zomer? Uitstekend. Binnen aan de keukentafel? Natuurlijk. En dankzij het onderhoudsgemak gebruik je het zonder zorgen. Let wel op: bij aanhoudende regen wordt aangeraden het binnen te halen om verwering en verkleuring te voorkomen. </p> <h3>Specificaties in één oogopslag</h3> <ul> <li> <p><strong>Materiaal</strong>: PVC (kunststof) — stevig, duurzaam en ideaal in onderhoud</p> </li> <li> <p><strong>Kleur/design</strong>: Wit met geruit motief</p> </li> <li> <p><strong>Gebruik</strong>: geschikt voor binnen & buiten</p> </li> <li> <p><strong>Onderhoud</strong>: eenvoudig afnemen met vochtige doek; geen strijken of wassen nodig</p> </li> <li> <p><strong>Waarom kiezen?</strong></p> <ul> <li> <p>Beschermt je tafel tegen vlekken, kringen en slijtage</p> </li> <li> <p>Stijlvolle uitstraling zonder concessies</p> </li> <li> <p>Gemak én kwaliteit in één</p> </li> </ul> </li> </ul> <h3>Verlies geen tijd, geniet direct</h3> <p>Waarom wachten met een nette tafel wanneer je vandaag al kunt genieten van meer rust en stijl? Het tafelzeil van Raved combineert vorm en functie op een manier die jouw dagelijkse leven makkelijker maakt. Bestel nu en maak jouw tafel klaar voor elk moment — of het nu ontbijt, diner of een knutselmiddag is. <strong>Laat je tafel gewoon weer stralen.</strong></p>",1.0,stuk(s),Wit,PVC,Raved,140.0,cm,N,,Tafelzeil,Rechthoek,N,N,,,N,0.0,cm,3 maanden,,,,,N,,,Geruit,140.0,cm,2.0,kg,,Vierkantjes,Geen,26.0,cm,3.0,cm,37.0,cm,2.0,kg,1 stuk,Voor binnen & buiten,Afnemen met een natte doek,11.xlsx,,,,,,,,,,,,,,,https://media.s-bol.com/8xoMn416mqAo/4NjQ72/550x266.jpg
Raved Tafelzeil – 140 cm x 100 cm – Wit Ruit – PVC – Afwasbaar,,9502979379442,Tafellaken,,"<p>Geef jouw tafel een stijlvolle én praktische upgrade met <strong>afwasbaar PVC-tafelzeil</strong> in <strong>geruit wit motief</strong>, geschikt voor zowel <strong>binnen als buiten</strong>. Bescherm je tafel moeiteloos tegen vlekken en kringen – ideaal voor gezinnen en gezellige diners!</p> <p><strong>Ontdek het ruime gemak van het premium tafelzeil 10: de Raved Tafelzeil.</strong><br />Met een <strong>geruit wit motief</strong>, gemaakt van <strong>hoogwaardig PVC-materiaal</strong>, brengt dit tafelzeil direct rust, stijl en bescherming naar jouw eet­tafel. Of je nu een gezellig gezin hebt, vaak gasten ontvangt of gewoon maximaal wilt genieten zonder schoonmaakstress — dit is jouw slimme oplossing.</p> <h3>Bescherming én stijl</h3> <p>Je tafel is een ontmoetingsplek: ontbijt met het gezin, knutselen met de kinderen, een rustige lunch of een feestelijke eter­middag. Daar hoort een tafel bij die klaar is voor álles. Het <strong>PVC-tafelzeil</strong> is <strong>afwasbaar</strong>, waardoor je vloeistoffen, kruimels of knoei­momenten eenvoudig met een vochtige doek verwijdert. Geen gedoe met wassen of strijken — gewoon klaar voor het volgende moment. Het lichte geruite motief in wit zorgt voor een neutrale, frisse uitstraling die moeiteloos past in zowel modern als landelijk interieur.</p> <h3>Voor binnen én buiten</h3> <p>Dankzij het duurzame materiaal is dit tafelzeil geschikt voor <strong>binnen en buiten gebruik</strong>. Op het terras tijdens de zomer? Uitstekend. Binnen aan de keukentafel? Natuurlijk. En dankzij het onderhoudsgemak gebruik je het zonder zorgen. Let wel op: bij aanhoudende regen wordt aangeraden het binnen te halen om verwering en verkleuring te voorkomen. </p> <h3>Specificaties in één oogopslag</h3> <ul> <li> <p><strong>Materiaal</strong>: PVC (kunststof) — stevig, duurzaam en ideaal in onderhoud</p> </li> <li> <p><strong>Kleur/design</strong>: Wit met geruit motief</p> </li> <li> <p><strong>Gebruik</strong>: geschikt voor binnen & buiten</p> </li> <li> <p><strong>Onderhoud</strong>: eenvoudig afnemen met vochtige doek; geen strijken of wassen nodig</p> </li> <li> <p><strong>Waarom kiezen?</strong></p> <ul> <li> <p>Beschermt je tafel tegen vlekken, kringen en slijtage</p> </li> <li> <p>Stijlvolle uitstraling zonder concessies</p> </li> <li> <p>Gemak én kwaliteit in één</p> </li> </ul> </li> </ul> <h3>Verlies geen tijd, geniet direct</h3> <p>Waarom wachten met een nette tafel wanneer je vandaag al kunt genieten van meer rust en stijl? Het tafelzeil van Raved combineert vorm en functie op een manier die jouw dagelijkse leven makkelijker maakt. Bestel nu en maak jouw tafel klaar voor elk moment — of het nu ontbijt, diner of een knutselmiddag is. <strong>Laat je tafel gewoon weer stralen.</strong></p>",1.0,stuk(s),Wit,PVC,Raved,100.0,cm,N,,Tafelzeil,Rechthoek,N,N,,,N,,,3 maanden,,,,,N,,,Geruit,140.0,cm,2.0,kg,,Vierkantjes,Geen,26.0,cm,3.0,cm,37.0,cm,2.0,kg,1 stuk,Voor binnen & buiten,Afnemen met een natte doek,11.xlsx,,,,,,,,,,,,,,,https://media.s-bol.com/jkv0jD0gmP9B/1KOW83/550x266.jpg
Raved Tafelzeil 140×310 cm - Hortensia Groen – PVC - Afwasbaar - Binnen/Buiten,,9503713818975,Tafellaken,,"<p>Geef je tafel direct een stijlvolle én praktische upgrade met het <strong>afwasbare PVC-tafelzeil</strong> van Raved met elegant hortensia-patroon. Bescherm je tafel tegen vlekken én krassen terwijl je <strong>geniet van een uitnodigende sfeer binnen én buiten</strong>.</p> <p>Breng sfeer, stijl én gemoedsrust naar je eettafel of tuintafel met het <strong>Raved Tafelzeil Hortensia</strong>. Dit tafelzeil combineert een prachtig hortensia-bloemenmotief met hoogwaardige, <strong>afwasbare PVC</strong>-kwaliteit – waardoor je dagelijkse maaltijden én feestelijke bijeenkomsten met meer plezier beleeft.</p> <h3>Bescherming en stijl in één</h3> <p>Vergeet zorgen over gemorste wijn, krassen van borden of alledaagse slagen van kinderen – dit tafelzeil biedt een betrouwbare beschermlaag en stelt je in staat om zonder stress te genieten. Het luxe hortensia-patroon voegt direct een frisse, natuurlijke toets toe aan je interieur of terrassetting. Het resultaat: een tafel die eruitziet alsof hij speciaal is gedekt, elke dag opnieuw.</p> <h3>Ideaal voor binnen én buiten</h3> <p>Of je nu een huiselijke familielunch hebt of een zomerse barbecue op het terras, dit tafelzeil is geschikt voor beide situaties. Dankzij het PVC-materiaal kun je eenvoudig met een vochtige doek afnemen – geen gedoe met wassen of strijken. Zo houd je meer tijd over voor het genieten. Dankzij de kleur en het patroon blijft je tafelsetting uitnodigend, ook als het buiten wat ruiger is.</p> <h3>Specificaties & voordelen</h3> <ul> <li> <p><strong>Materiaal:</strong> premium PVC – water- en vuilafstotend, eenvoudig schoon te maken.</p> </li> <li> <p><strong>Kleur/Design:</strong> groen achtergrond met weelderig hortensia-bloemenmotief – stijlvol en fris.</p> </li> <li> <p><strong>Gebruik:</strong> binnen en buiten – ideaal voor eetkamer, keuken, serre of tuin.</p> </li> <li> <p><strong>Onderhoud:</strong> simpel afnemen met een vochtige doek; minder stress, meer genieten.</p> </li> <li> <p><strong>USP’s:</strong> beschermt tafel tegen krassen & vlekken; direct stijlvolle uitstraling; gebruiksklaar voor elke gelegenheid.</p> </li> </ul> <h3>Waarom kiezen voor dit tafelzeil?</h3> <p>Veel huishoudens onderschatten hoe vervelend het is als een mooie tafel beschadigd raakt of er slijtage ontstaat. Door te kiezen voor dit tafelzeil vermijd je uiteindelijk hogere kosten voor nieuw meubilair of verf/beits. Bovendien geeft het je tafel direct een upgrade – iets waar je gasten over praten. Stijlvol is leuk, maar praktisch is essentieel: tweemaal zo genieten, half zo veel moeite.</p> <h3>Call-to-action</h3> <p>Wil je eindelijk relaxen bij het diner zonder zorgen over vlekken of beschadigingen? Bestel dan vandaag het <strong>Raved Tafelzeil Hortensia</strong> en maak van je tafel een plek waar je trots op bent én waar je met volledige aandacht van het moment kunt genieten. Klik op ‘In winkelwagen’ en laat jouw tafel bloeien.</p>",1.0,stuk(s),Groen; Paars; Roze; Rood,PVC,Raved,310.0,cm,N,,Tafelzeil,Rechthoek,N,N,,,N,0.0,cm,2 maanden,,,,,N,,,Gebloemd,140.0,cm,0.3,kg,,Bloemen,0657452723,26.0,cm,3.0,cm,37.0,cm,0.2,kg,Afnemen met een natte doek,Voor binnen & buiten,Afnemen met een natte doek,11.xlsx,,,,,,,,,,,,,,,https://media.s-bol.com/545lGOQ9gKqq/W6QM5X4/550x270.jpg
Raved Tafelzeil – 140 cm x 50 cm – Boerenbont Ruit Rood – PVC – Afwasbaar,,9501948584740,Tafellaken,,"<p>Breng direct sfeer in huis met dit <strong>afwasbare PVC tafelzeil</strong> van Raved in de klassieke <strong>Boerenbont ruit rood</strong>. Het beschermt je tafel moeiteloos en is geschikt voor gebruik <strong>binnen én buiten</strong> – ideaal voor gezinnen die stijl én gemak willen combineren. terecht!</p> <p><strong>Ontdek het veelzijdige en stijlvolle tafelzeil van Raved</strong> in de charmante Boerenbont ruit rood – perfect voor wie een gezellige en veilige eet- of knutseltafel wil creëren. Dit <strong>tafelzeil</strong> is gemaakt van <strong>duurzaam PVC-materiaal</strong>, wat zorgt voor uitstekende bescherming tegen vlekken, krassen en het knoeien van kinderen of gasten. Bovendien is het <strong>afwasbaar en onderhoudsvriendelijk</strong>, wat je iedere keer weer tijd en schoonmaakstress bespaart.</p> <h3>Waarom dit tafelzeil kiezen?</h3> <ul> <li> <p><strong>Elegant boerentraditie-design</strong>: het klassieke ruit-patroon in rood/wit brengt direct een warme, landelijke sfeer in je interieur – of je nu aan de keukentafel zit of buiten op het terras.</p> </li> <li> <p><strong>Bescherming én gebruiksgemak</strong>: dankzij het PVC-materiaal hoeft u zich geen zorgen meer te maken over gemorste koffie, knutselwerk of hete pannen – een vochtige doek volstaat voor het schoonmaken.</p> </li> <li> <p><strong>Binnen én buiten inzetbaar</strong>: goedgekeurd voor zowel binnenruimtes als buitengebruik – perfect voor zonnige dagen of een barbecue: haal het kleed simpel naar binnen wanneer het regent of ’s avonds afkoelt. </p> </li> </ul> <h3>Specificaties en aandachtspunten</h3> <p>Het tafelzeil is vervaardigd van <strong>PVC</strong>, wat zorgt voor een glad en duurzaam oppervlak. Let wel op: langdurige blootstelling aan fel zonlicht kan verkleuring of verwering veroorzaken – haal het kleed bij regen of intense zon binnen om de kleurkracht van het patroon optimaal te behouden. Het patroon is de klassieke boerenbont-ruit in rood/wit, perfect passend bij landelijke of klassieke interieurstijlen. Het is overigens ook beschikbaar in andere lengtematen én kleuren. </p> <h3>Voordelen voor jou</h3> <p>Je kiest niet alleen voor een mooie tafelbedekking, maar voor kwaliteit en gemoedsrust:</p> <ul> <li> <p>Minder stress bij knoeien of ongevallen – ideaal met kinderen of huisdieren in huis.</p> </li> <li> <p>Een tafel die er direct uitnodigend uitziet – geen afdekhoes meer nodig die afbreuk doet aan de uitstraling.</p> </li> <li> <p>Onderhoud in enkele tellen – geen tijdverlies, geen gedoe.</p> </li> <li> <p>Een product dat een stukje sfeer toevoegt aan elke maaltijd of samenkomst.</p> </li> </ul> <h3>Call-to-action</h3> <p>Kies vandaag nog voor dit stijlvolle en praktische tafelzeil – geef je tafel de uitstraling én bescherming die hij verdient. Voeg het toe aan je winkelwagen en ervaar direct het gemak én de sfeer die het met zich meebrengt!</p>",1.0,stuk(s),Rood,PVC,Raved,50.0,cm,N,,Tafelzeil,Rechthoek,N,N,,,N,,,3 maanden,,,,,N,,,Geruit,140.0,cm,0.5,kg,,Ruitjes,Geen,26.0,cm,5.0,cm,37.0,cm,0.5,kg,1 stuk,Voor binnen & buiten,Machinewas 30 °C,11.xlsx,,,,,,,,,,,,,,,"https://media.s-bol.com/6Q827NkqLzRV/X6BPXG8/1024x1024.jpg,https://media.s-bol.com/5Py3E4jpJ19K/X6BPXG8/1024x1024.jpg,https://media.s-bol.com/3pQPm8D0Gjy4/9VEj3B/124x105.jpg,https://media.s-bol.com/q1xDXnwY0nzD/X6BPXG8/124x101.jpg,https://media.s-bol.com/gGZNWo4GqyNr/9VEj3B/1024x1024.jpg,https://media.s-bol.com/8x10rZLxy7v2/9VEj3B/124x89.jpg,https://media.s-bol.com/7w12qZKwx7r8/9VEj3B/124x112.jpg,https://media.s-bol.com/jkZNWr4kwBNy/9VEj3B/1024x1024.jpg,https://media.s-bol.com/g0J6VEwR70Ej/X6BPXG8/1024x1024.jpg,https://media.s-bol.com/3N1O0XB4m0Ar/X6BPXG8/1024x1024.jpg,https://media.s-bol.com/3N1O0X7nBK2O/X6BPXG8/124x40.jpg"
Raved Tafelzeil – 140 cm x 290 cm – Boerenbont Ruit Donker Blauw – PVC – Afwasbaar,,9508126523676,Tafellaken,,"<p>Geef je tafel direct sfeer én gemak met dit <strong>premium PVC-tafelzeil</strong> van Raved in een <strong>boerenbont ruit donkerblauw</strong> design: <strong>afwasbaar</strong>, geschikt voor binnen én buiten – stijlvol, praktisch, zorgeloos.</p> <p><strong>Productbeschrijving</strong><br />Ontdek het <strong>boerenbont ruit donkerblauw tafelzeil</strong> van Raved — een stijlvolle blend van nostalgie en modern gebruiksgemak. Dit <strong>tafelzeil</strong> is vervaardigd met een <strong>bovenlaag van PVC</strong>, wat zorgt voor een glad, water- en vlekbestendig oppervlak, en een robuuste onderlaag (non-woven vlies/polyester) die garant staat voor stabiliteit en comfort. Dankzij het klassieke boerenbont-ruit patroon in donkerblauw verandert je tafel in een warme uitnodiging voor elke maaltijd, van gezellige familiediners tot ontspannen buitenlunches.</p> <h3>Sfeer en stijl</h3> <p>Met het kenmerkende boerenbont-ruit ontwerp kies je bewust voor een tijdloos interieuraccent. De kleur <strong>donkerblauw</strong> geeft je tafelblad een elegante, rustgevende uitstraling en combineert moeiteloos met zowel natuurlijke houttinten als moderne metalen en glas. Of je nu binnen aan de eettafel zit of buiten op het terras, dit tafelzeil brengt direct karakter en een huiselijke sfeer.</p> <h3>Praktisch gemak – onderhoud zonder zorgen</h3> <p>Dankzij het duurzame <strong>PVC-materiaal</strong> is dit tafelzeil <strong>afwasbaar</strong>, wat betekent dat gemorste dranken, etensresten of vette vingers eenvoudig met een vochtige doek te verwijderen zijn. Geen wasmachine nodig — simpel en snel schoon voor dagelijks gebruik. Bovendien is het geschikt voor binnen én buitengebruik, waardoor je met één product meerdere tafels in huis of tuin kunt aankleden. </p> <h3>Bescherming én duurzaamheid</h3> <p>Dit Raved tafelzeil fungeert niet alleen als decoratie, maar beschermt ook je tafel tegen krassen, hitte van pannen, knoeien door kinderen of gasten, en UV-verlies wanneer je buiten zit. Hierdoor voelt elke maaltijd als een zorgeloze ervaring. </p> <h3>Specificaties & voordelen in één oogopslag</h3> <ul> <li> <p><strong>Patroon</strong>: klassieke boerenbont-ruit</p> </li> <li> <p><strong>Kleur</strong>: donkerblauw</p> </li> <li> <p><strong>Materiaal</strong>: PVC bovenlaag + non-woven/vlies onderlaag</p> </li> <li> <p><strong>Gebruik</strong>: binnen & buiten</p> </li> <li> <p><strong>Onderhoud</strong>: afwasbaar, eenvoudig schoon te maken</p> </li> <li> <p><strong>Sfeer</strong>: tijdloos, gezellig, uitnodigend</p> </li> <li> <p><strong>Praktisch</strong>: beschermt tafel, geschikt voor dagelijks gebruik</p> </li> </ul> <h3>Waarom kiezen voor deze variant?</h3> <p>Als je zoekt naar een tafelzeil dat net even anders is — stijlvol én slim — dan biedt deze boerenbont-ruit variant in donkerblauw precies dat. Geen concessies tussen uitstraling en functionaliteit. Met dit tafelzeil maak je snel indruk op je gasten, en kun je zonder extra inspanning genieten van je tafelsetting. Verspil geen tijd meer aan was­ of vervangingen, én geef je interieur een warme upgrade.</p> <h3>Call-to-action</h3> <p>Breng vandaag nog sfeer in huis of op het terras met dit stijlvolle en praktisch onderhoudsvriendelijke tafelzeil. Klik op bestellen en geef je tafel direct die klassieke én slimme uitstraling die je verdient!</p>",1.0,stuk(s),Blauw,PVC,Raved,290.0,cm,N,,Tafelzeil,Rechthoek,N,N,,,N,,,3 maanden,,,,,N,,,Geruit,140.0,cm,2.0,kg,,Vierkantjes,Geen,26.0,cm,3.0,cm,37.0,cm,2.0,kg,1 stuk,Voor binnen & buiten,Afnemen met een natte doek,11.xlsx,,,,,,,,,,,,,,,"https://media.s-bol.com/xBV2gyKGx2ZP/qyqZYR/124x61.jpg,https://media.s-bol.com/yDoxglJmXE9R/1Kv7Lj/124x105.jpg,https://media.s-bol.com/rv8n4ZMY9AXk/1Kv7Lj/1024x1024.jpg,https://media.s-bol.com/xmz7QoK6YPZl/wOVNAr/124x110.jpg,https://media.s-bol.com/mNll9RpyNgR3/oY73R3/1024x1024.jpg,https://media.s-bol.com/vzlr4q9jZGDg/1Kv7Lj/124x89.jpg,https://media.s-bol.com/qr7m4RM2ZzDR/1Kv7Lj/124x112.jpg"
Raved Tafelzeil – 140 cm x 300 cm – Bloemen Bijen – PVC – Afwasbaar,,9501243951858,Tafellaken,,"<p>Geef je tafel direct een vrolijke make-over met het <strong>afwasbare PVC-tafelzeil</strong> van Raved met print van <strong>bloemen en bijen</strong> – <strong>bescherming en sfeer in één</strong> voor binnen én buitengebruik.</p> <p>Bescherm je tafel tegen vlekken, krassen en knoeien én creëer direct een gezellige uitstraling met het <strong>primair zoekwoord “tafelzeil”</strong>. Dit stijlvolle tafelzeil van het merk Raved is uitgevoerd in hoogwaardig <strong>PVC-materiaal</strong>, waardoor vlekken eenvoudig met een vochtige doek te verwijderen zijn – ideaal voor gezinnen, hobby’s of buitengebruik. Het motief van <strong>bloemen en bijen</strong> brengt een frisse, zonnige sfeer aan tafel, terwijl je tafeloppervlak blijft stralen.</p> <h3>Waarom dit tafelzeil?</h3> <ul> <li> <p>Het <strong>materiaal PVC</strong> is zeer onderhoudsvriendelijk en beschermt effectief tegen vloeistoffen, kinderspul of hete pannen.</p> </li> <li> <p>Het <strong>motief bloemen en bijen</strong> geeft iedere eettafel of tuintafel een speels, vrolijk accent – je combineert functionaliteit met stijl.</p> </li> <li> <p>Dankzij de <strong>maat 140 cm breedte</strong> (lengte afhankelijk) is het geschikt voor de meeste standaard tafels – je hoeft niet te knutselen of te kiezen voor een te krap kleed.</p> </li> </ul> <h3>Gebruik en toepassing</h3> <p>Of je nu binnen aan de eettafel gaat, of buiten op het terras met vrienden of familie zit – dit Raved tafelzeil is geschikt voor beide. Voel je geen zorgen meer over gemorste wijn, klei of waterdruppels. Want met dit afwasbare tafelkleed kun je direct schoonmaken – geen gedoe met langdurig poetsen. Hierdoor kun je ontspannen genieten in plaats van voortdurend bezig zijn met opruimen.</p> <h3>Uitvoering & onderhoud</h3> <p>Het tafelzeil is gemaakt van stevig PVC-materiaal dat de tafel beschermt tegen slijtage, vlekken en krassen. De print van bloemen en bijen is duurzaam en blijft goed zichtbaar, zelfs bij intensief gebruik of buiten. Onderhoud is eenvoudig: afnemen met een natte doek, eventueel een mild sopje bij hardnekkige vlekken. Laat het kleed droog liggen, en je bent klaar voor het volgende moment. Tip: bij gebruik buiten even binnenhalen bij slechter weer om levensduur te verlengen.</p> <h3>Sfeer & functionaliteit combineren</h3> <p>Bij veel huishoudens is de tafel het hart van het huis – van ontbijt tot spelletjesavond. Dit tafelzeil zorgt ervoor dat je tafel er niet alleen netjes uitziet, maar ook echt gebruiksklaar blijft. Dankzij het vrolijke bloemen-en-bijendesign geef je een persoonlijke touch aan je interieur of buitenruimte. En omdat je niet bang hoeft te zijn voor knoeien of slijtage, voel je vrijheid in je dagelijkse routines.</p> <h3>Waar wacht je nog op?</h3> <p>Kies voor dit Raved tafelzeil en combineer <strong>bescherming, gemak en stijl</strong> direct. Je tafel verdient dat – en jij verdient dat ontspannen moment, zonder zorgen over vieze randen of moeilijk schoonmaken. Klik op “Toevoegen aan winkelwagen” en transformeer je eetplek vandaag nog.</p>",1.0,stuk(s),Wit,PVC,Raved,300.0,cm,N,,Tafelzeil,Rechthoek,N,N,,,N,,,3 maanden,,,,,N,,,Overig,140.0,cm,2.0,kg,,Bijen,Geen,26.0,cm,3.0,cm,37.0,cm,2.0,kg,,Voor binnen & buiten,Machinewas 30 °C,11.xlsx,,,,,,,,,,,,,,,"https://media.s-bol.com/r1kVXqDGLMpL/k5WgY96/1024x1024.jpg,https://media.s-bol.com/m5ZNG0xW3RA3/k5WgY96/1024x1024.jpg,https://media.s-bol.com/xgkL9zM0RV93/k5WgY96/124x109.jpg,https://media.s-bol.com/oX8l945qKv1L/Jv9KOD/1024x1024.jpg,https://media.s-bol.com/3N1VOr8PrEGp/k5WgY96/124x40.jpg,https://media.s-bol.com/g0JM6DoEPPwG/k5WgY96/1024x1024.jpg,https://media.s-bol.com/xgkL9zM0R7yP/k5WgY96/1024x1024.jpg"
Raved Tafelzeil – 140 cm x 320 cm – Klaprozen Blauw – PVC – Afwasbaar,,9502934641430,Tafellaken,,"<p>Het <strong>slijt- en vlekbestendige</strong> tafelzeil van <strong>hoogwaardig PVC</strong> in een elegant blauw klaprozen-dessin biedt direct bescherming én sfeer voor jouw tafel. Dankzij de <strong>afwasbare afwerking</strong> maak je eenvoudig schoon én kun je volop genieten — zonder zorgen.</p> <p><strong>Ontdek het stijlvolle & praktische tafelzeil van Raved Tafelzeil Klaprozen Blauw PVC Afwasbaar.</strong><br />Met het <strong>Raved tafelzeil</strong> geef je jouw tafel direct een frisse uitstraling én bescherming tegelijk. Het <strong>primair zoekwoord “tafelzeil”</strong> is hier bewust vroeg in de tekst geplaatst voor optimale vindbaarheid. Het dessin van <strong>klaprozen op een blauwe ondergrond</strong> zorgt voor een vrolijke sfeer zonder druk of overdaad. Gemaakt van robuust <strong>PVC-materiaal</strong>, combineert dit zeil stijl met functionaliteit.</p> <h3>Waarom dit tafelzeil?</h3> <ul> <li> <p>Je tafel is dagelijks blootgesteld aan krassen, vlekken van koffie of saus, en spetters van kinderen of huisdieren. Dit tafelzeil biedt een <strong>slijtvast schild</strong> tegen al die zorgen dankzij het duurzame PVC-materiaal.</p> </li> <li> <p>Het afwasbare oppervlak maakt schoonmaken tot een fluitje van een cent: gewoon afvegen en klaar – geen gedoe meer.</p> </li> <li> <p>Het klaprozen-dessin in blauw voegt direct een <strong>sfeervolle finishing touch</strong> toe aan je eetkamer, keuken of tuintafel — dus zowel voor dagelijks gebruik als voor speciale momenten.</p> </li> </ul> <h3>Specificaties & gebruik</h3> <p>Het tafelzeil is vervaardigd uit PVC: een materiaal dat uitstekend bestand is tegen vlekken en water, en daardoor ideaal is voor intensief gebruik binnen én buiten. Onderhoud is eenvoudig: veeg af met een vochtige doek of milde zeep (zoals ook algemeen aanbevolen voor PVC tafelzeilen). Het dessin klaprozen in blauw zorgt ervoor dat het product zowel visueel aantrekkelijk is als functioneel blijft. Door het ruime formaat van 140 cm breed (lengte varieerbaar) past het op veel tafels zonder in te boeten op effect.</p> <h3>Toepassing & sfeer</h3> <p>Leg het tafelzeil op je eettafel voor gezellige lunches of diners, gebruik het op je tuintafel voor een ontspannen buitenmoment, of zet het neer tijdens knutselmomenten met kinderen. Het is jouw slimme keuze die <strong>ruimte creëert voor genieten</strong> in plaats van zorgen. Dankzij de combinatie van design en bescherming creëer je direct een uitnodigende tafelsetting waar je trots op bent.</p> <h3>Onderhoudstips & duurzaamheid</h3> <p>Bij PVC-tafelzeilen is het verstandig direct knoeien te verwijderen en geen hete pannen zonder onderzetter te plaatsen. Hierdoor blijft het zeil langer mooi en functioneel — en daarmee ben je ook duurzamer bezig.</p> <p> </p> <h3>Tijd voor actie</h3> <p>Laat jouw tafel stralen én werk slim: kies vandaag voor het Raved tafelzeil met klaprozen in blauw en geef je interieur én tafel de upgrade die het verdient. <strong>Klik nu op “in winkelwagen”</strong></p>",1.0,stuk(s),Blauw,PVC,Raved,320.0,cm,N,,Tafelzeil,Rechthoek,N,N,,,N,,,3 maanden,,,,,N,,,Gebloemd,140.0,cm,0.4,kg,,Bloemen,Geen,26.0,cm,3.0,cm,37.0,cm,0.4,kg,1 stuk,Voor binnen & buiten,Afnemen met een natte doek,11.xlsx,,,,,,,,,,,,,,,"https://media.s-bol.com/m5ZNlWgxDVNA/y8W5wGR/1024x1024.jpg,https://media.s-bol.com/4OxGEnPojmJ1/y8W5wGR/1024x1024.jpg,https://media.s-bol.com/q1xLwWmvYP52/y8W5wGR/124x107.jpg,https://media.s-bol.com/gEyDWyOlA926/R6lGRw0/1024x1024.jpg,https://media.s-bol.com/r1kVyWnAVpMB/y8W5wGR/1024x1024.jpg,https://media.s-bol.com/3N1VBmpprXOR/y8W5wGR/124x40.jpg,https://media.s-bol.com/BqB9lG2GK0YX/y8W5wGR/1024x1024.jpg"
Raved Tafelzeil – 140 cm x 240 cm – Vuurtoren Groen – PVC – Afwasbaar,,9503241952677,Tafellaken,,"<p>Geef je tafel een stijlvolle & praktische uitstraling met het <strong>duurzame PVC-tafelzeil</strong> van Raved in <strong>groen met vuurtorenprint</strong>. <strong>Bescherm je tafel tegen vlekken en krassen</strong> dankzij het <strong>afwasbare materiaal</strong>, ideaal voor zowel binnen als buiten.</p> <p><strong>Ontdek het Raved Tafelzeil met vuurtorenprint – een ideale combinatie van stijl, bescherming en gebruiksgemak.</strong> Het <strong>primair zoekwoord “tafelzeil”</strong> is zorgvuldig verwerkt. Dit tafelzeil is uitgevoerd in <strong>PVC</strong>, heeft een frisse <strong>groene kleur</strong> en een sfeervolle vuurtoren-print, en is verder <strong>afwasbaar</strong> – perfect voor jouw dagelijkse tafelmoment of gezellige buitenmaaltijd.</p> <h3>Bescherming & stijl in één</h3> <p>Met dit tafelzeil bescherm je jouw tafelblad effectief tegen alledaagse uitdagingen: morsen van koffie, kinderspelletjes, warme pannen of krassen van servies. Het <strong>afwasbare PVC-materiaal</strong> zorgt ervoor dat gemorste vloeistof niet in het tafelblad trekt en eenvoudig met een vochtige doek is te reinigen. Volgens onderhoudsvoorschriften van PVC-tafelzeilen biedt dit materiaal extra bescherming tegen vlekken en beschadiging.</p> <h3>Voor binnen én buiten</h3> <p>Dankzij het robuuste PVC en de duurzame afwerking is dit tafelzeil geschikt voor zowel eet­kamers, keuken als terras. De rustgevende <strong>groene kleur</strong> en het nautische <strong>vuurtoren­motief</strong> geven direct sfeer aan je tafelsetting. En omdat onderhoud beperkt is, kun je met een gerust hart buiten eten.</p> <h3>Specificaties & hoogtepunten</h3> <ul> <li> <p>Materiaal: <strong>PVC</strong> – stevig, waterafstotend en gemakkelijk schoon te houden.</p> </li> <li> <p>Kleur/design: <strong>groen</strong> met een sfeervolle <strong>vuurtorenprint</strong> – geeft je tafel een frisse look.</p> </li> <li> <p>Gebruik: binnen- en buitengebruik; ideaal voor gezinnen, gezellige diners en buitenzitten.</p> </li> <li> <p>USP’s: <strong>afwasbaar</strong>, <strong>duurzaam</strong>, <strong>stijlvol nautisch design</strong>.</p> </li> </ul> <h3>Waarom dit tafelzeil kiezen?</h3> <p>Stel je voor: je nodigt vrienden uit op het terras, de zon gaat langzaam onder, jullie tafelen onder het geluid van de avond. Jouw tafel is al gedekt met dit tafelzeil en ziet er verzorgd uit, de vuurtorenprint geeft een subtiele vakantie­vibe. Later morst iemand wijn of wordt er geknoeid — geen probleem. Door het afwasbare PVC veeg je alles moeiteloos weg. Dit is een combinatie van emotie (gezelligheid, sfeer) en logica (bescherming, onderhoudsvriendelijk).<br />Verlies­aversie werkt hier: niemand wil dat de tafel vlekken of krassen oploopt, dit zeil voorkomt dat.</p> <h3>Onderhoud & aandachtspunten</h3> <p>Om de levensduur te maximaliseren: gebruik onderzetters bij warme pannen (PVC reageert bij hitte). Vermijd langdurige blootstelling aan direct zonlicht buiten, want UV-licht kan kleur en materiaal aantasten. Maak gemorste vloeistoffen snel schoon met een vochtige doek; hardnekkige vlekken direct verwijderen voorkomt blijvende sporen.</p> <h3>Conclusie & call-to-action</h3> <p>Laat je tafel niet aan zijn lot over — kies voor het Raved Tafelzeil Vuurtoren in groen voor een combinatie van <strong>stijl, bescherming en gemak</strong>. Breng sfeer, rust en kwaliteit naar elke maaltijd. <strong>Bestel vandaag nog</strong> en transformeer jouw tafel in een uitnodigend kustlandschap.</p>",1.0,stuk(s),Groen; Wit; Grijs,PVC,Raved,240.0,cm,N,,Tafelzeil,Rechthoek,N,N,,,N,,,2 maanden,,,,,N,,,Gebloemd,140.0,cm,0.3,kg,,Kersen - Bloemen - Zomer,,26.0,cm,3.0,cm,37.0,cm,0.2,kg,Afnemen met een natte doek,Voor binnen & buiten,Afnemen met een natte doek,11.xlsx,,,,,,,,,,,,,,,https://media.s-bol.com/g05PDlyW3kwl/48njVWV/100x95.jpg
Raved Tafelzeil – 140 cm x 350 cm – Bloemen Zwart – PVC – Afwasbaar,,9502251469724,Tafellaken,,"<p>Breng direct <strong>stijl en gemak</strong> aan tafel met het <strong>afwasbare PVC-tafelzeil</strong> in zwarte bloemenprint van Raved. Perfect voor dagelijks gebruik én feestelijke momenten — <strong>beschermt je tafel effectief</strong> terwijl je geniet van sfeer en comfort.</p> <h3>Sfeervolle bescherming aan tafel</h3> <p>Met dit <strong>tafelzeil</strong> van het merk Raved geef je je eet- of tuintafel direct een upgrade: dankzij het <strong>materiaal</strong> PVC is het blad <strong>volledig afwasbaar</strong>, dus een gemorste koffie, saus of een koud glas is geen probleem meer. Het motief met <strong>zwarte bloemen</strong> zorgt voor een stijlvolle uitstraling die zowel modern als tijdloos is — ideaal voor binnen én buiten.</p> <h3>Waarom kiezen voor dit tafelzeil?</h3> <ul> <li> <p><strong>Afwasbaar & onderhoudsvriendelijk</strong>: Veeg simpelweg af met een vochtige doek — geen gedoe met wassen of strijken.</p> </li> <li> <p><strong>Bescherming</strong>: Het PVC-materiaal beschermt je tafel tegen krassen, vlekken, hitte van borden en drankspatten — daardoor voorkom je schade en verleng je de levensduur van je tafel. </p> </li> <li> <p><strong>Stijlvol design</strong>: Zwarte achtergrond met bloemenprint geeft jouw tafel een elegante look die aansluit bij rustige, luxe of industriële interieurs. Daarmee vervult het ook een decoratieve rol.</p> </li> <li> <p><strong>Geschikt voor binnen & buiten</strong>: Of je nu eet in de keuken, serre of op het balkon — dit tafelzeil is bestand tegen normale buitenomstandigheden (niet continu regen) en maakt dat je zorgeloos kunt genieten. </p> </li> </ul> <h3>Specificaties & toepassingen</h3> <ul> <li> <p>Merk: <strong>Raved</strong></p> </li> <li> <p>Materiaal: <strong>PVC</strong> (afwasbaar)</p> </li> <li> <p>Kleur: <strong>Zwart</strong> met bloemenprint</p> </li> <li> <p>Geschikt voor: Eettafel, keukentafel, tuintafel, binnen & buiten.</p> </li> <li> <p>Gebruik: Leg het tafelzeil op je tafel, knip of laat op maat maken, direct klaar voor gebruik — ideaal bij druk gezinsleven of gezellige diners met vrienden.</p> </li> <li> <p>Onderhoud: Veeg af met een vochtige doek; vermijd scherp voorwerp om PVC niet te beschadigen.</p> </li> </ul> <h3>Emotie & urgentie</h3> <p>Stel je voor: je nodigt vrienden uit op een zomerse avond, het drinken druipt, kinderen knoeien — maar jouw tafel straalt rust en stijl uit. Door te kiezen voor dit tafelzeil, hoef je je niet meer zorgen te maken over vlekken of beschadiging. Het voelt als een slimme investering — want <strong>je tafel blijft mooi en je huis blijft uitnodigend</strong>. Wacht niet te lang, want met de juiste maat vind je misschien snel dat de voorraad slinkt of de aanbieding voorbij is. <strong>Voorkom dat je weer anno 2025 aan tafel zit met een beschadigd oppervlak — kies nu voor bescherming + stijl.</strong></p> <h3>Call-to-action</h3> <p>Kies vandaag nog voor het Raved tafelzeil en geef jouw tafel de zorg, look en duurzaamheid die hij verdient. Klik op ‘In winkelwagen’ en bestel direct — eenvoudiger kan niet!</p>",1.0,stuk(s),Zwart,PVC,Raved,350.0,cm,N,,Tafelzeil,Rechthoek,N,N,,,N,,,3 maanden,,,,,N,,,Gebloemd,140.0,cm,2.0,kg,,Bloemen,Geen,26.0,cm,3.0,cm,37.0,cm,2.0,kg,1 stuk,Voor binnen & buiten,Afnemen met een natte doek,11.xlsx,,,,,,,,,,,,,,,"https://media.s-bol.com/JB6X73VkXZqg/g5WKkA9/1024x1024.jpg,https://media.s-bol.com/EwRQ63NLQ8P4/g5WKkA9/1024x1024.jpg,https://media.s-bol.com/xgkj7KQPoY3z/g5WKkA9/124x111.jpg,https://media.s-bol.com/mGLmVl3q0G93/jo9BOl/1024x1024.jpg,https://media.s-bol.com/3N1JKL75XvAA/g5WKkA9/1024x1024.jpg,https://media.s-bol.com/RN6B534mvJ6E/g5WKkA9/124x40.jpg,https://media.s-bol.com/JB6X73Vn2Wwv/g5WKkA9/1024x1024.jpg"
Raved Tafelzeil 140 cm x 160 cm – Boerenbont Ruit Blauw – PVC - Afwasbaar,,9502218456743,Tafellaken,,"<p>Geef je tafel de charmante <strong>landelijke uitstraling</strong> van het klassieke <strong>boerenbont-ruitpatroon</strong>, terwijl je met <strong>PVC-materiaal dat makkelijk afwasbaar is</strong> zorgeloos eet en geniet. Het ruime formaat en het robuuste design vormen de ideale combinatie van <strong>stijl en functionaliteit</strong>.</p> <p>Breng direct sfeer en gemak in je eetkamer of op je terras met dit prachtige <strong>tafelzeil</strong> van Raved – voorzien van een tijdloos <strong>boerenbont-ruitpatroon in blauw/wit</strong> dat landelijkheid en gezelligheid uitstraalt. Door het duurzame <strong>PVC-materiaal</strong> heb je een tafelkleed-look met extra voordelen: het is <strong>afwasbaar</strong>, slijtvast en eenvoudig schoon te houden.</p> <h3>Waarom kiezen voor dit tafelzeil?</h3> <p>Je tafel is het hart van je huis – van een rustig ontbijt tot een feestelijke dinnerparty – maar een tafellakendrama als kringen, knoeien of vlekken zit niemand op te wachten. Dit tafelzeil voorkomt exact dat soort stress. Het stevige PVC-oppervlak beschermt je tafelblad tegen vocht, kruimels, kinderspeelgoed, knutselplezier én hete schalen.<br />Met het kenmerkende patroon creëer je direct een warme, uitnodigende sfeer: het bekende boerenbont-ruit in blauw/wit zorgt voor herkenbaarheid én rust. Hierdoor past het zowel in een landelijke inrichting als in een moderne setting als accent.</p> <h3>Producteigenschappen in een oogopslag</h3> <ul> <li> <p>Materiaal: <strong>PVC</strong> – slijtvast, afwasbaar, onderhoudsvriendelijk.</p> </li> <li> <p>Patroon/kleur: blauw/wit boerenbont-ruit – een klassieke look.</p> </li> <li> <p>Geschikt voor: binnen én buitengebruik (let op: bij regen binnenhalen om verkleuring te voorkomen). </p> </li> <li> <p>Gebruiksgemak: eenvoudig afnemen met een vochtige doek, geen gedoe met strijken of wassen.</p> </li> </ul> <h3>Sfeer en gemak combineren</h3> <p>Stel je een zonnige middag voor: kinderen bouwen iets op tafel, vrienden schuiven aan voor een borrel, jij serveert lichte gerechten – met dit tafelzeil hoef je je geen zorgen te maken over knoeien of morsen. Het patroon zorgt voor een vrolijke basis, het materiaal zorgt dat jij ontspannen kunt genieten.<br />En ben je een BBQ-avond in de tuin aan het organiseren? Geen probleem: door de buitenmogelijkheden van dit tafelzeil (binnen/­buiten) heb je direct een stijlvolle tafelsetting klaar.</p> <h3>Verliesaversie & sociale bewijskracht</h3> <p>Veel huishoudens kiezen alsnog voor standaard tafelzeilen of tafelkleden die net niet veilig genoeg zijn – denk aan permanente vlekken of beschadigingen. Met dit tafelzeil zie je binnen no-time dat het anders kan.</p> <h3>Onderhoud & tip</h3> <p>Voor de beste levensduur: neem het tafelzeil af met een zachte vochtige doek, en haal het naar binnen zodra het begint te regenen om verkleuring te voorkomen. Zo blijft het patroon helder en het materiaal in topconditie.<br />Wil je extra stijl? Combineer het met placemats of servetten in wit of lichtblauw voor een complete landelijke tafelsetting.</p> <p><strong>Voeg vandaag nog dit stijlvolle én praktische tafelzeil toe aan je tafel – kies rust, sfeer én zekerheid</strong> en bestel nu terwijl je voorraad is!</p>",1.0,stuk(s),Blauw,PVC,Raved,160.0,cm,N,,Tafelzeil,Rechthoek,N,N,,,N,,,3 maanden,,,,,N,,,Geruit,140.0,cm,2.0,kg,,Ruitjes,Geen,26.0,cm,3.0,cm,37.0,cm,2.0,kg,,Voor binnen & buiten,Machinewas 30 °C,11.xlsx,,,,,,,,,,,,,,,"https://media.s-bol.com/J2YNwBm5xAnJ/qyqlZ7/124x59.jpg,https://media.s-bol.com/gGZNOORv9KjD/WM91nn/124x105.jpg,https://media.s-bol.com/mnOgmm1B90jG/WM91nn/1024x1024.jpg,https://media.s-bol.com/YRYljzPwmWKp/8k1rm3/124x110.jpg,https://media.s-bol.com/kl8NkkYz0KnK/WM91nn/124x89.jpg,https://media.s-bol.com/jkZNjjXy9MmB/WM91nn/124x112.jpg,https://media.s-bol.com/JlVMjVBqxRgo/WM91nn/1024x1024.jpg"
Raved Tafelzeil 140×240 cm – Citroentjes geel/groen – PVC – afwasbaar,,9503983254534,Tafellaken,,"<p>Bescherm je tafel in stijl met dit <strong>afwasbare PVC-tafelzeil</strong> van Raved met vrolijk citroentjesmotief. Dankzij het <strong>afwasbare materiaal</strong> en de <strong>beschermende functie</strong> creëer je direct een frisse en gezellige tafelomgeving, binnen of buiten.</p> <p>Geef je eet- of tuintafel direct een vrolijke en praktische upgrade met het <strong>voortreffelijke tafelzeil</strong> van Raved — het <strong>primair zoekwoord “tafelzeil”</strong> is hier gericht. Dit slimme accessoire combineert stijl en functionaliteit in één aantrekkelijk product.</p> <h3>Een frisse uitstraling</h3> <p>Met het opvallende citroentjes-motief in <strong>geel/groen</strong> ziet je tafel er meteen uitnodigend uit. Het kleurige design brengt direct een zomerse sfeer in huis of op het terras, ideaal voor dagelijks eten, een barbecue met vrienden of een gezellige buitenlunch.</p> <h3>Bescherming + gemak</h3> <p>Het tafelzeil is vervaardigd van hoogwaardig <strong>PVC-materiaal</strong>, wat zorgt voor een sterk, vocht- en vuilafstotend oppervlak dat eenvoudig afgenomen kan worden met een vochtige doek. Daardoor is onderhoud letterlijk een kwestie van “vegen en klaar”. Geen gedoe meer met vlekken, kinderspel of buitengebruik ondermijnd door slecht weer.</p> <h3>De juiste maat</h3> <p>Met de afmeting is dit tafelzeil perfect voor rechthoekige tafels met voldoende overhang — zo blijft het netjes en stijlvol liggen. De maat is belangrijk zodat je direct ziet dat dit formaat geschikt is voor jouw tafel.</p> <h3>Geschikt voor binnen én buiten</h3> <p>Dankzij het robuuste materiaal kun je dit tafelzeil zowel binnen in de keuken of eetkamer gebruiken als buiten op het terras of in de tuin. Het biedt bescherming tegen vocht, krassen en vlekken wél zonder in te boeten op uitstraling.</p> <h3>Waarom kiezen voor Raved?</h3> <ul> <li> <p><strong>Afwasbaar PVC</strong>: één van de belangrijkste USP’s — snel schoon, geen machinewas.</p> </li> <li> <p><strong>Vrolijk citroendesign</strong>: zorgt voor sfeer en onderscheidt zich van standaard effen tafelkleden.</p> </li> <li> <p><strong>Duurzaam en onderhoudsvriendelijk</strong>: beschermt je tafel en bespaart tijd.</p> </li> <li> <p><strong>Staalt veelzijdigheid</strong>: geschikt voor dagelijks gebruik én feestelijke gelegenheden.</p> </li> </ul> <h3>Onderhoudstips</h3> <p>Voor optimaal resultaat: plaats het tafelzeil netjes over de tafel, trek eventuele vouwen zachtjes glad en veeg na gebruik eenvoudig schoon met een vochtige doek. Vermijd agressieve schoonmaakmiddelen om het dessin te beschermen.</p> <h3>Creëer direct gezelligheid</h3> <p>Wacht niet langer: geef je tafel de look en bescherming die hij verdient. Gebruik dit tafelzeil om je interieur of buitenruimte een frisse twist te geven én tegelijkertijd je tafelblad te beschermen. Bestel vandaag nog en ervaar het gemak én de sfeer. <strong>Call-to-action</strong>: Maak je tafel compleet — klik op “Toevoegen aan winkelwagen”.</p>",1.0,stuk(s),Groen; Geel; Grijs,PVC,Raved,240.0,cm,N,,Tafelzeil,Rechthoek,N,N,,,N,0.0,cm,2 maanden,,,,,N,,,Gebloemd,140.0,cm,0.3,kg,,citroen,,25.5,cm,3.0,cm,33.6,cm,0.2,kg,Afnemen met een natte doek,Voor binnen & buiten,Afnemen met een natte doek,11.xlsx,,,,,,,,,,,,,,,https://media.s-bol.com/8VqxmWj1lBMo/nZW0GXE/550x472.jpg
Raved Tafelzeil – 140 cm x 350 cm – Takken Wit – PVC – Afwasbaar,,9503223757726,Tafellaken,,"<p>Laat je tafel stralen én beschermen met <strong>een stijlvol motief in wit met takkenprint</strong>, <strong>duurzaam PVC-materiaal</strong>, en <strong>afwasbaar oppervlak</strong> — perfect voor dagelijks gebruik én gezellige samenkomsten, binnen of buiten.</p> <p>Breng rust en stijl naar je tafel met het **Raved Tafelzeil Takken. Dit tafelzeil combineert een <strong>elegant takkenmotief op een witte achtergrond</strong> met het praktische gemak van <strong>afwasbaar PVC-materiaal</strong> — een slimme keuze voor jouw huis.</p> <h3>Een frisse uitstraling en slimme bescherming</h3> <p>Met het subtiele <strong>takkenmotief in wit</strong> creëer je direct een natuurlijke en serene sfeer rond je tafel. Het oogt rustig, fris en stijlvol — perfect voor een moderne eettafel of een zonnig terras. Tegelijkertijd biedt het tafelzeil bescherming: dankzij het <strong>PVC-materiaal</strong> is je tafel bestand tegen dagelijks gebruik, speelse kleintjes, koffie-vlekken of onvoorzichtige aanrakingen.</p> <h3>Ideaal voor dagelijks gebruik én bijzondere momenten</h3> <p>Of je nu een ontbijt met het gezin hebt, een middagbuitentafel opzet of een etentje organiseert: dit tafelzeil is geschikt voor zowel binnen als buiten. Het is direct klaar voor gebruik, eenvoudig schoon te maken met een vochtige doek en het behoudt zijn frisse uitstraling. Dankzij de maat past het ideaal op standaard tafels — waardoor je tafel veilig is, zonder concessies te doen aan stijl.</p> <h3>Materiaal & onderhoud</h3> <p>Het tafelzeil is vervaardigd uit <strong>PVC</strong>, wat staat voor:</p> <ul> <li> <p><strong>Duurzaamheid</strong>: bestand tegen krassen, vocht en vlekken.</p> </li> <li> <p><strong>Onderhoudsgemak</strong>: veeg schoon met een natte doek, geen gesjouw met zware wasprogramma’s.</p> </li> <li> <p><strong>Gebruiksgemak</strong>: geen strijken, geen speciale schoonmaakmiddelen nodig.</p> </li> </ul> <h3>Waarom kiezen voor dit tafelzeil?</h3> <ul> <li> <p><strong>Bescherming</strong> voor je tafel tegen vlekken, krassen en slijtage.</p> </li> <li> <p><strong>Verbluffend eenvoudig in onderhoud</strong>, bespaart je tijd en moeite.</p> </li> <li> <p><strong>Stijlvol ontwerp</strong> dat past bij interieur én buitenruimte.</p> </li> <li> <p><strong>Merkvertrouwen</strong> van Raved, specialist in kwaliteits-tafeloplossingen.</p> </li> <li> <p><strong>Binnen & buiten gebruik</strong>, verhoogt de flexibiliteit in je woning.</p> </li> </ul> <p>Laat de zorgen over een beschadigde tafel achter je en geniet van het moment — of je nu werkt, eet, leest of ontspant. Voeg vandaag dit tafelzeil toe aan je interieur en creëer direct een stijlvolle en beschermde tafelsetting. <strong>Bestel nu en ervaar het gemak van een afwasbaar, stijlvol tafelzeil!</strong></p>",1.0,stuk(s),Wit; Grijs,PVC,Raved,350.0,cm,N,,Tafelzeil,Rechthoek,N,N,,,N,,,2 maanden,,,,,N,,,Geruit,140.0,cm,0.3,kg,,Bloemen,,26.0,cm,3.0,cm,37.0,cm,0.2,kg,Afnemen met een natte doek,Voor binnen & buiten,Afnemen met een natte doek,11.xlsx,,,,,,,,,,,,,,,https://media.s-bol.com/Vj6lxnPQxYNB/XDr1VXv/550x270.jpg
Raved Tafelzeil – 140 cm x 300 cm – Strepen Beige – PVC - Afwasbaar,,9501943647532,Tafellaken,,"<p>Geef je tafel direct een <strong>sfeervolle make-over</strong> met dit <strong>afwasbare PVC tafelzeil</strong> met een stijlvol <strong>gestreept beige patroon</strong> – ideaal voor binnen én buiten, voor een onderhoudsvriendelijke en toch elegante tafelopstelling.</p> <p><strong>Verander je tafel in een stijlvolle, onderhoudsvriendelijke blikvanger</strong> met dit prachtige <strong>tafelzeil</strong> van het vertrouwde merk <strong>Raved</strong>. Met een breedte van 140 cm, uitgevoerd in een elegant <strong>beige strepenpatroon</strong>, combineert dit tafelzeil design en functionaliteit op een slimme manier.</p> <h3>Gemak en bescherming in één</h3> <p>Dankzij het hoogwaardige <strong>PVC-materiaal</strong> is dit tafelzeil volledig <strong>afwasbaar</strong>, waardoor je veilig kunt genieten van familiediners, knutselmomenten met kinderen of een ontspannen buitenlunch op het terras. Geen zorgen meer over vlekken, vocht of krassen: het tafelzeil beschermt jouw tafel tegen alledaagse gevaren.</p> <h3>Stijlvolle uitstraling</h3> <p>Het subtiele strepenpatroon in beige voegt direct een warme en moderne touch toe aan elk interieur of buitenruimte. Of je nu een houten tafel hebt in de eetkamer of een kunststof buiten tafel op het balkon: dit tafelzeil sluit aan op een rustige, natuurlijke kleurstelling en verhoogt de sfeer.</p> <h3>Binnen én buiten gebruik</h3> <p>Dankzij het materiaal en het ontwerp is dit tafelzeil geschikt voor zowel <strong>binnen als buiten</strong> gebruik — ideaal voor wisselende seizoenen, buiteneten in de zomer of extra bescherming in huis. Let er wel op dat je het tafelzeil bij langdurige regen of vochtigheid indrukt naar binnen haalt om verkleuring of verwering te voorkomen.</p> <h3>Specificaties & voordelen</h3> <ul> <li> <p>Materiaal: <strong>PVC</strong>, onderhoudsvriendelijk en duurzaam.</p> </li> <li> <p>Kleur/patroon: <strong>beige strepenpatroon</strong>, stijlvol en tijdloos.</p> </li> <li> <p>Geschikt voor binnen & buiten; eenvoudig schoon te maken met een vochtige doek.</p> </li> <li> <p>Ideaal voor: gezinnen met kinderen, buitengebruik, tafels die bescherming nodig hebben.</p> </li> </ul> <h3>Waarom kiezen voor dit tafelzeil?</h3> <ul> <li> <p><strong>Rust en bescherming</strong>: Verlies de tafel niet uit het oog door knoeien of geur: je beschermt jouw investering.</p> </li> <li> <p><strong>Sfeervol interieur</strong>: Je hoeft niet te kiezen tussen praktisch en mooi — dit tafelzeil levert beiden.</p> </li> <li> <p><strong>Direct resultaat</strong>: Binnen enkele minuten transformeer je je tafel zonder stoffig of langdurig renovatieproces.</p> </li> <li> <p><strong>Veelzijdig gebruik</strong>: Van kinderactiviteit tot summer-barbecue — jouw tafel is er klaar voor.</p> </li> </ul> <p>Mis deze kans niet om jouw tafel een upgrade te geven én meteen het onderhoudsgemak te ervaren. Klik op “In winkelwagen” en breng stijl én rust terug op je eettafel of buitenplek!</p>",1.0,stuk(s),Beige,PVC,Raved,300.0,cm,N,,Tafelzeil,Rechthoek,N,N,,,N,,,3 maanden,,,,,N,,,Overig,140.0,cm,1.0,kg,,Print,Geen,26.0,cm,3.0,cm,37.0,cm,1.0,kg,,Voor binnen & buiten,Machinewas 30 °C,11.xlsx,,,,,,,,,,,,,,,https://media.s-bol.com/mW1XJygWk8gA/Z6X9Ok2/550x270.jpg
Raved Tafelzeil – 140 cm x 50 cm – Fris Fruit Rood – PVC – Afwasbaar,,9501155589644,Tafellaken,,"<p>Breng kleur en gemak naar jouw tafel met dit <strong>afwasbare PVC-tafelzeil</strong> in vrolijk rood fruitdessin. Dankzij het <strong>duurzame materiaal</strong>, het <strong>speelse motief</strong> en de <strong>gemakkelijke schoonmaak</strong> geniet je direct van een frisse tafel zonder zorgen.</p> <h3>Bescherm en verfraai je tafel in één stap</h3> <p>Met dit <strong>tafelzeil</strong> geef je je tafel niet alleen een vrolijke, uitnodigende uitstraling dankzij het fris fruitmotief in rood-tinten, maar je zorgt ook voor optimale bescherming. Het <strong>PVC-materiaal</strong> is waterafstotend en slijtvast, waardoor gemorste drankjes en vlekken nauwelijks kans krijgen. Je verlengt de levensduur van je tafel zonder in te boeten op stijl.</p> <h3>Voor gezinnen, buiten & binnen</h3> <p>Of er nu wordt gegeten, geknutseld, gespeeld of geborreld: dit tafelzeil is ideaal voor <strong>binnen en buitengebruik</strong>. Dankzij de breedte van 140 cm bedek je een standaard tafel en creëer je direct een gastvrije setting. Het afwasbare oppervlak zorgt ervoor dat je met een vochtige doek snel klaar bent — geen gedoe met wasmachines of strijken.</p> <h3>Design met karakter</h3> <p>Het motief <strong>’Fris Fruit’</strong> geeft een speelse twist aan je interieur: denk aan appels, peren, aardbeien in een frisse opstelling tegen een rode achtergrond. Dit zorgt voor dynamiek en sfeer – perfect voor kinderfeestjes, informele diners of een zonnige tuinlunch.</p> <h3>Specificaties & gebruiksgemak</h3> <ul> <li> <p><strong>Materiaal:</strong> hoogwaardig PVC, eenvoudig afneembaar</p> </li> <li> <p><strong>Kleur:</strong> rood met fruitprint</p> </li> <li> <p><strong>Gebruik:</strong> geschikt voor binnen & buiten</p> </li> <li> <p><strong>Onderhoud:</strong> enkel afnemen met een vochtige doek; geen strijken of wassen nodig</p> </li> </ul> <h3>Waarom kiezen voor dit tafelzeil?</h3> <p>Veel mensen hebben wel eens de frustratie van een tafel die snel bevlekt is of lelijk oogt door slijtage. Door te kiezen voor dit tafelzeil voorkom je die zorg – je <strong>verliest niets meer aan uitstraling</strong> en wint tijd terug. Daarnaast voeg je met het design <strong>sociale sfeer</strong> toe: gasten merken op dat je tafel er verzorgd uitziet.</p> <h3>Call to action</h3> <p>Maak dus vandaag nog de keuze voor <strong>stijl, gemak en bescherming</strong> met dit Raved tafelzeil – bestel nu en geef je tafel direct een frisse, speelse look. Gebruik ‘m voor het dagelijkse ontbijt, een buiten-etentje of gewoon omdat je tafel wat extra aandacht verdient.</p>",1.0,stuk(s),Geel; Blauw; Rood,PVC,Raved,50.0,cm,N,,Tafelzeil,Rechthoek,N,N,,,N,,,2 maanden,,,,,N,,,Gebloemd,140.0,cm,0.3,kg,,Fruit/groente,,26.0,cm,3.0,cm,37.0,cm,0.2,kg,Afnemen met een natte doek,Voor binnen & buiten,Afnemen met een natte doek,11.xlsx,,,,,,,,,,,,,,,"https://media.s-bol.com/mjJXy9n3LDOR/yP9052E/124x61.jpg,https://media.s-bol.com/gEzX29G3BAxZ/yP9052E/124x105.jpg,https://media.s-bol.com/qnN8Zkr1K03R/yP9052E/1024x1024.jpg,https://media.s-bol.com/43XKky15ARQ7/W6QZv1v/124x110.jpg,https://media.s-bol.com/Ky4EYVJwG86G/W6QZv1v/124x112.jpg,https://media.s-bol.com/54Y0lz2jJ0Zq/W6QZv1v/124x90.jpg,https://media.s-bol.com/RJ9BMVQZzpzz/W6QZv1v/1024x1024.jpg"
Raved Tafelzeil – 140 cm x 270 cm – Bloemen Paars – PVC – Afwasbaar,,9501666972195,Tafellaken,,"<p>Geef je eettafel of terras direct een <strong>stijlvolle beschermlaag</strong> met het <strong>afwasbare PVC tafelzeil</strong> van Raved — met elegant bloemenmotief in paars. Dit tafelzeil combineert <strong>duurzame bescherming tegen knoeien en slijtage</strong> met een sfeervolle uitstraling voor binnen én buiten.</p> <p><strong>Ontdek het veelzijdige en stijlvolle <strong>tafelzeil</strong></strong> van Raved en verander je tafel in een zorgeloos, sfeervol middelpunt. Het <strong>primair zoekwoord “tafelzeil”</strong> wordt hier direct gebruikt: dit tafelzeil in <strong>maat 140 cm x …</strong> is uitgevoerd in <strong>duurzaam PVC-materiaal</strong>, waardoor het vrijwel geen onderhoud vraagt. Dankzij de <strong>afwasbare coating</strong> vegen gemorste dranken, knoeien van kinderen of het gebruik van buiten eenvoudig weg — geen gestress meer met vlekken of lastige wasbeurten.</p> <h3>Bescherm en stijl</h3> <p>Met dit Raved tafelzeil kies je niet alleen voor <strong>praktische bescherming</strong> maar ook voor een <strong>mooie uitstraling</strong>. Het bloemenmotief in paars brengt direct leven aan tafel, waardoor je interieur of terras direct opfrist. Ideaal voor gezellige familiemaaltijden, knutselmomenten met de kinderen of ontspannen borrels in de tuin.</p> <h3>Materiaal en kwaliteit</h3> <p>Het gebruik van <strong>PVC-materiaal</strong> zorgt ervoor dat het tafelzeil bestand is tegen vocht, vlekken, slijtage en zelfs lichte hitte (van een bord of pan). Het afnemen met een vochtige doek volstaat — je hoeft niet meer te wassen of strijken. De maat van <strong>140 cm breed</strong> maakt het compatibel met de meeste standaard eettafels, en door de lengte flexibel in te vullen past het bij diverse opstellingen.</p> <h3>Voor binnen én buiten</h3> <p>Of je nu aan de keukentafel zit of heerlijk buiten op het terras — dit tafelzeil past zich aan. Het <strong>afwasbare PVC</strong> maakt het geschikt voor buitengebruik, al is het bij regen aan te raden het kleed binnen te halen om verkleuring te voorkomen. </p> <h3>Waarom kiezen voor dit tafelzeil?</h3> <ul> <li> <p><strong>USP 1:</strong> Direct klaar voor gebruik — geen was of strijkwerk.</p> </li> <li> <p><strong>USP 2:</strong> Bescherming tegen knoeien, vlekken en slijtage: verlies-aversie speelt hier; je investeert in rust.</p> </li> <li> <p><strong>USP 3:</strong> Mooie bloemenprint in paars — blikvanger én sfeermaker.<br />Sociale bewijskracht: gebruikers noemen het design “prachtig zoals gewoonlijk” in reviews. </p> </li> </ul> <h3>Onderhoud & aandachtspunten</h3> <p>Veeg eenvoudig schoon met een doek of mild sopje. Laat niet langdurig nat liggen en vermijd direct contact met open vlammen of zeer hete pannen. Voor optimaal gebruik buiten: haal het bij langdurige regen binnen.</p> <h3>Tijd voor sfeer én gemak</h3> <p>Wacht niet tot je tafel vlekken of krassen krijgt. Met dit <strong>Raved tafelzeil – Bloemen Paars – PVC – Afwasbaar</strong> kies je voor een combinatie van <strong>stijl, comfort en bescherming</strong>. Creëer vandaag nog een tafel waar je zorgeloos van kunt genieten — klik op “in winkelwagen” en transformeer je eetruimte.</p>",1.0,stuk(s),Paars; Roze,PVC,Raved,270.0,cm,N,,Tafelzeil,Rechthoek,N,N,,,N,,,3 maanden,,,,,N,,,Overig,140.0,cm,2.0,kg,,Bloemen,Geen,26.0,cm,3.0,cm,37.0,cm,2.0,kg,1 stuk,Voor binnen & buiten,Afnemen met een natte doek,11.xlsx,,,,,,,,,,,,,,,"https://media.s-bol.com/3N1VZxkwxgkn/3lmv2XR/1024x1024.jpg,https://media.s-bol.com/g0JMw9AG1VEj/3lmv2XR/1024x1024.jpg,https://media.s-bol.com/g0JMw9r3vXNk/3lmv2XR/124x109.jpg,https://media.s-bol.com/8V2KjDkJmgnW/3lmv2XR/1024x1024.jpg,https://media.s-bol.com/rBVxPZmZRXJw/JymvOYo/1024x1024.jpg,https://media.s-bol.com/7R3VgBowNkrG/3lmv2XR/124x40.jpg,https://media.s-bol.com/7R3VgBoXBq4B/3lmv2XR/1024x1024.jpg"
Raved Tafelzeil – 140 cm x 300 cm – Hout Celadon – PVC – Afwasbaar,,9502736966328,Tafellaken,,"<p>Bescherm je tafel stijlvol met dit <strong>PVC-tafelzeil in houtlook (Celadon)</strong> dat direct <strong>sfeervolle uitstraling, een afwasbare laag en duurzame houtprint</strong> biedt. Ideaal voor binnen én buiten, zodat jij ontspannen kunt genieten zonder zorgen om vlekken of brandplekken.</p> <p>Maak kennis met het <strong>premium tafelzeil</strong> van Raved — speciaal ontworpen voor wie zijn tafel wil beschermen én verfraaien. Met het <strong>primair zoekwoord “tafelzeil”</strong> voeren we meteen het gesprek over de directe oplossing voor jouw verzorgde woonstijl.</p> <h3>Sfeervolle houtlook-stijl</h3> <p>Het tafelzeil is uitgevoerd in de trendy kleur <strong>Celadon</strong>, gecombineerd met een elegante <strong>houtlookprint</strong> waardoor de uitstraling luxe én natuurlijk is. Het geeft jouw eet- of tuintafel een frisse upgrade zonder dat je een compleet nieuw tafelblad hoeft te kopen.</p> <h3>Duurzaam materiaal & eenvoudig onderhoud</h3> <p>Gemaakt van <strong>PVC</strong>, dit tafelzeil is volledig <strong>afwasbaar</strong> – ideaal bij koffiekringen, kinderspetters of een barbecue op het terras. Dankzij de beschermende laag hoef je je geen zorgen meer te maken over brandplekken of randen van een hete pan; het tafelzeil houdt stand in het dagelijks gebruik. </p> <h3>Voor binnen én buiten</h3> <p>Of je nu een diner hebt in de gezellige eetkamer of een borrel op het balkon, dit tafelzeil is gemaakt voor veelzijd gebruik. De breedte van 140 cm past op veel standaard tafels, waardoor hij zeer geschikt is voor zowel kleinere als middelgrote tafels. </p> <h3>Praktische voordelen in één oogopslag</h3> <ul> <li> <p>Beschermt tegen vlekken, krassen en hitte – ideaal bij gezinsgebruik of bezoek.</p> </li> <li> <p>Lichtgewicht én snel te bevestigen – perfect voor een spontaan etentje buiten.</p> </li> <li> <p>Stijlvol houtlook-design in Celadon – past bij moderne én klassieke interieurstijlen.</p> </li> <li> <p>Afwasbaar en gemakkelijk schoon te maken – minder schoonmaakkosten, meer tijd voor samenzijn.</p> </li> </ul> <h3>Beschrijf het materiaal, maat en merk</h3> <p>Het product komt van merk Raved, in de maat 140 cm x 160 cm, gemaakt van hoogwaardig PVC met een afwasbare toplaag. De houtlookprint in Celadon zorgt voor een rustige en natuurlijke uitstraling bovenop de praktische eigenschappen.</p> <h3>Verliesaversie + sociale bewijskracht</h3> <p>Stel je voor: een mooie stoel, familie of vrienden aan tafel… en dan een glas rode wijn zakt over het tafelblad. Zonder goed bescherming-tafelzeil kun je reparaties of vervanging overwegen. Met dit tafelzeil voel je jezelf gerust—je tafel blijft zoals nieuw. Laat je tafel niet zijn uitstraling verliezen. Kies voor bescherming én stijl zoals al veel tevreden klanten doen.</p> <h3>Call-to-action</h3> <p>Til je tafel naar een hoger niveau van stijl én functioneel gemak — kies nu voor dit afwasbare PVC-tafelzeil in houtlook Celadon en geniet direct van rust, sfeer en onderhoudsgemak. Bestel vandaag nog en geef je tafel de bescherming die hij verdient!</p>",1.0,stuk(s),Celadon,PVC,Raved,300.0,cm,N,,Tafelzeil,Rechthoek,N,N,,,N,,,3 maanden,,,,,N,,,Overig,140.0,cm,2.0,kg,,Hout,Geen,26.0,cm,3.0,cm,37.0,cm,2.0,kg,1 stuk,Voor binnen & buiten,Afnemen met een natte doek,11.xlsx,,,,,,,,,,,,,,,"https://media.s-bol.com/rvEmxwArj2jK/EnEqvm/124x61.jpg,https://media.s-bol.com/mnOgz33nrGrn/xJryOJ/124x105.jpg,https://media.s-bol.com/kl8Nx33lpXzx/xJryOJ/1024x1024.jpg,https://media.s-bol.com/7w12xGGwQVlw/xJryOJ/124x112.jpg,https://media.s-bol.com/0mYPnxxyKg33/xJryOJ/124x89.jpg,https://media.s-bol.com/5gw1B6mDzLGX/grZW4l/124x110.jpg,https://media.s-bol.com/Wm2rrj57Y1Ln/xJryOJ/1024x1024.jpg"
Raved Tafelzeil Blokken  140 cm x  180 cm - Grijs - PVC - Afwasbaar,,9503861999496,Tafellaken,,"<p><strong>De tafelkleden van Raved zijn veelzijdig en brengen sfeer in huis. Onze Tafelkleden/Tafelzeilen/Tafelzeilen zijn zowel verkrijgbaar in vrolijke motieven en prints, als in mooie effen kleuren. Een Toile cirée van Raved is ook nog eens erg praktisch en beschermt je tafel tegen geknoei of brandplekken door hete pannen. Zo schuift iedereen met een gerust hart aan!</strong></p> <h3>Voor binnen & buiten</h3> <p>Dit Tafelkleed/Tafelzeil/Tafelzijl is geschikt voor zowel binnen als buiten. Let er wel op dat je het kleed naar binnen haalt wanneer het regent, dit voorkomt verkleuring en verwering. Na gebruik is het kleed eenvoudig af te nemen met een vochtige doek en kan het weer de kast in voor een volgend gebruik!</p> <h3>Blokken design</h3> <p>Dit tafelkleed/tafelzeil, met een subtiele print en neutrale kleur, past perfect binnen een modern en klassiek interieur. Het ontwerp bestaat uit een stijlvolle blokken print in de kleuren grijs en wit en maakt uw eetkamer nog completer.</p> <h3>Specificaties:</h3> <p> Materiaal: PVC / plastic <br /> Afmetingen: 140 x 140 cm <br /> Kleur: Wit/Grijs <br /> Inhoud: 1 stuk<br /> Fabrikant: Wicotex / 2Lif<br /> Onze tafelzijlen zijn geschikt voor jong en oud. Of je nu gezellig een avondje met vrienden of familie aan tafel schuift of kinderen hebt die graag knutselen en knoeien, je tafel kan alles aan!</p> <p>Raved, ook wel bekend als Raved Frabrics, verkoopt zowel praktische als mooie items! Onze artikelen worden zorgvuldig geselecteerd voor de beste kwaliteit. Van prachtige tafelkleden en -zeilen tot de mooiste muurdecoratie: bij Raved kun je altijd terecht!</p>",1.0,stuk(s),Wit; Grijs,PVC,Raved,180.0,cm,N,,Tafelzeil,Rechthoek,N,N,,,N,,,3 maanden,,,,,N,,,Geruit,140.0,cm,2.0,kg,,Vierkantjes,Geen,26.0,cm,3.0,cm,37.0,cm,2.0,kg,1 stuk,Voor binnen & buiten,Afnemen met een natte doek,11.xlsx,,,,,,,,,,,,,,,"https://media.s-bol.com/q1xL7QWRQGvr/oYWmxNk/124x122.jpg,https://media.s-bol.com/Y8EqW79QBRg9/oYWmxNk/1024x1024.jpg,https://media.s-bol.com/xgkLn6Wq6pEz/oYWmxNk/124x108.jpg,https://media.s-bol.com/MWNAmvwE38JO/OA0G8r/1024x1024.jpg,https://media.s-bol.com/Y8EqW79V9gYK/oYWmxNk/124x40.jpg,https://media.s-bol.com/yjP2owxLZz5W/oYWmxNk/1024x1024.jpg,https://media.s-bol.com/BqB9NrYvQ6Pn/oYWmxNk/1024x1024.jpg"
Raved Tafelzeil – 140 cm x 100 cm – Zomer Fruit – Paars – PVC – Afwasbaar,,9501419569139,Tafellaken,,"<p>Breng direct vrolijkheid aan tafel met dit <strong>afwasbare PVC tafelzeil</strong> in een <strong>paars zomerfruit-design</strong>, perfect voor binnen én buiten. Bescherm je tafel én creëer een stijlvolle setting met <strong>duurzaam en makkelijk schoon te maken materiaal</strong>.</p> <p>Ontdek het <strong>primaire zoekwoord: tafelzeil</strong> in stijl met het <strong>Raved Tafelzeil Zomer Fruit Paars – PVC – Afwasbaar</strong>. Heb je genoeg van vlekken op je tafelkleed, of een saaie tafelsetting? Dit tafelzeil biedt de perfecte combinatie van vrolijk design, functionaliteit en kwaliteit.</p> <h3>Sfeervolle uitstraling</h3> <p>Het tafelzeil is voorzien van een <strong>paars achtergrond-kleur</strong> met een speels zomerfruit-motief, zoals sappige bessen en kersen, wat direct sfeer toevoegt aan je eet- of tuintafel. Deze uitstraling verandert een dagelijkse maaltijd in een klein feestje. Het is ideaal wanneer je gasten hebt of gewoon zin hebt in een vrolijke twist bij je ontbijt of barbecue.</p> <h3>Materiaal & onderhoud</h3> <p>Gemaakt van hoogwaardig <strong>PVC-materiaal</strong>, dit tafelzeil is <strong>afwasbaar</strong> en daardoor bijzonder geschikt voor gezinnen met kinderen, buitengebruik, of elke situatie waarin gemorst kan worden. Een vochtig doekje volstaat om het weer schoon en fris te krijgen. Dankzij het materiaal is het weerbestendig genoeg voor buitengebruik, zolang het niet continu blootstaat aan extreme weersomstandigheden.</p> <h3>Geschikt voor veel situaties</h3> <p>Of je nu een compacte eettafel hebt in de woonkamer of een ruime tuinset buiten, met dit tafelzeil creëer je direct een verzorgde tafelsetting. Het is geschikt voor binnen <strong>én buiten</strong>. Dankzij het eenvoudige onderhoud en het duurzame materiaal hoef je je geen zorgen meer te maken over vlekken, slijtage of rommel na een feestelijke lunch.</p> <h3>Waarom kiezen voor Raved?</h3> <ul> <li> <p><strong>US P 1:</strong> Vrolijk zomerfruit-dessin dat je tafel direct transformeert.</p> </li> <li> <p><strong>US P 2:</strong> Afwasbaar PVC-materiaal — makkelijk in onderhoud, perfect voor dagelijks gebruik.</p> </li> <li> <p><strong>US P 3:</strong> Binnen én buiten inzetbaar — één tafelkleed voor meerdere ruimtes.<br />Met deze drie sterke voordelen kies je niet alleen voor stijl, maar voor slimme functionaliteit.</p> </li> </ul> <h3>Specificaties</h3> <ul> <li> <p>Merk: Raved</p> </li> <li> <p>Materiaal: PVC</p> </li> <li> <p>Kleur: Paars met zomerfruit-motief</p> </li> <li> <p>Gebruik: Binnen & buiten, tafelbescherming & decoratie</p> </li> <li> <p>Onderhoud: eenvoudig schoon te maken met vochtige doek</p> </li> </ul> <p>Laat geen rommel, vlekken of neutraal tafelbeeld je eetmoment beïnvloeden. Met dit tafelzeil maak je van elke maaltijd – lunch, diner of buitenbarbecue – een sfeervolle gebeurtenis. Verrijk je tafel vandaag nog met dit praktische én stijlvol accent. <strong>Voeg nu toe aan je winkelwagen en til je tafelsetting naar een hoger niveau!</strong></p>",1.0,stuk(s),Roze; Blauw; Geel,PVC,Raved,100.0,cm,N,,Tafelzeil,Rechthoek,N,N,,,N,0.0,cm,2 maanden,,,,,N,,,Geruit,140.0,cm,0.3,kg,,Bloemen,,26.0,cm,3.0,cm,37.0,cm,0.2,kg,Afnemen met een natte doek,Voor binnen & buiten,Afnemen met een natte doek,11.xlsx,,,,,,,,,,,,,,,https://media.s-bol.com/RJxx68M6AJpL/Z6zk6wE/550x270.jpg
Raved Tafelzeil – 140 cm x 310 cm – Vierkant Hout-design Bruin/Beige – PVC – Afwasbaar,,9502854711145,Tafellaken,,"<p><strong>De tafelkleden van Raved zijn veelzijdig en brengen sfeer in huis. Onze Tafelkleed/Tafelzeilen zijn zowel verkrijgbaar in vrolijke motieven en prints, als in mooie effen kleuren. Een kleed van Raved is ook nog eens erg praktisch en beschermt je tafel tegen geknoei of brandplekken door hete pannen. Zo schuift iedereen met een gerust hart aan!</strong></p><h3>Voor binnen & buiten</h3><p>Dit Tafelkleed/Tafelzeil is geschikt voor zowel binnen als buiten. Let er wel op dat je het kleed naar binnen haalt als het regent, dit voorkomt namelijk verkleuring en verwering. Na gebruik is het kleed eenvoudig af te nemen met een vochtige doek en kan het weer de kast in, voor een volgend gebruik!</p><h3>Geruit design</h3><p>Dit tafelkleed/tafelzeil, met een subtiele print en neutrale kleur, past perfect binnen elk interieur. Het ontwerp bestaat uit een stijlvolle geruite print in de kleur wit en maakt uw eetkamer nog completer.</p><h3>Specificaties:</h3><p> Materiaal: PVC <br /> Afmetingen: 140 x 140 cm <br /> Kleur: Bruin & beige<br /> Inhoud: 1 stuk <br /> Onze tafelzijlen zijn geschikt voor jong en oud. Of je nu gezellig een avondje met vrienden of familie aan tafel schuift of kinderen hebt die graag knutselen en knoeien, je tafel kan alles aan!</p><p>Raved, ook wel bekend als Raved Frabrics, verkoopt zowel praktische als mooie items! Onze artikelen worden zorgvuldig geselecteerd voor de beste kwaliteit. Van prachtige tafelkleden tot de mooiste muurdecoratie: bij Raved kun je altijd terecht!</p>",1.0,stuk(s),Bruin;Beige,PVC,Raved,310.0,cm,N,,Tafelzeil,Rechthoek,N,N,,,N,,,3 maanden,,,,,N,,,Overig,140.0,cm,2.0,kg,,Hout,Geen,26.0,cm,5.0,cm,37.0,cm,2.0,kg,,Voor binnen & buiten,Afnemen met een natte doek,11.xlsx,,,,,,,,,,,,,,,https://media.s-bol.com/o8mnMPpO997Y/k8pB98N/550x278.jpg
Raved Tafelzeil – 140 cm x 100 cm – Houtlook Grijs – PVC – Afwasbaar – Binnen & Buiten,,8720707630639,Tafellaken,,"<p>Geef je tafel een stijlvolle <strong>houtlook</strong> met dit <strong>afwasbare PVC tafelzeil</strong> van Raved – perfect voor dagelijks gebruik, knoeien, buiten of binnen. <strong>Beschermt je tafel tegen vlekken en slijtage</strong>, en is bovendien <strong>makkelijk schoon te maken</strong> met een vochtige doek.</p> <p><strong>Transformeer je tafel in één handomdraai met het <strong>Raved tafelzeil – houtlook grijs</strong>, een slimme combinatie van stijl en functionaliteit.</strong> Het <strong>tafelzeil</strong> is gemaakt van hoogwaardig <strong>PVC</strong>, met een onderlaag van non-woven vlies, waardoor het stevig aanvoelt en geschikt is voor intensief gebruik. Dankzij de elegante houtlook-afwerking in subtiel grijs krijgt jouw eettafel of tuinset direct een moderne, natuurlijke uitstraling. Dit maakt het ideaal voor wie graag sfeervol dineert zonder zorgen over knoeien of slijtage.</p> <h3>Waarom kiezen voor dit tafelzeil?</h3> <ul> <li> <p><strong>Stijlvolle uitstraling</strong>: Het houtlook-design geeft de tafel die warme, natuurlijke uitstraling van echt hout, zonder het onderhoud of risico op beschadiging.</p> </li> <li> <p><strong>Makkelijk schoonmaken</strong>: Omdat het materiaal afwasbaar is, hoef je niet lang te boenen — een vochtige doek volstaat.</p> </li> <li> <p><strong>Bescherming van je tafel</strong>: Of je nu kinderen hebt die knutselen en knoeien, of buiten luncht onder de veranda — dit tafelzeil beschermt tegen vlekken, kringen van hete pannen en slijtage.</p> </li> <li> <p><strong>Geschikt voor binnen én buitengebruik</strong>: Het is ontworpen voor flexibel gebruik; haal het bij regen of langdurige buitenopslag binnen om verkleuring te voorkomen. </p> </li> </ul> <h3>Materialen en onderhoud</h3> <p>Het bovenoppervlak bestaat uit <strong>PVC</strong>, wat zorgt voor waterafstotend en onderhoudsvriendelijk gebruik. De onderlaag bestaat uit non-woven vlies (polyesterbasis), wat stabiliteit geeft en voorkomt dat het zeil zomaar verschuift. Het is niet geschikt voor machinewas — gebruik een zachte doek met lauw water en mild schoonmaakmiddel, en breng het weer naar binnen als het buiten langdurig vochtig is.</p> <h3>Toepassing en sfeer</h3> <p>Dit tafelzeil past perfect in moderne, Scandinavisch geïnspireerde interieurs dankzij de neutrale grijstint en houtlook-tekening. Het laat zich goed combineren met natuurlijke materialen zoals hout, riet of steen. Zet het in voor een ontspannen brunch, een gezinsdiner of een gezellige borrel na het werk. Het is ook ideaal voor buiten: op je veranda, balkon of tuintafel — zolang regen geen permanente plek krijgt.</p> <h3>Maak je keuze vandaag</h3> <p>Met dit tafelzeil creëer je direct <strong>een stijlvolle tafel met minimale inspanning</strong>, terwijl je ook praktisch bent ingesteld. Geen stress meer over knoeien of vlekken: je tafel blijft er netjes uitzien. <strong>Bestel nu</strong> en geef jouw eet- of zithoek de uitstraling die hij verdient — tijd voor zorgeloos genieten!</p>",1.0,stuk(s),Grijs,PVC,Raved,100.0,cm,N,,Tafelzeil,Rechthoek,N,N,,,N,,,2 maanden,,,,,N,Raved Tafelzeil – 140 cm x 100 cm – Houtlook Grijs,,Overig,140.0,cm,2.0,kg,,Hout,Geen,26.0,cm,5.0,cm,37.0,cm,0.5,kg,1 stuk,Voor binnen & buiten,Afnemen met een natte doek,11.xlsx,,,,,,,,,,,,,,,"https://media.s-bol.com/1nWPkkgQR9BZ/QD8mW7/124x89.jpg,https://media.s-bol.com/KDrmzXlPDDWl/P1qGWBz/1024x1024.jpg,https://media.s-bol.com/RN6wkYJngK2q/P1qGWBz/124x104.jpg,https://media.s-bol.com/mGorP6BJmlz9/E8GvmBN/124x111.jpg,https://media.s-bol.com/YnWNDDj0gMlA/QD8mW7/1024x1024.jpg,https://media.s-bol.com/ZoYNEEkpjWmQ/QD8mW7/124x112.jpg,https://media.s-bol.com/g6vOO7z6y8pG/QD8mW7/1024x1024.jpg,https://media.s-bol.com/NJkpXDBjxnLv/P1qGWBz/1024x1024.jpg,https://media.s-bol.com/v12DRqvnj135/P1qGWBz/1024x1024.jpg,https://media.s-bol.com/JB6lzDkkQw02/P1qGWBz/124x40.jpg,https://media.s-bol.com/JB6lzDxwE3Og/P1qGWBz/1024x1024.jpg"
Raved Tafelzeil – 140 cm x 240 cm – Boerenbont Ruit Zwart – PVC – Afwasbaar,,8720707631933,Tafellaken,,"<p>Geef je tafel direct een stijlvolle <strong>boerenbont-ruit look</strong> met dit <strong>afwasbare PVC-tafelzeil</strong> van Raved — makkelijk schoon te maken en perfect voor zowel binnen als buiten.</p> <p>Breng sfeer en gemak samen aan jouw eettafel met het <strong>primair zoekwoord “tafelzeil”</strong>: het <strong>Raved Tafelzeil Boerenbont Ruit Zwart – PVC – Afwasbaar</strong> staat voor stijlvol, praktisch en onderhoudsvriendelijk tafeltextiel.</p> <h3>Stijlvol interieur in één stap</h3> <p>Met het karakteristieke <strong>boerenbont-ruit patroon</strong> in zwart op dit tafelzeil geef je jouw ruimte direct een landelijke of cottage-look, zonder gedoe. Het patroon valt op, maar is toch tijdloos — ideaal voor het interieur thuis, op het terras of in de serre.</p> <h3>Praktisch & duurzaam materiaal</h3> <p>Het <strong>materiaal</strong> bestaat uit stevig <strong>PVC</strong> dat afwasbaar is: vlekken van eten of drinken zijn zo schoongeveegd, dus je maakt je minder zorgen. Dankzij deze <strong>USP’s</strong> – onderhoudsvriendelijk én duurzaam – hoef je niet steeds nieuwe tafelkleden te kopen. Volgens de fabrikant is dit tafelzeil geschikt voor <strong>binnen en buiten</strong>. </p> <h3>Beschermt én verfraait je tafel</h3> <p>Niet alleen beschermt dit tafelzeil je tafel tegen kringen, etensresten en vocht, maar door de (en in meerdere lengtes beschikbaar) past hij op veel standaardtafels. Daarmee biedt het een veilige keuze voor gezinnen, hobby-avonden of buitenmaaltijden.</p> <h3>Waarom kiezen voor dit tafelzeil?</h3> <ul> <li> <p><strong>Onderhoudsgemak</strong>: Afwasbaar en snel schoon.</p> </li> <li> <p><strong>Stijl en sfeer</strong>: Het boerenbont-ruit-design geeft karakter.</p> </li> <li> <p><strong>Veelzijdig gebruik</strong>: Voor binnen én buiten.</p> </li> <li> <p><strong>Verliesaversie trigger</strong>: Kleine vlekken of hete pannen? Geen stress meer.</p> </li> <li> <p><strong>Sociale bewijskracht</strong>: Veel varianten beschikbaar, goede kwaliteit wordt genoemd in reviews (“goede kwaliteit” aldus een gebruiker). </p> </li> </ul> <h3>Specifieke details</h3> <ul> <li> <p>Merk: <strong>Raved</strong></p> </li> <li> <p>Kleur / design: <strong>Zwart boerenbont-ruit</strong></p> </li> <li> <p>Materiaal: <strong>PVC</strong> (afwasbaar)</p> </li> <li> <p>Geschikt voor: Eettafel binnen, tuintafel buiten, serre, balkon</p> </li> </ul> <h3>Call-to-action</h3> <p>Wacht niet tot die ene koffiekringen-avond opnieuw ontstaat – kies vandaag voor dit stijlvolle én onderhoudsvriendelijke tafelzeil en geniet direct van een nette, uitnodigende tafel. <strong>Bestel nu en geef jouw tafel de upgrade die hij verdient!</strong></p>",1.0,stuk(s),Zwart,PVC,Raved,240.0,cm,N,,Tafelzeil,Rechthoek,N,N,,,N,,,3 maanden,,,,,N,,,Geruit,140.0,cm,0.5,kg,,Ruitjes,Geen,26.0,cm,5.0,cm,37.0,cm,0.5,kg,1 stuk,Voor binnen & buiten,Machinewas 30 °C,11.xlsx,,,,,,,,,,,,,,,https://media.s-bol.com/g6vOOQZkNOVD/r8vxn3K/550x550.jpg
Raved Tafelzeil 140 cm × 160 cm Patchwork – Bruin – PVC Afwasbaar,,8720707630400,Tafellaken,,"<p>Dit stijlvolle <strong>bruine patchwork-design tafelzeil</strong> van Raved biedt <strong>bescherming tegen knoeien en beschadiging</strong> dankzij de <strong>afwasbare PVC-laag</strong>, en brengt direct een warme sfeer aan je tafel.</p> <p>Je tafel verdient meer dan alleen een kleed: met het <strong>primair zoekwoord</strong> <strong>“tafelzeil”</strong> geef je je interieur stijl én functie. Het Raved Tafelzeil Patchwork in een prachtige <strong>bruine patchwork-print</strong> combineert een warme houtlook met robuuste kwaliteit. Dankzij de <strong>materiaal</strong>keuze — een stevige <strong>PVC</strong>-toplaag — is dit tafelzeil eenvoudig af te nemen met een vochtige doek. Perfect voor gezinnen met kinderen, knutselende kleintjes of tafelmomenten waarop vlekken snel op de loer liggen.</p> <h3>Warm design, slimme bescherming</h3> <p>Het unieke patchwork-design voegt direct karakter toe aan je eetkamer of buitenruimte. De warme bruine kleur zorgt voor een uitnodigende sfeer, terwijl het design geïnspireerd is door houtplanken in bruin/grijs-tinten. Deze combinatie past mooi bij landelijke, moderne of industriële interieurs. Bovendien biedt het zeil meer dan stijl: het beschermt jouw tafel – een investering die zich terugverdient.</p> <h3>Praktisch in gebruik</h3> <p>De PVC-laag zorgt voor een <strong>afwasbare</strong> en onderhoudsvriendelijke afwerking. Je hoeft niet direct het tafelkleed te verwijderen of te wassen; een natte doek is voldoende. Het voorkomt vlekken door etensresten of kunstgrepen – ideaal bij dagelijks gebruik of wanneer je gasten ontvangt. Tevens is het geschikt voor zowel binnen als buiten; haal het enkel bij regen weer binnen om verkleuring te voorkomen. </p> <h3>Specifieke details & maat</h3> <p>De maat van dit model is, ideaal voor veel standaard rechthoekige tafels (bijvoorbeeld 4–6 personen). Dankzij de non-woven vlies-polyester onderlaag blijft je tafel beschermd tegen krassen en drukplekken. Deze dubbele laag maakt het zeil stevig zonder stijf te zijn. </p> <h3>Waarom kiezen voor dit tafelzeil?</h3> <ul> <li> <p><strong>Bescherming tegen knoeien en slijtage</strong> — voorkom dure tafelreparaties of vervangingen.</p> </li> <li> <p><strong>Design dat zichtbaar is</strong> — geen standaard effen zeil, maar stijlvol patchwork dat direct opvalt.</p> </li> <li> <p><strong>Gebruiksgemak</strong> — afwisbaar, weinig onderhoud.</p> </li> <li> <p><strong>Veelzijdigheid</strong> — geschikt voor binnen én buitentafels (let op weersinvloed).</p> </li> </ul> <h3>Call-to-action</h3> <p>Wacht niet langer met het upgraden van je tafelbeleving: kies voor het Raved Tafelzeil Patchwork en combineer stijl met slimme bescherming. Klik op ‘In winkelwagen’ en geef jouw tafel de uitstraling en bescherming die hij verdient!</p>",1.0,stuk(s),Bruin/Grijs,PVC,Raved,160.0,cm,N,,Tafelzeil,Rechthoek,N,N,,,N,,,3 maanden,,,,,N,,,Overig,140.0,cm,0.5,kg,,Hout,Geen,26.0,cm,5.0,cm,37.0,cm,0.5,kg,1 stuk,Voor binnen & buiten,Afnemen met een natte doek,11.xlsx,,,,,,,,,,,,,,,"https://media.s-bol.com/7R3VyMRNX4EB/BgGvDVn/1024x1024.jpg,https://media.s-bol.com/7R3VyMGowy9Q/BgGvDVn/1024x1024.jpg,https://media.s-bol.com/q1xLpoBrxkA2/BgGvDVn/124x106.jpg,https://media.s-bol.com/KmMNNAMBJ5M8/7QBynj/1024x1024.jpg,https://media.s-bol.com/RN6jKXAwLEx0/BgGvDVn/1024x1024.jpg,https://media.s-bol.com/4OxGv2BWvL0J/BgGvDVn/1024x1024.jpg,https://media.s-bol.com/RN6jKXAkjlBq/BgGvDVn/124x40.jpg"
Raved Tafelzeil 140 cm x 320 cm – Lavendel print – PVC - Afwasbaar – Binnen & Buiten,,9504181824413,Tafellaken,,"<p>Breng moeiteloos sfeer én praktisch gemak naar je tafel met dit <strong>afwasbare PVC tafelzeil</strong> in rustgevend <strong>lavendel-motief</strong>. Bescherm je tafel tegen vlekken en krassen terwijl je geniet van een stijlvolle binnen- of buitensetting.</p> <p>Maak van iedere maaltijd een ontspannen beleving met dit <strong>tafelzeil</strong> van Raved, speciaal ontworpen voor wie stijl en gemak wil combineren. Het <strong>primair zoekwoord “tafelzeil”</strong> komt hier in de eerste alinea, zodat het direct duidelijk is wat het product is.</p> <h3>Sfeervolle bescherming voor je tafel</h3> <p>Het tafelzeil is uitgevoerd in <strong>PVC</strong>, een materiaal dat stevig is, licht in onderhoud en zeer geschikt voor dagelijks gebruik in een druk gezin of bij gezellige buitenetentjes. Het prachtige <strong>lavendel-motief</strong> zorgt voor een rustgevende uitstraling — denk aan een veld vol lavendel dat zich uitstrekt over je tafel: verfijnd, stijlvol, en perfect passend in moderne interieurs of landelijke tuinen.</p> <h3>Veelzijdig binnen en buiten</h3> <p>Of je nu binnen aan de eettafel zit of buiten op het terras geniet van koffie en taart, dit tafelzeil is gemaakt voor beide situaties. Dankzij het onderhoudsvriendelijke PVC-oppervlak kun je makkelijk gemorste koffie, taartglazuur of jus wegvegen — dus geen stress meer over vlekken of bubbeltjes. Volgens de productpagina is het eenvoudig schoon te maken met een vochtige doek. </p> <h3>Specificaties & voordelen</h3> <ul> <li> <p>Materiaal: <strong>PVC</strong> — duurzaam, water- en vuilafstotend, bestand tegen dagelijkse slijtage. </p> </li> <li> <p>Kleur / design: <strong>lavendel print</strong> — een zachte, natuurlijke tint die rust uitstraalt en jouw interieur of tuinsetting direct opwaardeert.</p> </li> <li> <p>Onderhoud: <strong>afwasbaar / afnemen met vochtige doek</strong> — ideaal voor gezinnen, feestjes, buitengebruik. </p> </li> <li> <p>Gebruik: geschikt voor binnen én buiten — je hoeft niet voor elk seizoen een ander kleed aan te schaffen.</p> </li> <li> <p>Eigenschappen: beschermt je tafel tegen krassen, vlekken en vocht — zo blijft je tafel mooi en hoef je minder vaak te vervangen of te repareren.</p> </li> </ul> <h3>Waarom kiezen voor dit tafelzeil?</h3> <p>De emotie speelt hier mee: je wilt geen last van knoeien, vlekken of een tafel die snel versleten is. Met dit tafelzeil kun je zonder zorgen aanschuiven — de praktische bescherming zorgt dat je tafel veilig is, terwijl het lavendel-design je eetmoment opwaardeert. Je creëert sfeer zonder in te boeten op functionaliteit. En logistiek gezien: minder zorgen over tafelzeil dat snel slijt of moeilijk schoon te maken is — dat betekent een betere koopervaring én minder herhaalbestelling door falende kwaliteit.</p> <h3>Call to action</h3> <p>Voeg vandaag nog dit stijlvolle en onderhoudsvriendelijke tafelzeil toe aan je winkelwagen en geef jouw tafel de bescherming én uitstraling die het verdient. Bestel nu en transformeer elke tafelsetting in een ontspannen en sfeervol moment.</p>",1.0,stuk(s),Paars; Blauw; Geel,PVC,Raved,320.0,cm,N,,Tafelzeil,Rechthoek,N,N,,,N,0.0,cm,2 maanden,,,,,N,,,Gebloemd,140.0,cm,0.3,kg,,Kersen - Bloemen - Zomer,,26.0,cm,3.0,cm,37.0,cm,0.2,kg,Afnemen met een natte doek,Voor binnen & buiten,Afnemen met een natte doek,11.xlsx,,,,,,,,,,,,,,,"https://media.s-bol.com/VRm92LZYgRG1/O7pjLJY/124x118.jpg,https://media.s-bol.com/RNg7KEBR2NAR/O7pjLJY/1024x1024.jpg,https://media.s-bol.com/g05PDly6861j/O7pjLJY/1024x1024.jpg,https://media.s-bol.com/q1j9pypww1y3/O7pjLJY/1024x1024.jpg,https://media.s-bol.com/NJxRKzGnDJl8/O7pjLJY/124x40.jpg,https://media.s-bol.com/3NlGrMJoQ4l4/O7pjLJY/1024x1024.jpg"
Raved tafelzeil 140 cm × 350 cm – kersenprint rood – PVC – afwasbaar,,9501329476190,Tafellaken,,"<p>Breng direct sfeer aan tafel met dit <strong>lege­r- en vlekbestendige PVC tafelzeil</strong> van Raved in een vrolijke <strong>kersenprint</strong>. Dankzij de <strong>afwasbare kwaliteit</strong> is je tafel in no time schoon — ideaal voor dagelijks gebruik of gezellig dineren buiten.</p> <p>Creëer moeiteloos een tafelsetting die zowel stijlvol als praktisch is met dit <strong>tafelzeil van Raved</strong>. Het uitnodigende kersenmotief op een warme rode achtergrond geeft je eet- of tuintafel een frisse, speelse uitstraling — perfect voor een gezellige brunch of een uitgebreide familiediner.</p> <h3>Bescherming én sfeer</h3> <p>Met dit tafelzeil kies je niet alleen voor een leuke look, maar ook voor een slimme oplossing: het <strong>duurzame PVC-materiaal</strong> beschermt je tafel tegen slijtage, vlekken, krassen en lekkages. Geen zorgen bij een glas rode wijn of een knoeierige eter — gewoon afnemen en verder genieten. Het resultaat: een tafel die er altijd netjes uitziet én een huiskamer of terras die uitnodigt.</p> <h3>Voor binnen én buiten</h3> <p>Of je nu binnen eet of buiten op het terras zit, dit exemplaar presteert: het is <strong>afwasbaar</strong>, waterafstotend en licht onderhoudsarm. Zo kun je meer tijd besteden aan gezelschap en minder aan schoonmaak.</p> <h3>Mooi design + praktische details</h3> <ul> <li> <p><strong>Kleur/design:</strong> Rood met kersenprint — stijlvol en vrolijk.</p> </li> <li> <p><strong>Materiaal:</strong> PVC (afwasbaar) — snelle reiniging, hoge bescherming.</p> </li> <li> <p><strong>Gebruik:</strong> Geschikt voor dagelijks gebruik, kinderfeestjes, buitenmaaltijden of gezellige diners.</p> </li> </ul> <h3>Waarom dit tafelzeil kiezen?</h3> <ul> <li> <p><strong>Verliesaversie-trigger:</strong> “Bescherm je tafel nu tegen krassen en vlekken — want een nieuw tafelblad is duurder dan dit tafelzeil.”</p> </li> <li> <p><strong>Sociale bewijskracht:</strong> Het merk Raved staat bekend om kwaliteitsvolle tafelzeilen met vrolijke prints die veel huishoudens gebruiken.</p> </li> <li> <p><strong>Urgentie-element:</strong> Maak je tafel vandaag nog klaar voor gasten of een ontspannen maaltijd — wacht niet tot het weer knoeien gebeurt.</p> </li> </ul> <h3>Onderhoudstip</h3> <p>Veeg het tafelzeil eenvoudig schoon met een vochtige doek. Gebruik geen agressieve schoonmaakmiddelen om de print en het materiaal mooi te houden. Rol het los op voor langere levensduur — zo blijft de kersenprint levendig en de PVC-laag intact.</p> <p><strong>Voeg stijl, gemak en bescherming toe aan je tafel – kies vandaag dit Raved tafelzeil en geniet elke dag weer van een vrolijke tafel.</strong></p>",1.0,stuk(s),Beige; Rood; Groen,PVC,Raved,350.0,cm,N,,Tafelzeil,Rechthoek,N,N,,,N,,,3 maanden,,,,,N,,,Effen,140.0,cm,2.0,kg,,Aardbeien,Geen,26.0,cm,3.0,cm,37.0,cm,2.0,kg,1 stuk,Voor binnen & buiten,Machinewas 30 °C,11.xlsx,,,,,,,,,,,,,,,"https://media.s-bol.com/r1kV6Jzz8522/qjWoP2D/1024x1024.jpg,https://media.s-bol.com/m5ZNPArD2zPO/qjWoP2D/124x110.jpg,https://media.s-bol.com/1QmwOXJXpY2q/XN9XYm/1024x1024.jpg,https://media.s-bol.com/LE9WRL3MJV0v/qjWoP2D/1024x1024.jpg,https://media.s-bol.com/KDr9R0wW3wKx/qjWoP2D/1024x1024.jpg,https://media.s-bol.com/g0JMPrwgNxwG/qjWoP2D/124x40.jpg"
Raved Tafelzeil 140 cm x 260 cm - Macarons Roze - PVC - Afwasbaar,,9502345254243,Tafellaken,,"<p>Maak van elke maaltijd een stijl­moment met dit <strong>afwasbare PVC tafelzeil</strong> in een vrolijke <strong>roze macarons-print</strong> – eenvoudig schoon te maken en direct sfeer aan tafel.</p> <p>**Maak indruk met het <strong>Raved Tafelzeil in roze macarons-design</strong>, de slimme keuze voor wie een tafelsetting wil die zowel mooi als functioneel is. Dit <strong>tafelzeil</strong> biedt <strong>bescherming én stijl</strong>: heeft een <strong>duurzaam PVC-materiaal</strong>, is <strong>afwasbaar</strong> met een vochtige doek en zorgt ervoor dat jouw tafel er elke dag fris uitziet.</p> <h3>Bescherming en styling in één</h3> <p>Met dit tafelzeil combineer je direct twee behoeften: bescherming van je tafel tegen kringen, knoeien, vlekken en slijtage, én een vrolijk design dat je eet- of tuintafel transformeert. De zachte roze achtergrond met speelse macarons zorgt voor een uitnodigende sfeer — perfect voor gezinsmaaltijden, gezellige borrels buiten, of als subtiel accent op je interieur.</p> <h3>Materiaal en onderhoud</h3> <p>Het tafelzeil is vervaardigd van hoogwaardig <strong>PVC</strong>, waardoor het flexibel, water- en vlekbestendig is. Dankzij de handige afneembare eigenschap (met een vochtige doek) houd je het simpel en snel schoon. Let erop dat bij langdurig gebruik buiten, het motief en de kleur het best behouden blijven als je het tafelzeil beschermt tegen extreme weersinvloeden.</p> <h3>Toepassingsmogelijkheden</h3> <p>Of je nu binnen eet of buiten op het terras aanschuift — dit tafelzeil is geschikt voor meerdere situaties: van een spontane kop koffie tot een uitgebreide barbecue met vrienden. Het maakt je tafel direct sfeervoller én praktischer. Dankzij de standaardmaat past het op de meeste tafels (controleer jouw afmetingen). Het vrolijke design haalt ook het beste in je servies en tafeldecor naar boven.</p> <h3>Waarom kiezen voor dit tafelzeil?</h3> <ul> <li> <p>**Veelzijdig gebruik **: geschikt voor zowel binnen als buiten.</p> </li> <li> <p>**Onderhoudsgemak **: eenvoudig schoon te maken, geen ingewikkeld wasprogramma.</p> </li> <li> <p>**Stijlvol motief **: macarons-print voegt direct karakter toe in plaats van een standaard effen doek.</p> </li> <li> <p><strong>Hoge kwaliteit</strong> dankzij het PVC-materiaal: bestand tegen dagelijkse gebruik.</p> </li> </ul> <h3>Let op</h3> <p>Hoewel het tafelzeil buiten gebruikt kan worden, streven we naar optimale duurzaamheid door het te beschermen tegen langdurig zon- of weergebruik.<br />Verzeker je ervan dat jouw tafelvlak schoon en droog is voordat je het tafelzeil legt voor het beste resultaat.</p> <h3>Call-to-action</h3> <p>Kies nu voor bescherming én stijl aan tafel – geef jouw eet- of tuintafel direct een upgrade met het <strong>Raved tafelzeil in roze macarons-print</strong>. Bestel vandaag nog en maak van elk moment aan tafel iets bijzonders!</p>",1.0,stuk(s),Wit; Groen; Rood; Oranje,PVC,Raved,260.0,cm,N,,Tafelzeil,Rechthoek,N,N,,,N,0.0,cm,2 maanden,,,,,N,,,Gebloemd,140.0,cm,0.3,kg,,Jungle,0657452723,26.0,cm,3.0,cm,37.0,cm,0.2,kg,Afnemen met een natte doek,Voor binnen & buiten,Afnemen met een natte doek,11.xlsx,,,,,,,,,,,,,,,https://media.s-bol.com/r1kXM9vgNWjK/MjnXWQ5/550x550.jpg
Raved Tafelzeil – 140 cm x 140 cm – Vuurtoren Groen – PVC – Afwasbaar,,9502274749599,Tafellaken,,"<p>Geef je tafel een stijlvolle & praktische uitstraling met het <strong>duurzame PVC-tafelzeil</strong> van Raved in <strong>groen met vuurtorenprint</strong>. <strong>Bescherm je tafel tegen vlekken en krassen</strong> dankzij het <strong>afwasbare materiaal</strong>, ideaal voor zowel binnen als buiten.</p> <p><strong>Ontdek het Raved Tafelzeil met vuurtorenprint – een ideale combinatie van stijl, bescherming en gebruiksgemak.</strong> Het <strong>primair zoekwoord “tafelzeil”</strong> is zorgvuldig verwerkt. Dit tafelzeil is uitgevoerd in <strong>PVC</strong>, heeft een frisse <strong>groene kleur</strong> en een sfeervolle vuurtoren-print, en is verder <strong>afwasbaar</strong> – perfect voor jouw dagelijkse tafelmoment of gezellige buitenmaaltijd.</p> <h3>Bescherming & stijl in één</h3> <p>Met dit tafelzeil bescherm je jouw tafelblad effectief tegen alledaagse uitdagingen: morsen van koffie, kinderspelletjes, warme pannen of krassen van servies. Het <strong>afwasbare PVC-materiaal</strong> zorgt ervoor dat gemorste vloeistof niet in het tafelblad trekt en eenvoudig met een vochtige doek is te reinigen. Volgens onderhoudsvoorschriften van PVC-tafelzeilen biedt dit materiaal extra bescherming tegen vlekken en beschadiging.</p> <h3>Voor binnen én buiten</h3> <p>Dankzij het robuuste PVC en de duurzame afwerking is dit tafelzeil geschikt voor zowel eet­kamers, keuken als terras. De rustgevende <strong>groene kleur</strong> en het nautische <strong>vuurtoren­motief</strong> geven direct sfeer aan je tafelsetting. En omdat onderhoud beperkt is, kun je met een gerust hart buiten eten.</p> <h3>Specificaties & hoogtepunten</h3> <ul> <li> <p>Materiaal: <strong>PVC</strong> – stevig, waterafstotend en gemakkelijk schoon te houden.</p> </li> <li> <p>Kleur/design: <strong>groen</strong> met een sfeervolle <strong>vuurtorenprint</strong> – geeft je tafel een frisse look.</p> </li> <li> <p>Gebruik: binnen- en buitengebruik; ideaal voor gezinnen, gezellige diners en buitenzitten.</p> </li> <li> <p>USP’s: <strong>afwasbaar</strong>, <strong>duurzaam</strong>, <strong>stijlvol nautisch design</strong>.</p> </li> </ul> <h3>Waarom dit tafelzeil kiezen?</h3> <p>Stel je voor: je nodigt vrienden uit op het terras, de zon gaat langzaam onder, jullie tafelen onder het geluid van de avond. Jouw tafel is al gedekt met dit tafelzeil en ziet er verzorgd uit, de vuurtorenprint geeft een subtiele vakantie­vibe. Later morst iemand wijn of wordt er geknoeid — geen probleem. Door het afwasbare PVC veeg je alles moeiteloos weg. Dit is een combinatie van emotie (gezelligheid, sfeer) en logica (bescherming, onderhoudsvriendelijk).<br />Verlies­aversie werkt hier: niemand wil dat de tafel vlekken of krassen oploopt, dit zeil voorkomt dat.</p> <h3>Onderhoud & aandachtspunten</h3> <p>Om de levensduur te maximaliseren: gebruik onderzetters bij warme pannen (PVC reageert bij hitte). Vermijd langdurige blootstelling aan direct zonlicht buiten, want UV-licht kan kleur en materiaal aantasten. Maak gemorste vloeistoffen snel schoon met een vochtige doek; hardnekkige vlekken direct verwijderen voorkomt blijvende sporen.</p> <h3>Conclusie & call-to-action</h3> <p>Laat je tafel niet aan zijn lot over — kies voor het Raved Tafelzeil Vuurtoren in groen voor een combinatie van <strong>stijl, bescherming en gemak</strong>. Breng sfeer, rust en kwaliteit naar elke maaltijd. <strong>Bestel vandaag nog</strong> en transformeer jouw tafel in een uitnodigend kustlandschap.</p>",1.0,stuk(s),Groen; Wit; Grijs,PVC,Raved,140.0,cm,N,,Tafelzeil,Rechthoek,N,N,,,N,,,2 maanden,,,,,N,,,Gebloemd,140.0,cm,0.3,kg,,Kersen - Bloemen - Zomer,,26.0,cm,3.0,cm,37.0,cm,0.2,kg,Afnemen met een natte doek,Voor binnen & buiten,Afnemen met een natte doek,11.xlsx,,,,,,,,,,,,,,,https://media.s-bol.com/Y8E0LJ7Q4wmO/O7pGokG/550x550.jpg
Raved Tafelzeil – 140 cm x 320 cm – Roze Fruit Groen – Bloemen – PVC – Afwasbaar,,9502373448393,Tafellaken,,"<p>Breng direct sfeer aan tafel met dit <strong>afwasbare PVC tafelzeil</strong> van Raved: met een vrolijk <strong>roze fruit- en groene bloemenmotief</strong> beschermt het je tafel tegen vlekken en krassen, zowel binnenshuis als buiten.</p> <p>Met dit <strong>tafelzeil</strong> van het merk Raved combineer je stijl en functionaliteit moeiteloos. Het <strong>primair zoekwoord “tafelzeil”</strong> komt direct terug. Het tafelzeil is uitgevoerd in een frisse <strong>groene kleur</strong> met een speels <strong>roze fruit- en bloemenmotief</strong>, en is vervaardigd uit stevig <strong>PVC-materiaal</strong> dat eenvoudig met een vochtige doek te reinigen is.</p> <h3>Bescherm en verfraai je tafel</h3> <p>Of je nu geniet van een ontspannen ontbijt in de keuken of een tuinlunch op het terras: dit tafelzeil biedt directe bescherming tegen morsen, vlekken en kleine krassen dankzij de afwasbare kunststoflaag. De vrolijke print maakt dat je tafel er elke dag uitnodigend uitziet – een kleine sfeerupgrade met groot effect. De combinatie van groen en roze motiveert een positieve huiselijke vibe voor zowel gezinnen als gezellige etentjes.</p> <h3>Geschikt voor binnen én buiten</h3> <p>Dankzij het praktische materiaal is het tafelzeil geschikt voor gebruik zowel <strong>binnen als buiten</strong>. Denk aan middag-zon in de serre, barbecue op het terras of simpelweg bescherming van je eettafel. Omdat kleur en kwaliteit behouden blijven, is het aan te raden het tafelzeil bij langdurige blootstelling aan slecht weer binnen te halen. </p> <h3>Materiaal & onderhoud</h3> <p>Het gebruikte PVC is duurzaam en eenvoudig te reinigen: veeg af met een vochtige doek en je tafel is weer klaar voor het volgende moment. Het tafelzeil is slijt­ en vlek­bestendig, wat bijdraagt aan een langere levensduur in het dagelijks gebruik. <br /><br /><strong>Waarom kiezen voor dit Raved-tafelzeil?</strong></p> <ul> <li> <p><strong>Vrolijke print</strong> met roze fruit en groene bloemen zorgt voor een sfeervolle uitstraling</p> </li> <li> <p><strong>Afwasbaar PVC-materiaal</strong> zorgt dat je tafel langdurig beschermd is</p> </li> <li> <p><strong>Binnen & buiten inzetbaar</strong>, flexibel in gebruik</p> </li> <li> <p>Makkelijk in onderhoud, ideaal voor gezinnen of regelmatig gebruik</p> </li> </ul> <p>Laat je tafel niet langer eenvoudig achtergaan door morsen of slijtage. Kies voor dit tafelzeil van Raved en combineer direct <strong>bescherming van je meubel</strong> met <strong>vrolijke, vernieuwende styling</strong>. Klik nu op “in winkelwagen” en geef je tafel de upgrade die ‘ie verdient!</p>",1.0,stuk(s),Roze,PVC,Raved,320.0,cm,N,,Tafelzeil,Rechthoek,N,N,,,N,,,3 maanden,,,,,N,,,Gebloemd,140.0,cm,2.0,kg,,Bloemen,Geen,26.0,cm,3.0,cm,37.0,cm,2.0,kg,1 stuk,Voor binnen & buiten,Afnemen met een natte doek,11.xlsx,,,,,,,,,,,,,,,"https://media.s-bol.com/EwRWnMX32EKg/AnEoPNO/1024x1024.jpg,https://media.s-bol.com/DvkWmLWoXrKA/AnEoPNO/1024x1024.jpg,https://media.s-bol.com/3X6lxEnwzzDM/v2lVxXr/124x105.jpg,https://media.s-bol.com/RN6jEqjK63jR/AnEoPNO/124x109.jpg,https://media.s-bol.com/Jx8Z9zgq1Jm2/v2lVxXr/1024x1024.jpg,https://media.s-bol.com/gEp598jMqX4G/v2lVxXr/124x110.jpg,https://media.s-bol.com/mjqw98mLALDO/v2lVxXr/124x89.jpg,https://media.s-bol.com/qnQjk60D8yE2/v2lVxXr/124x112.jpg,https://media.s-bol.com/Ym769rwjDrN2/v2lVxXr/1024x1024.jpg,https://media.s-bol.com/7R3VQrVzODA8/AnEoPNO/1024x1024.jpg,https://media.s-bol.com/3N1VMnV3yB84/AnEoPNO/1024x1024.jpg,https://media.s-bol.com/m5ZNrpNPml30/AnEoPNO/124x40.jpg"
Raved Tafelzeil – 140 cm x 280 cm – Driehoek Wit/Zwart – PVC – Afwasbaar – Binnen & buiten,,9504227821413,Tafellaken,,"<p>Met dit <strong>afwasbare PVC tafelzeil</strong> geef je jouw tafel direct een stijlvolle upgrade én stevige bescherming. Het <strong>driehoek-patroon in wit met zwart</strong>, gecombineerd met eenvoudig onderhoud en <strong>gebruik binnen én buiten</strong>, maakt dit tafelzeil de slimme keuze voor gezinnen en tafels met een druk leven.</p> <p><strong>Maak kennis met het tafelzeil dat stijl en functie moeiteloos combineert.</strong> Het <strong>Raved tafelzeil met driehoek patroon</strong> biedt een frisse look met zijn <strong>wit/zwart geometrisch design</strong>, én staat voor <strong>praktisch gemak</strong> dankzij het hoogwaardige <strong>PVC-materiaal</strong>. Of je nu dagelijks dineert met het gezin, gasten ontvangt of op het terras geniet van een ochtendkoffie — dit tafelzeil is voorbereid op elk scenario.</p> <h3>Bescherming + stijl</h3> <p>Je tafelblad verdient de zorg die het verdient. Met dit tafelzeil voorkom je vlekken, kringen, knoeiwerk en zelfs lichte brandplekken door hete pannen: het is namelijk gemaakt voor intensief gebruik. Het <strong>afwasbare PVC-oppervlak</strong> zorgt dat je met een vochtige doek snel schoon bent — geen stress meer na het avondeten.</p> <h3>Geometrisch design dat opvalt</h3> <p>Het driehoek-motief in zwart op een witte ondergrond geeft jouw eetruimte een moderne uitstraling. Hierdoor past het zowel in een strak interieur als een gezellige, huiselijke setting. Het design is niet alleen mooi, maar ook functioneel: het patroon camoufleert lichte vlekken tot je tijd hebt om schoon te maken.</p> <h3>Binnen én buiten gebruik</h3> <p>Dit tafelzeil is geschikt voor gebruik in de eetkamer, keuken én op het terras. Dankzij PVC is het beter bestand tegen vocht en lichte weersinvloeden. Wel is het verstandig om het af te dekken of binnen te halen bij slecht weer om verkleuring of beschadiging te voorkomen — zo behoud je maximale levensduur.</p> <h3>Specificaties in één oogopslag</h3> <ul> <li> <p>Materiaal: <strong>PVC</strong> – stevig, afwasbaar, duurzaam</p> </li> <li> <p>Kleur: Wit met zwart driehoek-patroon</p> </li> <li> <p>Patroon: Geometrisch (driehoeken)</p> </li> <li> <p>Gebruik: Voor tafels binnen en buiten</p> </li> <li> <p>Onderhoud: Veeg schoon met vochtige doek — gebruik geen schuurmiddelen of bleekmiddel. </p> </li> <li> <p>Merk: Raved</p> </li> </ul> <h3>Waarom kiezen voor dit tafelzeil?</h3> <p>Veel tafelkleden zijn lastig schoon te maken, glijden weg of zijn alleen geschikt voor binnen. Dit model is <strong>speciaal ontworpen voor het drukke gezinsleven</strong>: gemak, bescherming en stijl in één. Het mooie design laat jouw interieur tot zijn recht komen, terwijl jij zorgeloos kunt tafelen.</p> <h3>Call-to-action</h3> <p>Gun jezelf een tafel die weer straalt — klik op ‘bestellen’ en voeg vandaag nog dit stijlvolle én praktische tafelzeil toe aan jouw woondecoratie. Bescherm, decoreer en ontspan met het Raved tafelzeil.</p>",1.0,stuk(s),Wit,PVC,Raved,280.0,cm,N,,Tafelzeil,Rechthoek,N,N,,,N,,,3 maanden,,,,,N,,,Effen,140.0,cm,2.0,kg,,Ruitjes,Geen,26.0,cm,3.0,cm,37.0,cm,2.0,kg,,Voor binnen & buiten,Machinewas 30 °C,11.xlsx,,,,,,,,,,,,,,,https://media.s-bol.com/g0JMQKLgAQRk/76qME48/550x550.jpg
Raved Tafelzeil - 140 cm × 50 cm - Getekende Bloemen – Geel-Rood – PVC – Afwasbaar,,9503585343223,Tafellaken,,"<p>Verwen je tafel met <strong>een vrolijk bloemenmotief</strong> en onderhoudsgemak: dit <strong>afwasbare PVC-tafelzeil</strong> beschermt je tafel effectief tegen morst en krassen, terwijl het warme geel-rood tinten en een charmant getekend bloemenpatroon toevoegt. Perfect voor dagelijks gebruik binnen én buiten.</p> <p>Ontdek hoe je met het <strong>tafelzeil van het merk Raved</strong> je eet- of tuintafel direct transformeert — én optimaal beschermt. Dit stijlvolle en praktische <strong>tafelzeil</strong> is uitgevoerd in <strong>PVC</strong>, uitgevoerd met een <strong>getekende bloemenprint</strong> in warme geel-rood tinten, en biedt dáárnaast krachtig functionele voordelen.</p> <h3>Sfeervolle stijl & directe sfeer</h3> <p>Met het vrolijke bloemenmotief op basis van geel en rood zie je meteen een gezellige uitstraling. Of je nu een informeel ontbijt hebt, een familiediner plant of achter in de tuin geniet van een zomeravond, dit zeil zorgt voor een huiselijke, uitnodigende sfeer. </p> <h3>Bescherming & onderhoudsgemak</h3> <p>Dankzij het materiaal <strong>PVC</strong> is het tafelzeil <strong>afwasbaar</strong> – een natte doek volstaat meestal. Zo hoef je je niet constant druk te maken om gemorste koffie, saus of modderige schoenen. Het zeil beschermt je tafel bovendien tegen krassen of beschadigingen door schalen of decoratie. Omdat de print vrolijk is en de kleuren warm, voel je direct: ‘mijn tafel ziet er goed uit én is beschermd’.</p> <h3>Binnen & buiten gebruik</h3> <p>Binnen in de eetkamer of buiten op het terras: dit tafelzeil kan het aan. Het materiaal is geschikt voor gebruik op veranda’s of op het balkon — houdt er wel rekening mee dat bij aanhoudende regen of zon het zeil het beste binnen wordt gehaald om kleurverlies te vermijden (algemene tip voor PVC buitenproducten). </p> <h3>Specificaties & aandachtspunten</h3> <ul> <li> <p><strong>Materiaal:</strong> PVC (plastic) — robuust en afneembaar.</p> </li> <li> <p><strong>Kleur & motief:</strong> Geel-rood met getekend bloemenpatroon — geeft sfeer en stijl.</p> </li> <li> <p><strong>Onderhoud:</strong> Afnemen met vochtige doek — geen machinewas.</p> </li> <li> <p><strong>Merk:</strong> Raved — bekend om praktische, stijlvolle tafelkleden en zeilen. <br />Tip: Leg bij buitengebruik voor extra veiligheid een lichte onderlaag of gebruik het onder een overkapping om levensduur te verlengen.</p> </li> </ul> <h3>Waarom nú kiezen?</h3> <p>Zeg vaarwel tegen saai tafelonderhoud en hallo tegen <strong>een stijlvol, makkelijk verzorgbaar tafellinnen</strong>. Elke maaltijd, knutselmiddag of buiten-borrel krijgt een upgrade. En omdat je tafel beter beschermd is, voorkom je vervelende vlekken en krassen — dus een zorg minder. Dit is precies de combinatie van gevoel én logica waar slimme consumenten voor kiezen.</p> <p><strong>Voeg vandaag nog toe aan je winkelwagen</strong> en geef je tafel de bescherming én uitstraling die hij verdient.</p>",1.0,stuk(s),Rood,PVC,Raved,50.0,cm,N,,Tafelzeil,Rechthoek,N,N,,,N,,,3 maanden,,,,,N,,,Overig,140.0,cm,2.0,kg,,Watermeloen,Geen,26.0,cm,3.0,cm,37.0,cm,2.0,kg,1 stuk,Voor binnen & buiten,Afnemen met een natte doek,11.xlsx,,,,,,,,,,,,,,,"https://media.s-bol.com/n156MN768Xql/k5WK2w6/1024x1024.jpg,https://media.s-bol.com/DvkWMJJAvPqy/k5WK2w6/1024x1024.jpg,https://media.s-bol.com/gEY12groBJyZ/ADNl5nj/124x105.jpg,https://media.s-bol.com/G06WPQQE0gRL/k5WK2w6/124x110.jpg,https://media.s-bol.com/54nJL56pPzxq/ADNl5nj/124x110.jpg,https://media.s-bol.com/43mEL75oOywg/ADNl5nj/1024x1024.jpg,https://media.s-bol.com/JB6WV7KXj33l/k5WK2w6/1024x1024.jpg,https://media.s-bol.com/KDr9W57Ek33z/k5WK2w6/124x40.jpg,https://media.s-bol.com/r1kVQMpl0ZVW/k5WK2w6/1024x1024.jpg"
Raved Tafelzeil - 140 cm x 350 cm Lente Bloemen Grijs - PVC – Afwasbaar,,9503467861227,Tafellaken,,"<p>Maak je eettafel direct sfeervol én praktisch met dit <strong>afwasbare PVC-­tafelzeil</strong> van Raved met een stijlvol <strong>bloemenmotief op grijze ondergrond</strong>, dat je tafel beschermt tegen vlekken, knoeien en slijtage. Perfect voor zowel <strong>binnen als buiten</strong>.</p> <p>Breng een frisse lentevibe naar je tafel met dit <strong>T</strong><strong>afelzeil “Lente Bloemen” van Raved</strong> — ideaal voor wie stijl én gemak wil combineren. Het <strong>primair zoekwoord tafelzeil”</strong> wordt direct zichtbaar in de eerste alinea, samen met de belangrijkste eigenschappen.<br />Dit tafelzeil is vervaardigd uit <strong>duurzaam PVC-materiaal</strong>, waardoor het eenvoudig te reinigen is en bestand tegen knutselende kinderen, spontane buitenmaaltijden of gezellige diners met vrienden. De <strong>kleur grijs met wit bloemenpatroon</strong> geeft een moderne en frisse uitstraling die moeiteloos past bij allerlei interieur- of tuinstijlen.</p> <h3>Voordelen in één oogopslag</h3> <ul> <li> <p><strong>Bescherming & gemak</strong>: door het gladde PVC kun je direct eten of drinken serveren zonder bang te zijn voor vlekken of beschadigingen.</p> </li> <li> <p><strong>Flexibel gebruik</strong>: geschikt voor gebruik <strong>binnen én buiten</strong>, waardoor je tafel het hele jaar door verzorgd oogt. </p> </li> <li> <p><strong>Stijlvol design</strong>: het bloemenmotief op de grijze ondergrond zorgt voor een frisse, natuurlijke sfeer die zowel in de keuken als op het terras werkt.</p> </li> </ul> <h3>Specificaties & kwaliteit</h3> <ul> <li> <p>Materiaal: <strong>PVC / plastic</strong> – stevig, praktisch én afwasbaar. Kleur: grijze ondergrond met een wit bloemenpatroon – subtiel en elegant. </p> </li> <li> <p>Merk: Raved – specialist in tafelkleden/tafelzeilen met oog voor design en gebruiksgemak. </p> </li> <li> <p>Geschikt voor: dagelijks gebruik, gezinsmaaltijden, buitenmaaltijden, knutselmomenten, feestmomenten – kortom: jouw tafel kan alles aan.</p> </li> </ul> <h3>Waarom kiezen voor dit tafelzeil?</h3> <p>Stel je voor: je hebt net een prachtig gedekte tafel, de kinderen eten buiten, vrienden schuiven aan voor een borrel – en jij hoeft je geen zorgen te maken over vlekken of krassen. Dit tafelzeil geeft je die rust én stijl. Veel tafelkleden zien er mooi uit, maar dit exemplaar maakt het écht makkelijk – schoonmaken is zo gedaan.<br /><strong>Sociale bewijskracht</strong>: veel gebruikers waarderen hoe moeiteloos het onderhoud is en hoe het design direct de sfeer verhoogt.<br /><strong>Verliesaversie-trigger</strong>: Een tafel zonder goede bescherming loopt risico op blijvende vlekken of beschadiging – kies nu voor zekerheid.<br /><strong>Urgentie</strong>: Met het juiste zeil zorg je dat het nieuwe seizoen vliegend van start gaat en de tafel meteen uitnodigend is.</p> <h3>Onderhoud & gebruikstips</h3> <ul> <li> <p>Veeg het tafelzeil af met een vochtige doek – geen gedoe met speciale schoonmaakmiddelen.</p> </li> <li> <p>Gebruik het buiten? Haal het bij aanhoudende regen naar binnen om verkleuring of verwering te voorkomen. </p> </li> <li> <p>Combineer met placemats of dienbladen voor extra bescherming én stijl.</p> </li> </ul> <p><strong>Conclusie:</strong> Kies dit tafelzeil van Raved voor een combinatie van stijl, gemak en duurzaamheid. Breng frisheid in huis of tuin met het bloemenmotief, en ervaar hoe eenvoudig het wordt om je tafel er verzorgd uit te laten zien.<br /><strong>Bestel vandaag nog</strong> en geef je tafel de bescherming én uitstraling die het verdient.</p>",1.0,stuk(s),Wit; Grijs,PVC,Raved,350.0,cm,N,,Tafelzeil,Rechthoek,N,N,,,N,,,3 maanden,,,,,N,,,Overig,140.0,cm,2.0,kg,,Bloemen,Geen,26.0,cm,3.0,cm,37.0,cm,2.0,kg,,Voor binnen & buiten,Afnemen met een natte doek,11.xlsx,,,,,,,,,,,,,,,"https://media.s-bol.com/VROnn0wKK2m1/r0WpPMw/1024x1024.jpg,https://media.s-bol.com/g0JMMQRBjom3/r0WpPMw/1024x1024.jpg,https://media.s-bol.com/3N1VVKz4vwAr/r0WpPMw/124x101.jpg,https://media.s-bol.com/ApDKK9R5ZVvB/r0WpPMw/1024x1024.jpg,https://media.s-bol.com/xzvO0gZYwON9/02vmP7/1024x1024.jpg,https://media.s-bol.com/5PyKK1B6xLDx/r0WpPMw/1024x1024.jpg,https://media.s-bol.com/NJkWW5ll0vVp/r0WpPMw/124x40.jpg"
Raved Tafelzeil – 140 cm x 230 cm – Fris Fruit Rood – PVC – Afwasbaar,,9502541646880,Tafellaken,,"<p>Breng kleur en gemak naar jouw tafel met dit <strong>afwasbare PVC-tafelzeil</strong> in vrolijk rood fruitdessin. Dankzij het <strong>duurzame materiaal</strong>, het <strong>speelse motief</strong> en de <strong>gemakkelijke schoonmaak</strong> geniet je direct van een frisse tafel zonder zorgen.</p> <h3>Bescherm en verfraai je tafel in één stap</h3> <p>Met dit <strong>tafelzeil</strong> geef je je tafel niet alleen een vrolijke, uitnodigende uitstraling dankzij het fris fruitmotief in rood-tinten, maar je zorgt ook voor optimale bescherming. Het <strong>PVC-materiaal</strong> is waterafstotend en slijtvast, waardoor gemorste drankjes en vlekken nauwelijks kans krijgen. Je verlengt de levensduur van je tafel zonder in te boeten op stijl.</p> <h3>Voor gezinnen, buiten & binnen</h3> <p>Of er nu wordt gegeten, geknutseld, gespeeld of geborreld: dit tafelzeil is ideaal voor <strong>binnen en buitengebruik</strong>. Dankzij de breedte van 140 cm bedek je een standaard tafel en creëer je direct een gastvrije setting. Het afwasbare oppervlak zorgt ervoor dat je met een vochtige doek snel klaar bent — geen gedoe met wasmachines of strijken.</p> <h3>Design met karakter</h3> <p>Het motief <strong>’Fris Fruit’</strong> geeft een speelse twist aan je interieur: denk aan appels, peren, aardbeien in een frisse opstelling tegen een rode achtergrond. Dit zorgt voor dynamiek en sfeer – perfect voor kinderfeestjes, informele diners of een zonnige tuinlunch.</p> <h3>Specificaties & gebruiksgemak</h3> <ul> <li> <p><strong>Materiaal:</strong> hoogwaardig PVC, eenvoudig afneembaar</p> </li> <li> <p><strong>Kleur:</strong> rood met fruitprint</p> </li> <li> <p><strong>Gebruik:</strong> geschikt voor binnen & buiten</p> </li> <li> <p><strong>Onderhoud:</strong> enkel afnemen met een vochtige doek; geen strijken of wassen nodig</p> </li> </ul> <h3>Waarom kiezen voor dit tafelzeil?</h3> <p>Veel mensen hebben wel eens de frustratie van een tafel die snel bevlekt is of lelijk oogt door slijtage. Door te kiezen voor dit tafelzeil voorkom je die zorg – je <strong>verliest niets meer aan uitstraling</strong> en wint tijd terug. Daarnaast voeg je met het design <strong>sociale sfeer</strong> toe: gasten merken op dat je tafel er verzorgd uitziet.</p> <h3>Call to action</h3> <p>Maak dus vandaag nog de keuze voor <strong>stijl, gemak en bescherming</strong> met dit Raved tafelzeil – bestel nu en geef je tafel direct een frisse, speelse look. Gebruik ‘m voor het dagelijkse ontbijt, een buiten-etentje of gewoon omdat je tafel wat extra aandacht verdient.</p>",1.0,stuk(s),Geel; Blauw; Rood,PVC,Raved,230.0,cm,N,,Tafelzeil,Rechthoek,N,N,,,N,,,2 maanden,,,,,N,,,Gebloemd,140.0,cm,0.3,kg,,Fruit/groente,,26.0,cm,3.0,cm,37.0,cm,0.2,kg,Afnemen met een natte doek,Voor binnen & buiten,Afnemen met een natte doek,11.xlsx,,,,,,,,,,,,,,,"https://media.s-bol.com/xxXj1DKrZOZr/ER0AvWY/124x61.jpg,https://media.s-bol.com/mjJXyovPm76E/ER0AvWY/124x105.jpg,https://media.s-bol.com/zzZlXGMzWk45/ER0AvWY/1024x1024.jpg,https://media.s-bol.com/Do4EYVX0RlN5/4xz5w2n/1024x1024.jpg,https://media.s-bol.com/zzZlBwr70xzO/4xz5w2n/124x112.jpg,https://media.s-bol.com/Jx5XY94PZjOg/4xz5w2n/124x90.jpg,https://media.s-bol.com/Bm4E8YDW9BRQ/4xz5w2n/124x110.jpg"
Raved Tafelzeil – 140 cm x 230 cm – Vuurtoren Groen – PVC – Afwasbaar,,9501816589129,Tafellaken,,"<p>Geef je tafel een stijlvolle & praktische uitstraling met het <strong>duurzame PVC-tafelzeil</strong> van Raved in <strong>groen met vuurtorenprint</strong>. <strong>Bescherm je tafel tegen vlekken en krassen</strong> dankzij het <strong>afwasbare materiaal</strong>, ideaal voor zowel binnen als buiten.</p> <p><strong>Ontdek het Raved Tafelzeil met vuurtorenprint – een ideale combinatie van stijl, bescherming en gebruiksgemak.</strong> Het <strong>primair zoekwoord “tafelzeil”</strong> is zorgvuldig verwerkt. Dit tafelzeil is uitgevoerd in <strong>PVC</strong>, heeft een frisse <strong>groene kleur</strong> en een sfeervolle vuurtoren-print, en is verder <strong>afwasbaar</strong> – perfect voor jouw dagelijkse tafelmoment of gezellige buitenmaaltijd.</p> <h3>Bescherming & stijl in één</h3> <p>Met dit tafelzeil bescherm je jouw tafelblad effectief tegen alledaagse uitdagingen: morsen van koffie, kinderspelletjes, warme pannen of krassen van servies. Het <strong>afwasbare PVC-materiaal</strong> zorgt ervoor dat gemorste vloeistof niet in het tafelblad trekt en eenvoudig met een vochtige doek is te reinigen. Volgens onderhoudsvoorschriften van PVC-tafelzeilen biedt dit materiaal extra bescherming tegen vlekken en beschadiging.</p> <h3>Voor binnen én buiten</h3> <p>Dankzij het robuuste PVC en de duurzame afwerking is dit tafelzeil geschikt voor zowel eet­kamers, keuken als terras. De rustgevende <strong>groene kleur</strong> en het nautische <strong>vuurtoren­motief</strong> geven direct sfeer aan je tafelsetting. En omdat onderhoud beperkt is, kun je met een gerust hart buiten eten.</p> <h3>Specificaties & hoogtepunten</h3> <ul> <li> <p>Materiaal: <strong>PVC</strong> – stevig, waterafstotend en gemakkelijk schoon te houden.</p> </li> <li> <p>Kleur/design: <strong>groen</strong> met een sfeervolle <strong>vuurtorenprint</strong> – geeft je tafel een frisse look.</p> </li> <li> <p>Gebruik: binnen- en buitengebruik; ideaal voor gezinnen, gezellige diners en buitenzitten.</p> </li> <li> <p>USP’s: <strong>afwasbaar</strong>, <strong>duurzaam</strong>, <strong>stijlvol nautisch design</strong>.</p> </li> </ul> <h3>Waarom dit tafelzeil kiezen?</h3> <p>Stel je voor: je nodigt vrienden uit op het terras, de zon gaat langzaam onder, jullie tafelen onder het geluid van de avond. Jouw tafel is al gedekt met dit tafelzeil en ziet er verzorgd uit, de vuurtorenprint geeft een subtiele vakantie­vibe. Later morst iemand wijn of wordt er geknoeid — geen probleem. Door het afwasbare PVC veeg je alles moeiteloos weg. Dit is een combinatie van emotie (gezelligheid, sfeer) en logica (bescherming, onderhoudsvriendelijk).<br />Verlies­aversie werkt hier: niemand wil dat de tafel vlekken of krassen oploopt, dit zeil voorkomt dat.</p> <h3>Onderhoud & aandachtspunten</h3> <p>Om de levensduur te maximaliseren: gebruik onderzetters bij warme pannen (PVC reageert bij hitte). Vermijd langdurige blootstelling aan direct zonlicht buiten, want UV-licht kan kleur en materiaal aantasten. Maak gemorste vloeistoffen snel schoon met een vochtige doek; hardnekkige vlekken direct verwijderen voorkomt blijvende sporen.</p> <h3>Conclusie & call-to-action</h3> <p>Laat je tafel niet aan zijn lot over — kies voor het Raved Tafelzeil Vuurtoren in groen voor een combinatie van <strong>stijl, bescherming en gemak</strong>. Breng sfeer, rust en kwaliteit naar elke maaltijd. <strong>Bestel vandaag nog</strong> en transformeer jouw tafel in een uitnodigend kustlandschap.</p>",1.0,stuk(s),Groen; Wit; Grijs,PVC,Raved,230.0,cm,N,,Tafelzeil,Rechthoek,N,N,,,N,,,2 maanden,,,,,N,,,Gebloemd,140.0,cm,0.3,kg,,Kersen - Bloemen - Zomer,,26.0,cm,3.0,cm,37.0,cm,0.2,kg,Afnemen met een natte doek,Voor binnen & buiten,Afnemen met een natte doek,11.xlsx,,,,,,,,,,,,,,,https://media.s-bol.com/o127zBVjEW7L/vg6w75g/550x550.jpg
Raved Tafelzeil 140 cm x 290 cm – Kerstman Rood – PVC – Afwasbaar,,9502414361674,Tafellaken,,"<p>Breng instant kerstsfeer in huis met dit <strong>afwasbare pvc-tafelzeil</strong> van Raved in rood met een vrolijke <strong>kerstman-print</strong>. Perfect voor een zorgeloos kerstdiner: <strong>beschermt je tafel tegen morsen en brandplekken</strong>, terwijl het direct décor toevoegt.</p> <p>Maak je klaar voor de feestdagen met dit prachtige <strong>kerst tafelzeil</strong> van Raved — een stijlvolle en praktische toevoeging aan jouw kerstdiner. Dankzij de opvallende <strong>kerstman-print</strong>, de warme rode kleur en het <strong>afwasbare pvc-materiaal</strong>, combineert dit zeil een gezellige uitstraling met ultiem gebruiksgemak.</p> <h3>Sfeervol & beschermend</h3> <p>Met dit tafelzeil creëer je direct een warme, feestelijke ambiance. De print met kerstman en kerstornamenten zorgt ervoor dat je tafel straalt zonder gedoe. Tegelijkertijd biedt het een betrouwbare bescherming: morsen, kruimels, hete pannen en speelse kinderen zijn geen probleem meer. Dankzij het <strong>duurzame pvc-materiaal</strong> blijft je tafel netjes en feestelijk.</p> <h3>Hoogwaardig materiaal & onderhoud</h3> <p>Gemaakt van stevig pvc/kunststof dat eenvoudig af te nemen is — een natte doek is vaak al voldoende. Dit maakt het ideaal voor drukke dagen en gezinnen. Door de afwasbaarheid werk je efficiënter en voorkom je stress, waardoor je volop kunt genieten van de kerstsfeer.</p> <h3>Flexibel in gebruik</h3> <p>Of je nu kiest voor een kleinere of grotere tafel, dit tafelzeil is in verschillende lengtes verkrijgbaar — ideaal voor zowel intieme diners als grotere familiebijeenkomsten. Het neutrale maar opvallende rood en de klassieke kerstman-print passen in zowel moderne als traditionele woonstijlen.</p> <h3>Waarom kiezen voor dit tafelzeil?</h3> <ul> <li> <p><strong>Betaalbare luxe</strong>: je hoeft niet te investeren in dure tafelkleden om sfeer te creëren.</p> </li> <li> <p><strong>Praktisch en schoon</strong>: minder schoonmaaktijd betekent meer tijd om te genieten.</p> </li> <li> <p><strong>Veiligheid & comfort</strong>: stevige tafelbedekking die slijtage minimaliseert en jouw tafel beschermt.</p> </li> <li> <p><strong>Direct klaar voor gebruik</strong>: je legt het neer en de kersttafel is klaar, geen gestress.</p> </li> </ul> <h3>Laat geen moment verloren gaan</h3> <p>Zorg dat je tafel er klaar voor is vóór het kerstdiner begint. Dankzij dit tafelzeil voelt iedere maaltijd meteen speciaal. Kies voor comfort, functionaliteit en sfeer — zet vandaag nog de stap naar een gezellige en zorgeloze kerst. <strong>Voeg dit tafelzeil direct toe aan je winkelwagen en geef je tafel de feestlook die het verdient.</strong></p>",1.0,stuk(s),Rood,PVC,Raved,290.0,cm,N,,Tafelzeil,Rechthoek,N,N,,,N,,,3 maanden,,,,,N,,,Overig,140.0,cm,2.0,kg,,Print,Geen,26.0,cm,3.0,cm,37.0,cm,2.0,kg,,Voor binnen & buiten,Machinewas 30 °C,11.xlsx,,,,,,,,,,,,,,,"https://media.s-bol.com/rvEm3Y59kEk2/LxOJ2A/124x61.jpg,https://media.s-bol.com/qr7m44rnzmWr/A0YOBp/124x105.jpg,https://media.s-bol.com/yDoxggDyLDDz/A0YOBp/1024x1024.jpg,https://media.s-bol.com/xBnw44BxKBBz/A0YOBp/124x112.jpg,https://media.s-bol.com/GEXQG324jVEL/8k1y45/124x110.jpg,https://media.s-bol.com/B2Nj002YxZz2/A0YOBp/124x89.jpg,https://media.s-bol.com/1p8qKEZZRXWj/ponOOp/1024x1024.jpg"
Raved Tafelzeil 140 cm × 350 cm – Watermeloen-dessin – Rood PVC Afwasbaar,,9507799369819,Tafellaken,,"<p>Geef je tafel direct een vrolijke upgrade met dit <strong>afwasbare PVC-tafelzeil</strong> in een speels <strong>watermeloen-dessin</strong>. Het beschermt tegen vlekken en krassen én is geschikt voor zowel <strong>binnen als buiten</strong> – ideaal voor zorgeloze momenten aan tafel.</p> <p>**Ontdek het vrolijke effect van het <strong>tafelleven</strong> met dit <strong>PVC-tafelzeil</strong> van <strong>Raved</strong>, met een vrolijk <strong>watermeloen-dessin</strong> in <strong>rood</strong> dat direct sfeer toevoegt.<br />Of je nu binnen aan de eettafel zit met het gezin of buiten op het terras geniet van een zonnige middag, dit tafelzeil is dé slimme keuze voor wie stijl en gemak wil combineren.</p> <h3>Tijdloze uitstraling en praktisch in gebruik</h3> <p>Het centrale <strong>zoekwoord “tafelzeil”</strong> komt hier direct aan bod: dit tafelzeil is vervaardigd van duurzaam <strong>PVC-materiaal</strong>, dat makkelijk afneemt is en bestand is tegen dagelijks gebruik. Met het speelse watermeloen-dessin geef je je tafel meteen een frisse, uitnodigende look.</p> <h3>Bescherming én sfeer</h3> <ul> <li> <p>Het <strong>PVC-materiaal</strong> beschermt je tafel tegen vlekken, krassen en spetters – ideaal wanneer kinderen mee aan tafel zitten of wanneer het servies iets harder aankomt.</p> </li> <li> <p>Het <strong>rode kleur- en dessin-ontwerp</strong> zorgt voor een opvallende eyecatcher; perfect voor gezellige diners, borrels of zomerse barbecues.</p> </li> <li> <p>Dankzij de afwasbare afwerking verwijder je snel etensresten of drankvlekken – geen stress na het eten.</p> </li> </ul> <h3>Geschikt voor binnen én buiten</h3> <p>Of je nu eet in de keuken, woon­eetkamer of op het terras: dit tafelzeil is geschikt voor beide omgevingen. Het brengt direct sfeer en is bestand tegen wat meer ruig gebruik.</p> <h3>Specificaties op een rij</h3> <ul> <li> <p>Materiaal: stevig PVC (afwasbaar)</p> </li> <li> <p>Kleur/design: Rood met watermeloenmotief</p> </li> <li> <p>Geschikt voor: eettafels, tuintafels, binnen- en buitengebruik</p> </li> <li> <p>Belangrijkste USP’s: <strong>afwasbaar</strong>, <strong>beschermend tegen vlekken/krassen</strong>, <strong>decoratief dessin</strong></p> </li> </ul> <h3>Waarom kiezen voor dit tafelzeil?</h3> <p>Stel je voor: je nodigt vrienden uit, de tafel staat klaar, het <strong>watermeloen-dessin</strong> valt meteen op en geeft een ontspannen zomerse vibe. En mocht er iets gemorst worden? Geen paniek — even afnemen en doorgaan. Je tafel blijft mooi en je hoeft je niet te druk maken over vlekken of slijtplekken. Met dit tafelzeil uit de collectie van Raved kies je voor slimme schoonheid.</p> <h3>Nu actie ondernemen</h3> <p>Laat je tafel weer stralen met dit tafelkleden-alternatief waarin stijl en functie samenkomen. Wacht niet te lang en maak je tafel klaar voor de volgende gezellige maaltijd of lounge-moment. Voeg het toe aan je winkelwagen en ervaar zelf het gemak én de vrolijke uitstraling.</p>",1.0,stuk(s),Groen,PVC,Raved,270.0,cm,N,,Tafelzeil,Rechthoek,N,N,,,N,,,3 maanden,,,,,N,,,Overig,140.0,cm,2.0,kg,,Watermeloen,Geen,26.0,cm,3.0,cm,37.0,cm,2.0,kg,1 stuk,Voor binnen & buiten,Afnemen met een natte doek,11.xlsx,,,,,,,,,,,,,,,https://media.s-bol.com/8N2NVKJjONNL/ADNLQ8P/550x268.jpg
Raved – Tafelzeil – 140 × 310 cm – Gekleurde ruitjes – PVC – Afwasbaar – binnen/buiten,,9504511793396,Tafellaken,,"<p>Bescherm je tafel in stijl met het <strong>duurzame PVC-tafelzeil van Raved</strong> uitgevoerd in een vrolijk <strong>gekleurde ruitjes-print</strong>. Dankzij de <strong>afwasbare afwerking</strong> is het perfect voor drukke gezinnen of gezellige buitenmaaltijden — direct klaar voor je volgende samenkomst!</p> <p>**Ontdek het veelzijdige en stijlvolle <strong>Raved tafelzeil in dé combinatie van <strong>functionaliteit</strong>, <strong>sfeer</strong> en gemak voor jouw eetplek.</strong></p> <h3>Bescherming en gemak in één</h3> <p>Met dit <strong>PVC-tafelzeil</strong> ben je verzekerd van een stevige, afwasbare laag die je tafel effectief beschermt tegen <strong>vlekken, krassen en vloeistoffen</strong>. Ideaal voor dagelijks gebruik met kinderen of huisdieren, maar ook voor buiten op het terras: geen zorgen meer over knoeien of regenplasjes.</p> <h3>Een vrolijk design dat uitnodigt</h3> <p>Het patroon met <strong>gekleurde ruitjes</strong> geeft direct een gezellige, warme uitstraling aan je tafel — of je nu binnen een familiediner hebt of ’s zomers een barbecue organiseert. Het ontwerp is tijdloos maar toch speels: perfect als blikvanger zonder dat het overheersend wordt.</p> <h3>Geschikt voor binnen én buiten</h3> <p>Dankzij het duurzame materiaal is het tafelzeil geschikt voor zowel binnengebruik in de keuken of eetkamer, als buiten op balkon, terras of veranda. Je kiest voor comfort en rust: lekker samen aan tafel zonder stil te staan bij beschadigingen.</p> <h3>Specificaties in één oogopslag</h3> <ul> <li> <p><strong>Materiaal</strong>: PVC — waterafstotend, snel schoon te maken.</p> </li> <li> <p><strong>Print/kleur</strong>: Gekleurde ruitjes — vrolijk, huiselijk, en passend in veel interieurstijlen.</p> </li> <li> <p>Onderhoud: eenvoudig schoon te vegen met een vochtige doek — geen dure reinigingsmiddelen nodig.</p> </li> <li> <p>Gebruik: geschikt voor dagelijks gebruik binnen en buiten.</p> </li> </ul> <h3>Waarom deze keuze maken?</h3> <p>Door dit tafelzeil kies je voor een doordachte investering: een prachtig accessoire op tafel <strong>én</strong> bescherming voor je meubel. Je voorkomt frustraties over vlekken of slijtage én creëert direct een uitnodigende sfeer. En als je onverwacht bezoek hebt of snel wilt omschakelen van binnen- naar buitengebruik — dit zeil staat paraat.</p> <h3>Actiegerichte tip</h3> <p>Wacht niet tot je tafel beschadigd is of knoei­problemen hebt: kies nu voor direct gemak en stijl. Transformeer je eetplek vandaag nog met het <strong>Raved tafelzeil – PVC afwasbaar – gekleurde ruitjes</strong> en ervaar elke keer weer de combinatie van comfort en sfeer. <strong>Bestel direct</strong> en geniet van je tafel zonder zorgen!</p>",1.0,stuk(s),Rood; Groen,PVC,Raved,310.0,cm,N,,Tafelzeil,Rechthoek,N,N,,,N,,,3 maanden,,,,,N,,,Gebloemd,140.0,cm,0.4,kg,,Bloemen,Geen,26.0,cm,3.0,cm,37.0,cm,0.4,kg,1 stuk,Voor binnen & buiten,Afnemen met een natte doek,11.xlsx,,,,,,,,,,,,,,,"https://media.s-bol.com/VROZZKJMkKEB/JZkAYwy/1024x1024.jpg,https://media.s-bol.com/g0JXXN70o10Z/JZkAYwy/1024x1024.jpg,https://media.s-bol.com/5Py00XAZoPQY/JZkAYwy/124x106.jpg,https://media.s-bol.com/NBG1OE1ENNMz/xk64D9q/124x110.jpg,https://media.s-bol.com/0KR33PAKZvKV/JZkAYwy/124x40.jpg,https://media.s-bol.com/Y8EXXNVPnnwA/JZkAYwy/1024x1024.jpg,https://media.s-bol.com/QMWLLBApLv5M/JZkAYwy/1024x1024.jpg"
Raved Tafelzeil 140×290 cm - Hortensia Groen – PVC - Afwasbaar - Binnen/Buiten,,9505997521879,Tafellaken,,"<p>Geef je tafel direct een stijlvolle én praktische upgrade met het <strong>afwasbare PVC-tafelzeil</strong> van Raved met elegant hortensia-patroon. Bescherm je tafel tegen vlekken én krassen terwijl je <strong>geniet van een uitnodigende sfeer binnen én buiten</strong>.</p> <p>Breng sfeer, stijl én gemoedsrust naar je eettafel of tuintafel met het <strong>Raved Tafelzeil Hortensia</strong>. Dit tafelzeil combineert een prachtig hortensia-bloemenmotief met hoogwaardige, <strong>afwasbare PVC</strong>-kwaliteit – waardoor je dagelijkse maaltijden én feestelijke bijeenkomsten met meer plezier beleeft.</p> <h3>Bescherming en stijl in één</h3> <p>Vergeet zorgen over gemorste wijn, krassen van borden of alledaagse slagen van kinderen – dit tafelzeil biedt een betrouwbare beschermlaag en stelt je in staat om zonder stress te genieten. Het luxe hortensia-patroon voegt direct een frisse, natuurlijke toets toe aan je interieur of terrassetting. Het resultaat: een tafel die eruitziet alsof hij speciaal is gedekt, elke dag opnieuw.</p> <h3>Ideaal voor binnen én buiten</h3> <p>Of je nu een huiselijke familielunch hebt of een zomerse barbecue op het terras, dit tafelzeil is geschikt voor beide situaties. Dankzij het PVC-materiaal kun je eenvoudig met een vochtige doek afnemen – geen gedoe met wassen of strijken. Zo houd je meer tijd over voor het genieten. Dankzij de kleur en het patroon blijft je tafelsetting uitnodigend, ook als het buiten wat ruiger is.</p> <h3>Specificaties & voordelen</h3> <ul> <li> <p><strong>Materiaal:</strong> premium PVC – water- en vuilafstotend, eenvoudig schoon te maken.</p> </li> <li> <p><strong>Kleur/Design:</strong> groen achtergrond met weelderig hortensia-bloemenmotief – stijlvol en fris.</p> </li> <li> <p><strong>Gebruik:</strong> binnen en buiten – ideaal voor eetkamer, keuken, serre of tuin.</p> </li> <li> <p><strong>Onderhoud:</strong> simpel afnemen met een vochtige doek; minder stress, meer genieten.</p> </li> <li> <p><strong>USP’s:</strong> beschermt tafel tegen krassen & vlekken; direct stijlvolle uitstraling; gebruiksklaar voor elke gelegenheid.</p> </li> </ul> <h3>Waarom kiezen voor dit tafelzeil?</h3> <p>Veel huishoudens onderschatten hoe vervelend het is als een mooie tafel beschadigd raakt of er slijtage ontstaat. Door te kiezen voor dit tafelzeil vermijd je uiteindelijk hogere kosten voor nieuw meubilair of verf/beits. Bovendien geeft het je tafel direct een upgrade – iets waar je gasten over praten. Stijlvol is leuk, maar praktisch is essentieel: tweemaal zo genieten, half zo veel moeite.</p> <h3>Call-to-action</h3> <p>Wil je eindelijk relaxen bij het diner zonder zorgen over vlekken of beschadigingen? Bestel dan vandaag het <strong>Raved Tafelzeil Hortensia</strong> en maak van je tafel een plek waar je trots op bent én waar je met volledige aandacht van het moment kunt genieten. Klik op ‘In winkelwagen’ en laat jouw tafel bloeien.</p>",1.0,stuk(s),Groen; Paars; Roze; Rood,PVC,Raved,290.0,cm,N,,Tafelzeil,Rechthoek,N,N,,,N,0.0,cm,2 maanden,,,,,N,,,Gebloemd,140.0,cm,0.3,kg,,Bloemen,0657452723,26.0,cm,3.0,cm,37.0,cm,0.2,kg,Afnemen met een natte doek,Voor binnen & buiten,Afnemen met een natte doek,11.xlsx,,,,,,,,,,,,,,,https://media.s-bol.com/kLmw4p8rA8LX/31yMkP4/550x270.jpg
Raved Tafelzeil – 140 cm x 140 cm – Takken Wit – PVC – Afwasbaar,,9506422749448,Tafellaken,,"<p>Laat je tafel stralen én beschermen met <strong>een stijlvol motief in wit met takkenprint</strong>, <strong>duurzaam PVC-materiaal</strong>, en <strong>afwasbaar oppervlak</strong> — perfect voor dagelijks gebruik én gezellige samenkomsten, binnen of buiten.</p> <p>Breng rust en stijl naar je tafel met het **Raved Tafelzeil Takken. Dit tafelzeil combineert een <strong>elegant takkenmotief op een witte achtergrond</strong> met het praktische gemak van <strong>afwasbaar PVC-materiaal</strong> — een slimme keuze voor jouw huis.</p> <h3>Een frisse uitstraling en slimme bescherming</h3> <p>Met het subtiele <strong>takkenmotief in wit</strong> creëer je direct een natuurlijke en serene sfeer rond je tafel. Het oogt rustig, fris en stijlvol — perfect voor een moderne eettafel of een zonnig terras. Tegelijkertijd biedt het tafelzeil bescherming: dankzij het <strong>PVC-materiaal</strong> is je tafel bestand tegen dagelijks gebruik, speelse kleintjes, koffie-vlekken of onvoorzichtige aanrakingen.</p> <h3>Ideaal voor dagelijks gebruik én bijzondere momenten</h3> <p>Of je nu een ontbijt met het gezin hebt, een middagbuitentafel opzet of een etentje organiseert: dit tafelzeil is geschikt voor zowel binnen als buiten. Het is direct klaar voor gebruik, eenvoudig schoon te maken met een vochtige doek en het behoudt zijn frisse uitstraling. Dankzij de maat past het ideaal op standaard tafels — waardoor je tafel veilig is, zonder concessies te doen aan stijl.</p> <h3>Materiaal & onderhoud</h3> <p>Het tafelzeil is vervaardigd uit <strong>PVC</strong>, wat staat voor:</p> <ul> <li> <p><strong>Duurzaamheid</strong>: bestand tegen krassen, vocht en vlekken.</p> </li> <li> <p><strong>Onderhoudsgemak</strong>: veeg schoon met een natte doek, geen gesjouw met zware wasprogramma’s.</p> </li> <li> <p><strong>Gebruiksgemak</strong>: geen strijken, geen speciale schoonmaakmiddelen nodig.</p> </li> </ul> <h3>Waarom kiezen voor dit tafelzeil?</h3> <ul> <li> <p><strong>Bescherming</strong> voor je tafel tegen vlekken, krassen en slijtage.</p> </li> <li> <p><strong>Verbluffend eenvoudig in onderhoud</strong>, bespaart je tijd en moeite.</p> </li> <li> <p><strong>Stijlvol ontwerp</strong> dat past bij interieur én buitenruimte.</p> </li> <li> <p><strong>Merkvertrouwen</strong> van Raved, specialist in kwaliteits-tafeloplossingen.</p> </li> <li> <p><strong>Binnen & buiten gebruik</strong>, verhoogt de flexibiliteit in je woning.</p> </li> </ul> <p>Laat de zorgen over een beschadigde tafel achter je en geniet van het moment — of je nu werkt, eet, leest of ontspant. Voeg vandaag dit tafelzeil toe aan je interieur en creëer direct een stijlvolle en beschermde tafelsetting. <strong>Bestel nu en ervaar het gemak van een afwasbaar, stijlvol tafelzeil!</strong></p>",1.0,stuk(s),Wit; Grijs,PVC,Raved,140.0,cm,N,,Tafelzeil,Rechthoek,N,N,,,N,,,2 maanden,,,,,N,,,Geruit,140.0,cm,0.3,kg,,Bloemen,,26.0,cm,3.0,cm,37.0,cm,0.2,kg,Afnemen met een natte doek,Voor binnen & buiten,Afnemen met een natte doek,11.xlsx,,,,,,,,,,,,,,,https://media.s-bol.com/mjJGpXyzNN33/Z6z3XGQ/550x270.jpg
Raved Tafelzeil – 140 cm x 350 cm – Driehoek Wit/Zwart – PVC – Afwasbaar – Binnen & buiten,,9504434743942,Tafellaken,,"<p>Met dit <strong>afwasbare PVC tafelzeil</strong> geef je jouw tafel direct een stijlvolle upgrade én stevige bescherming. Het <strong>driehoek-patroon in wit met zwart</strong>, gecombineerd met eenvoudig onderhoud en <strong>gebruik binnen én buiten</strong>, maakt dit tafelzeil de slimme keuze voor gezinnen en tafels met een druk leven.</p> <p><strong>Maak kennis met het tafelzeil dat stijl en functie moeiteloos combineert.</strong> Het <strong>Raved tafelzeil met driehoek patroon</strong> biedt een frisse look met zijn <strong>wit/zwart geometrisch design</strong>, én staat voor <strong>praktisch gemak</strong> dankzij het hoogwaardige <strong>PVC-materiaal</strong>. Of je nu dagelijks dineert met het gezin, gasten ontvangt of op het terras geniet van een ochtendkoffie — dit tafelzeil is voorbereid op elk scenario.</p> <h3>Bescherming + stijl</h3> <p>Je tafelblad verdient de zorg die het verdient. Met dit tafelzeil voorkom je vlekken, kringen, knoeiwerk en zelfs lichte brandplekken door hete pannen: het is namelijk gemaakt voor intensief gebruik. Het <strong>afwasbare PVC-oppervlak</strong> zorgt dat je met een vochtige doek snel schoon bent — geen stress meer na het avondeten.</p> <h3>Geometrisch design dat opvalt</h3> <p>Het driehoek-motief in zwart op een witte ondergrond geeft jouw eetruimte een moderne uitstraling. Hierdoor past het zowel in een strak interieur als een gezellige, huiselijke setting. Het design is niet alleen mooi, maar ook functioneel: het patroon camoufleert lichte vlekken tot je tijd hebt om schoon te maken.</p> <h3>Binnen én buiten gebruik</h3> <p>Dit tafelzeil is geschikt voor gebruik in de eetkamer, keuken én op het terras. Dankzij PVC is het beter bestand tegen vocht en lichte weersinvloeden. Wel is het verstandig om het af te dekken of binnen te halen bij slecht weer om verkleuring of beschadiging te voorkomen — zo behoud je maximale levensduur.</p> <h3>Specificaties in één oogopslag</h3> <ul> <li> <p>Materiaal: <strong>PVC</strong> – stevig, afwasbaar, duurzaam</p> </li> <li> <p>Kleur: Wit met zwart driehoek-patroon</p> </li> <li> <p>Patroon: Geometrisch (driehoeken)</p> </li> <li> <p>Gebruik: Voor tafels binnen en buiten</p> </li> <li> <p>Onderhoud: Veeg schoon met vochtige doek — gebruik geen schuurmiddelen of bleekmiddel. </p> </li> <li> <p>Merk: Raved</p> </li> </ul> <h3>Waarom kiezen voor dit tafelzeil?</h3> <p>Veel tafelkleden zijn lastig schoon te maken, glijden weg of zijn alleen geschikt voor binnen. Dit model is <strong>speciaal ontworpen voor het drukke gezinsleven</strong>: gemak, bescherming en stijl in één. Het mooie design laat jouw interieur tot zijn recht komen, terwijl jij zorgeloos kunt tafelen.</p> <h3>Call-to-action</h3> <p>Gun jezelf een tafel die weer straalt — klik op ‘bestellen’ en voeg vandaag nog dit stijlvolle én praktische tafelzeil toe aan jouw woondecoratie. Bescherm, decoreer en ontspan met het Raved tafelzeil.</p>",1.0,stuk(s),Wit,PVC,Raved,350.0,cm,N,,Tafelzeil,Rechthoek,N,N,,,N,,,3 maanden,,,,,N,,,Effen,140.0,cm,2.0,kg,,Ruitjes,Geen,26.0,cm,3.0,cm,37.0,cm,2.0,kg,,Voor binnen & buiten,Machinewas 30 °C,11.xlsx,,,,,,,,,,,,,,,https://media.s-bol.com/q1xLM5YnyQkp/pgWn4MX/550x550.jpg
Raved Tafelzeil 140 cm × 180 cm – Watermeloen-dessin – Rood PVC Afwasbaar,,9509742737171,Tafellaken,,"<p>Geef je tafel direct een vrolijke upgrade met dit <strong>afwasbare PVC-tafelzeil</strong> in een speels <strong>watermeloen-dessin</strong>. Het beschermt tegen vlekken en krassen én is geschikt voor zowel <strong>binnen als buiten</strong> – ideaal voor zorgeloze momenten aan tafel.</p> <p>**Ontdek het vrolijke effect van het <strong>tafelleven</strong> met dit <strong>PVC-tafelzeil</strong> van <strong>Raved</strong>, met een vrolijk <strong>watermeloen-dessin</strong> in <strong>rood</strong> dat direct sfeer toevoegt.<br />Of je nu binnen aan de eettafel zit met het gezin of buiten op het terras geniet van een zonnige middag, dit tafelzeil is dé slimme keuze voor wie stijl en gemak wil combineren.</p> <h3>Tijdloze uitstraling en praktisch in gebruik</h3> <p>Het centrale <strong>zoekwoord “tafelzeil”</strong> komt hier direct aan bod: dit tafelzeil is vervaardigd van duurzaam <strong>PVC-materiaal</strong>, dat makkelijk afneemt is en bestand is tegen dagelijks gebruik. Met het speelse watermeloen-dessin geef je je tafel meteen een frisse, uitnodigende look.</p> <h3>Bescherming én sfeer</h3> <ul> <li> <p>Het <strong>PVC-materiaal</strong> beschermt je tafel tegen vlekken, krassen en spetters – ideaal wanneer kinderen mee aan tafel zitten of wanneer het servies iets harder aankomt.</p> </li> <li> <p>Het <strong>rode kleur- en dessin-ontwerp</strong> zorgt voor een opvallende eyecatcher; perfect voor gezellige diners, borrels of zomerse barbecues.</p> </li> <li> <p>Dankzij de afwasbare afwerking verwijder je snel etensresten of drankvlekken – geen stress na het eten.</p> </li> </ul> <h3>Geschikt voor binnen én buiten</h3> <p>Of je nu eet in de keuken, woon­eetkamer of op het terras: dit tafelzeil is geschikt voor beide omgevingen. Het brengt direct sfeer en is bestand tegen wat meer ruig gebruik.</p> <h3>Specificaties op een rij</h3> <ul> <li> <p>Materiaal: stevig PVC (afwasbaar)</p> </li> <li> <p>Kleur/design: Rood met watermeloenmotief</p> </li> <li> <p>Geschikt voor: eettafels, tuintafels, binnen- en buitengebruik</p> </li> <li> <p>Belangrijkste USP’s: <strong>afwasbaar</strong>, <strong>beschermend tegen vlekken/krassen</strong>, <strong>decoratief dessin</strong></p> </li> </ul> <h3>Waarom kiezen voor dit tafelzeil?</h3> <p>Stel je voor: je nodigt vrienden uit, de tafel staat klaar, het <strong>watermeloen-dessin</strong> valt meteen op en geeft een ontspannen zomerse vibe. En mocht er iets gemorst worden? Geen paniek — even afnemen en doorgaan. Je tafel blijft mooi en je hoeft je niet te druk maken over vlekken of slijtplekken. Met dit tafelzeil uit de collectie van Raved kies je voor slimme schoonheid.</p> <h3>Nu actie ondernemen</h3> <p>Laat je tafel weer stralen met dit tafelkleden-alternatief waarin stijl en functie samenkomen. Wacht niet te lang en maak je tafel klaar voor de volgende gezellige maaltijd of lounge-moment. Voeg het toe aan je winkelwagen en ervaar zelf het gemak én de vrolijke uitstraling.</p>",1.0,stuk(s),Groen,PVC,Raved,290.0,cm,N,,Tafelzeil,Rechthoek,N,N,,,N,,,3 maanden,,,,,N,,,Overig,140.0,cm,2.0,kg,,Watermeloen,Geen,26.0,cm,3.0,cm,37.0,cm,2.0,kg,1 stuk,Voor binnen & buiten,Afnemen met een natte doek,11.xlsx,,,,,,,,,,,,,,,https://media.s-bol.com/Y8EqZW4kL9g2/Q1rXQvl/550x550.jpg
Raved Tafelzeil 140 cm x 180 cm – Houten Planken Grijs - PVC - Afwasbaar,,9505981577592,Tafellaken,,"<p>Geef je tafel direct een stijlvolle uitstraling met dit <strong>afwasbare PVC-tafelzeil</strong> in houtplanken-look. De <strong>houten planken print</strong> en de <strong>grijze kleur</strong> zorgen voor rust en sfeer, terwijl je dankzij het <strong>water- en vlekbestendige materiaal</strong> ontspannen aan tafel gaat zitten – binnen én buiten.</p> <p>Breng dagelijks gemak en stijl samen met het <strong>primair zoekwoord: Raved tafelzeil houtlook</strong>. Dit prachtige model is uitgevoerd in een <strong>houten planken-print</strong> in subtiel <strong>grijs</strong>, vervaardigd uit hoogwaardig <strong>PVC</strong> en volledig <strong>afwasbaar</strong> – ideaal voor wie een goed uitziende tafel wil én minimale schoonmaaktijd.</p> <h3>Bescherm én verfraai je tafel</h3> <p>Of je nu binnen aan de eettafel zit of buiten op het terras, dit tafelzeil beschermt je oppervlak tegen vlekken, krassen en zelfs hete pannen. Dankzij het sterke PVC-materiaal hoef je niet bang te zijn voor per ongeluk morsen of een bord dat verschuift – de bescherming is direct ingebouwd.</p> <h3>Stijl die rust brengt</h3> <p>Het houtplanken-design geeft je tafel een natuurlijke, warme uitstraling zonder het onderhoud van echt hout. De grijze tint zorgt voor een moderne, neutrale basis die past bij veel interieurstijlen. Zo creëer je direct een “gezellige eettafel” waar iedereen graag aan plaatsneemt.</p> <h3>Praktisch in dagelijks gebruik</h3> <ul> <li> <p><strong>Afwastbaar:</strong> Even afnemen met een doekje of natte spons en je tafel is weer schoon.</p> </li> <li> <p><strong>PVC-materiaal:</strong> Slijtvast, water- en vlekbestendig – ideaal in een druk huishouden.</p> </li> <li> <p><strong>Breed inzetbaar:</strong> Geschikt voor binnen én buiten; geniet van je tafel in elk seizoen.</p> </li> </ul> <h3>Waarom wachten?</h3> <p>Stel je voor: je hebt net gekookt, het gezelschap zit aan en … er wordt geknoeid. In plaats van direct paniek, veeg je eenvoudig het tafelzeil af, en de tafel blijft er netjes uitzien. Zonder besef van stress. Tegelijkertijd lijkt het alsof je je tafel hebt geüpgraded – een sfeerboost met weinig effort.</p> <h3>Laat niets aan het toeval over</h3> <p>Een tafel is vaak het middelpunt van het huis – hier wordt gegeten, geleefd, gelachen. Met dit tafelzeil investeer je in een langdurige oplossing: bescherming én uitstraling in één. Wacht niet tot er vuil of krassen komen – zorg ervoor dat je tafel er vanaf dag één tip-top uitziet.</p> <p><strong>Call-to-action:</strong> Kies nu jouw maat, leg het neer en geniet direct van gemak en sfeer. Geef je tafel de upgrade die ‘ie verdient – met gemak, stijl én bescherming.</p>",1.0,stuk(s),Grijs,PVC,Raved,180.0,cm,N,,Tafelzeil,Rechthoek,N,N,,,N,,,3 maanden,,,,,N,,,Overig,140.0,cm,2.0,kg,,Hout,Geen,26.0,cm,3.0,cm,37.0,cm,2.0,kg,1 stuk,Voor binnen & buiten,Afnemen met een natte doek,11.xlsx,,,,,,,,,,,,,,,https://media.s-bol.com/r1kVJ5lr5mX6/WnAvL0o/550x550.jpg
Raved Tafelzeil – 140 cm x 50 cm – Strepen Beige – PVC - Afwasbaar,,9506293773528,Tafellaken,,"<p>Geef je tafel direct een <strong>sfeervolle make-over</strong> met dit <strong>afwasbare PVC tafelzeil</strong> met een stijlvol <strong>gestreept beige patroon</strong> – ideaal voor binnen én buiten, voor een onderhoudsvriendelijke en toch elegante tafelopstelling.</p> <p><strong>Verander je tafel in een stijlvolle, onderhoudsvriendelijke blikvanger</strong> met dit prachtige <strong>tafelzeil</strong> van het vertrouwde merk <strong>Raved</strong>. Met een breedte van 140 cm, uitgevoerd in een elegant <strong>beige strepenpatroon</strong>, combineert dit tafelzeil design en functionaliteit op een slimme manier.</p> <h3>Gemak en bescherming in één</h3> <p>Dankzij het hoogwaardige <strong>PVC-materiaal</strong> is dit tafelzeil volledig <strong>afwasbaar</strong>, waardoor je veilig kunt genieten van familiediners, knutselmomenten met kinderen of een ontspannen buitenlunch op het terras. Geen zorgen meer over vlekken, vocht of krassen: het tafelzeil beschermt jouw tafel tegen alledaagse gevaren.</p> <h3>Stijlvolle uitstraling</h3> <p>Het subtiele strepenpatroon in beige voegt direct een warme en moderne touch toe aan elk interieur of buitenruimte. Of je nu een houten tafel hebt in de eetkamer of een kunststof buiten tafel op het balkon: dit tafelzeil sluit aan op een rustige, natuurlijke kleurstelling en verhoogt de sfeer.</p> <h3>Binnen én buiten gebruik</h3> <p>Dankzij het materiaal en het ontwerp is dit tafelzeil geschikt voor zowel <strong>binnen als buiten</strong> gebruik — ideaal voor wisselende seizoenen, buiteneten in de zomer of extra bescherming in huis. Let er wel op dat je het tafelzeil bij langdurige regen of vochtigheid indrukt naar binnen haalt om verkleuring of verwering te voorkomen.</p> <h3>Specificaties & voordelen</h3> <ul> <li> <p>Materiaal: <strong>PVC</strong>, onderhoudsvriendelijk en duurzaam.</p> </li> <li> <p>Kleur/patroon: <strong>beige strepenpatroon</strong>, stijlvol en tijdloos.</p> </li> <li> <p>Geschikt voor binnen & buiten; eenvoudig schoon te maken met een vochtige doek.</p> </li> <li> <p>Ideaal voor: gezinnen met kinderen, buitengebruik, tafels die bescherming nodig hebben.</p> </li> </ul> <h3>Waarom kiezen voor dit tafelzeil?</h3> <ul> <li> <p><strong>Rust en bescherming</strong>: Verlies de tafel niet uit het oog door knoeien of geur: je beschermt jouw investering.</p> </li> <li> <p><strong>Sfeervol interieur</strong>: Je hoeft niet te kiezen tussen praktisch en mooi — dit tafelzeil levert beiden.</p> </li> <li> <p><strong>Direct resultaat</strong>: Binnen enkele minuten transformeer je je tafel zonder stoffig of langdurig renovatieproces.</p> </li> <li> <p><strong>Veelzijdig gebruik</strong>: Van kinderactiviteit tot summer-barbecue — jouw tafel is er klaar voor.</p> </li> </ul> <p>Mis deze kans niet om jouw tafel een upgrade te geven én meteen het onderhoudsgemak te ervaren. Klik op “In winkelwagen” en breng stijl én rust terug op je eettafel of buitenplek!</p>",1.0,stuk(s),Beige,PVC,Raved,50.0,cm,N,,Tafelzeil,Rechthoek,N,N,,,N,,,3 maanden,,,,,N,,,Overig,140.0,cm,1.0,kg,,Print,Geen,26.0,cm,3.0,cm,37.0,cm,1.0,kg,,Voor binnen & buiten,Machinewas 30 °C,11.xlsx,,,,,,,,,,,,,,,https://media.s-bol.com/Opm9480xqyLR/pYVjwGX/550x270.jpg
Raved Tafelzeil – 140 cm x 280 cm – Fris Fruit Rood – PVC – Afwasbaar,,9509685855949,Tafellaken,,"<p>Breng kleur en gemak naar jouw tafel met dit <strong>afwasbare PVC-tafelzeil</strong> in vrolijk rood fruitdessin. Dankzij het <strong>duurzame materiaal</strong>, het <strong>speelse motief</strong> en de <strong>gemakkelijke schoonmaak</strong> geniet je direct van een frisse tafel zonder zorgen.</p> <h3>Bescherm en verfraai je tafel in één stap</h3> <p>Met dit <strong>tafelzeil</strong> geef je je tafel niet alleen een vrolijke, uitnodigende uitstraling dankzij het fris fruitmotief in rood-tinten, maar je zorgt ook voor optimale bescherming. Het <strong>PVC-materiaal</strong> is waterafstotend en slijtvast, waardoor gemorste drankjes en vlekken nauwelijks kans krijgen. Je verlengt de levensduur van je tafel zonder in te boeten op stijl.</p> <h3>Voor gezinnen, buiten & binnen</h3> <p>Of er nu wordt gegeten, geknutseld, gespeeld of geborreld: dit tafelzeil is ideaal voor <strong>binnen en buitengebruik</strong>. Dankzij de breedte van 140 cm bedek je een standaard tafel en creëer je direct een gastvrije setting. Het afwasbare oppervlak zorgt ervoor dat je met een vochtige doek snel klaar bent — geen gedoe met wasmachines of strijken.</p> <h3>Design met karakter</h3> <p>Het motief <strong>’Fris Fruit’</strong> geeft een speelse twist aan je interieur: denk aan appels, peren, aardbeien in een frisse opstelling tegen een rode achtergrond. Dit zorgt voor dynamiek en sfeer – perfect voor kinderfeestjes, informele diners of een zonnige tuinlunch.</p> <h3>Specificaties & gebruiksgemak</h3> <ul> <li> <p><strong>Materiaal:</strong> hoogwaardig PVC, eenvoudig afneembaar</p> </li> <li> <p><strong>Kleur:</strong> rood met fruitprint</p> </li> <li> <p><strong>Gebruik:</strong> geschikt voor binnen & buiten</p> </li> <li> <p><strong>Onderhoud:</strong> enkel afnemen met een vochtige doek; geen strijken of wassen nodig</p> </li> </ul> <h3>Waarom kiezen voor dit tafelzeil?</h3> <p>Veel mensen hebben wel eens de frustratie van een tafel die snel bevlekt is of lelijk oogt door slijtage. Door te kiezen voor dit tafelzeil voorkom je die zorg – je <strong>verliest niets meer aan uitstraling</strong> en wint tijd terug. Daarnaast voeg je met het design <strong>sociale sfeer</strong> toe: gasten merken op dat je tafel er verzorgd uitziet.</p> <h3>Call to action</h3> <p>Maak dus vandaag nog de keuze voor <strong>stijl, gemak en bescherming</strong> met dit Raved tafelzeil – bestel nu en geef je tafel direct een frisse, speelse look. Gebruik ‘m voor het dagelijkse ontbijt, een buiten-etentje of gewoon omdat je tafel wat extra aandacht verdient.</p>",1.0,stuk(s),Geel; Blauw; Rood,PVC,Raved,280.0,cm,N,,Tafelzeil,Rechthoek,N,N,,,N,,,2 maanden,,,,,N,,,Gebloemd,140.0,cm,0.3,kg,,Fruit/groente,,26.0,cm,3.0,cm,37.0,cm,0.2,kg,Afnemen met een natte doek,Voor binnen & buiten,Afnemen met een natte doek,11.xlsx,,,,,,,,,,,,,,,"https://media.s-bol.com/jKDJ8DpJ7YBY/M8JMgWO/124x61.jpg,https://media.s-bol.com/nkKJOKwJnr85/M8JMgWO/124x105.jpg,https://media.s-bol.com/roO79OAVLjJk/M8JMgWO/1024x1024.jpg,https://media.s-bol.com/8N4YoDjmPWrj/82MkAgL/124x112.jpg,https://media.s-bol.com/RJ9BMVQpmyPV/82MkAgL/124x90.jpg,https://media.s-bol.com/Lz4BYVKxGZPD/82MkAgL/124x110.jpg,https://media.s-bol.com/OD49E0Nmjn5B/82MkAgL/1024x1024.jpg"
Raved Tafelzeil – 140 cm x 250 cm – Vierkant Hout-design Bruin/Beige – PVC – Afwasbaar,,9504931818679,Tafellaken,,"<p><strong>De tafelkleden van Raved zijn veelzijdig en brengen sfeer in huis. Onze Tafelkleed/Tafelzeilen zijn zowel verkrijgbaar in vrolijke motieven en prints, als in mooie effen kleuren. Een kleed van Raved is ook nog eens erg praktisch en beschermt je tafel tegen geknoei of brandplekken door hete pannen. Zo schuift iedereen met een gerust hart aan!</strong></p><h3>Voor binnen & buiten</h3><p>Dit Tafelkleed/Tafelzeil is geschikt voor zowel binnen als buiten. Let er wel op dat je het kleed naar binnen haalt als het regent, dit voorkomt namelijk verkleuring en verwering. Na gebruik is het kleed eenvoudig af te nemen met een vochtige doek en kan het weer de kast in, voor een volgend gebruik!</p><h3>Geruit design</h3><p>Dit tafelkleed/tafelzeil, met een subtiele print en neutrale kleur, past perfect binnen elk interieur. Het ontwerp bestaat uit een stijlvolle geruite print in de kleur wit en maakt uw eetkamer nog completer.</p><h3>Specificaties:</h3><p> Materiaal: PVC <br /> Afmetingen: 140 x 140 cm <br /> Kleur: Bruin & beige<br /> Inhoud: 1 stuk <br /> Onze tafelzijlen zijn geschikt voor jong en oud. Of je nu gezellig een avondje met vrienden of familie aan tafel schuift of kinderen hebt die graag knutselen en knoeien, je tafel kan alles aan!</p><p>Raved, ook wel bekend als Raved Frabrics, verkoopt zowel praktische als mooie items! Onze artikelen worden zorgvuldig geselecteerd voor de beste kwaliteit. Van prachtige tafelkleden tot de mooiste muurdecoratie: bij Raved kun je altijd terecht!</p>",1.0,stuk(s),Bruin;Beige,PVC,Raved,250.0,cm,N,,Tafelzeil,Rechthoek,N,N,,,N,,,3 maanden,,,,,N,,,Overig,140.0,cm,2.0,kg,,Hout,Geen,26.0,cm,5.0,cm,37.0,cm,2.0,kg,,Voor binnen & buiten,Afnemen met een natte doek,11.xlsx,,,,,,,,,,,,,,,https://media.s-bol.com/vRwxWrolVQlg/ZYPvlqQ/550x278.jpg
Raved Tafelzeil – 140 cm x 290 cm – Wit Ruit – PVC – Afwasbaar,,9509186673844,Tafellaken,,"<p>Geef jouw tafel een stijlvolle én praktische upgrade met <strong>afwasbaar PVC-tafelzeil</strong> in <strong>geruit wit motief</strong>, geschikt voor zowel <strong>binnen als buiten</strong>. Bescherm je tafel moeiteloos tegen vlekken en kringen – ideaal voor gezinnen en gezellige diners!</p> <p><strong>Ontdek het ruime gemak van het premium tafelzeil 10: de Raved Tafelzeil.</strong><br />Met een <strong>geruit wit motief</strong>, gemaakt van <strong>hoogwaardig PVC-materiaal</strong>, brengt dit tafelzeil direct rust, stijl en bescherming naar jouw eet­tafel. Of je nu een gezellig gezin hebt, vaak gasten ontvangt of gewoon maximaal wilt genieten zonder schoonmaakstress — dit is jouw slimme oplossing.</p> <h3>Bescherming én stijl</h3> <p>Je tafel is een ontmoetingsplek: ontbijt met het gezin, knutselen met de kinderen, een rustige lunch of een feestelijke eter­middag. Daar hoort een tafel bij die klaar is voor álles. Het <strong>PVC-tafelzeil</strong> is <strong>afwasbaar</strong>, waardoor je vloeistoffen, kruimels of knoei­momenten eenvoudig met een vochtige doek verwijdert. Geen gedoe met wassen of strijken — gewoon klaar voor het volgende moment. Het lichte geruite motief in wit zorgt voor een neutrale, frisse uitstraling die moeiteloos past in zowel modern als landelijk interieur.</p> <h3>Voor binnen én buiten</h3> <p>Dankzij het duurzame materiaal is dit tafelzeil geschikt voor <strong>binnen en buiten gebruik</strong>. Op het terras tijdens de zomer? Uitstekend. Binnen aan de keukentafel? Natuurlijk. En dankzij het onderhoudsgemak gebruik je het zonder zorgen. Let wel op: bij aanhoudende regen wordt aangeraden het binnen te halen om verwering en verkleuring te voorkomen. </p> <h3>Specificaties in één oogopslag</h3> <ul> <li> <p><strong>Materiaal</strong>: PVC (kunststof) — stevig, duurzaam en ideaal in onderhoud</p> </li> <li> <p><strong>Kleur/design</strong>: Wit met geruit motief</p> </li> <li> <p><strong>Gebruik</strong>: geschikt voor binnen & buiten</p> </li> <li> <p><strong>Onderhoud</strong>: eenvoudig afnemen met vochtige doek; geen strijken of wassen nodig</p> </li> <li> <p><strong>Waarom kiezen?</strong></p> <ul> <li> <p>Beschermt je tafel tegen vlekken, kringen en slijtage</p> </li> <li> <p>Stijlvolle uitstraling zonder concessies</p> </li> <li> <p>Gemak én kwaliteit in één</p> </li> </ul> </li> </ul> <h3>Verlies geen tijd, geniet direct</h3> <p>Waarom wachten met een nette tafel wanneer je vandaag al kunt genieten van meer rust en stijl? Het tafelzeil van Raved combineert vorm en functie op een manier die jouw dagelijkse leven makkelijker maakt. Bestel nu en maak jouw tafel klaar voor elk moment — of het nu ontbijt, diner of een knutselmiddag is. <strong>Laat je tafel gewoon weer stralen.</strong></p>",1.0,stuk(s),Wit,PVC,Raved,290.0,cm,N,,Tafelzeil,Rechthoek,N,N,,,N,,,3 maanden,,,,,N,,,Geruit,140.0,cm,2.0,kg,,Vierkantjes,Geen,26.0,cm,3.0,cm,37.0,cm,2.0,kg,,Voor binnen & buiten,Afnemen met een natte doek,11.xlsx,,,,,,,,,,,,,,,https://media.s-bol.com/B28PA3L3G2v2/vEylAV/550x266.jpg
Raved tafelzeil 140 cm × 300 cm – kersenprint rood – PVC – afwasbaar,,9505465943486,Tafellaken,,"<p>Breng direct sfeer aan tafel met dit <strong>lege­r- en vlekbestendige PVC tafelzeil</strong> van Raved in een vrolijke <strong>kersenprint</strong>. Dankzij de <strong>afwasbare kwaliteit</strong> is je tafel in no time schoon — ideaal voor dagelijks gebruik of gezellig dineren buiten.</p> <p>Creëer moeiteloos een tafelsetting die zowel stijlvol als praktisch is met dit <strong>tafelzeil van Raved</strong>. Het uitnodigende kersenmotief op een warme rode achtergrond geeft je eet- of tuintafel een frisse, speelse uitstraling — perfect voor een gezellige brunch of een uitgebreide familiediner.</p> <h3>Bescherming én sfeer</h3> <p>Met dit tafelzeil kies je niet alleen voor een leuke look, maar ook voor een slimme oplossing: het <strong>duurzame PVC-materiaal</strong> beschermt je tafel tegen slijtage, vlekken, krassen en lekkages. Geen zorgen bij een glas rode wijn of een knoeierige eter — gewoon afnemen en verder genieten. Het resultaat: een tafel die er altijd netjes uitziet én een huiskamer of terras die uitnodigt.</p> <h3>Voor binnen én buiten</h3> <p>Of je nu binnen eet of buiten op het terras zit, dit exemplaar presteert: het is <strong>afwasbaar</strong>, waterafstotend en licht onderhoudsarm. Zo kun je meer tijd besteden aan gezelschap en minder aan schoonmaak.</p> <h3>Mooi design + praktische details</h3> <ul> <li> <p><strong>Kleur/design:</strong> Rood met kersenprint — stijlvol en vrolijk.</p> </li> <li> <p><strong>Materiaal:</strong> PVC (afwasbaar) — snelle reiniging, hoge bescherming.</p> </li> <li> <p><strong>Gebruik:</strong> Geschikt voor dagelijks gebruik, kinderfeestjes, buitenmaaltijden of gezellige diners.</p> </li> </ul> <h3>Waarom dit tafelzeil kiezen?</h3> <ul> <li> <p><strong>Verliesaversie-trigger:</strong> “Bescherm je tafel nu tegen krassen en vlekken — want een nieuw tafelblad is duurder dan dit tafelzeil.”</p> </li> <li> <p><strong>Sociale bewijskracht:</strong> Het merk Raved staat bekend om kwaliteitsvolle tafelzeilen met vrolijke prints die veel huishoudens gebruiken.</p> </li> <li> <p><strong>Urgentie-element:</strong> Maak je tafel vandaag nog klaar voor gasten of een ontspannen maaltijd — wacht niet tot het weer knoeien gebeurt.</p> </li> </ul> <h3>Onderhoudstip</h3> <p>Veeg het tafelzeil eenvoudig schoon met een vochtige doek. Gebruik geen agressieve schoonmaakmiddelen om de print en het materiaal mooi te houden. Rol het los op voor langere levensduur — zo blijft de kersenprint levendig en de PVC-laag intact.</p> <p><strong>Voeg stijl, gemak en bescherming toe aan je tafel – kies vandaag dit Raved tafelzeil en geniet elke dag weer van een vrolijke tafel.</strong></p>",1.0,stuk(s),Beige; Rood; Groen,PVC,Raved,300.0,cm,N,,Tafelzeil,Rechthoek,N,N,,,N,0.0,cm,3 maanden,,,,,N,,,Effen,140.0,cm,2.0,kg,,Aardbeien,Geen,26.0,cm,3.0,cm,37.0,cm,2.0,kg,1 stuk,Voor binnen & buiten,Machinewas 30 °C,11.xlsx,,,,,,,,,,,,,,,"https://media.s-bol.com/7R3VkjQLrw1y/mwWkLEE/1024x1024.jpg,https://media.s-bol.com/q1xL9GzgBkM0/mwWkLEE/124x110.jpg,https://media.s-bol.com/2O6PPGEr7VlN/7QBMVj/1024x1024.jpg,https://media.s-bol.com/q1xL9GKNq5Vr/mwWkLEE/1024x1024.jpg,https://media.s-bol.com/v12LkNGn0p90/mwWkLEE/124x40.jpg,https://media.s-bol.com/7R3VkjPQw9zB/mwWkLEE/1024x1024.jpg"
Raved Tafelzeil 140 cm x 200 cm - Macarons Roze - PVC - Afwasbaar,,9507994577750,Tafellaken,,"<p>Maak van elke maaltijd een stijl­moment met dit <strong>afwasbare PVC tafelzeil</strong> in een vrolijke <strong>roze macarons-print</strong> – eenvoudig schoon te maken en direct sfeer aan tafel.</p> <p>**Maak indruk met het <strong>Raved Tafelzeil in roze macarons-design</strong>, de slimme keuze voor wie een tafelsetting wil die zowel mooi als functioneel is. Dit <strong>tafelzeil</strong> biedt <strong>bescherming én stijl</strong>: heeft een <strong>duurzaam PVC-materiaal</strong>, is <strong>afwasbaar</strong> met een vochtige doek en zorgt ervoor dat jouw tafel er elke dag fris uitziet.</p> <h3>Bescherming en styling in één</h3> <p>Met dit tafelzeil combineer je direct twee behoeften: bescherming van je tafel tegen kringen, knoeien, vlekken en slijtage, én een vrolijk design dat je eet- of tuintafel transformeert. De zachte roze achtergrond met speelse macarons zorgt voor een uitnodigende sfeer — perfect voor gezinsmaaltijden, gezellige borrels buiten, of als subtiel accent op je interieur.</p> <h3>Materiaal en onderhoud</h3> <p>Het tafelzeil is vervaardigd van hoogwaardig <strong>PVC</strong>, waardoor het flexibel, water- en vlekbestendig is. Dankzij de handige afneembare eigenschap (met een vochtige doek) houd je het simpel en snel schoon. Let erop dat bij langdurig gebruik buiten, het motief en de kleur het best behouden blijven als je het tafelzeil beschermt tegen extreme weersinvloeden.</p> <h3>Toepassingsmogelijkheden</h3> <p>Of je nu binnen eet of buiten op het terras aanschuift — dit tafelzeil is geschikt voor meerdere situaties: van een spontane kop koffie tot een uitgebreide barbecue met vrienden. Het maakt je tafel direct sfeervoller én praktischer. Dankzij de standaardmaat past het op de meeste tafels (controleer jouw afmetingen). Het vrolijke design haalt ook het beste in je servies en tafeldecor naar boven.</p> <h3>Waarom kiezen voor dit tafelzeil?</h3> <ul> <li> <p>**Veelzijdig gebruik **: geschikt voor zowel binnen als buiten.</p> </li> <li> <p>**Onderhoudsgemak **: eenvoudig schoon te maken, geen ingewikkeld wasprogramma.</p> </li> <li> <p>**Stijlvol motief **: macarons-print voegt direct karakter toe in plaats van een standaard effen doek.</p> </li> <li> <p><strong>Hoge kwaliteit</strong> dankzij het PVC-materiaal: bestand tegen dagelijkse gebruik.</p> </li> </ul> <h3>Let op</h3> <p>Hoewel het tafelzeil buiten gebruikt kan worden, streven we naar optimale duurzaamheid door het te beschermen tegen langdurig zon- of weergebruik.<br />Verzeker je ervan dat jouw tafelvlak schoon en droog is voordat je het tafelzeil legt voor het beste resultaat.</p> <h3>Call-to-action</h3> <p>Kies nu voor bescherming én stijl aan tafel – geef jouw eet- of tuintafel direct een upgrade met het <strong>Raved tafelzeil in roze macarons-print</strong>. Bestel vandaag nog en maak van elk moment aan tafel iets bijzonders!</p>",1.0,stuk(s),Wit; Groen; Rood; Oranje,PVC,Raved,200.0,cm,N,,Tafelzeil,Rechthoek,N,N,,,N,0.0,cm,2 maanden,,,,,N,,,Gebloemd,140.0,cm,0.3,kg,,Jungle,0657452723,26.0,cm,3.0,cm,37.0,cm,0.2,kg,contact@ravedfabrics.com,Voor binnen & buiten,Afnemen met een natte doek,11.xlsx,,,,,,,,,,,,,,,https://media.s-bol.com/m5ZGMyn7VpRR/1jkM3rP/550x550.jpg
Raved Tafelzeil – 140 cm x 140 cm – Jungle Paars – PVC – Afwasbaar,,9504479346979,Tafellaken,,"<p>Til je eetplek naar een tropisch niveau met dit <strong>jungle-patroon tafelzeil in paars</strong> van <strong>PVC</strong> dat direct bescherming biedt én stijl toevoegt. Dankzij de <strong>afwasbare coating</strong> maak je hem in een handomdraai schoon – ideaal voor gezellig binnen én ontspannen buiten.</p> <p><strong>Transformeer je tafel in een stijlvolle oase met het <strong>primair zoekwoord</strong>: tafelzeil</strong>.<br />Welkom in jouw nieuwe favoriete tafelkleed: het <strong>Raved Tafelzeil Jungle</strong> is gedrukt met een levendig jungle-motief op een diepe paarse achtergrond en vervaardigd uit duurzaam <strong>PVC</strong>. Dit tafelzeil combineert <strong>bescherming</strong>, <strong>stijl</strong> en <strong>practiciteit</strong> in één.</p> <h3>Bescherming die je ziet én voelt</h3> <p>Dagelijks gebruik, etentjes met vrienden of een relaxte middag buiten — jouw tafel krijgt heel wat te verduren. Dit tafelzeil pakt die uitdaging stevig aan: het PVC-materiaal is <strong>afwasbaar</strong>, waardoor gemorste dranken, vlekken of kringen verleden tijd worden. Zo blijft jouw tafel fris, mooi en uitnodigend.</p> <h3>Design met karakter</h3> <p>Met de jungle-print krijgt je eetplek direct een karaktervolle draai: tropische bladeren, grafische patronen en de warme paarse kleur maken van een simpele tafel een sfeervol middelpunt. Of je ’m gebruikt in de woonkamer, keuken of op het terras — het is een statement stuk dat zowel binnen als buiten tot z’n recht komt (controleer bij blootstelling aan zon).</p> <h3>Praktisch in gebruik</h3> <ul> <li> <p>Materiaal: stevig PVC, geschikt voor intensief gebruik.</p> </li> <li> <p>Kleuren: paars met jungle-motief — een frisse variant die niet in het interieur verdwijnt.</p> </li> <li> <p>Onderhoud: afvegen met vochtige doek, geen gedoe met wassen of strijken.</p> </li> </ul> <h3>Waarom kiezen voor deze versie?</h3> <ul> <li> <p><strong>USP 1</strong>: Afwasbaar PVC — direct resultaat, geen vlekkenstress.</p> </li> <li> <p><strong>USP 2</strong>: Jungle-design in paars — onderscheidend, stijlvol en vrolijk.</p> </li> <li> <p><strong>USP 3</strong>: Geschikt voor dagelijks gebruik én bijzondere gelegenheden.<br />Stel je voor: je serveert koffie met vrienden, de kinderen kleuren aan tafel, buiten schijnt de zon — en je tafel ziet er perfect uit zonder dat je je zorgen hoeft te maken.</p> </li> </ul> <h3>Eenvoudig combineren</h3> <p>Dankzij de unieke paars-jungle print combineert dit tafelzeil makkelijk met andere accessoires: neutrale stoelen, houten tafelblad, planten in de omgeving. Het versterkt een moderne of bohemian stijl, maar past ook bij buiten meubels.</p> <h3>Call-to-action</h3> <p>Wacht niet langer: geef je eet- of tuintafel de bescherming én uitstraling die hij verdient. Klik op “In winkelwagen” en kies bewust voor stijl én gemak met dit afwasbare tafelzeil.</p>",1.0,stuk(s),Groen; Oranje; Paars; Geel,PVC,Raved,140.0,cm,N,,Tafelzeil,Rechthoek,N,N,,,N,0.0,cm,2 maanden,,,,,N,,,Gebloemd,140.0,cm,0.3,kg,,citroen,,26.0,cm,3.0,cm,37.0,cm,0.2,kg,Afnemen met een natte doek,Voor binnen & buiten,Afnemen met een natte doek,11.xlsx,,,,,,,,,,,,,,,"https://media.s-bol.com/Jxmpx3g4z4gK/G6M1pWK/124x60.jpg,https://media.s-bol.com/705Z0PrJl96B/G6M1pWK/124x105.jpg,https://media.s-bol.com/Kynqy3jYYjOM/G6M1pWK/1024x1024.jpg,https://media.s-bol.com/Bm5Zm3J88Zno/G6M1pWK/1024x1024.jpg,https://media.s-bol.com/NBqwB3mlXzBp/G6M1pWK/124x112.jpg,https://media.s-bol.com/Lzorz3kYYkgX/G6M1pWK/124x110.jpg,https://media.s-bol.com/nkpykwqlZ7XW/G6M1pWK/124x90.jpg"
Raved Tafelzeil – 140 cm x 230 cm – Hout Celadon – PVC – Afwasbaar,,9506789946313,Tafellaken,,"<p>Bescherm je tafel stijlvol met dit <strong>PVC-tafelzeil in houtlook (Celadon)</strong> dat direct <strong>sfeervolle uitstraling, een afwasbare laag en duurzame houtprint</strong> biedt. Ideaal voor binnen én buiten, zodat jij ontspannen kunt genieten zonder zorgen om vlekken of brandplekken.</p> <p>Maak kennis met het <strong>premium tafelzeil</strong> van Raved — speciaal ontworpen voor wie zijn tafel wil beschermen én verfraaien. Met het <strong>primair zoekwoord “tafelzeil”</strong> voeren we meteen het gesprek over de directe oplossing voor jouw verzorgde woonstijl.</p> <h3>Sfeervolle houtlook-stijl</h3> <p>Het tafelzeil is uitgevoerd in de trendy kleur <strong>Celadon</strong>, gecombineerd met een elegante <strong>houtlookprint</strong> waardoor de uitstraling luxe én natuurlijk is. Het geeft jouw eet- of tuintafel een frisse upgrade zonder dat je een compleet nieuw tafelblad hoeft te kopen.</p> <h3>Duurzaam materiaal & eenvoudig onderhoud</h3> <p>Gemaakt van <strong>PVC</strong>, dit tafelzeil is volledig <strong>afwasbaar</strong> – ideaal bij koffiekringen, kinderspetters of een barbecue op het terras. Dankzij de beschermende laag hoef je je geen zorgen meer te maken over brandplekken of randen van een hete pan; het tafelzeil houdt stand in het dagelijks gebruik. </p> <h3>Voor binnen én buiten</h3> <p>Of je nu een diner hebt in de gezellige eetkamer of een borrel op het balkon, dit tafelzeil is gemaakt voor veelzijd gebruik. De breedte van 140 cm past op veel standaard tafels, waardoor hij zeer geschikt is voor zowel kleinere als middelgrote tafels. </p> <h3>Praktische voordelen in één oogopslag</h3> <ul> <li> <p>Beschermt tegen vlekken, krassen en hitte – ideaal bij gezinsgebruik of bezoek.</p> </li> <li> <p>Lichtgewicht én snel te bevestigen – perfect voor een spontaan etentje buiten.</p> </li> <li> <p>Stijlvol houtlook-design in Celadon – past bij moderne én klassieke interieurstijlen.</p> </li> <li> <p>Afwasbaar en gemakkelijk schoon te maken – minder schoonmaakkosten, meer tijd voor samenzijn.</p> </li> </ul> <h3>Beschrijf het materiaal, maat en merk</h3> <p>Het product komt van merk Raved, in de maat 140 cm x 160 cm, gemaakt van hoogwaardig PVC met een afwasbare toplaag. De houtlookprint in Celadon zorgt voor een rustige en natuurlijke uitstraling bovenop de praktische eigenschappen.</p> <h3>Verliesaversie + sociale bewijskracht</h3> <p>Stel je voor: een mooie stoel, familie of vrienden aan tafel… en dan een glas rode wijn zakt over het tafelblad. Zonder goed bescherming-tafelzeil kun je reparaties of vervanging overwegen. Met dit tafelzeil voel je jezelf gerust—je tafel blijft zoals nieuw. Laat je tafel niet zijn uitstraling verliezen. Kies voor bescherming én stijl zoals al veel tevreden klanten doen.</p> <h3>Call-to-action</h3> <p>Til je tafel naar een hoger niveau van stijl én functioneel gemak — kies nu voor dit afwasbare PVC-tafelzeil in houtlook Celadon en geniet direct van rust, sfeer en onderhoudsgemak. Bestel vandaag nog en geef je tafel de bescherming die hij verdient!</p>",1.0,stuk(s),Celadon,PVC,Raved,230.0,cm,N,,Tafelzeil,Rechthoek,N,N,,,N,,,3 maanden,,,,,N,,,Overig,140.0,cm,2.0,kg,,Hout,Geen,26.0,cm,3.0,cm,37.0,cm,2.0,kg,1 stuk,Voor binnen & buiten,Afnemen met een natte doek,11.xlsx,,,,,,,,,,,,,,,"https://media.s-bol.com/yD69GEl14xvP/1KO6q0/124x61.jpg,https://media.s-bol.com/xBnw0gDMW3Mr/wGqg2z/124x105.jpg,https://media.s-bol.com/A2NgLp5ZEVZz/wGqg2z/1024x1024.jpg,https://media.s-bol.com/G2vok0jmNlm0/wGqg2z/124x112.jpg,https://media.s-bol.com/yDox4jENW3NW/wGqg2z/124x89.jpg,https://media.s-bol.com/ZRGmA3MNr1QE/ky8WL5/124x110.jpg,https://media.s-bol.com/62kll2mEyNRV/wGqg2z/1024x1024.jpg"
Raved – Tafelzeil 140 cm x 290 cm – Paarse Bloesem op Groen – PVC Afwasbaar – Binnen & Buiten,,9508542382529,Tafellaken,,"<p>Ontdek met dit <strong>duurzame PVC-tafelzeil</strong> van <strong>Raved</strong> een stijlvolle en praktische bescherming voor uw tafel: het motief met <strong>paarse bloesem op een groene achtergrond</strong> zorgt voor sfeer, terwijl het <strong>afwasbare materiaal</strong> smeer- en vlekvrij blijft </p> <p>Maak van iedere tafelsetting een warme uitnodiging met het <strong>tafelzeil</strong> van <strong>Raved</strong> in het motief <strong>paarse bloesem op groen</strong>. Met subtiele elegantie én stevige functionaliteit biedt dit product een slimme oplossing voor wie zowel stijl als gemak verlangt.</p> <h3>Elegant motief, frisse sfeer</h3> <p>Het opvallende design met <strong>paarse bloesem</strong> tegen een <strong>groene achtergrond</strong> geeft direct een natuurlijke, bloemrijke uitstraling aan uw tafel. Of u nu een gezellige lunch organiseert, een familiediner of een zomerse barbecue op het terras – dit tafelzeil voegt sfeer toe <strong>zonder dat u extra decoratie hoeft te bedenken</strong>.</p> <h3>Praktisch materiaal voor dagelijks gebruik</h3> <p>Gemaakt van <strong>PVC</strong>, is het tafelzeil volledig <strong>afwasbaar</strong>, wat betekent dat u vlekken, kruimels, etens­sappen en krassen moeiteloos kunt reinigen met een vochtige doek. Dankzij dit materiaal is de beschermingsfunctie gewaarborgd: uw tafel blijft netjes en mooi, zonder dat u telkens een hardnekkige schoonmaak hoeft in te plannen.</p> <h3>Voor binnen én buiten</h3> <p>Dankzij het robuuste maar stijlvolle materiaal is dit zeil geschikt voor gebruik zowel binnen als buiten. Denk aan tafelavonden in de eetkamer, een zomers terrasmoment of een feestelijke tuin­setting. Het motief brengt gezelligheid mee, het materiaal brengt duurzaamheid – een slimme combinatie van emotie én logica.</p> <h3>Waarom kiezen voor dit tafelzeil van Raved?</h3> <ul> <li> <p><strong>Bescherming</strong>: vlekken, krassen en slijtage krijgen geen kans dankzij het sterke PVC-materiaal.</p> </li> <li> <p><strong>Design & sfeer</strong>: bloemenmotief in paars op groen zorgt voor een verfrissende uitstraling en voegt direct karakter toe.</p> </li> <li> <p><strong>Onderhoudsgemak</strong>: afnemen met een vochtige doek is voldoende – geen ingewikkeld wasprogramma.</p> </li> <li> <p><strong>Veelzijdigheid</strong>: geschikt voor dagelijks gebruik en speciale gelegenheden, binnen én buiten.</p> </li> </ul> <h3>Specificaties op een rij</h3> <ul> <li> <p>Merk: <strong>Raved</strong></p> </li> <li> <p>Materiaal: <strong>PVC</strong></p> </li> <li> <p>Kleur / motief: groen met paarse bloesem, bloemen­print</p> </li> <li> <p>Geschikt voor binnen & buiten</p> </li> </ul> <p>Laat uw tafel niet aan z’n lot over met een simpel kleed dat snel vlekken of slijtage toont. Investeer in een <strong>stijlvol tafelzeil</strong> dat houdt wat het belooft: bescherming én uitstraling. Wacht niet te lang – maak van elke maaltijd een sfeervol moment en kies vandaag nog voor dit praktische én mooie tafelzeil van Raved. <strong>Klik op ‘In winkelwagen’ en geef uw tafel de upgrade die hij verdient.</strong></p>",1.0,stuk(s),Paars,PVC,Raved,290.0,cm,N,,Tafelzeil,Rechthoek,N,N,,,N,,,3 maanden,,,,,N,,,Gebloemd,140.0,cm,2.0,kg,,Bloemen,Geen,26.0,cm,3.0,cm,37.0,cm,2.0,kg,1 stuk,Voor binnen & buiten,Afnemen met een natte doek,11.xlsx,,,,,,,,,,,,,,,"https://media.s-bol.com/xgkz2L0rmEGP/lOWL6qV/124x110.jpg,https://media.s-bol.com/8V2zMKyzvwVW/lOWL6qV/1024x1024.jpg,https://media.s-bol.com/l1Yk2EyPRzl1/lOWL6qV/124x40.jpg,https://media.s-bol.com/m5Z0YNzPq1g9/lOWL6qV/1024x1024.jpg,https://media.s-bol.com/j1Rg06wkQmRP/lOWL6qV/1024x1024.jpg,https://media.s-bol.com/n15mg6APRB0p/lOWL6qV/1024x1024.jpg"
Raved Tafelzeil – 140 cm x 100 cm – Boerenbont Ruit Donker Blauw – PVC – Afwasbaar,,9506994315287,Tafellaken,,"<p>Geef je tafel direct sfeer én gemak met dit <strong>premium PVC-tafelzeil</strong> van Raved in een <strong>boerenbont ruit donkerblauw</strong> design: <strong>afwasbaar</strong>, geschikt voor binnen én buiten – stijlvol, praktisch, zorgeloos.</p> <p><strong>Productbeschrijving</strong><br />Ontdek het <strong>boerenbont ruit donkerblauw tafelzeil</strong> van Raved — een stijlvolle blend van nostalgie en modern gebruiksgemak. Dit <strong>tafelzeil</strong> is vervaardigd met een <strong>bovenlaag van PVC</strong>, wat zorgt voor een glad, water- en vlekbestendig oppervlak, en een robuuste onderlaag (non-woven vlies/polyester) die garant staat voor stabiliteit en comfort. Dankzij het klassieke boerenbont-ruit patroon in donkerblauw verandert je tafel in een warme uitnodiging voor elke maaltijd, van gezellige familiediners tot ontspannen buitenlunches.</p> <h3>Sfeer en stijl</h3> <p>Met het kenmerkende boerenbont-ruit ontwerp kies je bewust voor een tijdloos interieuraccent. De kleur <strong>donkerblauw</strong> geeft je tafelblad een elegante, rustgevende uitstraling en combineert moeiteloos met zowel natuurlijke houttinten als moderne metalen en glas. Of je nu binnen aan de eettafel zit of buiten op het terras, dit tafelzeil brengt direct karakter en een huiselijke sfeer.</p> <h3>Praktisch gemak – onderhoud zonder zorgen</h3> <p>Dankzij het duurzame <strong>PVC-materiaal</strong> is dit tafelzeil <strong>afwasbaar</strong>, wat betekent dat gemorste dranken, etensresten of vette vingers eenvoudig met een vochtige doek te verwijderen zijn. Geen wasmachine nodig — simpel en snel schoon voor dagelijks gebruik. Bovendien is het geschikt voor binnen én buitengebruik, waardoor je met één product meerdere tafels in huis of tuin kunt aankleden. </p> <h3>Bescherming én duurzaamheid</h3> <p>Dit Raved tafelzeil fungeert niet alleen als decoratie, maar beschermt ook je tafel tegen krassen, hitte van pannen, knoeien door kinderen of gasten, en UV-verlies wanneer je buiten zit. Hierdoor voelt elke maaltijd als een zorgeloze ervaring. </p> <h3>Specificaties & voordelen in één oogopslag</h3> <ul> <li> <p><strong>Patroon</strong>: klassieke boerenbont-ruit</p> </li> <li> <p><strong>Kleur</strong>: donkerblauw</p> </li> <li> <p><strong>Materiaal</strong>: PVC bovenlaag + non-woven/vlies onderlaag</p> </li> <li> <p><strong>Gebruik</strong>: binnen & buiten</p> </li> <li> <p><strong>Onderhoud</strong>: afwasbaar, eenvoudig schoon te maken</p> </li> <li> <p><strong>Sfeer</strong>: tijdloos, gezellig, uitnodigend</p> </li> <li> <p><strong>Praktisch</strong>: beschermt tafel, geschikt voor dagelijks gebruik</p> </li> </ul> <h3>Waarom kiezen voor deze variant?</h3> <p>Als je zoekt naar een tafelzeil dat net even anders is — stijlvol én slim — dan biedt deze boerenbont-ruit variant in donkerblauw precies dat. Geen concessies tussen uitstraling en functionaliteit. Met dit tafelzeil maak je snel indruk op je gasten, en kun je zonder extra inspanning genieten van je tafelsetting. Verspil geen tijd meer aan was­ of vervangingen, én geef je interieur een warme upgrade.</p> <h3>Call-to-action</h3> <p>Breng vandaag nog sfeer in huis of op het terras met dit stijlvolle en praktisch onderhoudsvriendelijke tafelzeil. Klik op bestellen en geef je tafel direct die klassieke én slimme uitstraling die je verdient!</p>",1.0,stuk(s),Blauw,PVC,Raved,100.0,cm,N,,Tafelzeil,Rechthoek,N,N,,,N,,,3 maanden,,,,,N,,,Geruit,140.0,cm,2.0,kg,,Vierkantjes,Geen,26.0,cm,3.0,cm,37.0,cm,2.0,kg,,Voor binnen & buiten,Afnemen met een natte doek,11.xlsx,,,,,,,,,,,,,,,"https://media.s-bol.com/jkv01gWvPGvP/4NjLR0/124x61.jpg,https://media.s-bol.com/mnOgpLAAVOlp/qykoG2/124x105.jpg,https://media.s-bol.com/gGZNjBrrV2Z3/qykoG2/1024x1024.jpg,https://media.s-bol.com/4JvYgkOj3R0J/12WoDm/124x110.jpg,https://media.s-bol.com/kl8NnJyyV78E/qykoG2/124x112.jpg,https://media.s-bol.com/jkZNmGxxV8Zl/qykoG2/124x89.jpg,https://media.s-bol.com/JWGG9DnDY7lD/76OE8y/1024x1024.jpg"
Raved - Tafelzeil 140 cm x 230 cm - Boerenbont Ruit Rood - PVC Afwasbaar,,9505862632563,Tafellaken,,"<p>Geef uw tafel direct een huiselijke uitstraling met dit <strong>Boerenbont-ruit tafelzeil</strong> van Raved Tafelzeil Boerenbont Ruit Rood PVC Afwasbaar. Dankzij het <strong>waterafstotende PVC-materiaal</strong> en <strong>afwasbare oppervlak</strong> geniet u zonder zorgen van maaltijden met familie. Het vrolijke rood-witte ruitpatroon brengt sfeer in huis en buiten.</p> <p>Breng direct sfeer en gemak naar uw eet- of tuintafel met het <strong>primair zoekwoord “tafelzeil Boerenbont ruit rood”</strong>. Dit tafelzeil van het merk Raved combineert stijl en functionaliteit: het <strong>materiaal PVC</strong> zorgt ervoor dat morsen, vlekken en slijtage minder impact hebben, terwijl het klassieke <strong>kleur rood/wit</strong> en het vertrouwde boerenbont-ruitpatroon elk interieur opfleuren.</p> <h3>Voordelen & sfeer</h3> <ul> <li> <p>Door het opvallende <strong>ruitpatroon</strong> creëert u een uitnodigende, gezellige tafelsfeer – perfect voor familie­diners, knutselmomenten met de kinderen of een barbecue op het terras.</p> </li> <li> <p>Dankzij het <strong>afwasbare oppervlak</strong> is schoonmaken eenvoudig: neem het tafelzeil af met een vochtige doek en de tafel is weer klaar voor gebruik. Verlies geen tijd aan uitgebreide onderhoud.</p> </li> <li> <p>Geschikt voor zowel <strong>binnen als buitengebruik</strong>: organiseer zomeravonden in de tuin zonder zorgen dat uw tafel direct beschadigt door knoeien of weersinvloeden. </p> </li> </ul> <h3>Specificaties & duurzaamheid</h3> <p>Het tafelzeil is voorzien van een stevige <strong>PVC-bovenlaag</strong>, waardoor het minder snel kreukt of slijt bij dagelijks gebruik. Het <strong>kleurcontrast rood/wit</strong> zorgt voor krachtige visuele impact. Omdat we de maat weglaten (zoals gewenst) blijft dit tekstblok flexibel voor meerdere maatvarianten. Het product is bovendien beschikbaar in meerdere lengtematen waardoor u de precieze afmeting kunt kiezen die past bij uw tafel. </p> <h3>Context & koop­motivatie</h3> <p>Stelt u zich voor: kinderen die spelen aan tafel, vrienden die verschijnen voor een etentje – en u hoeft zich geen zorgen te maken over snelle vlekken of slijtage. Dit tafelzeil voorkomt dat uw mooiste tafel dagelijks beschermd moet worden. Met de <strong>USP’s “afwasbaar”, “PVC duurzaam” en “stijlvol patroon”</strong> kiest u niet alleen voor een functioneel product, maar ook voor een stijl­upgrade.</p> <p>Wacht niet te lang: wanneer de eerste zomeravonden komen, of wanneer u bezoek krijgt, wilt u direct klaar zijn. Voeg dit tafelzeil vandaag toe aan uw winkelwagen en geef uzelf de rust van een tafel die direct op en top is – zonder gedoe, met maximale sfeer.<br /><strong>Klik op “Toevoegen aan winkelwagen” en maak van uw tafel het middelpunt van gezelligheid!</strong></p>",1.0,stuk(s),Rood,PVC,Raved,230.0,cm,N,,Tafelzeil,Rechthoek,N,N,,,N,,,3 maanden,,,,,N,,,Geruit,140.0,cm,2.0,kg,,Ruitjes,Geen,26.0,cm,3.0,cm,37.0,cm,2.0,kg,1 stuk,Voor binnen & buiten,Machinewas 30 °C,11.xlsx,,,,,,,,,,,,,,,"https://media.s-bol.com/NJkW8Pjp0DKD/vg6wP0M/1024x1024.jpg,https://media.s-bol.com/JB6WPLj4wD9o/vg6wP0M/1024x1024.jpg,https://media.s-bol.com/mnOgmWPkPlGR/nv9lK7/124x105.jpg,https://media.s-bol.com/zkpYn04JzGOq/vg6wP0M/124x111.jpg,https://media.s-bol.com/jkZNjWPBNRBY/nv9lK7/1024x1024.jpg,https://media.s-bol.com/noxj0WPlPn85/nv9lK7/124x89.jpg,https://media.s-bol.com/o0VkoWPmPp7Y/nv9lK7/124x112.jpg,https://media.s-bol.com/n8M0VD7W4AAD/nv9lK7/1024x1024.jpg,https://media.s-bol.com/LE9WPN1kzEmA/vg6wP0M/1024x1024.jpg,https://media.s-bol.com/BqB9nzXApyNN/vg6wP0M/124x40.jpg,https://media.s-bol.com/BqB9nzX00o6Q/vg6wP0M/1024x1024.jpg"
Raved Tafelzeil 140 cm x 300 cm – Lavendel print – PVC - Afwasbaar – Binnen & Buiten,,9508953626533,Tafellaken,,"<p>Breng moeiteloos sfeer én praktisch gemak naar je tafel met dit <strong>afwasbare PVC tafelzeil</strong> in rustgevend <strong>lavendel-motief</strong>. Bescherm je tafel tegen vlekken en krassen terwijl je geniet van een stijlvolle binnen- of buitensetting.</p> <p>Maak van iedere maaltijd een ontspannen beleving met dit <strong>tafelzeil</strong> van Raved, speciaal ontworpen voor wie stijl en gemak wil combineren. Het <strong>primair zoekwoord “tafelzeil”</strong> komt hier in de eerste alinea, zodat het direct duidelijk is wat het product is.</p> <h3>Sfeervolle bescherming voor je tafel</h3> <p>Het tafelzeil is uitgevoerd in <strong>PVC</strong>, een materiaal dat stevig is, licht in onderhoud en zeer geschikt voor dagelijks gebruik in een druk gezin of bij gezellige buitenetentjes. Het prachtige <strong>lavendel-motief</strong> zorgt voor een rustgevende uitstraling — denk aan een veld vol lavendel dat zich uitstrekt over je tafel: verfijnd, stijlvol, en perfect passend in moderne interieurs of landelijke tuinen.</p> <h3>Veelzijdig binnen en buiten</h3> <p>Of je nu binnen aan de eettafel zit of buiten op het terras geniet van koffie en taart, dit tafelzeil is gemaakt voor beide situaties. Dankzij het onderhoudsvriendelijke PVC-oppervlak kun je makkelijk gemorste koffie, taartglazuur of jus wegvegen — dus geen stress meer over vlekken of bubbeltjes. Volgens de productpagina is het eenvoudig schoon te maken met een vochtige doek. </p> <h3>Specificaties & voordelen</h3> <ul> <li> <p>Materiaal: <strong>PVC</strong> — duurzaam, water- en vuilafstotend, bestand tegen dagelijkse slijtage. </p> </li> <li> <p>Kleur / design: <strong>lavendel print</strong> — een zachte, natuurlijke tint die rust uitstraalt en jouw interieur of tuinsetting direct opwaardeert.</p> </li> <li> <p>Onderhoud: <strong>afwasbaar / afnemen met vochtige doek</strong> — ideaal voor gezinnen, feestjes, buitengebruik. </p> </li> <li> <p>Gebruik: geschikt voor binnen én buiten — je hoeft niet voor elk seizoen een ander kleed aan te schaffen.</p> </li> <li> <p>Eigenschappen: beschermt je tafel tegen krassen, vlekken en vocht — zo blijft je tafel mooi en hoef je minder vaak te vervangen of te repareren.</p> </li> </ul> <h3>Waarom kiezen voor dit tafelzeil?</h3> <p>De emotie speelt hier mee: je wilt geen last van knoeien, vlekken of een tafel die snel versleten is. Met dit tafelzeil kun je zonder zorgen aanschuiven — de praktische bescherming zorgt dat je tafel veilig is, terwijl het lavendel-design je eetmoment opwaardeert. Je creëert sfeer zonder in te boeten op functionaliteit. En logistiek gezien: minder zorgen over tafelzeil dat snel slijt of moeilijk schoon te maken is — dat betekent een betere koopervaring én minder herhaalbestelling door falende kwaliteit.</p> <h3>Call to action</h3> <p>Voeg vandaag nog dit stijlvolle en onderhoudsvriendelijke tafelzeil toe aan je winkelwagen en geef jouw tafel de bescherming én uitstraling die het verdient. Bestel nu en transformeer elke tafelsetting in een ontspannen en sfeervol moment.</p>",1.0,stuk(s),Paars; Blauw; Geel,PVC,Raved,300.0,cm,N,,Tafelzeil,Rechthoek,N,N,,,N,0.0,cm,2 maanden,,,,,N,,,Gebloemd,140.0,cm,0.3,kg,,Kersen - Bloemen - Zomer,,26.0,cm,3.0,cm,37.0,cm,0.2,kg,Afnemen met een natte doek,Voor binnen & buiten,Afnemen met een natte doek,11.xlsx,,,,,,,,,,,,,,,"https://media.s-bol.com/Z14RGPDgW4jw/58okVAK/124x118.jpg,https://media.s-bol.com/Y86RYOBxrXYY/58okVAK/1024x1024.jpg,https://media.s-bol.com/g05PDly8KWWl/58okVAK/1024x1024.jpg,https://media.s-bol.com/KDOR7wGGPRG8/58okVAK/124x40.jpg,https://media.s-bol.com/4O8JvNDMR5y7/58okVAK/1024x1024.jpg,https://media.s-bol.com/n1ZPmvlAEV6D/58okVAK/1024x1024.jpg"
Raved Tafelzeil – 140 cm x 250 cm – Driehoek Wit/Zwart – PVC – Afwasbaar – Binnen & buiten,,9509134497294,Tafellaken,,"<p>Met dit <strong>afwasbare PVC tafelzeil</strong> geef je jouw tafel direct een stijlvolle upgrade én stevige bescherming. Het <strong>driehoek-patroon in wit met zwart</strong>, gecombineerd met eenvoudig onderhoud en <strong>gebruik binnen én buiten</strong>, maakt dit tafelzeil de slimme keuze voor gezinnen en tafels met een druk leven.</p> <p><strong>Maak kennis met het tafelzeil dat stijl en functie moeiteloos combineert.</strong> Het <strong>Raved tafelzeil met driehoek patroon</strong> biedt een frisse look met zijn <strong>wit/zwart geometrisch design</strong>, én staat voor <strong>praktisch gemak</strong> dankzij het hoogwaardige <strong>PVC-materiaal</strong>. Of je nu dagelijks dineert met het gezin, gasten ontvangt of op het terras geniet van een ochtendkoffie — dit tafelzeil is voorbereid op elk scenario.</p> <h3>Bescherming + stijl</h3> <p>Je tafelblad verdient de zorg die het verdient. Met dit tafelzeil voorkom je vlekken, kringen, knoeiwerk en zelfs lichte brandplekken door hete pannen: het is namelijk gemaakt voor intensief gebruik. Het <strong>afwasbare PVC-oppervlak</strong> zorgt dat je met een vochtige doek snel schoon bent — geen stress meer na het avondeten.</p> <h3>Geometrisch design dat opvalt</h3> <p>Het driehoek-motief in zwart op een witte ondergrond geeft jouw eetruimte een moderne uitstraling. Hierdoor past het zowel in een strak interieur als een gezellige, huiselijke setting. Het design is niet alleen mooi, maar ook functioneel: het patroon camoufleert lichte vlekken tot je tijd hebt om schoon te maken.</p> <h3>Binnen én buiten gebruik</h3> <p>Dit tafelzeil is geschikt voor gebruik in de eetkamer, keuken én op het terras. Dankzij PVC is het beter bestand tegen vocht en lichte weersinvloeden. Wel is het verstandig om het af te dekken of binnen te halen bij slecht weer om verkleuring of beschadiging te voorkomen — zo behoud je maximale levensduur.</p> <h3>Specificaties in één oogopslag</h3> <ul> <li> <p>Materiaal: <strong>PVC</strong> – stevig, afwasbaar, duurzaam</p> </li> <li> <p>Kleur: Wit met zwart driehoek-patroon</p> </li> <li> <p>Patroon: Geometrisch (driehoeken)</p> </li> <li> <p>Gebruik: Voor tafels binnen en buiten</p> </li> <li> <p>Onderhoud: Veeg schoon met vochtige doek — gebruik geen schuurmiddelen of bleekmiddel. </p> </li> <li> <p>Merk: Raved</p> </li> </ul> <h3>Waarom kiezen voor dit tafelzeil?</h3> <p>Veel tafelkleden zijn lastig schoon te maken, glijden weg of zijn alleen geschikt voor binnen. Dit model is <strong>speciaal ontworpen voor het drukke gezinsleven</strong>: gemak, bescherming en stijl in één. Het mooie design laat jouw interieur tot zijn recht komen, terwijl jij zorgeloos kunt tafelen.</p> <h3>Call-to-action</h3> <p>Gun jezelf een tafel die weer straalt — klik op ‘bestellen’ en voeg vandaag nog dit stijlvolle én praktische tafelzeil toe aan jouw woondecoratie. Bescherm, decoreer en ontspan met het Raved tafelzeil.</p>",1.0,stuk(s),Wit,PVC,Raved,250.0,cm,N,,Tafelzeil,Rechthoek,N,N,,,N,,,3 maanden,,,,,N,,,Effen,140.0,cm,2.0,kg,,Ruitjes,Geen,26.0,cm,3.0,cm,37.0,cm,2.0,kg,1 stuk,Voor binnen & buiten,Machinewas 30 °C,11.xlsx,,,,,,,,,,,,,,,https://media.s-bol.com/m5ZNM6QvRgXG/qjWogND/550x550.jpg
Raved Tafelzeil – 140 cm x 320 cm – Zomer Fruit – Paars – PVC – Afwasbaar,,9509579316952,Tafellaken,,"<p>Breng direct vrolijkheid aan tafel met dit <strong>afwasbare PVC tafelzeil</strong> in een <strong>paars zomerfruit-design</strong>, perfect voor binnen én buiten. Bescherm je tafel én creëer een stijlvolle setting met <strong>duurzaam en makkelijk schoon te maken materiaal</strong>.</p> <p>Ontdek het <strong>primaire zoekwoord: tafelzeil</strong> in stijl met het <strong>Raved Tafelzeil Zomer Fruit Paars – PVC – Afwasbaar</strong>. Heb je genoeg van vlekken op je tafelkleed, of een saaie tafelsetting? Dit tafelzeil biedt de perfecte combinatie van vrolijk design, functionaliteit en kwaliteit.</p> <h3>Sfeervolle uitstraling</h3> <p>Het tafelzeil is voorzien van een <strong>paars achtergrond-kleur</strong> met een speels zomerfruit-motief, zoals sappige bessen en kersen, wat direct sfeer toevoegt aan je eet- of tuintafel. Deze uitstraling verandert een dagelijkse maaltijd in een klein feestje. Het is ideaal wanneer je gasten hebt of gewoon zin hebt in een vrolijke twist bij je ontbijt of barbecue.</p> <h3>Materiaal & onderhoud</h3> <p>Gemaakt van hoogwaardig <strong>PVC-materiaal</strong>, dit tafelzeil is <strong>afwasbaar</strong> en daardoor bijzonder geschikt voor gezinnen met kinderen, buitengebruik, of elke situatie waarin gemorst kan worden. Een vochtig doekje volstaat om het weer schoon en fris te krijgen. Dankzij het materiaal is het weerbestendig genoeg voor buitengebruik, zolang het niet continu blootstaat aan extreme weersomstandigheden.</p> <h3>Geschikt voor veel situaties</h3> <p>Of je nu een compacte eettafel hebt in de woonkamer of een ruime tuinset buiten, met dit tafelzeil creëer je direct een verzorgde tafelsetting. Het is geschikt voor binnen <strong>én buiten</strong>. Dankzij het eenvoudige onderhoud en het duurzame materiaal hoef je je geen zorgen meer te maken over vlekken, slijtage of rommel na een feestelijke lunch.</p> <h3>Waarom kiezen voor Raved?</h3> <ul> <li> <p><strong>US P 1:</strong> Vrolijk zomerfruit-dessin dat je tafel direct transformeert.</p> </li> <li> <p><strong>US P 2:</strong> Afwasbaar PVC-materiaal — makkelijk in onderhoud, perfect voor dagelijks gebruik.</p> </li> <li> <p><strong>US P 3:</strong> Binnen én buiten inzetbaar — één tafelkleed voor meerdere ruimtes.<br />Met deze drie sterke voordelen kies je niet alleen voor stijl, maar voor slimme functionaliteit.</p> </li> </ul> <h3>Specificaties</h3> <ul> <li> <p>Merk: Raved</p> </li> <li> <p>Materiaal: PVC</p> </li> <li> <p>Kleur: Paars met zomerfruit-motief</p> </li> <li> <p>Gebruik: Binnen & buiten, tafelbescherming & decoratie</p> </li> <li> <p>Onderhoud: eenvoudig schoon te maken met vochtige doek</p> </li> </ul> <p>Laat geen rommel, vlekken of neutraal tafelbeeld je eetmoment beïnvloeden. Met dit tafelzeil maak je van elke maaltijd – lunch, diner of buitenbarbecue – een sfeervolle gebeurtenis. Verrijk je tafel vandaag nog met dit praktische én stijlvol accent. <strong>Voeg nu toe aan je winkelwagen en til je tafelsetting naar een hoger niveau!</strong></p>",1.0,stuk(s),Roze; Blauw; Geel,PVC,Raved,320.0,cm,N,,Tafelzeil,Rechthoek,N,N,,,N,0.0,cm,2 maanden,,,,,N,,,Geruit,140.0,cm,0.3,kg,,Bloemen,,26.0,cm,3.0,cm,37.0,cm,0.2,kg,Afnemen met een natte doek,Voor binnen & buiten,Afnemen met een natte doek,11.xlsx,,,,,,,,,,,,,,,https://media.s-bol.com/1N88wVVw3Kv0/lY2JYvJ/550x270.jpg
Raved – Tafelzeil – 140 × 290 cm – Gekleurde ruitjes – PVC – Afwasbaar – binnen/buiten,,9508699324786,Tafellaken,,"<p>Bescherm je tafel in stijl met het <strong>duurzame PVC-tafelzeil van Raved</strong> uitgevoerd in een vrolijk <strong>gekleurde ruitjes-print</strong>. Dankzij de <strong>afwasbare afwerking</strong> is het perfect voor drukke gezinnen of gezellige buitenmaaltijden — direct klaar voor je volgende samenkomst!</p> <p>**Ontdek het veelzijdige en stijlvolle <strong>Raved tafelzeil in dé combinatie van <strong>functionaliteit</strong>, <strong>sfeer</strong> en gemak voor jouw eetplek.</strong></p> <h3>Bescherming en gemak in één</h3> <p>Met dit <strong>PVC-tafelzeil</strong> ben je verzekerd van een stevige, afwasbare laag die je tafel effectief beschermt tegen <strong>vlekken, krassen en vloeistoffen</strong>. Ideaal voor dagelijks gebruik met kinderen of huisdieren, maar ook voor buiten op het terras: geen zorgen meer over knoeien of regenplasjes.</p> <h3>Een vrolijk design dat uitnodigt</h3> <p>Het patroon met <strong>gekleurde ruitjes</strong> geeft direct een gezellige, warme uitstraling aan je tafel — of je nu binnen een familiediner hebt of ’s zomers een barbecue organiseert. Het ontwerp is tijdloos maar toch speels: perfect als blikvanger zonder dat het overheersend wordt.</p> <h3>Geschikt voor binnen én buiten</h3> <p>Dankzij het duurzame materiaal is het tafelzeil geschikt voor zowel binnengebruik in de keuken of eetkamer, als buiten op balkon, terras of veranda. Je kiest voor comfort en rust: lekker samen aan tafel zonder stil te staan bij beschadigingen.</p> <h3>Specificaties in één oogopslag</h3> <ul> <li> <p><strong>Materiaal</strong>: PVC — waterafstotend, snel schoon te maken.</p> </li> <li> <p><strong>Print/kleur</strong>: Gekleurde ruitjes — vrolijk, huiselijk, en passend in veel interieurstijlen.</p> </li> <li> <p>Onderhoud: eenvoudig schoon te vegen met een vochtige doek — geen dure reinigingsmiddelen nodig.</p> </li> <li> <p>Gebruik: geschikt voor dagelijks gebruik binnen en buiten.</p> </li> </ul> <h3>Waarom deze keuze maken?</h3> <p>Door dit tafelzeil kies je voor een doordachte investering: een prachtig accessoire op tafel <strong>én</strong> bescherming voor je meubel. Je voorkomt frustraties over vlekken of slijtage én creëert direct een uitnodigende sfeer. En als je onverwacht bezoek hebt of snel wilt omschakelen van binnen- naar buitengebruik — dit zeil staat paraat.</p> <h3>Actiegerichte tip</h3> <p>Wacht niet tot je tafel beschadigd is of knoei­problemen hebt: kies nu voor direct gemak en stijl. Transformeer je eetplek vandaag nog met het <strong>Raved tafelzeil – PVC afwasbaar – gekleurde ruitjes</strong> en ervaar elke keer weer de combinatie van comfort en sfeer. <strong>Bestel direct</strong> en geniet van je tafel zonder zorgen!</p>",1.0,stuk(s),Rood; Groen,PVC,Raved,290.0,cm,N,,Tafelzeil,Rechthoek,N,N,,,N,,,3 maanden,,,,,N,,,Gebloemd,140.0,cm,0.4,kg,,Bloemen,Geen,26.0,cm,3.0,cm,37.0,cm,0.4,kg,1 stuk,Voor binnen & buiten,Afnemen met een natte doek,11.xlsx,,,,,,,,,,,,,,,"https://media.s-bol.com/1Lw77PVAnPy0/GZNxYq5/1024x1024.jpg,https://media.s-bol.com/j1RJJNArW1Zy/GZNxYq5/1024x1024.jpg,https://media.s-bol.com/2MkJJQGZl5gj/GZNxYq5/124x106.jpg,https://media.s-bol.com/NBG1OE183m5m/mZq4oMr/1024x1024.jpg,https://media.s-bol.com/VjWZv5Z0mQn1/mZq4oMr/124x110.jpg,https://media.s-bol.com/RN6BBD8qBw5z/GZNxYq5/1024x1024.jpg,https://media.s-bol.com/Z16XXNZQooxQ/GZNxYq5/1024x1024.jpg,https://media.s-bol.com/xgkjjw8zvgN9/GZNxYq5/124x40.jpg"
Raved Tafelzeil 140×250 cm – Delfts Tegels – Beige/Blauw – PVC – Afwasbaar,,9507693323412,Tafellaken,,"<p>Breng direct sfeer aan tafel met dit <strong>stijlvolle en praktisch afneembare</strong> tafelzeil van met authentiek <strong>Delfts Tegels-motief</strong>. Dankzij het <strong>hoogwaardige PVC-materiaal</strong> en de <strong>afwasbare kwaliteit</strong> is jouw tafel beschermd én mooi, zowel binnen als buiten.</p> <p>Maak van iedere maaltijd of bijeenkomst een moment om naar uit te kijken met het <strong>premium tafelzeil</strong> van Raved met <strong>Delfts Tegels-design</strong>. Dit tafelzeil combineert <strong>stijlvol Hollands motief</strong>, functioneel materiaalgebruik en slimme onderhoudsvriendelijkheid – precies wat je zoekt wanneer je tafel er zowel mooi uit moet zien als praktisch in gebruik moet zijn.</p> <h3>Waarom kiezen voor dit tafelzeil?</h3> <p>Met het <strong>primair zoekwoord “tafelzeil”</strong> in gedachten: dit model is ideaal voor wie een tafel al voldoende aandacht geeft en zoekt naar een oplossing voor knoeien, hitteplekken of verkleuring. Het klassieke <strong>Delfts Tegels-patroon</strong> in beige/­blauw voegt direct landelijke charme toe aan je eetkamer, serre of buitenruimte. Omdat het van <strong>materiaal PVC</strong> is gemaakt, zit je nooit met stof of vervelende stof‐nesten: vlekken neem je eenvoudig af met een vochtige doek – geen gedoe meer met grote wasbeurten of vervangingen.</p> <h3>Specificaties & toepassingen</h3> <ul> <li> <p><strong>Materiaal</strong>: sterk PVC – waterafstotend en bestand tegen knoeien, kringen en algemene slijtage.</p> </li> <li> <p><strong>Kleur/Design</strong>: beige basis met blauw Delfts Tegels-motief – passend bij zowel een landelijk interieur als een frisse buitenlook.</p> </li> <li> <p><strong>Gebruik</strong>: voor binnen en buiten – let op: bij regen of langdurig buitengebruik liever binnen opbergen om verkleuring of slijtage te voorkomen. </p> </li> <li> <p><strong>Onderhoud</strong>: eenvoudig afnemen i.p.v. wassen – zo blijft je tafel altijd uitnodigend en netjes.</p> </li> </ul> <h3>Voordelen voor jou</h3> <ul> <li> <p>Beschermt je tafel tegen hitte, vocht en kringen – zodat je je tafel behoudt in nieuwstaat.</p> </li> <li> <p>Creëert direct een sfeervol tafelbeeld – je hoeft nauwelijks extra styling toe te voegen.</p> </li> <li> <p>Gemakkelijk in gebruik – ideaal voor gezinnen, buitengebruik of als je weinig tijd hebt voor onderhoud.</p> </li> <li> <p>Duurzaam en stijlvol – het ontwerp is tijdloos genoeg om seizoen na seizoen te blijven passen.</p> </li> </ul> <h3>Verlies-aversie & sociale bewijskracht</h3> <p>Stel je voor: je kinderen spelen aan tafel, gasten schuiven aan … en binnen een minuut is er geknoeid. Met dit tafelzeil hoef jij je geen zorgen te maken. Twee tevreden klanten geven een gemiddelde score van 5,0 sterren – “Mooi design, soepel materiaal” en “Heel mooi tafelkleed en een fantastische service”. <br />Waarom wachten tot je tafel beschadigd is?</p> <h3>Call-to-action</h3> <p>Maak indruk én werk efficiënt: kies voor dit <strong>Raved tafelzeil met Delfts Tegels-print</strong> en geef je tafel direct de bescherming én uitstraling die het verdient. Voeg ‘m vandaag nog toe aan je winkelwagen – jouw tafel zal je dankbaar zijn!</p>",1.0,stuk(s),Blauw; beige,PVC,Raved,250.0,cm,N,,Tafelzeil,Rechthoek,N,N,,,N,,,3 maanden,,,,,N,,,Geruit,140.0,cm,2.0,kg,,Ruitjes,Geen,26.0,cm,3.0,cm,37.0,cm,2.0,kg,1 stuk,Voor binnen & buiten,Machinewas 30 °C,11.xlsx,,,,,,,,,,,,,,,https://media.s-bol.com/m5ZX6g6GDAo9/8qrAXY3/550x550.jpg
Raved Tafelzeil – 140 cm x 350 cm – Bladeren Blauw – PVC – Afwasbaar,,9508187442626,Tafellaken,,"<p>Breng stijl en gemak samen met dit <strong>afwasbare tafelzeil</strong> van Raved. Het <strong>PVC-materiaal</strong> beschermt je tafel tegen vlekken en krassen, terwijl het <strong>blauwe bladerdesign</strong> direct sfeer toevoegt. Perfect voor dagelijks gebruik, zowel binnen als buiten.</p> <p>Geef je tafel een stijlvolle én praktische upgrade met het <strong>Raved tafelzeil Bladeren 140x240 cm Blauw PVC afwasbaar</strong>. Dit tafelzeil combineert een elegant bladerdesign met optimaal gebruiksgemak, waardoor jouw tafel altijd beschermd en mooi gedekt is.</p> <h3>Waarom kiezen voor dit tafelzeil?</h3> <p>Waar een traditioneel tafelkleed al snel vlekken en kringen laat zien, is dit <strong>afwasbare tafelzeil van PVC</strong> direct schoon te maken met een vochtige doek. Geen gedoe meer met wassen of strijken – je geniet van gemak en een altijd nette tafel.</p> <h3>Voordelen op een rij:</h3> <ul> <li> <p><strong>Afwasbaar en waterafstotend:</strong> vlekken en vocht verwijder je in seconden.</p> </li> <li> <p><strong>Beschermend PVC-materiaal:</strong> voorkomt krassen, kringen en beschadigingen.</p> </li> <li> <p><strong>Stijlvol bladerdesign in blauw:</strong> brengt rust en sfeer in je interieur.</p> </li> <li> <p><strong>Veelzijdig in gebruik:</strong> geschikt voor <strong>binnen én buiten</strong>.</p> </li> <li> <p><strong>Formaat 140x240 cm:</strong> ideaal voor 6-8 persoons eettafels.</p> </li> </ul> <h3>Perfect voor elk moment</h3> <p>Of je nu met kinderen aan tafel zit, vrienden uitnodigt voor een diner of een gezellige barbecue in de tuin organiseert – dit <strong>Raved tafelzeil</strong> zorgt voor gemak en stijl. Het bladerdesign geeft een frisse en natuurlijke uitstraling, waardoor je tafel direct een uitnodigende sfeer krijgt.</p> <h3>Onderhoudsvriendelijk en duurzaam</h3> <p>Dankzij het stevige <strong>PVC-materiaal</strong> gaat dit tafelzeil jarenlang mee. Het is niet alleen praktisch in gebruik, maar ook duurzaam: je hoeft minder vaak nieuwe tafelkleden te kopen en je tafel blijft langer mooi.</p> <h3>Maak je leven makkelijker</h3> <p>Waarom nog tijd verspillen aan het wassen van tafelkleden? Met dit <strong>afwasbare tafelzeil van Raved</strong> kies je voor gemak, stijl en zekerheid. Ideaal voor gezinnen met kinderen of drukke huishoudens die wél een verzorgde tafel willen zonder extra werk.</p> <p><strong>Bestel vandaag nog jouw Raved tafelzeil en ervaar direct het verschil.</strong></p>",1.0,stuk(s),Wit; Blauw; Goud,PVC,Raved,350.0,cm,N,,Tafelzeil,Rechthoek,N,N,,,N,,,3 maanden,,,,,N,,,Overig,140.0,cm,2.0,kg,,Planten en bladeren,Geen,26.0,cm,3.0,cm,37.0,cm,2.0,kg,1 stuk,Voor binnen & buiten,Afnemen met een natte doek,11.xlsx,,,,,,,,,,,,,,,https://media.s-bol.com/Z16X7KjVQDoJ/Y6DxqXM/550x550.jpg
Raved Tafelzeil – 140 cm x 100 cm – Takken Wit – PVC – Afwasbaar,,9507427166513,Tafellaken,,"<p>Laat je tafel stralen én beschermen met <strong>een stijlvol motief in wit met takkenprint</strong>, <strong>duurzaam PVC-materiaal</strong>, en <strong>afwasbaar oppervlak</strong> — perfect voor dagelijks gebruik én gezellige samenkomsten, binnen of buiten.</p> <p>Breng rust en stijl naar je tafel met het **Raved Tafelzeil Takken. Dit tafelzeil combineert een <strong>elegant takkenmotief op een witte achtergrond</strong> met het praktische gemak van <strong>afwasbaar PVC-materiaal</strong> — een slimme keuze voor jouw huis.</p> <h3>Een frisse uitstraling en slimme bescherming</h3> <p>Met het subtiele <strong>takkenmotief in wit</strong> creëer je direct een natuurlijke en serene sfeer rond je tafel. Het oogt rustig, fris en stijlvol — perfect voor een moderne eettafel of een zonnig terras. Tegelijkertijd biedt het tafelzeil bescherming: dankzij het <strong>PVC-materiaal</strong> is je tafel bestand tegen dagelijks gebruik, speelse kleintjes, koffie-vlekken of onvoorzichtige aanrakingen.</p> <h3>Ideaal voor dagelijks gebruik én bijzondere momenten</h3> <p>Of je nu een ontbijt met het gezin hebt, een middagbuitentafel opzet of een etentje organiseert: dit tafelzeil is geschikt voor zowel binnen als buiten. Het is direct klaar voor gebruik, eenvoudig schoon te maken met een vochtige doek en het behoudt zijn frisse uitstraling. Dankzij de maat past het ideaal op standaard tafels — waardoor je tafel veilig is, zonder concessies te doen aan stijl.</p> <h3>Materiaal & onderhoud</h3> <p>Het tafelzeil is vervaardigd uit <strong>PVC</strong>, wat staat voor:</p> <ul> <li> <p><strong>Duurzaamheid</strong>: bestand tegen krassen, vocht en vlekken.</p> </li> <li> <p><strong>Onderhoudsgemak</strong>: veeg schoon met een natte doek, geen gesjouw met zware wasprogramma’s.</p> </li> <li> <p><strong>Gebruiksgemak</strong>: geen strijken, geen speciale schoonmaakmiddelen nodig.</p> </li> </ul> <h3>Waarom kiezen voor dit tafelzeil?</h3> <ul> <li> <p><strong>Bescherming</strong> voor je tafel tegen vlekken, krassen en slijtage.</p> </li> <li> <p><strong>Verbluffend eenvoudig in onderhoud</strong>, bespaart je tijd en moeite.</p> </li> <li> <p><strong>Stijlvol ontwerp</strong> dat past bij interieur én buitenruimte.</p> </li> <li> <p><strong>Merkvertrouwen</strong> van Raved, specialist in kwaliteits-tafeloplossingen.</p> </li> <li> <p><strong>Binnen & buiten gebruik</strong>, verhoogt de flexibiliteit in je woning.</p> </li> </ul> <p>Laat de zorgen over een beschadigde tafel achter je en geniet van het moment — of je nu werkt, eet, leest of ontspant. Voeg vandaag dit tafelzeil toe aan je interieur en creëer direct een stijlvolle en beschermde tafelsetting. <strong>Bestel nu en ervaar het gemak van een afwasbaar, stijlvol tafelzeil!</strong></p>",1.0,stuk(s),Wit; Grijs,PVC,Raved,100.0,cm,N,,Tafelzeil,Rechthoek,N,N,,,N,,,2 maanden,,,,,N,,,Geruit,140.0,cm,0.3,kg,,Bloemen,,26.0,cm,3.0,cm,37.0,cm,0.2,kg,Afnemen met een natte doek,Voor binnen & buiten,Afnemen met een natte doek,11.xlsx,,,,,,,,,,,,,,,https://media.s-bol.com/yyYMGkwD2A47/jR0xJgy/550x270.jpg
Raved Tafelzeil - 140 cm x 220 cm - Paardenbloem - Groen PVC Afwasbaar,,9507513791162,Tafellaken,,"<p>Breng direct sfeer aan je tafel met het <strong>stijlvolle groene paardenbloem-motief</strong> van dit <strong>afwasbare PVC tafelzeil</strong>, dat jouw tafel optimaal <strong>beschermt tegen knoeien en vlekken</strong> – ideaal voor dagelijks gebruik binnen én buiten.</p> <p>Ontdek het veelzijdige <strong>tafelzeil van het merk Raved</strong> met een fris motief van groene paardenbloemen – een slimme combinatie van stijl én functionaliteit. Dit <strong>tafelzeil (het primair zoekwoord)</strong> is vervaardigd uit hoogwaardig <strong>PVC-materiaal</strong>, wat betekent dat uw tafel direct wordt beschermd tegen vlekken, krassen, vocht en knoeien – zonder in te boeten op uitstraling.</p> <h3>Bescherming voor iedere tafel</h3> <p>Of het nu gaat om een gezinsdiner, borrel op het terras of knutselmoment met de kinderen: dit tafelzeil biedt betrouwbare bescherming. De gladde bovenlaag is eenvoudig schoon te maken met een vochtig doekje, waardoor u kostbare tijd bespaart en uw tafel er netjes blijft uitzien. Volgens specialisten heeft PVC-tafelzeil als groot voordeel dat het “makkelijk schoon te vegen” is dankzij het gladde oppervlak. </p> <h3>Sfeervol design</h3> <p>Het motief met paardenbloemen in een groene tint brengt een natuurlijke en frisse sfeer in huis of buitenomgeving. Dankzij het subtiele patroon oogt het tafelzeil niet alleen praktisch maar ook decoratief – een perfecte match voor wie leeft in een interieur waar stijl telt.</p> <h3>Materiaal & onderhoud</h3> <p>Het materiaal is <strong>PVC</strong>, wat zorgt voor een water- en vlekbestendige bovenlaag. Het tafelzeil is geschikt voor gebruik <strong>binnen en buiten</strong>, waardoor u flexibel bent in de toepassing. Houd er wel rekening mee dat bepaalde intensieve kleurstoffen (zoals tomatensaus of kerrie) na verloop van tijd kunnen intrekken in PVC-materialen. Voor optimaal onderhoud: veeg vlekken direct weg en vermijd langdurige blootstelling aan direct zonlicht.</p> <h3>Waarom kiezen voor dit tafelzeil</h3> <ul> <li> <p><strong>Afwasbaar en onderhoudsvriendelijk</strong>: een vochtig doekje is voldoende.</p> </li> <li> <p><strong>Stijlvol motief en kleur</strong>: de paardenbloemprint en groene tint geven sfeer.</p> </li> <li> <p><strong>Veelzijdig inzetbaar</strong>: geschikt voor voorgaande tafelmomenten én buitengebruik.</p> </li> <li> <p><strong>Bescherming voor uw tafel</strong>: voorkomt schade, vlekken en slijtage – hierdoor behoudt uw meubel zijn waarde.</p> </li> </ul> <h3>Maak het compleet</h3> <p>Kies de juiste maat voor uw tafel (breedte × lengte) en knip of werk afhangende delen netjes bij. Zet misschien een schaal of plant in het midden om het design extra te accentueren. Zo combineert u gemak met stijl.</p> <p><strong>Wacht niet langer</strong>: geef uw tafel direct de bescherming én uitstraling die het verdient. Voeg dit Raved tafelzeil toe aan uw winkelmand en ervaar het gemak én de sfeer – uw tafel zal er meteen verzorgd uitzien.</p>",1.0,stuk(s),Groen; Wit,PVC,Raved,220.0,cm,N,,Tafelzeil,Rechthoek,N,N,,,N,,,3 maanden,,,,,N,,,Overig,140.0,cm,2.0,kg,,Bloemen,Geen,26.0,cm,3.0,cm,37.0,cm,2.0,kg,1x Tafelzeil,Voor binnen & buiten,Afnemen met een natte doek,11.xlsx,,,,,,,,,,,,,,,"https://media.s-bol.com/MG8KQE4MQl4O/qjW58nG/1024x1024.jpg,https://media.s-bol.com/Y8EYvQGx69Zn/qjW58nG/1024x1024.jpg,https://media.s-bol.com/OKYXyE4OyvBN/qjW58nG/124x109.jpg,https://media.s-bol.com/q69roXQpXWqD/mr9X6R/1024x1024.jpg,https://media.s-bol.com/EwRX9Z4YNv1Y/qjW58nG/124x40.jpg,https://media.s-bol.com/MG8KQE4kYK93/qjW58nG/1024x1024.jpg,https://media.s-bol.com/LE918Y4jX1P4/qjW58nG/1024x1024.jpg"
Raved Tafelzeil – 140 cm x 290 cm – Holland Fruit – Bruin – PVC – Afwasbaar,,9509993698993,Tafellaken,,"<p>Een sfeervol <strong>tafelzeil</strong> dat direct gemak brengt: dit <strong>PVC-tafelzeil met Holland Fruit-print in warme bruintinten</strong> is <strong>afwasbaar</strong>, beschermt je tafel tegen knoeien, hete pannen en vochtige tijden — ideaal voor gezellig binnen én buiten.</p> <p>Maak van je tafel een stijlvolle én zorgeloze ontmoetingsplek met het <strong>primair zoekwoord</strong> <strong>tafelzeil</strong>. Dit hoogwaardige tafelzeil van het merk <strong>Raved</strong> is uitgevoerd in <strong>materiaal</strong> PVC met een sfeervolle <strong>kleur</strong> bruin in de trendy print <strong>Holland Fruit</strong>. Dankzij dit materiaal en ontwerp combineer je direct stijl, bescherming en praktisch gebruik – ideaal voor dagelijkse maaltijden, borrels op het terras of een ontspannen buitenlunch.</p> <h3>Bescherming én stijl in één</h3> <p>Met het Raved tafelzeil creëer je een warme sfeer aan tafel én geef je jezelf rust. Het beschermt betrouwbaar tegen knoeien, vlekken en brandplekken door bijvoorbeeld een hete pan. Door het gebruik van PVC is het <strong>afwasbaar</strong>, wat betekent dat je gerust aan tafel kunt schuiven zonder extra stress. Het tafelzeil is geschikt voor binnen én buitengebruik – perfect voor zomeravonden of een koffie in het zonnetje.</p> <h3>Specificaties in het kort</h3> <ul> <li> <p>Merk: Raved</p> </li> <li> <p>Print/Design: Holland Fruit in bruintinten</p> </li> <li> <p>Materiaal: PVC (afwasbaar) </p> </li> <li> <p>Geschikt voor binnen én buiten</p> </li> </ul> <h3>Waarom dit tafelzeil?</h3> <ul> <li> <p><strong>Praktisch gemak</strong>: Dankzij de afwasbare PVC-laag verwijder je makkelijk vlekken, waardoor je tafel er altijd verzorgd uitziet.</p> </li> <li> <p><strong>Direct sfeer</strong>: De Holland Fruit-print in bruin geeft je eetplek een warme, uitnodigende uitstraling – geschikt voor zowel dagelijks gebruik als speciale momenten.</p> </li> <li> <p><strong>Bescherming</strong>: De stevigheid van het materiaal zorgt ervoor dat je tafel minder kwetsbaar is voor hete pannen, krassen of morsen – ideaal in een druk huishouden.</p> </li> <li> <p><strong>Veelzijdig inzetbaar</strong>: Gebruik binnen in de keuken, aan de eettafel of buiten op het terras. Ook geschikt voor balkon of tuin.</p> </li> </ul> <h3>Zo heb je er het meeste aan</h3> <p>Leg het tafelzeil netjes uit en zorg dat het goed op je tafel valt. Bij buitengebruik: wrijf het even schoon na gebruik om langere levensduur te garanderen. Vermijd scherpe voorwerpen direct op de printlaag om beschadiging te minimaliseren. Kies bij twijfel een iets grotere maat zodat het over de rand valt en extra beschermd.</p> <h3>Maak vandaag nog je tafel compleet</h3> <p>Wacht niet langer met het upgraden van je tafelsetting: met dit tafelzeil combineer je direct stijl en functie. Geef jezelf het gemak van een tafel die er altijd verzorgd uitziet en waarop je zorgeloos kunt genieten. <strong>Klik op ‘in winkelwagen’ en ervaar het verschil zelf</strong>.</p>",1.0,stuk(s),Bruin,PVC,Raved,290.0,cm,N,,Tafelzeil,Rechthoek,N,N,,,N,,,3 maanden,,,,,N,,,Gebloemd,140.0,cm,2.0,kg,,Bloemen,Geen,26.0,cm,3.0,cm,37.0,cm,2.0,kg,,Voor binnen & buiten,Afnemen met een natte doek,11.xlsx,,,,,,,,,,,,,,,"https://media.s-bol.com/g0JMp5PxmJok/xGWyJzJ/124x122.jpg,https://media.s-bol.com/7R3V98XAX2qw/xGWyJzJ/1024x1024.jpg,https://media.s-bol.com/m5ZNqyV59yvG/xGWyJzJ/124x108.jpg,https://media.s-bol.com/2OnPokQEWvXz/8RDzv3/1024x1024.jpg,https://media.s-bol.com/q1xLQQl0XBGR/xGWyJzJ/1024x1024.jpg,https://media.s-bol.com/g0JMZvg5DoKk/xGWyJzJ/124x40.jpg,https://media.s-bol.com/NJkWLNqwGgY8/xGWyJzJ/1024x1024.jpg"
Raved Tafelzeil – 140 cm x 160 cm – Zomer Fruit – Paars – PVC – Afwasbaar,,9504419994765,Tafellaken,,"<p>Breng direct vrolijkheid aan tafel met dit <strong>afwasbare PVC tafelzeil</strong> in een <strong>paars zomerfruit-design</strong>, perfect voor binnen én buiten. Bescherm je tafel én creëer een stijlvolle setting met <strong>duurzaam en makkelijk schoon te maken materiaal</strong>.</p> <p>Ontdek het <strong>primaire zoekwoord: tafelzeil</strong> in stijl met het <strong>Raved Tafelzeil Zomer Fruit Paars – PVC – Afwasbaar</strong>. Heb je genoeg van vlekken op je tafelkleed, of een saaie tafelsetting? Dit tafelzeil biedt de perfecte combinatie van vrolijk design, functionaliteit en kwaliteit.</p> <h3>Sfeervolle uitstraling</h3> <p>Het tafelzeil is voorzien van een <strong>paars achtergrond-kleur</strong> met een speels zomerfruit-motief, zoals sappige bessen en kersen, wat direct sfeer toevoegt aan je eet- of tuintafel. Deze uitstraling verandert een dagelijkse maaltijd in een klein feestje. Het is ideaal wanneer je gasten hebt of gewoon zin hebt in een vrolijke twist bij je ontbijt of barbecue.</p> <h3>Materiaal & onderhoud</h3> <p>Gemaakt van hoogwaardig <strong>PVC-materiaal</strong>, dit tafelzeil is <strong>afwasbaar</strong> en daardoor bijzonder geschikt voor gezinnen met kinderen, buitengebruik, of elke situatie waarin gemorst kan worden. Een vochtig doekje volstaat om het weer schoon en fris te krijgen. Dankzij het materiaal is het weerbestendig genoeg voor buitengebruik, zolang het niet continu blootstaat aan extreme weersomstandigheden.</p> <h3>Geschikt voor veel situaties</h3> <p>Of je nu een compacte eettafel hebt in de woonkamer of een ruime tuinset buiten, met dit tafelzeil creëer je direct een verzorgde tafelsetting. Het is geschikt voor binnen <strong>én buiten</strong>. Dankzij het eenvoudige onderhoud en het duurzame materiaal hoef je je geen zorgen meer te maken over vlekken, slijtage of rommel na een feestelijke lunch.</p> <h3>Waarom kiezen voor Raved?</h3> <ul> <li> <p><strong>US P 1:</strong> Vrolijk zomerfruit-dessin dat je tafel direct transformeert.</p> </li> <li> <p><strong>US P 2:</strong> Afwasbaar PVC-materiaal — makkelijk in onderhoud, perfect voor dagelijks gebruik.</p> </li> <li> <p><strong>US P 3:</strong> Binnen én buiten inzetbaar — één tafelkleed voor meerdere ruimtes.<br />Met deze drie sterke voordelen kies je niet alleen voor stijl, maar voor slimme functionaliteit.</p> </li> </ul> <h3>Specificaties</h3> <ul> <li> <p>Merk: Raved</p> </li> <li> <p>Materiaal: PVC</p> </li> <li> <p>Kleur: Paars met zomerfruit-motief</p> </li> <li> <p>Gebruik: Binnen & buiten, tafelbescherming & decoratie</p> </li> <li> <p>Onderhoud: eenvoudig schoon te maken met vochtige doek</p> </li> </ul> <p>Laat geen rommel, vlekken of neutraal tafelbeeld je eetmoment beïnvloeden. Met dit tafelzeil maak je van elke maaltijd – lunch, diner of buitenbarbecue – een sfeervolle gebeurtenis. Verrijk je tafel vandaag nog met dit praktische én stijlvol accent. <strong>Voeg nu toe aan je winkelwagen en til je tafelsetting naar een hoger niveau!</strong></p>",1.0,stuk(s),Roze; Blauw; Geel,PVC,Raved,160.0,cm,N,,Tafelzeil,Rechthoek,N,N,,,N,0.0,cm,2 maanden,,,,,N,,,Geruit,140.0,cm,0.3,kg,,Bloemen,,26.0,cm,3.0,cm,37.0,cm,0.2,kg,Afnemen met een natte doek,Voor binnen & buiten,Afnemen met een natte doek,11.xlsx,,,,,,,,,,,,,,,https://media.s-bol.com/mjooZ721mkxE/31yk1jn/550x270.jpg
Raved Tafelzeil – 140 cm x 300 cm – Takken Wit – PVC – Afwasbaar,,9508128618684,Tafellaken,,"<p>Laat je tafel stralen én beschermen met <strong>een stijlvol motief in wit met takkenprint</strong>, <strong>duurzaam PVC-materiaal</strong>, en <strong>afwasbaar oppervlak</strong> — perfect voor dagelijks gebruik én gezellige samenkomsten, binnen of buiten.</p> <p>Breng rust en stijl naar je tafel met het **Raved Tafelzeil Takken. Dit tafelzeil combineert een <strong>elegant takkenmotief op een witte achtergrond</strong> met het praktische gemak van <strong>afwasbaar PVC-materiaal</strong> — een slimme keuze voor jouw huis.</p> <h3>Een frisse uitstraling en slimme bescherming</h3> <p>Met het subtiele <strong>takkenmotief in wit</strong> creëer je direct een natuurlijke en serene sfeer rond je tafel. Het oogt rustig, fris en stijlvol — perfect voor een moderne eettafel of een zonnig terras. Tegelijkertijd biedt het tafelzeil bescherming: dankzij het <strong>PVC-materiaal</strong> is je tafel bestand tegen dagelijks gebruik, speelse kleintjes, koffie-vlekken of onvoorzichtige aanrakingen.</p> <h3>Ideaal voor dagelijks gebruik én bijzondere momenten</h3> <p>Of je nu een ontbijt met het gezin hebt, een middagbuitentafel opzet of een etentje organiseert: dit tafelzeil is geschikt voor zowel binnen als buiten. Het is direct klaar voor gebruik, eenvoudig schoon te maken met een vochtige doek en het behoudt zijn frisse uitstraling. Dankzij de maat past het ideaal op standaard tafels — waardoor je tafel veilig is, zonder concessies te doen aan stijl.</p> <h3>Materiaal & onderhoud</h3> <p>Het tafelzeil is vervaardigd uit <strong>PVC</strong>, wat staat voor:</p> <ul> <li> <p><strong>Duurzaamheid</strong>: bestand tegen krassen, vocht en vlekken.</p> </li> <li> <p><strong>Onderhoudsgemak</strong>: veeg schoon met een natte doek, geen gesjouw met zware wasprogramma’s.</p> </li> <li> <p><strong>Gebruiksgemak</strong>: geen strijken, geen speciale schoonmaakmiddelen nodig.</p> </li> </ul> <h3>Waarom kiezen voor dit tafelzeil?</h3> <ul> <li> <p><strong>Bescherming</strong> voor je tafel tegen vlekken, krassen en slijtage.</p> </li> <li> <p><strong>Verbluffend eenvoudig in onderhoud</strong>, bespaart je tijd en moeite.</p> </li> <li> <p><strong>Stijlvol ontwerp</strong> dat past bij interieur én buitenruimte.</p> </li> <li> <p><strong>Merkvertrouwen</strong> van Raved, specialist in kwaliteits-tafeloplossingen.</p> </li> <li> <p><strong>Binnen & buiten gebruik</strong>, verhoogt de flexibiliteit in je woning.</p> </li> </ul> <p>Laat de zorgen over een beschadigde tafel achter je en geniet van het moment — of je nu werkt, eet, leest of ontspant. Voeg vandaag dit tafelzeil toe aan je interieur en creëer direct een stijlvolle en beschermde tafelsetting. <strong>Bestel nu en ervaar het gemak van een afwasbaar, stijlvol tafelzeil!</strong></p>",1.0,stuk(s),Wit; Grijs,PVC,Raved,300.0,cm,N,,Tafelzeil,Rechthoek,N,N,,,N,,,2 maanden,,,,,N,,,Geruit,140.0,cm,0.3,kg,,Bloemen,,26.0,cm,3.0,cm,37.0,cm,0.2,kg,Afnemen met een natte doek,Voor binnen & buiten,Afnemen met een natte doek,11.xlsx,,,,,,,,,,,,,,,https://media.s-bol.com/NB4pm10zGB0m/73pjJyQ/550x270.jpg
Raved Tafelbeschermer – 140 cm x 320 cm – wit – PVC – Afwasbaar,,9504538452252,Tafellaken,,"<p>Met de <strong>Raved tafelbeschermer </strong>kies je voor <strong>duurzame bescherming</strong> van je tafelblad – <strong>gemaakt van stevig PVC</strong>, strak wit en <strong>afwasbaar</strong> zodat knoeien geen probleem meer is. Perfect voor gezellig samen eten én ontspannen buiten.</p> <p>Ontdek de <strong>Raved tafelbeschermer</strong> – de slimme oplossing voor iedereen die zijn tafelblad wilt beschermen zonder in te leveren op stijl. Deze <strong>tafelsbeschermer</strong> is gemaakt van hoogwaardig <strong>PVC</strong>, in een frisse <strong>witte kleur</strong>, en is <strong>afwasbaar</strong> – ideaal voor gezinnen, buitengebruik of wie gewoon rust wil aan de eettafel.</p> <h3>Waarom deze tafelbeschermer?</h3> <p>Iedere maaltijd, knutselmoment of gezellig samenzijn brengt risico’s mee: <strong>vlekken</strong>, <strong>krassen</strong>, of schade door <strong>hete pannen</strong>. Met deze beschermer elimineer je die zorgen. Dankzij de ruime past hij perfect op grote rechthoekige tafels en biedt hij volledige dekking van het tafeloppervlak.</p> <h3>Mooie combinatie van functie en design</h3> <p>De witte kleur geeft een neutrale, lichte uitstraling – perfect voor diverse interieurstijlen. Het gladde PVC-oppervlak voelt aangenaam aan, en geeft je tafel een frisse look. Tegelijkertijd is deze beschermer uiterst praktisch: <strong>afwasbaar</strong>, en dus eenvoudig schoon te maken met een vochtige doek. Ideal voor dagelijks gebruik binnen én buiten.</p> <h3>Specificaties in één oogopslag</h3> <ul> <li> <p><strong>Merk</strong>: Raved</p> </li> <li> <p><strong>Kleur</strong>: Wit</p> </li> <li> <p><strong>Materiaal</strong>: PVC (duurzaam, vloeistofwerend)</p> </li> <li> <p><strong>Gebruik</strong>: Binnen & buiten</p> </li> <li> <p><strong>Onderhoud</strong>: Eenvoudig afnemen met doek – knoeien is geen probleem meer</p> </li> </ul> <h3>Behoefte aan bescherming, direct afgestemd</h3> <p>Stel je voor: je nodigt vrienden uit, de kinderen tekenen, je serveert een pan hete pasta – en je hoeft je geen zorgen te maken over wat er op tafel achterblijft. Dankzij deze tafelbeschermer <strong>voorkom je schade aan je meubel</strong> – wat betekent dat je investering veilig is. Dit is ook sociaal bewezen: veel huiseigenaren kiezen tegenwoordig voor beschermlagen om hun dure meubels langer mooi te houden.</p> <h3>Tips voor gebruik</h3> <p>Leg de beschermer netjes uit op je tafel en zorg dat hij goed strak ligt. Voor buitengebruik: haal hem naar binnen bij aanhoudende regen om de kwaliteit te behouden. Combineer met een placemat of onderzetter voor warme pannen, om extra veiligheid te garanderen.</p> <h3>Jouw moment van actie</h3> <p>Gun jezelf de rust dat je tafel mooi blijft – zonder stress, zonder vlekken. Voeg de <strong>Raved tafelbeschermer</strong> vandaag nog toe aan je bestelling en zet je tafel klaar voor elk moment, van ontbijt tot late zomeravond in de tuin. Maak van je eettafel een plek waar je met volle aandacht kunt genieten.</p>",1.0,stuk(s),Wit,PVC,Raved,320.0,cm,N,,Tafelzeil,Rechthoek,N,N,,,N,,,3 maanden,,,,,N,,,Effen,140.0,cm,,,,Tafelbeschermer,Geen,26.0,cm,5.0,cm,37.0,cm,,,,Voor binnen & buiten,Machinewas 30 °C,11.xlsx,,,,,,,,,,,,,,,https://media.s-bol.com/xgkjQPzz4lol/LgmDWXA/550x512.jpg
Raved Tafelzeil – 140 cm x 230 cm – Zomer Fruit – Paars – PVC – Afwasbaar,,9508677975139,Tafellaken,,"<p>Breng direct vrolijkheid aan tafel met dit <strong>afwasbare PVC tafelzeil</strong> in een <strong>paars zomerfruit-design</strong>, perfect voor binnen én buiten. Bescherm je tafel én creëer een stijlvolle setting met <strong>duurzaam en makkelijk schoon te maken materiaal</strong>.</p> <p>Ontdek het <strong>primaire zoekwoord: tafelzeil</strong> in stijl met het <strong>Raved Tafelzeil Zomer Fruit Paars – PVC – Afwasbaar</strong>. Heb je genoeg van vlekken op je tafelkleed, of een saaie tafelsetting? Dit tafelzeil biedt de perfecte combinatie van vrolijk design, functionaliteit en kwaliteit.</p> <h3>Sfeervolle uitstraling</h3> <p>Het tafelzeil is voorzien van een <strong>paars achtergrond-kleur</strong> met een speels zomerfruit-motief, zoals sappige bessen en kersen, wat direct sfeer toevoegt aan je eet- of tuintafel. Deze uitstraling verandert een dagelijkse maaltijd in een klein feestje. Het is ideaal wanneer je gasten hebt of gewoon zin hebt in een vrolijke twist bij je ontbijt of barbecue.</p> <h3>Materiaal & onderhoud</h3> <p>Gemaakt van hoogwaardig <strong>PVC-materiaal</strong>, dit tafelzeil is <strong>afwasbaar</strong> en daardoor bijzonder geschikt voor gezinnen met kinderen, buitengebruik, of elke situatie waarin gemorst kan worden. Een vochtig doekje volstaat om het weer schoon en fris te krijgen. Dankzij het materiaal is het weerbestendig genoeg voor buitengebruik, zolang het niet continu blootstaat aan extreme weersomstandigheden.</p> <h3>Geschikt voor veel situaties</h3> <p>Of je nu een compacte eettafel hebt in de woonkamer of een ruime tuinset buiten, met dit tafelzeil creëer je direct een verzorgde tafelsetting. Het is geschikt voor binnen <strong>én buiten</strong>. Dankzij het eenvoudige onderhoud en het duurzame materiaal hoef je je geen zorgen meer te maken over vlekken, slijtage of rommel na een feestelijke lunch.</p> <h3>Waarom kiezen voor Raved?</h3> <ul> <li> <p><strong>US P 1:</strong> Vrolijk zomerfruit-dessin dat je tafel direct transformeert.</p> </li> <li> <p><strong>US P 2:</strong> Afwasbaar PVC-materiaal — makkelijk in onderhoud, perfect voor dagelijks gebruik.</p> </li> <li> <p><strong>US P 3:</strong> Binnen én buiten inzetbaar — één tafelkleed voor meerdere ruimtes.<br />Met deze drie sterke voordelen kies je niet alleen voor stijl, maar voor slimme functionaliteit.</p> </li> </ul> <h3>Specificaties</h3> <ul> <li> <p>Merk: Raved</p> </li> <li> <p>Materiaal: PVC</p> </li> <li> <p>Kleur: Paars met zomerfruit-motief</p> </li> <li> <p>Gebruik: Binnen & buiten, tafelbescherming & decoratie</p> </li> <li> <p>Onderhoud: eenvoudig schoon te maken met vochtige doek</p> </li> </ul> <p>Laat geen rommel, vlekken of neutraal tafelbeeld je eetmoment beïnvloeden. Met dit tafelzeil maak je van elke maaltijd – lunch, diner of buitenbarbecue – een sfeervolle gebeurtenis. Verrijk je tafel vandaag nog met dit praktische én stijlvol accent. <strong>Voeg nu toe aan je winkelwagen en til je tafelsetting naar een hoger niveau!</strong></p>",1.0,stuk(s),Roze; Blauw; Geel,PVC,Raved,230.0,cm,N,,Tafelzeil,Rechthoek,N,N,,,N,0.0,cm,2 maanden,,,,,N,,,Geruit,140.0,cm,0.3,kg,,Bloemen,,26.0,cm,3.0,cm,37.0,cm,0.2,kg,Afnemen met een natte doek,Voor binnen & buiten,Afnemen met een natte doek,11.xlsx,,,,,,,,,,,,,,,https://media.s-bol.com/1N88wVVw3RzZ/kRrGRwY/550x270.jpg
