Type,SKU,Name,Published,Is featured?,Visibility in catalog,Short description,Description,In stock?,Stock,Weight (kg),Length (cm),Width (cm),Height (cm),Sale price,Regular price,Categories,Tags,Images,Parent,Brands,Position,Attribute 1 name,Attribute 1 value(s),Attribute 1 visible,Attribute 1 global,Attribute 1 default,Attribute 2 name,Attribute 2 value(s),Attribute 2 visible,Attribute 2 global,Attribute 2 default
simple,8720707636853,Raved Placemats Britt - Set van 6 Stuks - Eettafel - Onderlegger - Waterafstotend,1,,visible,,"<p>Breng met de <strong>Set van 6 Raved Placemats Britt</strong> in <strong>wit/blauw bloemen-design</strong> direct sfeer én bescherming aan je eettafel. Dankzij het <strong>waterafstotende kunststofmateriaal</strong> zijn morsen en vlekken geen zorg meer – gewoon afnemen met een vochtige doek.</p> <h3>Elegant en functioneel: dé tafeloplossing</h3> <p>Met de <strong>Set van 6 Placemats Britt</strong> van Raved kies je voor stijl én gemak. Deze <strong>placemats</strong> combineren een fris <strong>bloemenmotief in wit en blauw</strong> met een duurzame <strong>kunststof / waterafstotende</strong> kwaliteit. Of je nu een gezellige familiediner hebt of zomaar een middag met vrienden aan tafel doorbrengt: jouw tafel oogt verzorgd en blijft rustig.</p> <h3>Waarom deze placemats?</h3> <ul> <li> <p><strong>Bescherming & onderhoud</strong>: het kunststofmateriaal is <strong>waterafstotend</strong>, waardoor gemorste drank, saus of kindersupers geen staande blijft. Slechts een vochtige doek en klaar.</p> </li> <li> <p><strong>Anti-slip & maat</strong>: met de rechthoekige afmeting van <strong>43×30 cm</strong> passen de placemats onder vrijwel elk bordservies. Ze liggen stevig op tafel en verschuiven niet bij beweging of gesprekje. </p> </li> <li> <p><strong>Design & sfeer</strong>: het bloemrijke patroon in blauw op een witte achtergrond geeft een frisse, lichte uitstraling die past bij moderne én landelijke interieurs.</p> </li> <li> <p><strong>Set van 6</strong>: ideaal voor zittende diners met het gezin of gasten – allemaal dezelfde stijl, geen mismatch.</p> </li> <li> <p><strong>Merk-kwaliteit</strong>: Raved staat voor praktische tafelaccessoires die er goed uitzien én doen wat ze beloven.</p> </li> </ul> <h3>Uitgebreid gebruik & toepassing</h3> <p>Of je nu een kindermaaltijd met saus en drinken serveert of een formeel diner organiseert: deze placemats zijn multifunctioneel. Leg ze onder je borden – wat ook helpt bij het rustiger opdienen en het makkelijker afruimen. Na afloop veeg je ze af, berg je op en de tafel is weer klaar voor de volgende keer. Dankzij het bloemenmotief wordt zelfs het dagelijks tafelen een stukje feestelijker. En geen zorgen over vlekken of kringen meer – deze placemats voorkomen ze.</p> <h3>Materialen, afwerking & onderhoud</h3> <p>Gemaakt van stevig kunststof – <strong>materiaal: kunststof</strong>. Afmeting: <strong>43×30 cm</strong>. Kleur: wit met blauw bloemenmotief. Vorm: rechthoek. Kenmerken: waterafstotend en direct schoon te maken. Zorg dat je ze niet langdurig blootstelt aan hitte boven de fabrikantindicatie (zoals hete pannen direct) – kleine panjes kunnen beter op een hittebestendige onderzetter. Voor dagelijks onderhoud: afnemen met vochtige doek, geen wasmachine nodig.</p> <h3>Waarom je dit niet wilt missen</h3> <p>Je tafel wordt niet alleen netjes gedekt, maar ook beschermd – dus minder zorgen over koffiekring of kinderstipjes van saus. Daarnaast creëer je in één stap sfeer en samenhang in je eetruimte. Voor mensen die houden van gemak én stijl is dit een slimme keus. Wacht niet tot de tafel er weer ‘slap’ en ongecoördineerd uitziet – geef ‘m direct de upgrade met deze set. <strong>Voeg de Raved Placemats Britt vandaag nog toe aan je winkelwagen</strong>, en ervaar direct het verschil.</p>",1,999,,,,,21.95,21.95,Placemats,"Placemats,Kunststof,Rechthoek,Effen,Raved",https://media.s-bol.com/DVWWZ6pY5vlY/829m7gg/1200x1164.jpg,,Raved,,,,,,,,,,,
simple,8720707636891,Raved RVS Snijplank - Vaatwasserbestendig - Metaal - Roestvrij Staal - Titanium,1,,visible,,"<p>Revolutionaire Roestvrijstalen Snijplank: Hygiëne en Duurzaamheid in Één</p> <h3>Waarom Kiezen voor Onze Roestvrijstalen Snijplank?</h3> <p>Zeg vaarwel tegen snel slijtende en moeilijk te reinigen houten of plastic snijplanken. Onze hoogwaardige roestvrijstalen snijplank biedt de perfecte oplossing voor zowel hobbyisten als professionele chefs.</p> <h3>Unieke Eigenschappen</h3> <ul> <li><strong>Superieur Materiaal</strong>: Vervaardigd uit premium roestvrij staal (304)</li> <li><strong>Hygiënisch Ontwerp</strong>: Glad oppervlak voorkomt ophoping van bacteriën en geuren</li> <li><strong>Duurzaamheid</strong>: Bestand tegen krassen en deuken voor langdurig gebruik</li> <li><strong>Microplasticvrij</strong>: Garandeert een gezondere kookomgeving</li> </ul> <h3>Voordelen die het Verschil Maken</h3> <ol> <li><strong>Ultieme Hygiëne</strong> <ul> <li>Antibacterieel oppervlak voor optimale voedselveiligheid</li> <li>Eenvoudig te reinigen, ook in de vaatwasser</li> </ul> </li> <li><strong>Veelzijdigheid in de Keuken</strong> <ul> <li>Geschikt voor alle soorten ingrediënten: vlees, groenten, fruit en brood</li> <li>Perfect voor elke snijklus, van fijn hakwerk tot het fileren van vis</li> </ul> </li> <li><strong>Duurzaam en Milieuvriendelijk</strong> <ul> <li>Lange levensduur vermindert afval</li> <li>Geen schadelijke microplastics in uw voedsel</li> </ul> </li> <li><strong>Stijlvol en Praktisch</strong> <ul> <li>Modern design past in elke keukenomgeving</li> <li>Ruimtebesparend en gemakkelijk op te bergen</li> </ul> </li> </ol> <h3>Voor Wie is Deze Snijplank Ideaal?</h3> <ul> <li>Thuiskoks die waarde hechten aan kwaliteit en hygiëne</li> <li>Professionele chefs op zoek naar betrouwbaar keukengereedschap</li> <li>Gezondheids- en milieubewuste consumenten</li> </ul> <h3>Conclusie: Investeer in Kwaliteit en Gemoedsrust</h3> <p>Kies voor een zorgeloze snijervaring met onze Titanium snijplank. Combineer hygiëne, duurzaamheid en stijl in één essentieel keukenhulpmiddel. Upgrade uw keuken vandaag nog en ervaar het verschil in uw dagelijkse kookavonturen.</p>",1,999,,,,,,,Snijplank,"Snijplank,RVS,Rechthoek,Merkloos",https://media.s-bol.com/mWqgxj8yKZ90/73OoVZA/1090x1200.jpg,,Merkloos,,,,,,,,,,,
variable,RAV-RAVEDTAFEL-9300000095463383,Raved Tafelzeil Design - 140 140 - PVC - Afwasbaar,1,,visible,,"<p>Geef je tafel direct een vrolijke make-over met het <strong>afwasbare PVC-tafelzeil</strong> van Raved met print van <strong>bloemen en bijen</strong> – <strong>bescherming en sfeer in één</strong> voor binnen én buitengebruik.</p> <p>Bescherm je tafel tegen vlekken, krassen en knoeien én creëer direct een gezellige uitstraling met het <strong>primair zoekwoord “tafelzeil”</strong>. Dit stijlvolle tafelzeil van het merk Raved is uitgevoerd in hoogwaardig <strong>PVC-materiaal</strong>, waardoor vlekken eenvoudig met een vochtige doek te verwijderen zijn – ideaal voor gezinnen, hobby’s of buitengebruik. Het motief van <strong>bloemen en bijen</strong> brengt een frisse, zonnige sfeer aan tafel, terwijl je tafeloppervlak blijft stralen.</p> <h3>Waarom dit tafelzeil?</h3> <ul> <li> <p>Het <strong>materiaal PVC</strong> is zeer onderhoudsvriendelijk en beschermt effectief tegen vloeistoffen, kinderspul of hete pannen.</p> </li> <li> <p>Het <strong>motief bloemen en bijen</strong> geeft iedere eettafel of tuintafel een speels, vrolijk accent – je combineert functionaliteit met stijl.</p> </li> <li> <p>Dankzij de <strong>maat 140 cm breedte</strong> (lengte afhankelijk) is het geschikt voor de meeste standaard tafels – je hoeft niet te knutselen of te kiezen voor een te krap kleed.</p> </li> </ul> <h3>Gebruik en toepassing</h3> <p>Of je nu binnen aan de eettafel gaat, of buiten op het terras met vrienden of familie zit – dit Raved tafelzeil is geschikt voor beide. Voel je geen zorgen meer over gemorste wijn, klei of waterdruppels. Want met dit afwasbare tafelkleed kun je direct schoonmaken – geen gedoe met langdurig poetsen. Hierdoor kun je ontspannen genieten in plaats van voortdurend bezig zijn met opruimen.</p> <h3>Uitvoering & onderhoud</h3> <p>Het tafelzeil is gemaakt van stevig PVC-materiaal dat de tafel beschermt tegen slijtage, vlekken en krassen. De print van bloemen en bijen is duurzaam en blijft goed zichtbaar, zelfs bij intensief gebruik of buiten. Onderhoud is eenvoudig: afnemen met een natte doek, eventueel een mild sopje bij hardnekkige vlekken. Laat het kleed droog liggen, en je bent klaar voor het volgende moment. Tip: bij gebruik buiten even binnenhalen bij slechter weer om levensduur te verlengen.</p> <h3>Sfeer & functionaliteit combineren</h3> <p>Bij veel huishoudens is de tafel het hart van het huis – van ontbijt tot spelletjesavond. Dit tafelzeil zorgt ervoor dat je tafel er niet alleen netjes uitziet, maar ook echt gebruiksklaar blijft. Dankzij het vrolijke bloemen-en-bijendesign geef je een persoonlijke touch aan je interieur of buitenruimte. En omdat je niet bang hoeft te zijn voor knoeien of slijtage, voel je vrijheid in je dagelijkse routines.</p> <h3>Waar wacht je nog op?</h3> <p>Kies voor dit Raved tafelzeil en combineer <strong>bescherming, gemak en stijl</strong> direct. Je tafel verdient dat – en jij verdient dat ontspannen moment, zonder zorgen over vieze randen of moeilijk schoonmaken. Klik op “Toevoegen aan winkelwagen” en transformeer je eetplek vandaag nog.</p>",1,999,,,,,,,Tafellaken,"Tafellaken,PVC,Tafelzeil,Rechthoek,Overig,Bijen,Raved","https://media.s-bol.com/r1kVXqDGLMpL/k5WgY96/1200x1200.jpg, https://media.s-bol.com/m5ZNG0xW3RA3/k5WgY96/550x550.jpg, https://media.s-bol.com/xgkL9zM0RV93/k5WgY96/550x483.jpg, https://media.s-bol.com/oX8l945qKv1L/Jv9KOD/550x550.jpg, https://media.s-bol.com/3N1VOr8PrEGp/k5WgY96/550x178.jpg, https://media.s-bol.com/g0JM6DoEPPwG/k5WgY96/550x550.jpg, https://media.s-bol.com/xgkL9zM0R7yP/k5WgY96/550x550.jpg",,Raved,,Size,"140 x 50 cm, 140 x 100 cm, 140 x 140 cm, 140 x 160 cm, 140 x 180 cm, 140 x 200 cm, 140 x 220 cm, 140 x 230 cm, 140 x 240 cm, 140 x 250 cm, 140 x 260 cm, 140 x 270 cm, 140 x 280 cm, 140 x 290 cm, 140 x 300 cm, 140 x 310 cm, 140 x 320 cm, 140 x 350 cm",0,0,140 x 50 cm,,,,,
variation,9507554324480,Raved Tafelzeil – 140 cm x 50 cm – Bloemen Bijen – PVC – Afwasbaar,1,,visible,,,1,999,,,,,23.95,43.89,Tafellaken,,https://media.s-bol.com/3pQPnAn5oBEp/9VEAvJ/1200x1020.jpg,RAV-RAVEDTAFEL-9300000095463383,Raved,0,Size,140 x 50 cm,,0,,,,,,
variation,9506335159815,Raved Tafelzeil – 140 cm x 100 cm – Bloemen Bijen – PVC – Afwasbaar,1,,visible,,,1,999,,,,,23.95,43.89,Tafellaken,,https://media.s-bol.com/n1568my7Xlqp/76qMEN1/1200x1200.jpg,RAV-RAVEDTAFEL-9300000095463383,Raved,1,Size,140 x 100 cm,,0,,,,,,
variation,9502631936211,Raved Tafelzeil – 140 cm x 140 cm – Bloemen Bijen – PVC – Afwasbaar,1,,visible,,,1,999,,,,,23.95,43.89,Tafellaken,,https://media.s-bol.com/yjP2MAgQQyZg/g5WyR1k/1200x1200.jpg,RAV-RAVEDTAFEL-9300000095463383,Raved,2,Size,140 x 140 cm,,0,,,,,,
variation,9508437246417,Raved Tafelzeil – 140 cm x 160 cm – Bloemen Bijen – PVC – Afwasbaar,1,,visible,,,1,999,,,,,23.95,43.89,Tafellaken,,https://media.s-bol.com/BqB9QX0llmDW/r0Wpjyp/1200x1200.jpg,RAV-RAVEDTAFEL-9300000095463383,Raved,3,Size,140 x 160 cm,,0,,,,,,
variation,9502155542486,Raved Tafelzeil – 140 cm x 180 cm – Bloemen Bijen – PVC – Afwasbaar,1,,visible,,,1,999,,,,,23.95,43.89,Tafellaken,,https://media.s-bol.com/g0JM6DokvV3D/3lm3zBR/1200x1200.jpg,RAV-RAVEDTAFEL-9300000095463383,Raved,4,Size,140 x 180 cm,,0,,,,,,
variation,9509126198451,Raved Tafelzeil – 140 cm x 200 cm – Bloemen Bijen – PVC – Afwasbaar,1,,visible,,,1,999,,,,,23.95,43.89,Tafellaken,,https://media.s-bol.com/MG8WoKv8w4KR/pgWn4rV/1200x1200.jpg,RAV-RAVEDTAFEL-9300000095463383,Raved,5,Size,140 x 200 cm,,0,,,,,,
variation,9503363752797,Raved Tafelzeil – 140 cm x 220 cm – Bloemen Bijen – PVC – Afwasbaar,1,,visible,,,1,999,,,,,23.95,43.89,Tafellaken,,https://media.s-bol.com/G06WgXqyyE4J/66pMDLR/1200x1200.jpg,RAV-RAVEDTAFEL-9300000095463383,Raved,6,Size,140 x 220 cm,,0,,,,,,
variation,9506392999942,Raved Tafelzeil – 140 cm x 230 cm – Bloemen Bijen – PVC – Afwasbaar,1,,visible,,,1,999,,,,,23.95,43.89,Tafellaken,,https://media.s-bol.com/o12X7nzOEmoX/vg6wnK5/1200x1200.jpg,RAV-RAVEDTAFEL-9300000095463383,Raved,7,Size,140 x 230 cm,,0,,,,,,
variation,9508813213132,Raved Tafelzeil – 140 cm x 240 cm – Bloemen Bijen – PVC – Afwasbaar,1,,visible,,,1,999,,,,,23.95,43.89,Tafellaken,,https://media.s-bol.com/r1kVXqDGLMpL/k5WgY96/1200x1200.jpg,RAV-RAVEDTAFEL-9300000095463383,Raved,8,Size,140 x 240 cm,,0,,,,,,
variation,9503793675482,Raved Tafelzeil – 140 cm x 250 cm – Bloemen Bijen – PVC – Afwasbaar,1,,visible,,,1,999,,,,,23.95,43.89,Tafellaken,,https://media.s-bol.com/KDr9m7xKKR4x/48n2AEx/1200x1200.jpg,RAV-RAVEDTAFEL-9300000095463383,Raved,9,Size,140 x 250 cm,,0,,,,,,
variation,9504677319652,Raved Tafelzeil – 140 cm x 260 cm – Bloemen Bijen – PVC – Afwasbaar,1,,visible,,,1,999,,,,,23.95,43.89,Tafellaken,,https://media.s-bol.com/KDr9m7qGPEl8/8qrgGP3/1200x1200.jpg,RAV-RAVEDTAFEL-9300000095463383,Raved,10,Size,140 x 260 cm,,0,,,,,,
variation,9507425972536,Raved Tafelzeil – 140 cm x 270 cm – Bloemen Bijen – PVC – Afwasbaar,1,,visible,,,1,999,,,,,23.95,43.89,Tafellaken,,https://media.s-bol.com/xgkL9zMWgZK3/qjWogwp/1200x1200.jpg,RAV-RAVEDTAFEL-9300000095463383,Raved,11,Size,140 x 270 cm,,0,,,,,,
variation,9501529413995,Raved Tafelzeil – 140 cm x 280 cm – Bloemen Bijen – PVC – Afwasbaar,1,,visible,,,1,999,,,,,23.95,43.89,Tafellaken,,https://media.s-bol.com/m5ZNG0pkPjxA/98vjJRD/1200x1200.jpg,RAV-RAVEDTAFEL-9300000095463383,Raved,12,Size,140 x 280 cm,,0,,,,,,
variation,9509456738846,Raved Tafelzeil – 140 cm x 290 cm – Bloemen Bijen – PVC – Afwasbaar,1,,visible,,,1,999,,,,,23.95,43.89,Tafellaken,,https://media.s-bol.com/m5ZNGO4ByPkO/nZWl2n7/1200x1200.jpg,RAV-RAVEDTAFEL-9300000095463383,Raved,13,Size,140 x 290 cm,,0,,,,,,
variation,9501243951858,Raved Tafelzeil – 140 cm x 300 cm – Bloemen Bijen – PVC – Afwasbaar,1,,visible,,,1,999,,,,,23.95,43.89,Tafellaken,,https://media.s-bol.com/r1kVXqDGLMpL/k5WgY96/1200x1200.jpg,RAV-RAVEDTAFEL-9300000095463383,Raved,14,Size,140 x 300 cm,,0,,,,,,
variation,9502494867868,Raved Tafelzeil – 140 cm x 310 cm – Bloemen Bijen – PVC – Afwasbaar,1,,visible,,,1,999,,,,,23.95,43.89,Tafellaken,,https://media.s-bol.com/g0JM6Do9qzVj/lOW0ZjM/1200x1200.jpg,RAV-RAVEDTAFEL-9300000095463383,Raved,15,Size,140 x 310 cm,,0,,,,,,
variation,9508182571383,Raved Tafelzeil – 140 cm x 320 cm – Bloemen Bijen – PVC – Afwasbaar,1,,visible,,,1,999,,,,,23.95,43.89,Tafellaken,,https://media.s-bol.com/LE9Wn1rGQBmv/mwWk1lG/1200x1200.jpg,RAV-RAVEDTAFEL-9300000095463383,Raved,16,Size,140 x 320 cm,,0,,,,,,
variation,9505343665516,Raved Tafelzeil – 140 cm x 350 cm – Bloemen Bijen – PVC – Afwasbaar,1,,visible,,,1,999,,,,,23.95,43.89,Tafellaken,,https://media.s-bol.com/yjP2MAN4V6ME/58oMBJ8/1200x1200.jpg,RAV-RAVEDTAFEL-9300000095463383,Raved,17,Size,140 x 350 cm,,0,,,,,,
variable,RAV-RAVEDTAFEL-9300000179282489,Raved Tafelzeil 140 140 - PVC - Afwasbaar,1,,visible,,"<p>Breng kleur en gemak naar jouw tafel met dit <strong>afwasbare PVC-tafelzeil</strong> in vrolijk rood fruitdessin. Dankzij het <strong>duurzame materiaal</strong>, het <strong>speelse motief</strong> en de <strong>gemakkelijke schoonmaak</strong> geniet je direct van een frisse tafel zonder zorgen.</p> <h3>Bescherm en verfraai je tafel in één stap</h3> <p>Met dit <strong>tafelzeil</strong> geef je je tafel niet alleen een vrolijke, uitnodigende uitstraling dankzij het fris fruitmotief in rood-tinten, maar je zorgt ook voor optimale bescherming. Het <strong>PVC-materiaal</strong> is waterafstotend en slijtvast, waardoor gemorste drankjes en vlekken nauwelijks kans krijgen. Je verlengt de levensduur van je tafel zonder in te boeten op stijl.</p> <h3>Voor gezinnen, buiten & binnen</h3> <p>Of er nu wordt gegeten, geknutseld, gespeeld of geborreld: dit tafelzeil is ideaal voor <strong>binnen en buitengebruik</strong>. Dankzij de breedte van 140 cm bedek je een standaard tafel en creëer je direct een gastvrije setting. Het afwasbare oppervlak zorgt ervoor dat je met een vochtige doek snel klaar bent — geen gedoe met wasmachines of strijken.</p> <h3>Design met karakter</h3> <p>Het motief <strong>’Fris Fruit’</strong> geeft een speelse twist aan je interieur: denk aan appels, peren, aardbeien in een frisse opstelling tegen een rode achtergrond. Dit zorgt voor dynamiek en sfeer – perfect voor kinderfeestjes, informele diners of een zonnige tuinlunch.</p> <h3>Specificaties & gebruiksgemak</h3> <ul> <li> <p><strong>Materiaal:</strong> hoogwaardig PVC, eenvoudig afneembaar</p> </li> <li> <p><strong>Kleur:</strong> rood met fruitprint</p> </li> <li> <p><strong>Gebruik:</strong> geschikt voor binnen & buiten</p> </li> <li> <p><strong>Onderhoud:</strong> enkel afnemen met een vochtige doek; geen strijken of wassen nodig</p> </li> </ul> <h3>Waarom kiezen voor dit tafelzeil?</h3> <p>Veel mensen hebben wel eens de frustratie van een tafel die snel bevlekt is of lelijk oogt door slijtage. Door te kiezen voor dit tafelzeil voorkom je die zorg – je <strong>verliest niets meer aan uitstraling</strong> en wint tijd terug. Daarnaast voeg je met het design <strong>sociale sfeer</strong> toe: gasten merken op dat je tafel er verzorgd uitziet.</p> <h3>Call to action</h3> <p>Maak dus vandaag nog de keuze voor <strong>stijl, gemak en bescherming</strong> met dit Raved tafelzeil – bestel nu en geef je tafel direct een frisse, speelse look. Gebruik ‘m voor het dagelijkse ontbijt, een buiten-etentje of gewoon omdat je tafel wat extra aandacht verdient.</p>",1,999,,,,,,,Tafellaken,"Tafellaken,PVC,Tafelzeil,Rechthoek,Gebloemd,Fruit/groente,Raved","https://media.s-bol.com/ZnjX0J7vjE4E/BBPxp9k/1200x590.jpg, https://media.s-bol.com/Vj6ZQB3o6qQM/BBPxp9k/550x467.jpg, https://media.s-bol.com/RJ9B1x3k9m1q/BBPxp9k/550x550.jpg, https://media.s-bol.com/43XKky1gEKZg/2k73rXN/550x399.jpg, https://media.s-bol.com/gEzXx9RXA2DD/2k73rXN/550x500.jpg, https://media.s-bol.com/xxXjVrp560VB/2k73rXN/550x550.jpg, https://media.s-bol.com/Bm4E8Ywkv6O2/2k73rXN/550x488.jpg",,Raved,,Size,"140 x 50 cm, 140 x 100 cm, 140 x 140 cm, 140 x 160 cm, 140 x 180 cm, 140 x 200 cm, 140 x 220 cm, 140 x 230 cm, 140 x 240 cm, 140 x 250 cm, 140 x 260 cm, 140 x 270 cm, 140 x 280 cm, 140 x 290 cm, 140 x 300 cm, 140 x 310 cm, 140 x 320 cm, 140 x 350 cm",0,0,140 x 50 cm,,,,,
variation,9503327785526,Raved Tafelzeil – 140 cm x 50 cm – Kersen Rood – PVC – Afwasbaar,1,,visible,,,1,999,,,,,23.95,37.99,Tafellaken,,https://media.s-bol.com/3N1JmgAGLLXn/r0W5XmK/1200x1200.jpg,RAV-RAVEDTAFEL-9300000179282489,Raved,0,Size,140 x 50 cm,,0,,,,,,
variation,9503561463976,Raved Tafelzeil – 140 cm x 100 cm – Kersen Rood – PVC – Afwasbaar,1,,visible,,,1,999,,,,,23.95,37.99,Tafellaken,,https://media.s-bol.com/m5ZXWm3BLYG0/k5WKDrE/1200x1200.jpg,RAV-RAVEDTAFEL-9300000179282489,Raved,1,Size,140 x 100 cm,,0,,,,,,
variation,9506883651861,Raved Tafelzeil – 140 cm x 140 cm – Kersen Rood – PVC – Afwasbaar,1,,visible,,,1,999,,,,,23.95,37.99,Tafellaken,,https://media.s-bol.com/xgkjWAD9wowr/oYWK7j3/1200x1200.jpg,RAV-RAVEDTAFEL-9300000179282489,Raved,2,Size,140 x 140 cm,,0,,,,,,
variation,9503715968364,Raved Tafelzeil – 140 cm x 160 cm – Kersen Rood – PVC – Afwasbaar,1,,visible,,,1,999,,,,,23.95,37.99,Tafellaken,,https://media.s-bol.com/NJk1ogvj2LLK/vg65D8X/1200x1200.jpg,RAV-RAVEDTAFEL-9300000179282489,Raved,3,Size,140 x 160 cm,,0,,,,,,
variation,9504768585133,Raved Tafelzeil – 140 cm x 180 cm – Kersen Rood – PVC – Afwasbaar,1,,visible,,,1,999,,,,,23.95,37.99,Tafellaken,,https://media.s-bol.com/RN6Bvm3wRgKz/98vBODZ/1200x1200.jpg,RAV-RAVEDTAFEL-9300000179282489,Raved,4,Size,140 x 180 cm,,0,,,,,,
variation,9507562862172,Raved Tafelzeil – 140 cm x 200 cm – Kersen Rood – PVC – Afwasbaar,1,,visible,,,1,999,,,,,23.95,37.99,Tafellaken,,https://media.s-bol.com/EwRQLE5GmPym/g5WK6n3/1200x1200.jpg,RAV-RAVEDTAFEL-9300000179282489,Raved,5,Size,140 x 200 cm,,0,,,,,,
variation,9505371532538,Raved Tafelzeil – 140 cm x 220 cm – Kersen Rood – PVC – Afwasbaar,1,,visible,,,1,999,,,,,23.95,37.99,Tafellaken,,https://media.s-bol.com/JB6XkM3Y9WL9/g5WK62Y/1200x1200.jpg,RAV-RAVEDTAFEL-9300000179282489,Raved,6,Size,140 x 220 cm,,0,,,,,,
variation,9503162321392,Raved Tafelzeil – 140 cm x 230 cm – Kersen Rood – PVC – Afwasbaar,1,,visible,,,1,999,,,,,23.95,37.99,Tafellaken,,https://media.s-bol.com/8V2YrnQzB5R2/mwW6GYr/1200x1200.jpg,RAV-RAVEDTAFEL-9300000179282489,Raved,7,Size,140 x 230 cm,,0,,,,,,
variation,9504444661854,Raved Tafelzeil – 140 cm x 240 cm – Kersen Rood – PVC – Afwasbaar,1,,visible,,,1,999,,,,,23.95,37.99,Tafellaken,,https://media.s-bol.com/RN6Bvmz0Am1q/j2WML8R/1200x1200.jpg,RAV-RAVEDTAFEL-9300000179282489,Raved,8,Size,140 x 240 cm,,0,,,,,,
variation,9501393592642,Raved Tafelzeil – 140 cm x 250 cm – Kersen Rood – PVC – Afwasbaar,1,,visible,,,1,999,,,,,23.95,37.99,Tafellaken,,https://media.s-bol.com/Y8EXDw3qE01O/pgWK7kN/1200x1200.jpg,RAV-RAVEDTAFEL-9300000179282489,Raved,9,Size,140 x 250 cm,,0,,,,,,
variation,9507784829298,Raved Tafelzeil – 140 cm x 260 cm – Kersen Rood – PVC – Afwasbaar,1,,visible,,,1,999,,,,,23.95,37.99,Tafellaken,,https://media.s-bol.com/NJk1og37ABX2/wj65ZKM/1200x1200.jpg,RAV-RAVEDTAFEL-9300000179282489,Raved,10,Size,140 x 260 cm,,0,,,,,,
variation,9505694143961,Raved Tafelzeil – 140 cm x 270 cm – Kersen Rood – PVC – Afwasbaar,1,,visible,,,1,999,,,,,23.95,37.99,Tafellaken,,https://media.s-bol.com/w1pg6zJKk6xr/nZWX8gE/1200x1200.jpg,RAV-RAVEDTAFEL-9300000179282489,Raved,11,Size,140 x 270 cm,,0,,,,,,
variation,9507185865833,Raved Tafelzeil – 140 cm x 280 cm – Kersen Rood – PVC – Afwasbaar,1,,visible,,,1,999,,,,,23.95,37.99,Tafellaken,,https://media.s-bol.com/NJk1oEj2VzW6/j2WML0l/1200x1200.jpg,RAV-RAVEDTAFEL-9300000179282489,Raved,12,Size,140 x 280 cm,,0,,,,,,
variation,9506993171464,Raved Tafelzeil – 140 cm x 290 cm – Kersen Rood – PVC – Afwasbaar,1,,visible,,,1,999,,,,,23.95,37.99,Tafellaken,,https://media.s-bol.com/7R3JqmPJpknQ/8qrAOML/1200x1200.jpg,RAV-RAVEDTAFEL-9300000179282489,Raved,13,Size,140 x 290 cm,,0,,,,,,
variation,9503895327999,Raved Tafelzeil – 140 cm x 300 cm – Kersen Rood – PVC – Afwasbaar,1,,visible,,,1,999,,,,,23.95,37.99,Tafellaken,,https://media.s-bol.com/q1x8WqNNnA4y/0gjpO0K/1200x1200.jpg,RAV-RAVEDTAFEL-9300000179282489,Raved,14,Size,140 x 300 cm,,0,,,,,,
variation,9502573513884,Raved Tafelzeil – 140 cm x 310 cm – Kersen Rood – PVC – Afwasbaar,1,,visible,,,1,999,,,,,23.95,37.99,Tafellaken,,https://media.s-bol.com/JB6XkM3Y9lvK/lOWLD2r/1200x1200.jpg,RAV-RAVEDTAFEL-9300000179282489,Raved,15,Size,140 x 310 cm,,0,,,,,,
variation,9501512631757,Raved Tafelzeil – 140 cm x 320 cm – Kersen Rood – PVC – Afwasbaar,1,,visible,,,1,999,,,,,23.95,37.99,Tafellaken,,https://media.s-bol.com/xgkjWA3OvLEz/76qzOpr/1200x1200.jpg,RAV-RAVEDTAFEL-9300000179282489,Raved,16,Size,140 x 320 cm,,0,,,,,,
variation,9508419428121,Raved Tafelzeil – 140 cm x 350 cm – Kersen Rood – PVC – Afwasbaar,1,,visible,,,1,999,,,,,23.95,37.99,Tafellaken,,https://media.s-bol.com/JB6XkMmZjyPo/k5WKD75/1200x1200.jpg,RAV-RAVEDTAFEL-9300000179282489,Raved,17,Size,140 x 350 cm,,0,,,,,,
variable,RAV-RAVEDTAFEL-9300000088003812,Raved Tafelzeil Design Kleurrijk 140 140 - PVC - Afwasbaar,1,,visible,,"<p>Breng direct sfeer aan tafel met dit <strong>lege­r- en vlekbestendige PVC tafelzeil</strong> van Raved in een vrolijke <strong>kersenprint</strong>. Dankzij de <strong>afwasbare kwaliteit</strong> is je tafel in no time schoon — ideaal voor dagelijks gebruik of gezellig dineren buiten.</p> <p>Creëer moeiteloos een tafelsetting die zowel stijlvol als praktisch is met dit <strong>tafelzeil van Raved</strong>. Het uitnodigende kersenmotief op een warme rode achtergrond geeft je eet- of tuintafel een frisse, speelse uitstraling — perfect voor een gezellige brunch of een uitgebreide familiediner.</p> <h3>Bescherming én sfeer</h3> <p>Met dit tafelzeil kies je niet alleen voor een leuke look, maar ook voor een slimme oplossing: het <strong>duurzame PVC-materiaal</strong> beschermt je tafel tegen slijtage, vlekken, krassen en lekkages. Geen zorgen bij een glas rode wijn of een knoeierige eter — gewoon afnemen en verder genieten. Het resultaat: een tafel die er altijd netjes uitziet én een huiskamer of terras die uitnodigt.</p> <h3>Voor binnen én buiten</h3> <p>Of je nu binnen eet of buiten op het terras zit, dit exemplaar presteert: het is <strong>afwasbaar</strong>, waterafstotend en licht onderhoudsarm. Zo kun je meer tijd besteden aan gezelschap en minder aan schoonmaak.</p> <h3>Mooi design + praktische details</h3> <ul> <li> <p><strong>Kleur/design:</strong> Rood met kersenprint — stijlvol en vrolijk.</p> </li> <li> <p><strong>Materiaal:</strong> PVC (afwasbaar) — snelle reiniging, hoge bescherming.</p> </li> <li> <p><strong>Gebruik:</strong> Geschikt voor dagelijks gebruik, kinderfeestjes, buitenmaaltijden of gezellige diners.</p> </li> </ul> <h3>Waarom dit tafelzeil kiezen?</h3> <ul> <li> <p><strong>Verliesaversie-trigger:</strong> “Bescherm je tafel nu tegen krassen en vlekken — want een nieuw tafelblad is duurder dan dit tafelzeil.”</p> </li> <li> <p><strong>Sociale bewijskracht:</strong> Het merk Raved staat bekend om kwaliteitsvolle tafelzeilen met vrolijke prints die veel huishoudens gebruiken.</p> </li> <li> <p><strong>Urgentie-element:</strong> Maak je tafel vandaag nog klaar voor gasten of een ontspannen maaltijd — wacht niet tot het weer knoeien gebeurt.</p> </li> </ul> <h3>Onderhoudstip</h3> <p>Veeg het tafelzeil eenvoudig schoon met een vochtige doek. Gebruik geen agressieve schoonmaakmiddelen om de print en het materiaal mooi te houden. Rol het los op voor langere levensduur — zo blijft de kersenprint levendig en de PVC-laag intact.</p> <p><strong>Voeg stijl, gemak en bescherming toe aan je tafel – kies vandaag dit Raved tafelzeil en geniet elke dag weer van een vrolijke tafel.</strong></p>",1,999,,,,,,,Tafellaken,"Tafellaken,PVC,Tafelzeil,Rechthoek,Effen,Aardbeien,Raved","https://media.s-bol.com/r1kV6Jzz8522/qjWoP2D/1200x1200.jpg, https://media.s-bol.com/m5ZNPArD2zPO/qjWoP2D/550x490.jpg, https://media.s-bol.com/1QmwOXJXpY2q/XN9XYm/550x550.jpg, https://media.s-bol.com/LE9WRL3MJV0v/qjWoP2D/550x550.jpg, https://media.s-bol.com/KDr9R0wW3wKx/qjWoP2D/550x550.jpg, https://media.s-bol.com/g0JMPrwgNxwG/qjWoP2D/550x178.jpg",,Raved,,Size,"140 x 50 cm, 140 x 100 cm, 140 x 140 cm, 140 x 160 cm, 140 x 180 cm, 140 x 200 cm, 140 x 220 cm, 140 x 230 cm, 140 x 240 cm, 140 x 250 cm, 140 x 260 cm, 140 x 270 cm, 140 x 280 cm, 140 x 290 cm, 140 x 300 cm, 140 x 310 cm, 140 x 320 cm, 140 x 350 cm",0,0,140 x 50 cm,,,,,
variation,9509569841488,Raved tafelzeil 140 cm × 50 cm – kersenprint rood – PVC – afwasbaar,1,,visible,,,1,999,,,,,23.95,37.99,Tafellaken,,https://media.s-bol.com/3N1VG4LwJ4o9/vg6wXjL/1200x1200.jpg,RAV-RAVEDTAFEL-9300000088003812,Raved,0,Size,140 x 50 cm,,0,,,,,,
variation,9503334599574,Raved tafelzeil 140 cm × 100 cm – kersenprint rood – PVC – afwasbaar,1,,visible,,,1,999,,,,,23.95,37.99,Tafellaken,,https://media.s-bol.com/m5ZNPAv1xz03/pgWnOzX/1200x1200.jpg,RAV-RAVEDTAFEL-9300000088003812,Raved,1,Size,140 x 100 cm,,0,,,,,,
variation,9508327964797,Raved tafelzeil 140 cm × 140 cm – kersenprint rood – PVC – afwasbaar,1,,visible,,,1,999,,,,,23.95,37.99,Tafellaken,,https://media.s-bol.com/OKY6ROA134mp/BgGvKn2/1200x1200.jpg,RAV-RAVEDTAFEL-9300000088003812,Raved,2,Size,140 x 140 cm,,0,,,,,,
variation,9501987795640,Raved tafelzeil 140 cm × 160 cm – kersenprint rood – PVC – afwasbaar,1,,visible,,,1,999,,,,,23.95,37.99,Tafellaken,,https://media.s-bol.com/n156PBw2yAmp/nZWlMzY/1200x1200.jpg,RAV-RAVEDTAFEL-9300000088003812,Raved,3,Size,140 x 160 cm,,0,,,,,,
variation,9505278149969,Raved tafelzeil 140 cm × 180 cm – kersenprint rood – PVC – afwasbaar,1,,visible,,,1,999,,,,,23.95,37.99,Tafellaken,,https://media.s-bol.com/j1R6PxpkD3wv/y8Wz1mz/1200x1200.jpg,RAV-RAVEDTAFEL-9300000088003812,Raved,4,Size,140 x 180 cm,,0,,,,,,
variation,9503941644353,Raved tafelzeil 140 cm × 200 cm – kersenprint rood – PVC – afwasbaar,1,,visible,,,1,999,,,,,23.95,37.99,Tafellaken,,https://media.s-bol.com/BqB9yxkxGOxX/zmgA2n5/1200x1200.jpg,RAV-RAVEDTAFEL-9300000088003812,Raved,5,Size,140 x 200 cm,,0,,,,,,
variation,9508217468541,Raved tafelzeil 140 cm × 220 cm – kersenprint rood – PVC – afwasbaar,1,,visible,,,1,999,,,,,23.95,37.99,Tafellaken,,https://media.s-bol.com/r1kV6Jzg7jQK/wj6xYkg/1200x1200.jpg,RAV-RAVEDTAFEL-9300000088003812,Raved,6,Size,140 x 220 cm,,0,,,,,,
variation,9508884876885,Raved tafelzeil 140 cm × 230 cm – kersenprint rood – PVC – afwasbaar,1,,visible,,,1,999,,,,,23.95,37.99,Tafellaken,,https://media.s-bol.com/3N1VG4L0DxY9/AnErJm7/1200x1200.jpg,RAV-RAVEDTAFEL-9300000088003812,Raved,7,Size,140 x 230 cm,,0,,,,,,
variation,9504293266132,Raved tafelzeil 140 cm × 240 cm – kersenprint rood – PVC – afwasbaar,1,,visible,,,1,999,,,,,23.95,37.99,Tafellaken,,https://media.s-bol.com/r1kV6Jzz8522/qjWoP2D/1200x1200.jpg,RAV-RAVEDTAFEL-9300000088003812,Raved,8,Size,140 x 240 cm,,0,,,,,,
variation,9505885797133,Raved tafelzeil 140 cm × 250 cm – kersenprint rood – PVC – afwasbaar,1,,visible,,,1,999,,,,,23.95,37.99,Tafellaken,,https://media.s-bol.com/3N1VG4LyYnrR/r0WpQYB/1200x1200.jpg,RAV-RAVEDTAFEL-9300000088003812,Raved,9,Size,140 x 250 cm,,0,,,,,,
variation,9508844382135,Raved tafelzeil 140 cm × 260 cm – kersenprint rood – PVC – afwasbaar,1,,visible,,,1,999,,,,,23.95,37.99,Tafellaken,,https://media.s-bol.com/7R3VkjP7K291/xGWyZlz/1200x1200.jpg,RAV-RAVEDTAFEL-9300000088003812,Raved,10,Size,140 x 260 cm,,0,,,,,,
variation,9505821416326,Raved tafelzeil 140 cm × 270 cm – kersenprint rood – PVC – afwasbaar,1,,visible,,,1,999,,,,,23.95,37.99,Tafellaken,,https://media.s-bol.com/NJkWRNzDp448/JZk1VP9/1200x1200.jpg,RAV-RAVEDTAFEL-9300000088003812,Raved,11,Size,140 x 270 cm,,0,,,,,,
variation,9509767271247,Raved tafelzeil 140 cm × 280 cm – kersenprint rood – PVC – afwasbaar,1,,visible,,,1,999,,,,,23.95,37.99,Tafellaken,,https://media.s-bol.com/3N1VGmP2NLy9/GZNAP9r/1200x1200.jpg,RAV-RAVEDTAFEL-9300000088003812,Raved,12,Size,140 x 280 cm,,0,,,,,,
variation,9501431367829,Raved tafelzeil 140 cm × 290 cm – kersenprint rood – PVC – afwasbaar,1,,visible,,,1,999,,,,,23.95,37.99,Tafellaken,,https://media.s-bol.com/NJkWRN3Q0y8D/lOW0Kp7/1200x1200.jpg,RAV-RAVEDTAFEL-9300000088003812,Raved,13,Size,140 x 290 cm,,0,,,,,,
variation,9505465943486,Raved tafelzeil 140 cm × 300 cm – kersenprint rood – PVC – afwasbaar,1,,visible,,,1,999,,,,,23.95,37.99,Tafellaken,,https://media.s-bol.com/7R3VkjQLrw1y/mwWkLEE/1200x1200.jpg,RAV-RAVEDTAFEL-9300000088003812,Raved,14,Size,140 x 300 cm,,0,,,,,,
variation,9502344547629,Raved tafelzeil 140 cm × 310 cm – kersenprint rood – PVC – afwasbaar,1,,visible,,,1,999,,,,,23.95,37.99,Tafellaken,,https://media.s-bol.com/g0JMPrz6k95r/k5WgJor/1200x1200.jpg,RAV-RAVEDTAFEL-9300000088003812,Raved,15,Size,140 x 310 cm,,0,,,,,,
variation,9505724373221,Raved tafelzeil 140 cm × 320 cm – kersenprint rood – PVC – afwasbaar,1,,visible,,,1,999,,,,,23.95,37.99,Tafellaken,,https://media.s-bol.com/q1xL9GNwnMEk/oYWmNOA/1200x1200.jpg,RAV-RAVEDTAFEL-9300000088003812,Raved,16,Size,140 x 320 cm,,0,,,,,,
variation,9501329476190,Raved tafelzeil 140 cm × 350 cm – kersenprint rood – PVC – afwasbaar,1,,visible,,,1,999,,,,,23.95,37.99,Tafellaken,,https://media.s-bol.com/r1kV6Jzz8522/qjWoP2D/1200x1200.jpg,RAV-RAVEDTAFEL-9300000088003812,Raved,17,Size,140 x 350 cm,,0,,,,,,
variable,RAV-RAVEDTAFEL-9300000175765180,Raved Tafelzeil Lente Bloemen 140 140 - Grijs - PVC - Afwasbaar,1,,visible,,"<p>Maak je eettafel direct sfeervol én praktisch met dit <strong>afwasbare PVC-­tafelzeil</strong> van Raved met een stijlvol <strong>bloemenmotief op grijze ondergrond</strong>, dat je tafel beschermt tegen vlekken, knoeien en slijtage. Perfect voor zowel <strong>binnen als buiten</strong>.</p> <p>Breng een frisse lentevibe naar je tafel met dit <strong>T</strong><strong>afelzeil “Lente Bloemen” van Raved</strong> — ideaal voor wie stijl én gemak wil combineren. Het <strong>primair zoekwoord tafelzeil”</strong> wordt direct zichtbaar in de eerste alinea, samen met de belangrijkste eigenschappen.<br />Dit tafelzeil is vervaardigd uit <strong>duurzaam PVC-materiaal</strong>, waardoor het eenvoudig te reinigen is en bestand tegen knutselende kinderen, spontane buitenmaaltijden of gezellige diners met vrienden. De <strong>kleur grijs met wit bloemenpatroon</strong> geeft een moderne en frisse uitstraling die moeiteloos past bij allerlei interieur- of tuinstijlen.</p> <h3>Voordelen in één oogopslag</h3> <ul> <li> <p><strong>Bescherming & gemak</strong>: door het gladde PVC kun je direct eten of drinken serveren zonder bang te zijn voor vlekken of beschadigingen.</p> </li> <li> <p><strong>Flexibel gebruik</strong>: geschikt voor gebruik <strong>binnen én buiten</strong>, waardoor je tafel het hele jaar door verzorgd oogt. </p> </li> <li> <p><strong>Stijlvol design</strong>: het bloemenmotief op de grijze ondergrond zorgt voor een frisse, natuurlijke sfeer die zowel in de keuken als op het terras werkt.</p> </li> </ul> <h3>Specificaties & kwaliteit</h3> <ul> <li> <p>Materiaal: <strong>PVC / plastic</strong> – stevig, praktisch én afwasbaar. Kleur: grijze ondergrond met een wit bloemenpatroon – subtiel en elegant. </p> </li> <li> <p>Merk: Raved – specialist in tafelkleden/tafelzeilen met oog voor design en gebruiksgemak. </p> </li> <li> <p>Geschikt voor: dagelijks gebruik, gezinsmaaltijden, buitenmaaltijden, knutselmomenten, feestmomenten – kortom: jouw tafel kan alles aan.</p> </li> </ul> <h3>Waarom kiezen voor dit tafelzeil?</h3> <p>Stel je voor: je hebt net een prachtig gedekte tafel, de kinderen eten buiten, vrienden schuiven aan voor een borrel – en jij hoeft je geen zorgen te maken over vlekken of krassen. Dit tafelzeil geeft je die rust én stijl. Veel tafelkleden zien er mooi uit, maar dit exemplaar maakt het écht makkelijk – schoonmaken is zo gedaan.<br /><strong>Sociale bewijskracht</strong>: veel gebruikers waarderen hoe moeiteloos het onderhoud is en hoe het design direct de sfeer verhoogt.<br /><strong>Verliesaversie-trigger</strong>: Een tafel zonder goede bescherming loopt risico op blijvende vlekken of beschadiging – kies nu voor zekerheid.<br /><strong>Urgentie</strong>: Met het juiste zeil zorg je dat het nieuwe seizoen vliegend van start gaat en de tafel meteen uitnodigend is.</p> <h3>Onderhoud & gebruikstips</h3> <ul> <li> <p>Veeg het tafelzeil af met een vochtige doek – geen gedoe met speciale schoonmaakmiddelen.</p> </li> <li> <p>Gebruik het buiten? Haal het bij aanhoudende regen naar binnen om verkleuring of verwering te voorkomen. </p> </li> <li> <p>Combineer met placemats of dienbladen voor extra bescherming én stijl.</p> </li> </ul> <p><strong>Conclusie:</strong> Kies dit tafelzeil van Raved voor een combinatie van stijl, gemak en duurzaamheid. Breng frisheid in huis of tuin met het bloemenmotief, en ervaar hoe eenvoudig het wordt om je tafel er verzorgd uit te laten zien.<br /><strong>Bestel vandaag nog</strong> en geef je tafel de bescherming én uitstraling die het verdient.</p>",1,999,,,,,,,Tafellaken,"Tafellaken,PVC,Tafelzeil,Rechthoek,Overig,Bloemen,Raved","https://media.s-bol.com/m5ZNNMD5vl2O/Q1rXYjq/1200x1200.jpg, https://media.s-bol.com/p1YLLXJ1yrR2/Q1rXYjq/550x448.jpg, https://media.s-bol.com/n1566NE1wnYR/Q1rXYjq/550x550.jpg, https://media.s-bol.com/yArQ4j10GMPn/nYnoP4/550x550.jpg, https://media.s-bol.com/xgkLL7RK13DB/Q1rXYjq/550x550.jpg, https://media.s-bol.com/g0JMMQw0lJMk/Q1rXYjq/550x178.jpg",,Raved,,Size,"140 x 50 cm, 140 x 100 cm, 140 x 140 cm, 140 x 160 cm, 140 x 180 cm, 140 x 200 cm, 140 x 220 cm, 140 x 230 cm, 140 x 240 cm, 140 x 250 cm, 140 x 260 cm, 140 x 270 cm, 140 x 280 cm, 140 x 290 cm, 140 x 300 cm, 140 x 310 cm, 140 x 320 cm, 140 x 350 cm",0,0,140 x 50 cm,,,,,
variation,9509548943950,Raved Tafelzeil - 140 cm x 50 cm Lente Bloemen Grijs - PVC – Afwasbaar,1,,visible,,,1,999,,,,,23.95,37.99,Tafellaken,,https://media.s-bol.com/NJkWXZXzR4j8/k5WgGBY/1200x1200.jpg,RAV-RAVEDTAFEL-9300000175765180,Raved,0,Size,140 x 50 cm,,0,,,,,,
variation,9504297346113,Raved Tafelzeil - 140 cm x 100 cm Lente Bloemen Grijs - PVC – Afwasbaar,1,,visible,,,1,999,,,,,23.95,37.99,Tafellaken,,https://media.s-bol.com/R0ODG02NGMWE/QD8XkG/1200x1019.jpg,RAV-RAVEDTAFEL-9300000175765180,Raved,1,Size,140 x 100 cm,,0,,,,,,
variation,9507795712923,Raved Tafelzeil - 140 cm x 140 cm Lente Bloemen Grijs - PVC – Afwasbaar,1,,visible,,,1,999,,,,,23.95,37.99,Tafellaken,,https://media.s-bol.com/J2yrwRNDqDEP/lq9kL7/1200x1019.jpg,RAV-RAVEDTAFEL-9300000175765180,Raved,2,Size,140 x 140 cm,,0,,,,,,
variation,9509189424245,Raved Tafelzeil - 140 cm x 160 cm Lente Bloemen Grijs - PVC – Afwasbaar,1,,visible,,,1,999,,,,,23.95,37.99,Tafellaken,,https://media.s-bol.com/D21lnARoXnQB/pxjVVy/1200x1019.jpg,RAV-RAVEDTAFEL-9300000175765180,Raved,3,Size,140 x 160 cm,,0,,,,,,
variation,9505964144636,Raved Tafelzeil - 140 cm x 180 cm Lente Bloemen Grijs - PVC – Afwasbaar,1,,visible,,,1,999,,,,,23.95,37.99,Tafellaken,,https://media.s-bol.com/YnWNPRyvx8Pn/nv9l8E/1200x1019.jpg,RAV-RAVEDTAFEL-9300000175765180,Raved,4,Size,140 x 180 cm,,0,,,,,,
variation,9505989834437,Raved Tafelzeil - 140 cm x 200 cm Lente Bloemen Grijs - PVC – Afwasbaar,1,,visible,,,1,999,,,,,23.95,37.99,Tafellaken,,https://media.s-bol.com/v12LL9nA0VXX/lOW0JMl/1200x1200.jpg,RAV-RAVEDTAFEL-9300000175765180,Raved,5,Size,140 x 200 cm,,0,,,,,,
variation,9504825688937,Raved Tafelzeil - 140 cm x 220 cm Lente Bloemen Grijs - PVC – Afwasbaar,1,,visible,,,1,999,,,,,23.95,37.99,Tafellaken,,https://media.s-bol.com/o12XX63zJ2Kz/j2WBEOz/1200x1200.jpg,RAV-RAVEDTAFEL-9300000175765180,Raved,6,Size,140 x 220 cm,,0,,,,,,
variation,9501429191412,Raved Tafelzeil - 140 cm x 230 cm Lente Bloemen Grijs - PVC – Afwasbaar,1,,visible,,,1,999,,,,,23.95,37.99,Tafellaken,,https://media.s-bol.com/3N1VVKMrPJLO/k5WgGDY/1200x1200.jpg,RAV-RAVEDTAFEL-9300000175765180,Raved,7,Size,140 x 230 cm,,0,,,,,,
variation,9508625189540,Raved Tafelzeil - 140 cm x 240 cm Lente Bloemen Grijs - PVC – Afwasbaar,1,,visible,,,1,999,,,,,23.95,37.99,Tafellaken,,https://media.s-bol.com/m5ZNNMD5vl2O/Q1rXYjq/1200x1200.jpg,RAV-RAVEDTAFEL-9300000175765180,Raved,8,Size,140 x 240 cm,,0,,,,,,
variation,9502945487522,Raved Tafelzeil - 140 cm x 250 cm Lente Bloemen Grijs - PVC – Afwasbaar,1,,visible,,,1,999,,,,,23.95,37.99,Tafellaken,,https://media.s-bol.com/yjP22JVLX3En/vg6wWLL/1200x1200.jpg,RAV-RAVEDTAFEL-9300000175765180,Raved,9,Size,140 x 250 cm,,0,,,,,,
variation,9504399496822,Raved Tafelzeil - 140 cm x 260 cm Lente Bloemen Grijs - PVC – Afwasbaar,1,,visible,,,1,999,,,,,23.95,37.99,Tafellaken,,https://media.s-bol.com/j1R66OXGmmrW/GZNALzQ/1200x1200.jpg,RAV-RAVEDTAFEL-9300000175765180,Raved,10,Size,140 x 260 cm,,0,,,,,,
variation,9501662467466,Raved Tafelzeil - 140 cm x 270 cm Lente Bloemen Grijs - PVC – Afwasbaar,1,,visible,,,1,999,,,,,23.95,37.99,Tafellaken,,https://media.s-bol.com/BqB99RwjVLXX/1jkMgV3/1200x1200.jpg,RAV-RAVEDTAFEL-9300000175765180,Raved,11,Size,140 x 270 cm,,0,,,,,,
variation,9505745544686,Raved Tafelzeil - 140 cm x 280 cm Lente Bloemen Grijs - PVC – Afwasbaar,1,,visible,,,1,999,,,,,23.95,37.99,Tafellaken,,https://media.s-bol.com/m5ZNNM142Dw9/j2WBE5z/1200x1200.jpg,RAV-RAVEDTAFEL-9300000175765180,Raved,12,Size,140 x 280 cm,,0,,,,,,
variation,9501435821761,Raved Tafelzeil - 140 cm x 290 cm Lente Bloemen Grijs - PVC – Afwasbaar,1,,visible,,,1,999,,,,,23.95,37.99,Tafellaken,,https://media.s-bol.com/m5ZNNMD5vl2O/Q1rXYjq/1200x1200.jpg,RAV-RAVEDTAFEL-9300000175765180,Raved,13,Size,140 x 290 cm,,0,,,,,,
variation,9506417368692,Raved Tafelzeil - 140 cm x 300 cm Lente Bloemen Grijs - PVC – Afwasbaar,1,,visible,,,1,999,,,,,23.95,37.99,Tafellaken,,https://media.s-bol.com/g0JMMQRoXJK9/MjnXRQ5/1200x1200.jpg,RAV-RAVEDTAFEL-9300000175765180,Raved,14,Size,140 x 300 cm,,0,,,,,,
variation,9504378853769,Raved Tafelzeil - 140 cm x 310 cm Lente Bloemen Grijs - PVC – Afwasbaar,1,,visible,,,1,999,,,,,23.95,37.99,Tafellaken,,https://media.s-bol.com/m5ZNNM1xXQjr/AnErBW1/1200x1200.jpg,RAV-RAVEDTAFEL-9300000175765180,Raved,15,Size,140 x 310 cm,,0,,,,,,
variation,9502658935990,Raved Tafelzeil - 140 cm x 320 cm Lente Bloemen Grijs - PVC – Afwasbaar,1,,visible,,,1,999,,,,,23.95,37.99,Tafellaken,,https://media.s-bol.com/g0JMMQR4xzv9/qjWoOA3/1200x1200.jpg,RAV-RAVEDTAFEL-9300000175765180,Raved,16,Size,140 x 320 cm,,0,,,,,,
variation,9503467861227,Raved Tafelzeil - 140 cm x 350 cm Lente Bloemen Grijs - PVC – Afwasbaar,1,,visible,,,1,999,,,,,23.95,37.99,Tafellaken,,https://media.s-bol.com/VROnn0wKK2m1/r0WpPMw/1200x1200.jpg,RAV-RAVEDTAFEL-9300000175765180,Raved,17,Size,140 x 350 cm,,0,,,,,,
variable,RAV-RAVEDTAFEL-9300000179030934,Raved Tafelzeil 140 140 - PVC - Afwasbaar,1,,visible,,"<p>Bescherm je tafel en voeg direct kleur toe met dit <strong>stijlvolle en praktische tafelzeil</strong>. Het <strong>afwasbare PVC-materiaal</strong> zorgt voor eenvoudig onderhoud, terwijl het opvallende <strong>pauwenveren-motief op geel</strong> direct sfeer creëert – perfect voor binnen én buiten.</p> <p>Transformeer je eet- of tuintafel met het <strong>primair zoekwoord</strong> <strong>tafelzeil</strong> van merk <strong>Raved</strong>, met een opvallend patroon van pauwenveren op een warme gele achtergrond. Dit model is uitgevoerd in hoogwaardig <strong>PVC</strong>, dat zowel bescherming biedt als direct stijl toevoegt aan je interieur of buitenplek.</p> <h3>Sfeer en stijl</h3> <p>Het levendige <strong>geel</strong> brengt meteen een zonnige, uitnodigende ambiance, terwijl het motief van <strong>pauwenveren</strong> zorgt voor een exotische en luxe uitstraling. Of je nu gezellig gaat ontbijten, een lange maaltijd hebt met vrienden of het terras aankleedt voor een zomeravond – dit tafelzeil maakt de tafel tot een echte blikvanger.</p> <h3>Duurzaam materiaal & gebruiksgemak</h3> <p>Dankzij het robuuste <strong>PVC-materiaal</strong> geniet je van langdurige kwaliteit: minder slijtage, kleurvastheid en bestand tegen knoeien of vlekken. <strong>Afwasbaar</strong>, dus na het eten eenvoudig afnemen met een vochtige doek – geen gedoe meer met uren poetsen. Daarmee lost dit tafelzeil een belangrijk pijnpunt op: “slechte tafelzeilen die snel verslijten of vlekken zichtbaar blijven”.</p> <h3>Binnen én buiten</h3> <p>Of je nu eet aan de eettafel of geniet op het terras: dit tafelzeil is ontworpen voor veelzijdig gebruik. Door de brede standaardbreedte van 140 cm (maatvoorbeeld) past het makkelijk op veel standaardtafels. Let op: om de schitterende kleur en het motief optimaal te behouden, is direct blootstellen aan extreme weersinvloeden minder ideaal, dus bij langdurige buitenopslag is een afdekking aanbevolen. </p> <h3>Bescherm je tafel & creëer rust</h3> <p>Met dit tafelzeil geef je je tafel niet alleen een stijlupgrade, maar ook bescherming: denk aan kinderen, knoeien, buitengebruik of feestjes. Hierdoor speel je in op de kooptrigger van “bescherming + gemak”. Daarnaast zorgt het opvallende motief voor een gespreksonderwerp – sociale bewijskracht wordt versterkt wanneer gasten reageren op je stijlvolle tafelsetting.</p> <h3>Specificaties in één oogopslag</h3> <ul> <li> <p>Materiaal: <strong>PVC</strong> (afwasbaar) </p> </li> <li> <p>Kleur: <strong>Geel met pauwenveren-motief</strong> </p> </li> <li>Merk: <strong>Raved</strong></li> <li> <p>Geschikt voor binnen & buitengebruik </p> </li> </ul> <h3>Waarom kiezen voor dit tafelzeil?</h3> <ul> <li> <p><strong>USP 1:</strong> Opvallend design – niet zomaar een tafelzeil, maar een stijlstatement.</p> </li> <li> <p><strong>USP 2:</strong> Praktisch onderhoud – afwasbaar PVC betekent minder schoonmaaktijd, meer genietmomenten.</p> </li> <li> <p><strong>USP 3:</strong> Veelzijdig – geschikt voor dagelijks gebruik én speciale gelegenheden.</p> </li> </ul> <p>Laat je tafel spreken, bescherm hem tegen leeftijden en knoeien en geniet van de combinatie van luxe uitstraling en praktisch gemak. Kies voor dit tafelzeil – en maak van elke maaltijd een stijlvol moment. <strong>Bestel vandaag nog</strong> en geef jouw tafel de upgrade die hij verdient!</p>",1,999,,,,,,,Tafellaken,"Tafellaken,PVC,Tafelzeil,Rechthoek,Overig,Ruiten,Raved",https://media.s-bol.com/o128lx4OBnpL/2RlXZ9P/1200x1200.jpg,,Raved,,Size,"140 x 50 cm, 140 x 100 cm, 140 x 140 cm, 140 x 160 cm, 140 x 180 cm, 140 x 200 cm, 140 x 220 cm, 140 x 230 cm, 140 x 240 cm, 140 x 250 cm, 140 x 260 cm, 140 x 270 cm, 140 x 280 cm, 140 x 290 cm, 140 x 300 cm, 140 x 310 cm, 140 x 320 cm, 140 x 350 cm",0,0,140 x 50 cm,,,,,
variation,9507442358245,Raved Tafelzeil – 140 cm x 50 cm – Pauwen Veren – Geel – PVC – Afwasbaar,1,,visible,,,1,999,,,,,31.99,35.99,Tafellaken,,https://media.s-bol.com/k1RBLqvwMJDK/Y6DZLM9/1200x1200.jpg,RAV-RAVEDTAFEL-9300000179030934,Raved,0,Size,140 x 50 cm,,0,,,,,,
variation,9505697423633,Raved Tafelzeil – 140 cm x 100 cm – Pauwen Veren – Geel – PVC – Afwasbaar,1,,visible,,,1,999,,,,,31.99,35.99,Tafellaken,,https://media.s-bol.com/m5Z8jvx2XAyG/76qMZAG/1200x1200.jpg,RAV-RAVEDTAFEL-9300000179030934,Raved,1,Size,140 x 100 cm,,0,,,,,,
variation,9506856824285,Raved Tafelzeil – 140 cm x 140 cm – Pauwen Veren – Geel – PVC – Afwasbaar,1,,visible,,,1,999,,,,,31.99,35.99,Tafellaken,,https://media.s-bol.com/g0J8Emok74ok/Q1rXzOq/1200x1200.jpg,RAV-RAVEDTAFEL-9300000179030934,Raved,2,Size,140 x 140 cm,,0,,,,,,
variation,9501479462272,Raved Tafelzeil – 140 cm x 160 cm – Pauwen Veren – Geel – PVC – Afwasbaar,1,,visible,,,1,999,,,,,31.99,35.99,Tafellaken,,https://media.s-bol.com/o128lx4OBnpL/2RlXZ9P/1200x1200.jpg,RAV-RAVEDTAFEL-9300000179030934,Raved,3,Size,140 x 160 cm,,0,,,,,,
variation,9504411618737,Raved Tafelzeil – 140 cm x 180 cm – Pauwen Veren – Geel – PVC – Afwasbaar,1,,visible,,,1,999,,,,,31.99,35.99,Tafellaken,,https://media.s-bol.com/Y8Erm3LEmV3A/1jkMZ9o/1200x1200.jpg,RAV-RAVEDTAFEL-9300000179030934,Raved,4,Size,140 x 180 cm,,0,,,,,,
variation,9503165858413,Raved Tafelzeil – 140 cm x 200 cm – Pauwen Veren – Geel – PVC – Afwasbaar,1,,visible,,,1,999,,,,,31.99,35.99,Tafellaken,,https://media.s-bol.com/r1kBojlmP7QW/RgvXAL0/1200x1200.jpg,RAV-RAVEDTAFEL-9300000179030934,Raved,5,Size,140 x 200 cm,,0,,,,,,
variation,9506182511392,Raved Tafelzeil – 140 cm x 220 cm – Pauwen Veren – Geel – PVC – Afwasbaar,1,,visible,,,1,999,,,,,31.99,35.99,Tafellaken,,https://media.s-bol.com/j1R5Kp4nwg74/VmzWGN9/1200x1200.jpg,RAV-RAVEDTAFEL-9300000179030934,Raved,6,Size,140 x 220 cm,,0,,,,,,
variation,9506976125170,Raved Tafelzeil – 140 cm x 230 cm – Pauwen Veren – Geel – PVC – Afwasbaar,1,,visible,,,1,999,,,,,31.99,35.99,Tafellaken,,https://media.s-bol.com/RN6kJ3AXLmqY/X6BPKMl/1200x1200.jpg,RAV-RAVEDTAFEL-9300000179030934,Raved,7,Size,140 x 230 cm,,0,,,,,,
variation,9501656252955,Raved Tafelzeil – 140 cm x 240 cm – Pauwen Veren – Geel – PVC – Afwasbaar,1,,visible,,,1,999,,,,,31.99,35.99,Tafellaken,,https://media.s-bol.com/o128lx4OBnpL/2RlXZ9P/1200x1200.jpg,RAV-RAVEDTAFEL-9300000179030934,Raved,8,Size,140 x 240 cm,,0,,,,,,
variation,9501897133549,Raved Tafelzeil – 140 cm x 250 cm – Pauwen Veren – Geel – PVC – Afwasbaar,1,,visible,,,1,999,,,,,31.99,35.99,Tafellaken,,https://media.s-bol.com/yjP7yLNJ4zwn/98vjZ24/1200x1200.jpg,RAV-RAVEDTAFEL-9300000179030934,Raved,9,Size,140 x 250 cm,,0,,,,,,
variation,9509465279927,Raved Tafelzeil – 140 cm x 260 cm – Pauwen Veren – Geel – PVC – Afwasbaar,1,,visible,,,1,999,,,,,31.99,35.99,Tafellaken,,https://media.s-bol.com/3XAnBY42Ymlx/gJnoNGk/1200x590.jpg,RAV-RAVEDTAFEL-9300000179030934,Raved,10,Size,140 x 260 cm,,0,,,,,,
variation,9506852234989,Raved Tafelzeil – 140 cm x 270 cm – Pauwen Veren – Geel – PVC – Afwasbaar,1,,visible,,,1,999,,,,,31.99,35.99,Tafellaken,,https://media.s-bol.com/r1kBoAxP9ogW/P1qGyYl/1200x1200.jpg,RAV-RAVEDTAFEL-9300000179030934,Raved,11,Size,140 x 270 cm,,0,,,,,,
variation,9502612331158,Raved Tafelzeil – 140 cm x 280 cm – Pauwen Veren – Geel – PVC – Afwasbaar,1,,visible,,,1,999,,,,,31.99,35.99,Tafellaken,,https://media.s-bol.com/gE3j17rPnD3Y/pYkAlqQ/1200x590.jpg,RAV-RAVEDTAFEL-9300000179030934,Raved,12,Size,140 x 280 cm,,0,,,,,,
variation,9508415727921,Raved Tafelzeil – 140 cm x 290 cm – Pauwen Veren – Geel – PVC – Afwasbaar,1,,visible,,,1,999,,,,,31.99,35.99,Tafellaken,,https://media.s-bol.com/Y8Erm384nWGn/lOW0wpJ/1200x1200.jpg,RAV-RAVEDTAFEL-9300000179030934,Raved,13,Size,140 x 290 cm,,0,,,,,,
variation,9507981283145,Raved Tafelzeil – 140 cm x 300 cm – Pauwen Veren – Geel – PVC – Afwasbaar,1,,visible,,,1,999,,,,,31.99,35.99,Tafellaken,,https://media.s-bol.com/BqBOm3ZQqAMY/48n2Z90/1200x1200.jpg,RAV-RAVEDTAFEL-9300000179030934,Raved,14,Size,140 x 300 cm,,0,,,,,,
variation,9507485164643,Raved Tafelzeil – 140 cm x 310 cm – Pauwen Veren – Geel – PVC – Afwasbaar,1,,visible,,,1,999,,,,,31.99,35.99,Tafellaken,,https://media.s-bol.com/ZnLBqZ348rER/kRrvNl6/1200x590.jpg,RAV-RAVEDTAFEL-9300000179030934,Raved,15,Size,140 x 310 cm,,0,,,,,,
variation,9502213679871,Raved Tafelzeil – 140 cm x 320 cm – Pauwen Veren – Geel – PVC – Afwasbaar,1,,visible,,,1,999,,,,,31.99,35.99,Tafellaken,,https://media.s-bol.com/NBvmZl6lqwXz/0R0ZPy5/1200x590.jpg,RAV-RAVEDTAFEL-9300000179030934,Raved,16,Size,140 x 320 cm,,0,,,,,,
variation,9509165186488,Raved Tafelzeil – 140 cm x 350 cm – Pauwen Veren – Geel – PVC – Afwasbaar,1,,visible,,,1,999,,,,,31.99,35.99,Tafellaken,,https://media.s-bol.com/n157kwqLOWJ4/Z4EgMWE/1200x1200.jpg,RAV-RAVEDTAFEL-9300000179030934,Raved,17,Size,140 x 350 cm,,0,,,,,,
variable,RAV-RAVEDTAFEL-9300000095865150,Raved Tafelzeil Waterdicht/Gecoat 140 140 - Gecoat - Uitwasbaar,1,,visible,,"<p>Geef uw eettafel direct een stijlvolle upgrade met dit <strong>uitwasbare en waterafstotende tafelzeil</strong> in elegant donkerbruin. Perfect voor een praktische én verzorgde uitstraling — geschikt voor <strong>binnen en buiten</strong> en eenvoudig schoon te maken.</p> <p>Breng stijl en gemak samen met het <strong>primair zoekwoord</strong> tafelzeil. Het hoogwaardige tafelzeil van het merk <strong>Raved</strong>, in een diepe <strong>donkerbruine</strong> kleur, is dé oplossing voor mensen die willen genieten aan tafel zonder zich zorgen te maken over knoeien, vlekken of weersinvloeden.</p> <h3>Bescherming én elegantie</h3> <p>Dankzij het <strong>materiaal</strong> dat speciaal is behandeld met een <strong>waterafstotende coating</strong>, neem je comfortabel plaats zonder direct aan tafelbescherming te hoeven denken. Met dit tafelzeil bedek je binnen- én buitentafels in een handomdraai — ideaal voor een zonnige tuinlunch of een gezellig diner in huis. Het effen donkerbruin geeft tevens een warme, tijdloze uitstraling die past bij verschillende interieurstijlen.</p> <h3>Praktisch in onderhoud</h3> <p>Het zeil is <strong>uitwasbaar</strong>, waardoor gemorste dranken of etensresten geen zorgen zijn. Je hoeft niet direct de tafel te ontkleden of een beschermfolie te gebruiken — gewoon afnemen of licht wassen en het resultaat blijft mooi. Dit maakt het tafelzeil perfect geschikt voor huishoudens met kinderen, sociale bijeenkomsten of regelmatig buitengebruik.</p> <h3>Veelzijdig inzetbaar</h3> <p>Het ontwerp is minimalistisch waardoor het gemakkelijk te combineren valt met uw bestaande servies, decoratie of buitenmeubelen. Dankzij de robuuste afwerking en waterafstotende laag is het tafelzeil ook bestand tegen lichte weersinvloeden, waardoor het zeker geschikt is voor overdekt buitengebruik.</p> <h3>Waarom kiezen voor dit product?</h3> <ul> <li> <p><strong>USP 1</strong>: waterafstotend — bescherming tegen vloeistoffen en knoeien.</p> </li> <li> <p><strong>USP 2</strong>: uitwasbaar en onderhoudsvriendelijk — bespaart tijd en moeite.</p> </li> <li> <p><strong>USP 3</strong> (argument): stijlvolle effen donkerbruine kleur die past bij diverse interieurs en seizoenen.</p> </li> </ul> <h3>Onderhoud & gebruik</h3> <p>Leg het zeil eenvoudig over uw tafel en laat de randen hangen zoals gewenst. Bij vuil direct afnemen met een vochtige doek of – indien nodig – uitwassen. Vermijd hoge hitte of open vuur direct op het oppervlak om de bescherming te behouden. Gebruik het zowel binnen als op een overdekt terras voor optimale functionaliteit.</p> <h3>Conclusie & call-to-action</h3> <p>Maak met dit tafelzeil een slimme keuze: een verzorgde uitstraling én het gemak van onderhoud in één. Ontdek vandaag nog hoe eenvoudig het is om uw tafel te beschermen én er stijlvol uit te laten zien. <strong>Bestel nu</strong> en geniet van momenten aan tafel zonder zorgen.</p>",1,999,,,,,,,Tafellaken,"Tafellaken,Katoen,Tafelzeil,Rechthoek,Overig,Tijdloos,Raved","https://media.s-bol.com/XWDq8oojOLkW/qjWo3N0/1200x1200.jpg, https://media.s-bol.com/Y8Er3vvkP6y9/qjWo3N0/550x550.jpg, https://media.s-bol.com/OKYL3yyQDN4p/qjWo3N0/550x490.jpg, https://media.s-bol.com/7R3YPLLN4OmG/qjWo3N0/550x550.jpg, https://media.s-bol.com/VROo3PP8MA0M/qjWo3N0/550x178.jpg, https://media.s-bol.com/PLNg3ZZREO4w/qjWo3N0/550x550.jpg",,Raved,,Size,"140 x 50 cm, 140 x 100 cm, 140 x 140 cm, 140 x 160 cm, 140 x 180 cm, 140 x 200 cm, 140 x 220 cm, 140 x 230 cm, 140 x 240 cm, 140 x 250 cm, 140 x 260 cm, 140 x 270 cm, 140 x 280 cm, 140 x 290 cm, 140 x 300 cm, 140 x 310 cm, 140 x 320 cm, 140 x 350 cm",0,0,140 x 50 cm,,,,,
variation,9508787855536,Raved Tafelzeil – 140 cm x 50 cm – Vierkant Uitwasbaar – Donkerbruin – PVC – Waterafstotend – Afwasbaar,1,,visible,,,1,999,,,,,23.95,75.06,Tafellaken,,https://media.s-bol.com/Y8Er3vvkPWlK/P1qGx31/1200x1200.jpg,RAV-RAVEDTAFEL-9300000095865150,Raved,0,Size,140 x 50 cm,,0,,,,,,
variation,9505945142361,Raved Tafelzeil – 140 cm x 100 cm – Vierkant Uitwasbaar – Donkerbruin – PVC – Waterafstotend – Afwasbaar,1,,visible,,,1,999,,,,,23.95,75.06,Tafellaken,,https://media.s-bol.com/3pQPgwR6DwmQ/8RDg43/1200x1019.jpg,RAV-RAVEDTAFEL-9300000095865150,Raved,1,Size,140 x 100 cm,,0,,,,,,
variation,9503668757510,Raved Tafelzeil – 140 cm x 140 cm – Vierkant Uitwasbaar – Donkerbruin – PVC – Waterafstotend – Afwasbaar,1,,visible,,,1,999,,,,,23.95,75.06,Tafellaken,,https://media.s-bol.com/k1RBqZZEpKy5/vg6w3V0/1200x1200.jpg,RAV-RAVEDTAFEL-9300000095865150,Raved,2,Size,140 x 140 cm,,0,,,,,,
variation,9502587327910,Raved Tafelzeil – 140 cm x 160 cm – Vierkant Uitwasbaar – Donkerbruin – PVC – Waterafstotend – Afwasbaar,1,,visible,,,1,999,,,,,23.95,75.06,Tafellaken,,https://media.s-bol.com/g0J8mLpKV4Wl/wj6x3W1/1200x1200.jpg,RAV-RAVEDTAFEL-9300000095865150,Raved,3,Size,140 x 160 cm,,0,,,,,,
variation,9504128848595,Raved Tafelzeil – 140 cm x 180 cm – Vierkant Uitwasbaar – Donkerbruin – PVC – Waterafstotend – Afwasbaar,1,,visible,,,1,999,,,,,23.95,75.06,Tafellaken,,https://media.s-bol.com/n157wrRV9BZD/BgGvW4k/1200x1200.jpg,RAV-RAVEDTAFEL-9300000095865150,Raved,4,Size,140 x 180 cm,,0,,,,,,
variation,9502874347874,Raved Tafelzeil – 140 cm x 200 cm – Vierkant Uitwasbaar – Donkerbruin – PVC – Waterafstotend – Afwasbaar,1,,visible,,,1,999,,,,,23.95,75.06,Tafellaken,,https://media.s-bol.com/8V2WQ63v054r/JZk1o5J/1200x1200.jpg,RAV-RAVEDTAFEL-9300000095865150,Raved,5,Size,140 x 200 cm,,0,,,,,,
variation,9502121433459,Raved Tafelzeil – 140 cm x 220 cm – Vierkant Uitwasbaar – Donkerbruin – PVC – Waterafstotend – Afwasbaar,1,,visible,,,1,999,,,,,23.95,75.06,Tafellaken,,https://media.s-bol.com/q1x6zYYn0RRR/r0Wp3O4/1200x1200.jpg,RAV-RAVEDTAFEL-9300000095865150,Raved,6,Size,140 x 220 cm,,0,,,,,,
variation,9507866997495,Raved Tafelzeil – 140 cm x 230 cm – Vierkant Uitwasbaar – Donkerbruin – PVC – Waterafstotend – Afwasbaar,1,,visible,,,1,999,,,,,23.95,75.06,Tafellaken,,https://media.s-bol.com/8V2WQ665V9Am/MjnXr4O/1200x1200.jpg,RAV-RAVEDTAFEL-9300000095865150,Raved,7,Size,140 x 230 cm,,0,,,,,,
variation,9505611423626,Raved Tafelzeil – 140 cm x 240 cm – Vierkant Uitwasbaar – Donkerbruin – PVC – Waterafstotend – Afwasbaar,1,,visible,,,1,999,,,,,23.95,75.06,Tafellaken,,https://media.s-bol.com/mXo6nzB9jgwE/jn05xR/1200x600.jpg,RAV-RAVEDTAFEL-9300000095865150,Raved,8,Size,140 x 240 cm,,0,,,,,,
variation,9506163972150,Raved Tafelzeil – 140 cm x 250 cm – Vierkant Uitwasbaar – Donkerbruin – PVC – Waterafstotend – Afwasbaar,1,,visible,,,1,999,,,,,23.95,75.06,Tafellaken,,https://media.s-bol.com/3N1EL26g3XEp/GZNAl4L/1200x1200.jpg,RAV-RAVEDTAFEL-9300000095865150,Raved,9,Size,140 x 250 cm,,0,,,,,,
variation,9506591858163,Raved Tafelzeil – 140 cm x 260 cm – Vierkant Uitwasbaar – Donkerbruin – PVC – Waterafstotend – Afwasbaar,1,,visible,,,1,999,,,,,23.95,75.06,Tafellaken,,https://media.s-bol.com/3N1EL26nPLkn/AnErV43/1200x1200.jpg,RAV-RAVEDTAFEL-9300000095865150,Raved,10,Size,140 x 260 cm,,0,,,,,,
variation,9501528837716,Raved Tafelzeil – 140 cm x 270 cm – Vierkant Uitwasbaar – Donkerbruin – PVC – Waterafstotend – Afwasbaar,1,,visible,,,1,999,,,,,23.95,75.06,Tafellaken,,https://media.s-bol.com/XWDq8oojOLkW/qjWo3N0/1200x1200.jpg,RAV-RAVEDTAFEL-9300000095865150,Raved,11,Size,140 x 270 cm,,0,,,,,,
variation,9508265614747,Raved Tafelzeil – 140 cm x 280 cm – Vierkant Uitwasbaar – Donkerbruin – PVC – Waterafstotend – Afwasbaar,1,,visible,,,1,999,,,,,23.95,75.06,Tafellaken,,https://media.s-bol.com/g0J8mLnB0klD/LgmGq4X/1200x1200.jpg,RAV-RAVEDTAFEL-9300000095865150,Raved,12,Size,140 x 280 cm,,0,,,,,,
variation,9501281892359,Raved Tafelzeil – 140 cm x 290 cm – Vierkant Uitwasbaar – Donkerbruin – PVC – Waterafstotend – Afwasbaar,1,,visible,,,1,999,,,,,23.95,75.06,Tafellaken,,https://media.s-bol.com/RN6k3oo4GO5q/nZWl3KW/1200x1200.jpg,RAV-RAVEDTAFEL-9300000095865150,Raved,13,Size,140 x 290 cm,,0,,,,,,
variation,9505572734489,Raved Tafelzeil – 140 cm x 300 cm – Vierkant Uitwasbaar – Donkerbruin – PVC – Waterafstotend – Afwasbaar,1,,visible,,,1,999,,,,,23.95,75.06,Tafellaken,,https://media.s-bol.com/n157wrrKvmKD/oYWm5LB/1200x1200.jpg,RAV-RAVEDTAFEL-9300000095865150,Raved,14,Size,140 x 300 cm,,0,,,,,,
variation,9505257552469,Raved Tafelzeil – 140 cm x 310 cm – Vierkant Uitwasbaar – Donkerbruin – PVC – Waterafstotend – Afwasbaar,1,,visible,,,1,999,,,,,23.95,75.06,Tafellaken,,https://media.s-bol.com/xgk8Kv6BMn5P/pgWn3Mp/1200x1200.jpg,RAV-RAVEDTAFEL-9300000095865150,Raved,15,Size,140 x 310 cm,,0,,,,,,
variation,9507829157317,Raved Tafelzeil – 140 cm x 320 cm – Vierkant Uitwasbaar – Donkerbruin – PVC – Waterafstotend – Afwasbaar,1,,visible,,,1,999,,,,,23.95,75.06,Tafellaken,,https://media.s-bol.com/1LwEJr6OMkqo/zmgA3ZZ/1200x1200.jpg,RAV-RAVEDTAFEL-9300000095865150,Raved,16,Size,140 x 320 cm,,0,,,,,,
variation,9509235471582,Raved Tafelzeil – 140 cm x 350 cm – Vierkant Uitwasbaar – Donkerbruin – PVC – Waterafstotend – Afwasbaar,1,,visible,,,1,999,,,,,23.95,75.06,Tafellaken,,https://media.s-bol.com/q1x6N3q1oynD/ElLyj4Y/1200x1200.jpg,RAV-RAVEDTAFEL-9300000095865150,Raved,17,Size,140 x 350 cm,,0,,,,,,
variable,RAV-RAVEDTAFEL-9300000092096571,Raved Tafelzeil 140 140 - PVC - Afwasbaar,1,,visible,,"<p>Breng direct sfeer én bescherming aan tafel met dit <strong>afwasbare tafelzeil</strong> van hoogwaardig <strong>PVC</strong>, voorzien van een frisse <strong>groene bloemenprint op witte ondergrond</strong>. Perfect voor gezellig binnen- of buitengebruik – stijlvol én praktisch.</p> <p>Dankzij dit stijlvolle <strong>tafelzeil</strong> geef je jouw eettafel of tuintafel direct een frisse en verzorgde uitstraling, terwijl je je tafel beschermt tegen vlekken, krassen en vocht. Het tafelzeil is gemaakt van hoogwaardig <strong>PVC</strong> en uitgevoerd in een frisse <strong>witte kleur met groene bloemenprint</strong> – een combinatie die zowel rust als vrolijkheid brengt. Dankzij de maat van past het uitstekend op veel standaard rechthoekige tafels.</p> <h3>Bescherming & gemak</h3> <p>Het beschermende karakter van dit tafelzeil is een echte troef: dankzij het PVC-materiaal is het <strong>afwasbaar</strong>, dus eenvoudig schoon te maken met een vochtige doek. Geen intensief poetswerk meer na een etentje of buitenborrel. En doordat het stevig is, vermindert het de kans op blijvende vlekken of beschadigingen op jouw tafel – ideaal als je kinderen hebt of vaak buiten eet.</p> <h3>Design & sfeer</h3> <p>Met de frisse groene bloemenprint op de witte basis creëer je direct een gezellige, lichte sfeer aan tafel – zowel binnen in de keuken of eetkamer als buiten op het terras of in de serre. Het patroon is stijlvol, tijdloos en past uitstekend in moderne én klassieke interieurs. Het tafelzeil is dus niet alleen functioneel, maar draagt ook bij aan een warme en uitnodigende tafelsetting.</p> <h3>Voor binnen & buiten</h3> <p>Of je nu een spontane lunch binnen hebt of een ontspannen diner buiten in de tuin – dit tafelzeil is geschikt voor beide. De duurzame afwerking zorgt dat het bestand is tegen veelvoorkomende tafelbelasting, zoals vocht of vuil, zonder dat je concessies doet aan uitstraling of sfeer.</p> <h3>Specificaties in één oogopslag</h3> <ul> <li> <p>Merk: <strong>Raved</strong></p> </li> <li> <p>Materiaal: <strong>PVC</strong></p> </li> <li> <p>Kleur/design: Wit ondergrond met groene bloemenprint</p> </li> <li> <p>Eigenschappen: Afwasbaar, beschermend, stijlvol</p> </li> <li> <p>Gebruik: Binnen en buiten</p> </li> </ul> <h3>Waarom kiezen voor deze oplossing?</h3> <p>Stel je eens voor: je hebt een gezellige maaltijd met het gezin of vrienden, en later klus je moeiteloos schoon met een doek — geen stress meer over knoeien of beschadigingen. Door nu te kiezen voor dit tafelzeil, voorkom je toekomstige frustraties over vlekken of slijtage (verliesaversie) en geef je je tafel direct een stijlvolle upgrade (sociale bewijskracht: anderen waarderen kwaliteit). Wacht niet tot je tafel tekenen van slijtage begint te vertonen — kies nu voor bescherming, gemak én sfeer. <strong>Klik op “bestellen” en geef jouw tafel de behandeling die ‘m verdient.</strong></p>",1,999,,,,,,,Tafellaken,"Tafellaken,PVC,Tafelzeil,Rechthoek,Overig,Bloemen,Raved","https://media.s-bol.com/VROlRElLjEqM/58oMEZ8/1200x1200.jpg, https://media.s-bol.com/Y8E08KqR0Qg9/58oMEZ8/550x550.jpg, https://media.s-bol.com/XWDnWJpWVqmV/58oMEZ8/550x475.jpg, https://media.s-bol.com/q1xD13LEg52R/58oMEZ8/550x550.jpg, https://media.s-bol.com/JzwJMLzmKvOK/qQYKD8R/550x550.jpg, https://media.s-bol.com/MG8oGrWzwL81/58oMEZ8/550x178.jpg, https://media.s-bol.com/Z16p1Lr1Xvqg/58oMEZ8/550x550.jpg",,Raved,,Size,"140 x 50 cm, 140 x 100 cm, 140 x 140 cm, 140 x 160 cm, 140 x 180 cm, 140 x 200 cm, 140 x 220 cm, 140 x 230 cm, 140 x 240 cm, 140 x 250 cm, 140 x 260 cm, 140 x 270 cm, 140 x 280 cm, 140 x 290 cm, 140 x 300 cm, 140 x 310 cm, 140 x 320 cm, 140 x 350 cm",0,0,140 x 50 cm,,,,,
variation,9508992872717,Raved Tafelzeil – 140 cm x 50 cm – Lente Bloemen – Wit – PVC – Afwasbaar,1,,visible,,,1,999,,,,,23.95,43.89,Tafellaken,,https://media.s-bol.com/qr7m0LKOo367/7QByRr/1200x1020.jpg,RAV-RAVEDTAFEL-9300000092096571,Raved,0,Size,140 x 50 cm,,0,,,,,,
variation,9508194478465,Raved Tafelzeil – 140 cm x 100 cm – Lente Bloemen – Wit – PVC – Afwasbaar,1,,visible,,,1,999,,,,,23.95,43.89,Tafellaken,,https://media.s-bol.com/7w12rVPlD72A/2LwXAJ/1200x1020.jpg,RAV-RAVEDTAFEL-9300000092096571,Raved,1,Size,140 x 100 cm,,0,,,,,,
variation,9506898237890,Raved Tafelzeil – 140 cm x 140 cm – Lente Bloemen – Wit – PVC – Afwasbaar,1,,visible,,,1,999,,,,,23.95,43.89,Tafellaken,,https://media.s-bol.com/rv8nx7ko2Y8p/kp0gkv/1200x1020.jpg,RAV-RAVEDTAFEL-9300000092096571,Raved,2,Size,140 x 140 cm,,0,,,,,,
variation,9506136349194,Raved Tafelzeil – 140 cm x 160 cm – Lente Bloemen – Wit – PVC – Afwasbaar,1,,visible,,,1,999,,,,,23.95,43.89,Tafellaken,,https://media.s-bol.com/rv8nxVJRxEnK/DmVZyB/1200x1020.jpg,RAV-RAVEDTAFEL-9300000092096571,Raved,3,Size,140 x 160 cm,,0,,,,,,
variation,9504327864891,Raved Tafelzeil – 140 cm x 180 cm – Lente Bloemen – Wit – PVC – Afwasbaar,1,,visible,,,1,999,,,,,23.95,43.89,Tafellaken,,https://media.s-bol.com/K21vj9PP3omG/OA0GKR/1200x1020.jpg,RAV-RAVEDTAFEL-9300000092096571,Raved,4,Size,140 x 180 cm,,0,,,,,,
variation,9502369642781,Raved Tafelzeil – 140 cm x 200 cm – Lente Bloemen – Wit – PVC – Afwasbaar,1,,visible,,,1,999,,,,,23.95,43.89,Tafellaken,,https://media.s-bol.com/noYgyq3G4kvp/vEy8G5/1200x555.jpg,RAV-RAVEDTAFEL-9300000092096571,Raved,5,Size,140 x 200 cm,,0,,,,,,
variation,9504449326451,Raved Tafelzeil – 140 cm x 220 cm – Lente Bloemen – Wit – PVC – Afwasbaar,1,,visible,,,1,999,,,,,23.95,43.89,Tafellaken,,https://media.s-bol.com/mn2Yxp5D1AjG/XNvrJv/1200x555.jpg,RAV-RAVEDTAFEL-9300000092096571,Raved,6,Size,140 x 220 cm,,0,,,,,,
variation,9507994196562,Raved Tafelzeil – 140 cm x 230 cm – Lente Bloemen – Wit – PVC – Afwasbaar,1,,visible,,,1,999,,,,,23.95,43.89,Tafellaken,,https://media.s-bol.com/9ypDZwK7ojEB/ZPxzLQ/1200x555.jpg,RAV-RAVEDTAFEL-9300000092096571,Raved,7,Size,140 x 230 cm,,0,,,,,,
variation,9501842859586,Raved Tafelzeil – 140 cm x 240 cm – Lente Bloemen – Wit – PVC – Afwasbaar,1,,visible,,,1,999,,,,,23.95,43.89,Tafellaken,,https://media.s-bol.com/m5RxXMwEY8YA/j2WA63R/1200x1200.jpg,RAV-RAVEDTAFEL-9300000092096571,Raved,8,Size,140 x 240 cm,,0,,,,,,
variation,9504374497332,Raved Tafelzeil – 140 cm x 250 cm – Lente Bloemen – Wit – PVC – Afwasbaar,1,,visible,,,1,999,,,,,23.95,43.89,Tafellaken,,https://media.s-bol.com/gGZNjX5gvAor/2LwXEP/1200x1020.jpg,RAV-RAVEDTAFEL-9300000092096571,Raved,9,Size,140 x 250 cm,,0,,,,,,
variation,9503259333826,Raved Tafelzeil – 140 cm x 260 cm – Lente Bloemen – Wit – PVC – Afwasbaar,1,,visible,,,1,999,,,,,23.95,43.89,Tafellaken,,https://media.s-bol.com/noYgyqwKYqol/kpkr3J/1200x555.jpg,RAV-RAVEDTAFEL-9300000092096571,Raved,10,Size,140 x 260 cm,,0,,,,,,
variation,9506168986565,Raved Tafelzeil – 140 cm x 270 cm – Lente Bloemen – Wit – PVC – Afwasbaar,1,,visible,,,1,999,,,,,23.95,43.89,Tafellaken,,https://media.s-bol.com/gGxno4ZyQzxG/GpJMjJ/1200x555.jpg,RAV-RAVEDTAFEL-9300000092096571,Raved,11,Size,140 x 270 cm,,0,,,,,,
variation,9505581262515,Raved Tafelzeil – 140 cm x 280 cm – Lente Bloemen – Wit – PVC – Afwasbaar,1,,visible,,,1,999,,,,,23.95,43.89,Tafellaken,,https://media.s-bol.com/7w12ryE2XBzj/LxVB3W/1200x1020.jpg,RAV-RAVEDTAFEL-9300000092096571,Raved,12,Size,140 x 280 cm,,0,,,,,,
variation,9505923277931,Raved Tafelzeil – 140 cm x 290 cm – Lente Bloemen – Wit – PVC – Afwasbaar,1,,visible,,,1,999,,,,,23.95,43.89,Tafellaken,,https://media.s-bol.com/o0vjzr3W8xQX/pxpk0Q/1200x555.jpg,RAV-RAVEDTAFEL-9300000092096571,Raved,13,Size,140 x 290 cm,,0,,,,,,
variation,9502699274935,Raved Tafelzeil – 140 cm x 300 cm – Lente Bloemen – Wit – PVC – Afwasbaar,1,,visible,,,1,999,,,,,23.95,43.89,Tafellaken,,https://media.s-bol.com/noxjqmr88qXD/pxjoB1/1200x1020.jpg,RAV-RAVEDTAFEL-9300000092096571,Raved,14,Size,140 x 300 cm,,0,,,,,,
variation,9506438456248,Raved Tafelzeil – 140 cm x 310 cm – Lente Bloemen – Wit – PVC – Afwasbaar,1,,visible,,,1,999,,,,,23.95,43.89,Tafellaken,,https://media.s-bol.com/N2Lym1QPwnmD/YO9Yz0/1200x1020.jpg,RAV-RAVEDTAFEL-9300000092096571,Raved,15,Size,140 x 310 cm,,0,,,,,,
variation,9504537553363,Raved Tafelzeil – 140 cm x 320 cm – Lente Bloemen – Wit – PVC – Afwasbaar,1,,visible,,,1,999,,,,,23.95,43.89,Tafellaken,,https://media.s-bol.com/B28PZ0WYgpwN/7Qmp41/1200x555.jpg,RAV-RAVEDTAFEL-9300000092096571,Raved,16,Size,140 x 320 cm,,0,,,,,,
variation,9507884921694,Raved Tafelzeil – 140 cm x 350 cm – Lente Bloemen – Wit – PVC – Afwasbaar,1,,visible,,,1,999,,,,,23.95,43.89,Tafellaken,,https://media.s-bol.com/B2NjJEKoJv9n/ZP9gov/1200x1020.jpg,RAV-RAVEDTAFEL-9300000092096571,Raved,17,Size,140 x 350 cm,,0,,,,,,
simple,9501726931759,Raved Placemats Vera - Set van 6 Stuks - Kunststof - Eettafel - Onderlegger - Waterafstotend,1,,visible,,"<p>Geef je eettafel direct een luxe upgrade met deze set van 6 <strong>Raved Placemats Vera</strong> in <strong>koper kleur</strong>. De <strong>kunststof leather-look</strong> afwerking beschermt effectief tegen vlekken en krassen, terwijl de <strong>waterafstotende</strong> bovenlaag eenvoudig schoon te maken is — stijl en praktisch gemak in één.</p> <p>Breng stijl en bescherming samen op je eettafel met de <strong>Raved Placemats Vera</strong>. Deze set van <strong>6</strong> in <strong>koper</strong> is ontworpen voor wie dagelijks wil genieten van een verzorgd interieur zonder in te boeten op gebruiksgemak.</p> <h3>Elegantie en bescherming inéén</h3> <p>De placemats zijn vervaardigd van <strong>kunststof met leather-look</strong> afwerking, wat een luxe uitstraling geeft, maar tegelijk duurzaam en praktisch is. Dankzij het materiaal en het <strong>waterafstotende</strong> oppervlak zijn morsen, druppels of vocht geen probleem meer — je veegt het zo af met een vochtige doek. De antislip-eigenschap zorgt ervoor dat de onderleggers stevig op hun plek blijven, zelfs tijdens levendige diners. </p> <h3>Perfect voor elk moment</h3> <p>Of het nu een dagelijks ontbijt is of een feestelijke dineravond — deze placemats voegen direct sfeer toe. De kleur koper zorgt voor warmte en luxe, en past zowel bij een modern interieur als bij een klassieke styling. Met de set van 6 ben je volledig gedekt voor een gezin of een etentje met gezelschap. </p> <h3>Eenvoudig in gebruik</h3> <p>Met een afmeting van ca. <strong>45 x 30 cm</strong> (zoals vermeld bij varianten) heb je voldoende dekking zonder de eettafel te dominant in te richten. Het onderhoud is simpel: afnemen met een vochtige doek, geen gedoe met wassen of strijken. Het beschermt je tafel tegen krassen, vlekken en hitte-afdrukken — verliesaversie wordt hier duidelijk: voorkom dat je tafel schade oploopt; kies voor deze onderleggers.</p> <h3>Waarom kiezen voor deze set?</h3> <ul> <li> <p><strong>Set van 6</strong>: direct klaar voor meerdere personen, ideaal voor gezinsgebruik of gasten</p> </li> <li> <p><strong>Kunststof/leather-look</strong>: luxe uitstraling, maar gewoon praktisch en robuust</p> </li> <li> <p><strong>Waterafstotend & antislip</strong>: maakt schoonmaken snel en voorkomt schuiven</p> </li> <li> <p><strong>Kleur koper</strong>: trendy accent op de tafel, creëert sfeer</p> </li> <li> <p><strong>Bescherming + stijl</strong>: geen compromis tussen handig en mooi</p> </li> </ul> <h3>Afsluitende call-to-action</h3> <p>Wacht niet tot je tafel tekenen van gebruik vertoont — voeg vandaag nog de <strong>Raved Placemats Vera Set van 6 in koper</strong> toe en geniet direct van een tafel die zowel stijlvol als functioneel is. Bestel nu en transformeer elke maaltijd tot een moment van luxe en gemak.</p>",1,999,,,,,39.99,39.99,Placemats,"Placemats,Kunstleer,Rechthoek,Effen,Raved","https://media.s-bol.com/KqJjXJokWnvM/oYl9yq3/1200x1111.jpg, https://media.s-bol.com/xMREqR05RW2P/oYl9yq3/550x463.jpg, https://media.s-bol.com/Jp0gD0njVmrJ/oYl9yq3/550x550.jpg, https://media.s-bol.com/BZwJowMpwmBk/oYl9yq3/550x550.jpg, https://media.s-bol.com/BZwJowM7K3Jo/oYl9yq3/550x550.jpg, https://media.s-bol.com/LrKk6KplXowX/oYl9yq3/550x453.jpg",,Raved,,,,,,,,,,,
variable,RAV-RAVEDTAFEL-9300000095221745,Raved Tafelbeschermer Wit ↔ 140 ↕ 140 - PVC - Afwasbaar,1,,visible,,"<p>Met de <strong>Raved tafelbeschermer </strong>kies je voor <strong>duurzame bescherming</strong> van je tafelblad – <strong>gemaakt van stevig PVC</strong>, strak wit en <strong>afwasbaar</strong> zodat knoeien geen probleem meer is. Perfect voor gezellig samen eten én ontspannen buiten.</p> <p>Ontdek de <strong>Raved tafelbeschermer</strong> – de slimme oplossing voor iedereen die zijn tafelblad wilt beschermen zonder in te leveren op stijl. Deze <strong>tafelsbeschermer</strong> is gemaakt van hoogwaardig <strong>PVC</strong>, in een frisse <strong>witte kleur</strong>, en is <strong>afwasbaar</strong> – ideaal voor gezinnen, buitengebruik of wie gewoon rust wil aan de eettafel.</p> <h3>Waarom deze tafelbeschermer?</h3> <p>Iedere maaltijd, knutselmoment of gezellig samenzijn brengt risico’s mee: <strong>vlekken</strong>, <strong>krassen</strong>, of schade door <strong>hete pannen</strong>. Met deze beschermer elimineer je die zorgen. Dankzij de ruime past hij perfect op grote rechthoekige tafels en biedt hij volledige dekking van het tafeloppervlak.</p> <h3>Mooie combinatie van functie en design</h3> <p>De witte kleur geeft een neutrale, lichte uitstraling – perfect voor diverse interieurstijlen. Het gladde PVC-oppervlak voelt aangenaam aan, en geeft je tafel een frisse look. Tegelijkertijd is deze beschermer uiterst praktisch: <strong>afwasbaar</strong>, en dus eenvoudig schoon te maken met een vochtige doek. Ideal voor dagelijks gebruik binnen én buiten.</p> <h3>Specificaties in één oogopslag</h3> <ul> <li> <p><strong>Merk</strong>: Raved</p> </li> <li> <p><strong>Kleur</strong>: Wit</p> </li> <li> <p><strong>Materiaal</strong>: PVC (duurzaam, vloeistofwerend)</p> </li> <li> <p><strong>Gebruik</strong>: Binnen & buiten</p> </li> <li> <p><strong>Onderhoud</strong>: Eenvoudig afnemen met doek – knoeien is geen probleem meer</p> </li> </ul> <h3>Behoefte aan bescherming, direct afgestemd</h3> <p>Stel je voor: je nodigt vrienden uit, de kinderen tekenen, je serveert een pan hete pasta – en je hoeft je geen zorgen te maken over wat er op tafel achterblijft. Dankzij deze tafelbeschermer <strong>voorkom je schade aan je meubel</strong> – wat betekent dat je investering veilig is. Dit is ook sociaal bewezen: veel huiseigenaren kiezen tegenwoordig voor beschermlagen om hun dure meubels langer mooi te houden.</p> <h3>Tips voor gebruik</h3> <p>Leg de beschermer netjes uit op je tafel en zorg dat hij goed strak ligt. Voor buitengebruik: haal hem naar binnen bij aanhoudende regen om de kwaliteit te behouden. Combineer met een placemat of onderzetter voor warme pannen, om extra veiligheid te garanderen.</p> <h3>Jouw moment van actie</h3> <p>Gun jezelf de rust dat je tafel mooi blijft – zonder stress, zonder vlekken. Voeg de <strong>Raved tafelbeschermer</strong> vandaag nog toe aan je bestelling en zet je tafel klaar voor elk moment, van ontbijt tot late zomeravond in de tuin. Maak van je eettafel een plek waar je met volle aandacht kunt genieten.</p>",1,999,,,,,,,Tafellaken,"Tafellaken,PVC,Tafelzeil,Rechthoek,Effen,Tafelbeschermer,Raved",https://media.s-bol.com/JB6XLJKQBWr9/y8W521P/1200x1200.jpg,,Raved,,Size,"140 x 100 cm, 140 x 140 cm, 140 x 160 cm, 140 x 180 cm, 140 x 200 cm, 140 x 220 cm, 140 x 230 cm, 140 x 240 cm, 140 x 250 cm, 140 x 260 cm, 140 x 270 cm, 140 x 280 cm, 140 x 290 cm, 140 x 300 cm, 140 x 310 cm, 140 x 320 cm, 140 x 350 cm",0,0,140 x 100 cm,,,,,
variation,9504383722982,Raved Tafelbeschermer – 140 cm x 100 cm – wit – PVC – Afwasbaar,1,,visible,,,1,999,,,,,31.39,38.49,Tafellaken,,https://media.s-bol.com/NJk1PNGqLL78/JZkAWVP/1200x1200.jpg,RAV-RAVEDTAFEL-9300000095221745,Raved,0,Size,140 x 100 cm,,0,,,,,,
variation,9507843745828,Raved Tafelbeschermer – 140 cm x 140 cm – wit – PVC – Afwasbaar,1,,visible,,,1,999,,,,,31.39,38.49,Tafellaken,,https://media.s-bol.com/RN6BWVWnJo3w/Vmzrn8W/1200x1200.jpg,RAV-RAVEDTAFEL-9300000095221745,Raved,1,Size,140 x 140 cm,,0,,,,,,
variation,9508237426323,Raved Tafelbeschermer – 140 cm x 160 cm – wit – PVC – Afwasbaar,1,,visible,,,1,999,,,,,31.39,38.49,Tafellaken,,https://media.s-bol.com/yjPkR0AAgmp6/P1qlW2W/1200x1200.jpg,RAV-RAVEDTAFEL-9300000095221745,Raved,2,Size,140 x 160 cm,,0,,,,,,
variation,9505443347633,Raved Tafelbeschermer – 140 cm x 180 cm – wit – PVC – Afwasbaar,1,,visible,,,1,999,,,,,31.39,38.49,Tafellaken,,https://media.s-bol.com/r1k7KJqq4g7B/MjngWY5/1200x1200.jpg,RAV-RAVEDTAFEL-9300000095221745,Raved,3,Size,140 x 180 cm,,0,,,,,,
variation,9505669958538,Raved Tafelbeschermer – 140 cm x 200 cm – wit – PVC – Afwasbaar,1,,visible,,,1,999,,,,,31.39,38.49,Tafellaken,,https://media.s-bol.com/m5ZXBAXNJ6Wn/GZNxWP8/1200x1200.jpg,RAV-RAVEDTAFEL-9300000095221745,Raved,4,Size,140 x 200 cm,,0,,,,,,
variation,9502772946483,Raved Tafelbeschermer – 140 cm x 220 cm – wit – PVC – Afwasbaar,1,,visible,,,1,999,,,,,31.39,38.49,Tafellaken,,https://media.s-bol.com/zkpl0R44jnqq/AnEoKJP/1200x1200.jpg,RAV-RAVEDTAFEL-9300000095221745,Raved,5,Size,140 x 220 cm,,0,,,,,,
variation,9506635244686,Raved Tafelbeschermer – 140 cm x 230 cm – wit – PVC – Afwasbaar,1,,visible,,,1,999,,,,,31.39,38.49,Tafellaken,,https://media.s-bol.com/ApDOywXXkm89/NxojWZp/1200x1200.jpg,RAV-RAVEDTAFEL-9300000095221745,Raved,6,Size,140 x 230 cm,,0,,,,,,
variation,9502416755273,Raved Tafelbeschermer – 140 cm x 240 cm – wit – PVC – Afwasbaar,1,,visible,,,1,999,,,,,31.39,38.49,Tafellaken,,https://media.s-bol.com/m5ZXBA0Q70zE/O7pk61L/1200x1200.jpg,RAV-RAVEDTAFEL-9300000095221745,Raved,7,Size,140 x 240 cm,,0,,,,,,
variation,9508615786988,Raved Tafelbeschermer – 140 cm x 250 cm – wit – PVC – Afwasbaar,1,,visible,,,1,999,,,,,31.39,38.49,Tafellaken,,https://media.s-bol.com/r1k7KJq87rRB/X6BwpjA/1200x1200.jpg,RAV-RAVEDTAFEL-9300000095221745,Raved,8,Size,140 x 250 cm,,0,,,,,,
variation,9509768836537,Raved Tafelbeschermer – 140 cm x 260 cm – wit – PVC – Afwasbaar,1,,visible,,,1,999,,,,,31.39,38.49,Tafellaken,,https://media.s-bol.com/KDrEM07QD9vl/Y6Dxqkn/1200x1200.jpg,RAV-RAVEDTAFEL-9300000095221745,Raved,9,Size,140 x 260 cm,,0,,,,,,
variation,9509567591576,Raved Tafelbeschermer – 140 cm x 270 cm – wit – PVC – Afwasbaar,1,,visible,,,1,999,,,,,31.39,38.49,Tafellaken,,https://media.s-bol.com/ApDOywrkVX4j/WnAvogv/1200x1200.jpg,RAV-RAVEDTAFEL-9300000095221745,Raved,10,Size,140 x 270 cm,,0,,,,,,
variation,9504399549658,Raved Tafelbeschermer – 140 cm x 280 cm – wit – PVC – Afwasbaar,1,,visible,,,1,999,,,,,31.39,38.49,Tafellaken,,https://media.s-bol.com/4OxKg52NDM0J/KOlB9WY/1200x1200.jpg,RAV-RAVEDTAFEL-9300000095221745,Raved,11,Size,140 x 280 cm,,0,,,,,,
variation,9503834829225,Raved Tafelbeschermer – 140 cm x 290 cm – wit – PVC – Afwasbaar,1,,visible,,,1,999,,,,,31.39,38.49,Tafellaken,,https://media.s-bol.com/yjPkR0zGBomE/zmg5Y2m/1200x1200.jpg,RAV-RAVEDTAFEL-9300000095221745,Raved,12,Size,140 x 290 cm,,0,,,,,,
variation,9503523377921,Raved Tafelbeschermer – 140 cm x 300 cm – wit – PVC – Afwasbaar,1,,visible,,,1,999,,,,,31.39,38.49,Tafellaken,,https://media.s-bol.com/7R3JljMQ7PKB/BgGp9KN/1200x1200.jpg,RAV-RAVEDTAFEL-9300000095221745,Raved,13,Size,140 x 300 cm,,0,,,,,,
variation,9501828752481,Raved Tafelbeschermer – 140 cm x 310 cm – wit – PVC – Afwasbaar,1,,visible,,,1,999,,,,,31.39,38.49,Tafellaken,,https://media.s-bol.com/JB6XLJKQBWr9/y8W521P/1200x1200.jpg,RAV-RAVEDTAFEL-9300000095221745,Raved,14,Size,140 x 310 cm,,0,,,,,,
variation,9504538452252,Raved Tafelbeschermer – 140 cm x 320 cm – wit – PVC – Afwasbaar,1,,visible,,,1,999,,,,,31.39,38.49,Tafellaken,,https://media.s-bol.com/xgkjQPzz4lol/LgmDWXA/1200x1119.jpg,RAV-RAVEDTAFEL-9300000095221745,Raved,15,Size,140 x 320 cm,,0,,,,,,
variation,9509674192697,Raved Tafelbeschermer – 140 cm x 350 cm – wit – PVC – Afwasbaar,1,,visible,,,1,999,,,,,31.39,38.49,Tafellaken,,https://media.s-bol.com/Y8EX42Zmp42Y/Q1rmg3L/1200x1200.jpg,RAV-RAVEDTAFEL-9300000095221745,Raved,16,Size,140 x 350 cm,,0,,,,,,
variable,RAV-RAVEDTAFEL-9300000038814420,Raved Tafelzeil Zwarte Stippen Print Wit 140 140 - PVC - Afwasbaar,1,,visible,,"<p>Geef je tafel direct een stijlvolle upgrade met <strong>een trendy stippenprint</strong> en de <strong>praktische bescherming van PVC</strong>. Dit tafelzeil is <strong>afwasbaar</strong>, geschikt voor zowel binnen als buiten, en laat knoeien geen kans meer.</p> <p><strong>Bescherm je tafel met stijl</strong><br />Maak kennis met het <strong>tafelzeil</strong> van het merk <strong>Raved</strong>, uitgevoerd in een fris motorwit met moderne zwarte stippenprint. Dankzij het <strong>materiaal</strong> PVC is dit tafelzeil uitzonderlijk makkelijk in het onderhoud — een snel afvegen met een vochtige doek is vaak voldoende. En omdat het ontwerp zowel trendy als tijdloos is, past het perfect in zowel een strak interieur als een gezellige buitenruimte.</p> <h3>Waarom kiezen voor dit tafelzeil?</h3> <ul> <li> <p><strong>Bescherming & onderhoudsgemak</strong>: vocht, vlekken en zelfs brandplekken door hete pannen maken voortaan geen kans. Het PVC-oppervlak zorgt voor bescherming én eenvoud.</p> </li> <li> <p><strong>Stijlvol design</strong>: de combinatie van wit en zwarte stippen geeft je tafel direct een moderne, speelse uitstraling — ideaal als blikvanger of als subtiele accent.</p> </li> <li> <p><strong>Binnen én buiten inzetbaar</strong>: of je nu dineert in de stijlvol ingerichte eetkamer of in de tuin bij een zomerse avond, dit tafelzeil is geschikt. Wel: bij veel regen is binnen halen aan te raden om verkleuring of slijtage te voorkomen. </p> </li> <li> <p><strong>Verschillende afmetingen beschikbaar</strong>: breedte van 140 cm met diverse lengtes beschikbaar — handig voor langwerpige tuintafels of ronde formaten.</p> </li> </ul> <h3>Specificaties in één oogopslag</h3> <ul> <li> <p>Merk: Raved </p> </li> <li> <p>Materiaal: <strong>PVC</strong> (kunststof) </p> </li> <li> <p>Kleur/design: wit met <strong>zwarte stippen</strong> print </p> </li> <li> <p>Geschikt voor gebruik: binnen & buiten (bij voorkeur droog houden) </p> </li> <li> <p>Onderhoud: eenvoudig afnemen met vochtige doek</p> </li> </ul> <h3>Voor wie is dit tafelzeil ideaal?</h3> <p>Heb je jonge kinderen of worden er regelmatig gasten ontvangen? Dan is dit tafelzeil een slimme keuze. Want waar vroeger vlekken of kringen op je tafel je het plezier van dineren konden vergallen, staat hier nu comfort en zekerheid centraal. En ben je dol op buiten eten? Dan zorgt het voor een praktische beschermlaag én een stijlvol uiterlijk — zonder dat je aan sfeer hoeft in te boeten.</p> <h3>Tips voor optimaal gebruik</h3> <ul> <li> <p>Laat het tafelzeil bij regen of extreme zon liever even naar binnen halen om het printdessin te behouden.</p> </li> <li> <p>Voor een mooie valrand aan de zijkanten: zorg dat de lengte iets groter is dan je tafeloppervlak.</p> </li> <li> <p>Combineer met eenvoudige accessoires in zwart-wit of natuurlijke houttinten om de stippen écht tot hun recht te laten komen.</p> </li> </ul> <p><strong>Conclusie & call-to-action</strong><br />Gun je tafel de stijlvolle bescherming die hij verdient met dit premium tafelzeil van Raved. Kies vandaag nog jouw lengte, leg het op de tafel en ontdek direct het verschil in gemak, uitstraling én gemoedsrust. Voeg het toe aan je winkelwagen en verander je eetplek instant — zonder stress of gedoe.</p>",1,999,,,,,,,Tafellaken,"Tafellaken,PVC,Tafelzeil,Rechthoek,Gestipt,Stippen,Raved","https://media.s-bol.com/o12JZLGm5g5Y/P1qlQE1/1200x1200.jpg, https://media.s-bol.com/v12JQVPw3rMX/P1qlQE1/550x550.jpg, https://media.s-bol.com/n8M0VnM0kAXY/mOPOl1r/550x492.jpg, https://media.s-bol.com/QvVll5DBDgEY/Qn2pB5l/550x550.jpg, https://media.s-bol.com/RwWmm5EDEjGR/Qn2pB5l/550x550.jpg, https://media.s-bol.com/n15JRKEl3935/P1qlQE1/550x178.jpg, https://media.s-bol.com/r1k72OPVO4mK/P1qlQE1/550x550.jpg, https://media.s-bol.com/w1pg0WXPD7qm/P1qlQE1/550x550.jpg",,Raved,,Size,"140 x 50 cm, 140 x 100 cm, 140 x 140 cm, 140 x 160 cm, 140 x 180 cm, 140 x 200 cm, 140 x 220 cm, 140 x 230 cm, 140 x 240 cm, 140 x 250 cm, 140 x 260 cm, 140 x 270 cm, 140 x 280 cm, 140 x 290 cm, 140 x 300 cm, 140 x 310 cm, 140 x 320 cm, 140 x 350 cm",0,0,140 x 50 cm,,,,,
variation,9506824995351,Raved Tafelzeil – 140 cm x 50 cm – Zwarte Stippen – Wit – PVC – Afwasbaar,1,,visible,,,1,999,,,,,23.95,37.99,Tafellaken,,https://media.s-bol.com/m5ZXqJBJ2jyp/wj65rv1/1200x1200.jpg,RAV-RAVEDTAFEL-9300000038814420,Raved,0,Size,140 x 50 cm,,0,,,,,,
variation,9502954322555,Raved Tafelzeil – 140 cm x 100 cm – Zwarte Stippen – Wit – PVC – Afwasbaar,1,,visible,,,1,999,,,,,23.95,37.99,Tafellaken,,https://media.s-bol.com/v12JQVOVYkgM/WnAvq0Q/1200x1200.jpg,RAV-RAVEDTAFEL-9300000038814420,Raved,1,Size,140 x 100 cm,,0,,,,,,
variation,9502154427388,Raved Tafelzeil – 140 cm x 140 cm – Zwarte Stippen – Wit – PVC – Afwasbaar,1,,visible,,,1,999,,,,,23.95,37.99,Tafellaken,,https://media.s-bol.com/v12JQVOn0klg/0gjpLPL/1200x1200.jpg,RAV-RAVEDTAFEL-9300000038814420,Raved,2,Size,140 x 140 cm,,0,,,,,,
variation,9505978646683,Raved Tafelzeil – 140 cm x 160 cm – Zwarte Stippen – Wit – PVC – Afwasbaar,1,,visible,,,1,999,,,,,23.95,37.99,Tafellaken,,https://media.s-bol.com/n15JRKDKYkO4/76qzX21/1200x1200.jpg,RAV-RAVEDTAFEL-9300000038814420,Raved,3,Size,140 x 160 cm,,0,,,,,,
variation,9501478495929,Raved Tafelzeil – 140 cm x 180 cm – Zwarte Stippen – Wit – PVC – Afwasbaar,1,,visible,,,1,999,,,,,23.95,37.99,Tafellaken,,https://media.s-bol.com/l1Y6RGJJ0BWJ/k5WK7N6/1200x1200.jpg,RAV-RAVEDTAFEL-9300000038814420,Raved,4,Size,140 x 180 cm,,0,,,,,,
variation,9505362298993,Raved Tafelzeil – 140 cm x 200 cm – Zwarte Stippen – Wit – PVC – Afwasbaar,1,,visible,,,1,999,,,,,23.95,37.99,Tafellaken,,https://media.s-bol.com/r1k72OPPpPDK/g5WK2Nk/1200x1200.jpg,RAV-RAVEDTAFEL-9300000038814420,Raved,5,Size,140 x 200 cm,,0,,,,,,
variation,9504797894794,Raved Tafelzeil – 140 cm x 220 cm – Zwarte Stippen – Wit – PVC – Afwasbaar,1,,visible,,,1,999,,,,,23.95,37.99,Tafellaken,,https://media.s-bol.com/BqBErx9LOQMn/98vBgPD/1200x1200.jpg,RAV-RAVEDTAFEL-9300000038814420,Raved,6,Size,140 x 220 cm,,0,,,,,,
variation,9507786122465,Raved Tafelzeil – 140 cm x 230 cm – Zwarte Stippen – Wit – PVC – Afwasbaar,1,,visible,,,1,999,,,,,23.95,37.99,Tafellaken,,https://media.s-bol.com/lDD2YlNzO0Gl/mQB5X7R/1200x1200.jpg,RAV-RAVEDTAFEL-9300000038814420,Raved,7,Size,140 x 230 cm,,0,,,,,,
variation,9502764838123,Raved Tafelzeil – 140 cm x 240 cm – Zwarte Stippen – Wit – PVC – Afwasbaar,1,,visible,,,1,999,,,,,23.95,37.99,Tafellaken,,https://media.s-bol.com/o12JZLGm5g5Y/P1qlQE1/1200x1200.jpg,RAV-RAVEDTAFEL-9300000038814420,Raved,8,Size,140 x 240 cm,,0,,,,,,
variation,9501615332285,Raved Tafelzeil – 140 cm x 250 cm – Zwarte Stippen – Wit – PVC – Afwasbaar,1,,visible,,,1,999,,,,,23.95,37.99,Tafellaken,,https://media.s-bol.com/rXQrNyOkB8p6/81l38Br/1200x716.jpg,RAV-RAVEDTAFEL-9300000038814420,Raved,9,Size,140 x 250 cm,,0,,,,,,
variation,9501849196523,Raved Tafelzeil – 140 cm x 260 cm – Zwarte Stippen – Wit – PVC – Afwasbaar,1,,visible,,,1,999,,,,,23.95,37.99,Tafellaken,,https://media.s-bol.com/o12JZLGm5g5Y/P1qlQE1/1200x1200.jpg,RAV-RAVEDTAFEL-9300000038814420,Raved,10,Size,140 x 260 cm,,0,,,,,,
variation,9509326356118,Raved Tafelzeil – 140 cm x 270 cm – Zwarte Stippen – Wit – PVC – Afwasbaar,1,,visible,,,1,999,,,,,23.95,37.99,Tafellaken,,https://media.s-bol.com/RN6BlJ2GD9Nw/Q1rm7G0/1200x1200.jpg,RAV-RAVEDTAFEL-9300000038814420,Raved,11,Size,140 x 270 cm,,0,,,,,,
variation,9501755381778,Raved Tafelzeil – 140 cm x 280 cm – Zwarte Stippen – Wit – PVC – Afwasbaar,1,,visible,,,1,999,,,,,23.95,37.99,Tafellaken,,https://media.s-bol.com/yjPkwYVOQPN6/8qrAE03/1200x1200.jpg,RAV-RAVEDTAFEL-9300000038814420,Raved,12,Size,140 x 280 cm,,0,,,,,,
variation,9508576574198,Raved Tafelzeil – 140 cm x 290 cm – Zwarte Stippen – Wit – PVC – Afwasbaar,1,,visible,,,1,999,,,,,23.95,37.99,Tafellaken,,https://media.s-bol.com/q1x8QNJNVnZ3/VmzrQjv/1200x1200.jpg,RAV-RAVEDTAFEL-9300000038814420,Raved,13,Size,140 x 290 cm,,0,,,,,,
variation,9506128357176,Raved Tafelzeil – 140 cm x 300 cm – Zwarte Stippen – Wit – PVC – Afwasbaar,1,,visible,,,1,999,,,,,23.95,37.99,Tafellaken,,https://media.s-bol.com/xgkj6XRNOkMl/j2WM8Nv/1200x1200.jpg,RAV-RAVEDTAFEL-9300000038814420,Raved,14,Size,140 x 300 cm,,0,,,,,,
variation,9506372961662,Raved Tafelzeil – 140 cm x 310 cm – Zwarte Stippen – Wit – PVC – Afwasbaar,1,,visible,,,1,999,,,,,23.95,37.99,Tafellaken,,https://media.s-bol.com/KDrE84Ml5lYJ/1jkq4NV/1200x1200.jpg,RAV-RAVEDTAFEL-9300000038814420,Raved,15,Size,140 x 310 cm,,0,,,,,,
variation,9507873513442,Raved Tafelzeil – 140 cm x 320 cm – Zwarte Stippen – Wit – PVC – Afwasbaar,1,,visible,,,1,999,,,,,23.95,37.99,Tafellaken,,https://media.s-bol.com/p1YVZMNGvo52/2RlrWN1/1200x1200.jpg,RAV-RAVEDTAFEL-9300000038814420,Raved,16,Size,140 x 320 cm,,0,,,,,,
variation,9506176281577,Raved Tafelzeil – 140 cm x 350 cm – Zwarte Stippen – Wit – PVC – Afwasbaar,1,,visible,,,1,999,,,,,23.95,37.99,Tafellaken,,https://media.s-bol.com/BqBEr4zYP9WW/X6Bw5l5/1200x1200.jpg,RAV-RAVEDTAFEL-9300000038814420,Raved,17,Size,140 x 350 cm,,0,,,,,,
variable,RAV-RAVEDTAFEL-9300000193285874,Raved Tafelzeil Linnenlook Grijs 140 140 - PVC - Afwasbaar,1,,visible,,"<p>Geef je eettafel een <strong>stijlvolle linnenlook</strong> met dit <strong>grijze Raved tafelzeil</strong> van <strong>140x290 cm</strong>. Het is gemaakt van een <strong>katoenmix met afwasbare coating</strong>, waardoor het niet alleen duurzaam en praktisch is, maar ook gemakkelijk schoon te maken. Perfect voor dagelijks gebruik én speciale gelegenheden.</p> <p>Zoek je een manier om je eettafel zowel te beschermen als sfeervol aan te kleden? Dan is het <strong>Raved tafelzeil linnen grijs 140x290 cm</strong> precies wat je nodig hebt. Dit tafelzeil combineert de <strong>natuurlijke uitstraling van linnen</strong> met het praktische gemak van een <strong>afwasbare katoencoating</strong>. Zo haal je het beste van twee werelden in huis: elegantie én gebruiksgemak.</p> <h3>Natuurlijk & stijlvol</h3> <p>De <strong>linnenlook in grijs</strong> past moeiteloos in vrijwel elk interieur: van modern en strak tot landelijk en warm. De subtiele textuur geeft je tafel een luxe uitstraling zonder te overheersen. Of het nu gaat om een doordeweekse maaltijd of een feestelijk diner, dit tafelzeil zorgt altijd voor de juiste sfeer.</p> <h3>Praktisch in gebruik</h3> <p>Naast de uitstraling draait het bij een tafelzeil natuurlijk ook om gemak. Dit Raved zeil is <strong>afwasbaar én uitwasbaar</strong>, waardoor vlekken en kruimels geen enkel probleem zijn. Even afnemen met een doekje en je tafel is weer als nieuw. Bovendien is de stof stevig en duurzaam, zodat je er jarenlang plezier van hebt.</p> <h3>Ideaal voor dagelijks gebruik en feestjes</h3> <p>Met een royale maat van <strong>140x290 cm</strong> is dit tafelzeil geschikt voor grotere tafels. Perfect voor gezinnen die dagelijks aan tafel eten, maar ook ideaal bij etentjes en feestjes waarbij je tafel intensief gebruikt wordt. Dankzij de <strong>duurzame katoenmix</strong> blijft het zeil mooi, ook na veelvuldig wassen en gebruik.</p> <h3>Belangrijkste voordelen</h3> <ul> <li> <p><strong>Stijlvolle linnenlook in grijs</strong>: tijdloos en elegant</p> </li> <li> <p><strong>140x290 cm</strong>: geschikt voor grotere eettafels</p> </li> <li> <p><strong>Katoenmix met coating</strong>: duurzaam, stevig en praktisch</p> </li> <li> <p><strong>Afwasbaar & uitwasbaar</strong>: eenvoudig schoon te maken</p> </li> <li> <p><strong>Voor dagelijks gebruik én gelegenheden</strong></p> </li> </ul> <p>Maak je eettafel compleet met dit <strong>grijze Raved tafelzeil in linnenlook</strong> en geniet elke dag van de perfecte combinatie tussen stijl en gemak. Bestel nu en ervaar zelf het verschil.</p>",1,999,,,,,,,Tafellaken,"Tafellaken,PVC,Tafelzeil,Rechthoek,Overig,Print,Raved","https://media.s-bol.com/BqBOGmDD0mZx/qjWoBnG/1200x1200.jpg, https://media.s-bol.com/RN6kvJ3pQZ4V/qjWoBnG/550x550.jpg, https://media.s-bol.com/j1R5WKDZKLK5/qjWoBnG/550x495.jpg, https://media.s-bol.com/m5Z8WjBOM37E/qjWoBnG/550x550.jpg, https://media.s-bol.com/8V2WrNGNXVm3/qjWoBnG/550x550.jpg, https://media.s-bol.com/RN6kvJEE5xEY/qjWoBnG/550x178.jpg",,Raved,,Size,"140 x 50 cm, 140 x 140 cm, 140 x 290 cm",0,0,140 x 50 cm,,,,,
variation,9508815313571,Raved Tafelzeil 140x50 cm - Grijs Linnenlook - Katoen - Afwasbaar,1,,visible,,,1,999,,,,,21.95,32.95,Tafellaken,,https://media.s-bol.com/qWg8AJPPNprp/9rXNn4B/1200x590.jpg,RAV-RAVEDTAFEL-9300000193285874,Raved,0,Size,140 x 50 cm,,0,,,,,,
variation,9501913979175,Raved Tafelzeil 140x140 cm - Grijs Linnenlook - Katoen - Afwasbaar,1,,visible,,,1,999,,,,,21.95,32.95,Tafellaken,,https://media.s-bol.com/BqBOGmDD0mZx/qjWoBnG/1200x1200.jpg,RAV-RAVEDTAFEL-9300000193285874,Raved,1,Size,140 x 140 cm,,0,,,,,,
variation,9501122983826,Raved Tafelzeil Linnen Grijs 140 cm x 290 cm - PVC - Afwasbaar,1,,visible,,,1,999,,,,,21.95,32.95,Tafellaken,,https://media.s-bol.com/xWpj7lXQX493/jRJKyDP/1200x590.jpg,RAV-RAVEDTAFEL-9300000193285874,Raved,2,Size,140 x 290 cm,,0,,,,,,
simple,9502685439973,Raved Rond Tafelzeil - 140 ø - PVC - Afwasbaar,1,,visible,,"<p>Creëer direct sfeer aan tafel met dit <strong>rond tafelzeil van 140 cm</strong> met vrolijk <strong>bessendesign in paars</strong>. Gemaakt van <strong>stevig PVC</strong> en eenvoudig <strong>afwasbaar</strong>, waardoor je tafel altijd schoon en beschermd blijft – zowel binnen als buiten.</p> <h3>Stijlvol én praktisch in één</h3> <p>Met het <strong>Raved rond tafelzeil 140 cm</strong> haal je de perfecte combinatie van <strong>design en gemak</strong> in huis. Het vrolijke <strong>bessendesign in paars</strong> geeft je eettafel of buitentafel een frisse en gezellige uitstraling. Tegelijkertijd beschermt het stevige <strong>PVC-materiaal</strong> je tafel tegen vlekken, krassen en vocht.</p> <h3>Waarom kiezen voor dit ronde tafelzeil?</h3> <ul> <li> <p><strong>Afwasbaar PVC:</strong> eenvoudig schoon te maken met een vochtige doek, ideaal voor gezinnen of dagelijks gebruik.</p> </li> <li> <p><strong>Ronde maat 140 cm:</strong> perfect passend voor de meeste ronde tafels.</p> </li> <li> <p><strong>Bessen paars design:</strong> sfeervol en uniek, voegt kleur en warmte toe aan je interieur.</p> </li> <li> <p><strong>Binnen én buiten te gebruiken:</strong> praktisch bij een etentje, barbecue of dagelijks gebruik.</p> </li> <li> <p><strong>Duurzaam merkproduct van Raved:</strong> hoge kwaliteit, gaat langer mee dan goedkope alternatieven.</p> </li> </ul> <h3>Perfect voor elk moment</h3> <p>Of je nu een etentje organiseert, buiten dineert op een zomerse avond of gewoon dagelijks gebruik maakt van je tafel – dit <strong>rond tafelzeil</strong> biedt de ideale oplossing. Geen gedoe meer met vlekken die in de tafel trekken of tafelkleden die je telkens moet wassen. Dankzij het <strong>afwasbare oppervlak</strong> is je tafel in een handomdraai weer netjes.</p> <h3>Moeiteloos onderhoud</h3> <p>Het <strong>PVC-tafelzeil</strong> is niet alleen praktisch, maar ook duurzaam. Het scheurt niet snel en blijft mooi, ook na veelvuldig gebruik. Zo geniet je langer van een sfeervolle tafelsetting zonder telkens te hoeven investeren in nieuwe hoezen of kleden.</p> <h3>Maak je tafel compleet</h3> <p>Met dit <strong>afwasbare ronde tafelkleed</strong> kies je voor gemak, sfeer en bescherming in één. Wacht niet langer en geef jouw tafel de upgrade die hij verdient – bestel vandaag nog en ervaar het verschil!</p>",1,999,,,,,,,Tafellaken,"Tafellaken,PVC,Tafelzeil,Rond,Overig,Ornamenten,Raved",https://media.s-bol.com/mxkEk4RjZyL9/JZWoG2l/1200x1200.jpg,,Raved,,,,,,,,,,,
variable,RAV-RAVEDTAFEL-9300000079087922,Raved Tafelzeil 140 140 - PVC - Afwasbaar,1,,visible,,"<p>Breng sfeer én gemak naar je eettafel met dit <strong>afwasbare PVC tafelzeil van Raved</strong>. Het romantische <strong>lavendelbloemen-design op wit</strong> geeft je interieur een frisse uitstraling, terwijl het perfect is voor dagelijkse én feestelijke momenten.</p> <p>Geef je eettafel een vleugje landelijke charme met dit prachtige <strong>PVC tafelzeil met lavendelbloemen</strong> van Raved. Het design combineert een frisse witte achtergrond met subtiele paarse lavendeltakken, waardoor je meteen een warme en uitnodigende sfeer creëert in huis. Of je nu gezellig met je gezin eet of gasten ontvangt, dit tafelzeil maakt ieder moment sfeervol én praktisch.</p> <h3>Praktisch én stijlvol</h3> <p>Het grootste voordeel van dit <strong>afwasbare tafelzeil</strong> is het gemak in onderhoud. Waar een stoffen kleed vaak na één diner in de was moet, neem je dit <strong>PVC materiaal</strong> eenvoudig af met een vochtige doek. Vlekken van wijn, koffie of saus verdwijnen binnen enkele seconden, waardoor je tafel altijd netjes en verzorgd oogt.</p> <h3>Duurzaam materiaal</h3> <p>Dit <strong>PVC tafelzeil</strong> is niet alleen onderhoudsvriendelijk, maar ook duurzaam in gebruik. Het materiaal is slijtvast en blijft mooi, zelfs bij dagelijks gebruik. Het blijft strak op tafel liggen en scheurt niet snel, waardoor je er lang plezier van hebt.</p> <h3>Veelzijdig gebruik</h3> <p>Dankzij de combinatie van <strong>stijlvol design en praktisch gebruiksgemak</strong> is dit tafelzeil geschikt voor binnen én buiten. Ideaal voor wie in de zomer buiten eet en in de winter gezellig binnen dineert. Het romantische lavendelpatroon past perfect in zowel moderne als landelijke interieurs.</p> <h3>Waarom kiezen voor dit tafelzeil?</h3> <ul> <li> <p><strong>Afwasbaar PVC materiaal</strong> – vlekvrij in één beweging</p> </li> <li> <p><strong>Landelijk lavendelbloemen-design</strong> – stijlvolle uitstraling</p> </li> <li> <p><strong>Duurzaam en slijtvast</strong> – gaat lang mee</p> </li> <li> <p><strong>Veelzijdig gebruik</strong> – binnen en buiten toepasbaar</p> </li> </ul> <p>Geef je tafel direct een stijlvolle en praktische upgrade. Bestel vandaag nog dit <strong>Raved tafelzeil met lavendelbloemen</strong> en ervaar het gemak van een tafel die er altijd verzorgd uitziet.</p>",1,999,,,,,,,Tafellaken,"Tafellaken,PVC,Tafelzeil,Rechthoek,Overig,Planten en bladeren,Raved","https://media.s-bol.com/Z16r6vBvEYj5/wj6xJEw/1200x1200.jpg, https://media.s-bol.com/Y8EqErAqLZZW/wj6xJEw/550x550.jpg, https://media.s-bol.com/8x10yX4vkwqo/GpVKP5/550x468.jpg, https://media.s-bol.com/m5ZNZ8pgjw33/wj6xJEw/550x478.jpg, https://media.s-bol.com/jkZNwADmxEyY/GpVKP5/550x550.jpg, https://media.s-bol.com/kl8Nx6EnyGzr/GpVKP5/550x500.jpg, https://media.s-bol.com/gGZNq7zjrAvZ/GpVKP5/550x399.jpg, https://media.s-bol.com/7w12xD4rjv6A/GpVKP5/550x550.jpg, https://media.s-bol.com/Y8EqErArDWg2/wj6xJEw/550x550.jpg, https://media.s-bol.com/g0JMJ8jPylQj/wj6xJEw/550x178.jpg, https://media.s-bol.com/q1xLx60XZ62p/wj6xJEw/550x550.jpg",,Raved,,Size,"140 x 50 cm, 140 x 100 cm, 140 x 140 cm, 140 x 160 cm, 140 x 180 cm, 140 x 200 cm, 140 x 220 cm, 140 x 230 cm, 140 x 240 cm, 140 x 250 cm, 140 x 260 cm, 140 x 270 cm, 140 x 280 cm, 140 x 290 cm, 140 x 300 cm, 140 x 310 cm, 140 x 320 cm, 140 x 350 cm",0,0,140 x 50 cm,,,,,
variation,9502288584940,Raved Tafelzeil - 140 cm x 50 cm – Lavendel Bloemen Wit – PVC – Afwasbaar,1,,visible,,,1,999,,,,,23.95,37.99,Tafellaken,,https://media.s-bol.com/Z16r6vBvEYj5/wj6xJEw/1200x1200.jpg,RAV-RAVEDTAFEL-9300000079087922,Raved,0,Size,140 x 50 cm,,0,,,,,,
variation,9509341745157,Raved Tafelzeil - 140 cm x 100 cm – Lavendel Bloemen Wit – PVC – Afwasbaar,1,,visible,,,1,999,,,,,23.95,37.99,Tafellaken,,https://media.s-bol.com/m5ZNZ8pJrxR3/VmzW351/1200x1200.jpg,RAV-RAVEDTAFEL-9300000079087922,Raved,1,Size,140 x 100 cm,,0,,,,,,
variation,9506763545280,Raved Tafelzeil – 140 cm x 140 cm – Bladeren Blauw – PVC – Afwasbaar,1,,visible,,,1,999,,,,,23.95,37.99,Tafellaken,,https://media.s-bol.com/q1x8zE34R7q0/58oxK0K/1200x1200.jpg,RAV-RAVEDTAFEL-9300000079087922,Raved,2,Size,140 x 140 cm,,0,,,,,,
variation,9503453338818,Raved Tafelzeil – 140 cm x 160 cm – Bladeren Blauw – PVC – Afwasbaar,1,,visible,,,1,999,,,,,23.95,37.99,Tafellaken,,https://media.s-bol.com/RN6B3y9gVL2q/mwW6NX9/1200x1200.jpg,RAV-RAVEDTAFEL-9300000079087922,Raved,3,Size,140 x 160 cm,,0,,,,,,
variation,9504219615679,Raved Tafelzeil - 140 cm x 180 cm – Lavendel Bloemen Wit – PVC – Afwasbaar,1,,visible,,,1,999,,,,,23.95,37.99,Tafellaken,,https://media.s-bol.com/VROnOoD2jp2O/WnA13wg/1200x1200.jpg,RAV-RAVEDTAFEL-9300000079087922,Raved,4,Size,140 x 180 cm,,0,,,,,,
variation,9502866178240,Raved Tafelzeil - 140 cm x 200 cm – Lavendel Bloemen Wit – PVC – Afwasbaar,1,,visible,,,1,999,,,,,23.95,37.99,Tafellaken,,https://media.s-bol.com/xgkLk8AY486B/P1qG3Mn/1200x1200.jpg,RAV-RAVEDTAFEL-9300000079087922,Raved,5,Size,140 x 200 cm,,0,,,,,,
variation,9502588299292,Raved Tafelzeil - 140 cm x 220 cm – Lavendel Bloemen Wit – PVC – Afwasbaar,1,,visible,,,1,999,,,,,23.95,37.99,Tafellaken,,https://media.s-bol.com/XWDpDqzDklzo/vg6wGYr/1200x1200.jpg,RAV-RAVEDTAFEL-9300000079087922,Raved,6,Size,140 x 220 cm,,0,,,,,,
variation,9501141734928,Raved Tafelzeil – 140 cm x 230 cm – Bladeren Blauw – PVC – Afwasbaar,1,,visible,,,1,999,,,,,23.95,37.99,Tafellaken,,https://media.s-bol.com/3N1JLq5pLNox/Q1rmgL0/1200x1200.jpg,RAV-RAVEDTAFEL-9300000079087922,Raved,7,Size,140 x 230 cm,,0,,,,,,
variation,9506646346928,Raved Tafelzeil - 140 cm x 240 cm – Lavendel Bloemen Wit – PVC – Afwasbaar,1,,visible,,,1,999,,,,,23.95,37.99,Tafellaken,,https://media.s-bol.com/Y8pGvBL2kjQW/wj6nPLz/1200x1043.jpg,RAV-RAVEDTAFEL-9300000079087922,Raved,8,Size,140 x 240 cm,,0,,,,,,
variation,9507964566470,Raved Tafelzeil – 140 cm x 250 cm – Bladeren Blauw – PVC – Afwasbaar,1,,visible,,,1,999,,,,,23.95,37.99,Tafellaken,,https://media.s-bol.com/yjPkL4E0R1nw/pgWKLVp/1200x1200.jpg,RAV-RAVEDTAFEL-9300000079087922,Raved,9,Size,140 x 250 cm,,0,,,,,,
variation,9505187191165,Raved Tafelzeil – 140 cm x 260 cm – Bladeren Blauw – PVC – Afwasbaar,1,,visible,,,1,999,,,,,23.95,37.99,Tafellaken,,https://media.s-bol.com/q1x8zEvg19nR/66pyKVV/1200x1200.jpg,RAV-RAVEDTAFEL-9300000079087922,Raved,10,Size,140 x 260 cm,,0,,,,,,
variation,9502548142927,Raved Tafelzeil – 140 cm x 270 cm – Bladeren Blauw – PVC – Afwasbaar,1,,visible,,,1,999,,,,,23.95,37.99,Tafellaken,,https://media.s-bol.com/q1x8zEvy9Rk3/VmzrnZv/1200x1200.jpg,RAV-RAVEDTAFEL-9300000079087922,Raved,11,Size,140 x 270 cm,,0,,,,,,
variation,9506933341230,Raved Tafelzeil – 140 cm x 280 cm – Bladeren Blauw – PVC – Afwasbaar,1,,visible,,,1,999,,,,,23.95,37.99,Tafellaken,,https://media.s-bol.com/q1x8zEvKE6lG/lOWLE6g/1200x1200.jpg,RAV-RAVEDTAFEL-9300000079087922,Raved,12,Size,140 x 280 cm,,0,,,,,,
variation,9509479417957,Raved Tafelzeil – 140 cm x 290 cm – Bladeren Blauw – PVC – Afwasbaar,1,,visible,,,1,999,,,,,23.95,37.99,Tafellaken,,https://media.s-bol.com/7R3JPpAyLgWO/g5WKMXG/1200x1200.jpg,RAV-RAVEDTAFEL-9300000079087922,Raved,13,Size,140 x 290 cm,,0,,,,,,
variation,9504287255715,Raved Tafelzeil - 140 cm x 300 cm – Lavendel Bloemen Wit – PVC – Afwasbaar,1,,visible,,,1,999,,,,,23.95,37.99,Tafellaken,,https://media.s-bol.com/RN6j6kqwrpkE/KOlG3Yn/1200x1200.jpg,RAV-RAVEDTAFEL-9300000079087922,Raved,14,Size,140 x 300 cm,,0,,,,,,
variation,9504138365266,Raved Tafelzeil – 140 cm x 310 cm – Bladeren Blauw – PVC – Afwasbaar,1,,visible,,,1,999,,,,,23.95,37.99,Tafellaken,,https://media.s-bol.com/7R3JPx49ojzj/NxojW1D/1200x1200.jpg,RAV-RAVEDTAFEL-9300000079087922,Raved,15,Size,140 x 310 cm,,0,,,,,,
variation,9508441733118,Raved Tafelzeil – 140 cm x 320 cm – Bladeren Blauw – PVC – Afwasbaar,1,,visible,,,1,999,,,,,23.95,37.99,Tafellaken,,https://media.s-bol.com/WV6B3E4n98kJ/48nwGKV/1200x1200.jpg,RAV-RAVEDTAFEL-9300000079087922,Raved,16,Size,140 x 320 cm,,0,,,,,,
variation,9508187442626,Raved Tafelzeil – 140 cm x 350 cm – Bladeren Blauw – PVC – Afwasbaar,1,,visible,,,1,999,,,,,23.95,37.99,Tafellaken,,https://media.s-bol.com/Z16X7KjVQDoJ/Y6DxqXM/1200x1200.jpg,RAV-RAVEDTAFEL-9300000079087922,Raved,17,Size,140 x 350 cm,,0,,,,,,
