Type,SKU,Name,Published,Is featured?,Visibility in catalog,Short description,Description,In stock?,Stock,Weight (kg),Length (cm),Width (cm),Height (cm),Sale price,Regular price,Categories,Tags,Images,Parent,Brands,Position,Attribute 1 name,Attribute 1 value(s),Attribute 1 visible,Attribute 1 global,Attribute 1 default,Attribute 2 name,Attribute 2 value(s),Attribute 2 visible,Attribute 2 global,Attribute 2 default
simple,9505634528711,Raved Badkamermat 75 45 - Antislip - Uitwasbaar - Waterabsorberend,1,,visible,,"<p>Stap elke ochtend veilig en stijlvol uit de douche met deze <strong>comfortabele antislip badkamermat</strong> in een warm beige golvend dessin. Dankzij de <strong>uitwasbare machinemaat-vriendelijke afwerking</strong> en het <strong>waterabsorberende materiaal</strong> is hij zowel praktisch als elegant.</p> <p>Maak van uw badkamer direct een oase van comfort én veiligheid met de <strong>Raved Badkamermat Golven 75 x 45 – Beige – Antislip – Uitwasbaar</strong>. Deze badkamermat combineert stijlvolle vormgeving, slimme functionaliteit en duurzaam gebruik — een perfecte upgrade voor iedere badkamer.</p> <h3>Veiligheid boven alles</h3> <p>Met de <strong>antislip-onderlaag</strong> staat u stevig op de natte tegelvloer. Geen glibberige momenten meer na het douchen of badderen. Ideaal voor gezinnen, oudere gebruikers of gewoon voor wie veiligheid belangrijk vindt.</p> <h3>Sfeervol design in neutrale kleur</h3> <p>De warme <strong>beige kleur</strong> en het subtiele <strong>golvenpatroon</strong> geven rust en elegantie aan de ruimte. Deze mat past moeiteloos in zowel moderne als klassieke badkamerinterieurs. Dankzij de neutrale toon kunt u hem combineren met verschillende kleuren handdoeken, accessoires en tegelwerk.</p> <h3>Comfort en onderhoudsgemak</h3> <p>De <strong>toplaag is zacht en absorberend</strong>, waardoor uw voeten aangenaam warm en droog blijven. De mat is <strong>uitwasbaar in de wasmachine</strong>, behoudt zijn vorm, kleur en antisliplaag — zelfs na meerdere wasbeurten — en is daardoor zeer onderhoudsvriendelijk. U investeert in een mat die lang meegaat en er langdurig goed uitziet.</p> <h3>Ideaal formaat & toepassing</h3> <p>Met de maat <strong>75 × 45 cm</strong> is de mat stevig aanwezig, maar niet overdreven groot — perfect voor naast het bad, onder de douche of voor de wastafel. Dankzij de praktische afmeting legt u hem eenvoudig neer zonder ruimteverlies.</p> <h3>Waarom deze badkamermat kiezen?</h3> <ul> <li> <p><strong>Antislip-structuur</strong> voorkomt uitglijden: veiligheid verzekerd.</p> </li> <li> <p><strong>Uitwasbaar en vormvast</strong>: eenvoudig schoonmaken, blijvend mooi.</p> </li> <li> <p><strong>Waterabsorberend materiaal</strong> houdt de vloer droog en hygiënisch.</p> </li> <li> <p><strong>Stijlvol golven-dessin in beige</strong>: net dat beetje extra sfeer in uw badkamer.</p> </li> <li> <p><strong>Merkgarantie van Raved</strong>, gevestigd in Nederland, voor kwaliteit en service.</p> </li> </ul> <p>Sta morgen zelf op een mat die veilig, schoon en stijlvol is. Wacht niet langer en kies voor de Raved badkamermat. Klik op “In winkelwagen” en geef uw badkamer de upgrade die hij verdient — uw voeten en vloer zullen u dankbaar zijn.</p>",1,999,,,,,26.95,26.95,Badkamermat,"Badkamermat,Polyester,Rechthoek,Effen,Raved","https://media.s-bol.com/J2ww16KGwZ9D/8jv56g/1200x703.jpg, https://media.s-bol.com/K2xxGr7KxOVr/8jv56g/550x550.jpg, https://media.s-bol.com/N2AAGkKQADjN/8jv56g/550x570.jpg, https://media.s-bol.com/O2BBGYXVBlkQ/8jv56g/550x550.jpg, https://media.s-bol.com/gGK5RDoooAq9/0W0v2v/550x399.jpg",,Raved,,,,,,,,,,,
variable,RAV-RAVEDTAFEL-9300000145692848,Raved Tafelzeil - Paardenbloem 140 140 - PVC - Afwasbaar,1,,visible,,"<p>Breng direct sfeer aan je tafel met het <strong>stijlvolle groene paardenbloem-motief</strong> van dit <strong>afwasbare PVC tafelzeil</strong>, dat jouw tafel optimaal <strong>beschermt tegen knoeien en vlekken</strong> – ideaal voor dagelijks gebruik binnen én buiten.</p> <p>Ontdek het veelzijdige <strong>tafelzeil van het merk Raved</strong> met een fris motief van groene paardenbloemen – een slimme combinatie van stijl én functionaliteit. Dit <strong>tafelzeil (het primair zoekwoord)</strong> is vervaardigd uit hoogwaardig <strong>PVC-materiaal</strong>, wat betekent dat uw tafel direct wordt beschermd tegen vlekken, krassen, vocht en knoeien – zonder in te boeten op uitstraling.</p> <h3>Bescherming voor iedere tafel</h3> <p>Of het nu gaat om een gezinsdiner, borrel op het terras of knutselmoment met de kinderen: dit tafelzeil biedt betrouwbare bescherming. De gladde bovenlaag is eenvoudig schoon te maken met een vochtig doekje, waardoor u kostbare tijd bespaart en uw tafel er netjes blijft uitzien. Volgens specialisten heeft PVC-tafelzeil als groot voordeel dat het “makkelijk schoon te vegen” is dankzij het gladde oppervlak. </p> <h3>Sfeervol design</h3> <p>Het motief met paardenbloemen in een groene tint brengt een natuurlijke en frisse sfeer in huis of buitenomgeving. Dankzij het subtiele patroon oogt het tafelzeil niet alleen praktisch maar ook decoratief – een perfecte match voor wie leeft in een interieur waar stijl telt.</p> <h3>Materiaal & onderhoud</h3> <p>Het materiaal is <strong>PVC</strong>, wat zorgt voor een water- en vlekbestendige bovenlaag. Het tafelzeil is geschikt voor gebruik <strong>binnen en buiten</strong>, waardoor u flexibel bent in de toepassing. Houd er wel rekening mee dat bepaalde intensieve kleurstoffen (zoals tomatensaus of kerrie) na verloop van tijd kunnen intrekken in PVC-materialen. Voor optimaal onderhoud: veeg vlekken direct weg en vermijd langdurige blootstelling aan direct zonlicht.</p> <h3>Waarom kiezen voor dit tafelzeil</h3> <ul> <li> <p><strong>Afwasbaar en onderhoudsvriendelijk</strong>: een vochtig doekje is voldoende.</p> </li> <li> <p><strong>Stijlvol motief en kleur</strong>: de paardenbloemprint en groene tint geven sfeer.</p> </li> <li> <p><strong>Veelzijdig inzetbaar</strong>: geschikt voor voorgaande tafelmomenten én buitengebruik.</p> </li> <li> <p><strong>Bescherming voor uw tafel</strong>: voorkomt schade, vlekken en slijtage – hierdoor behoudt uw meubel zijn waarde.</p> </li> </ul> <h3>Maak het compleet</h3> <p>Kies de juiste maat voor uw tafel (breedte × lengte) en knip of werk afhangende delen netjes bij. Zet misschien een schaal of plant in het midden om het design extra te accentueren. Zo combineert u gemak met stijl.</p> <p><strong>Wacht niet langer</strong>: geef uw tafel direct de bescherming én uitstraling die het verdient. Voeg dit Raved tafelzeil toe aan uw winkelmand en ervaar het gemak én de sfeer – uw tafel zal er meteen verzorgd uitzien.</p>",1,999,,,,,,,Tafellaken,"Tafellaken,PVC,Tafelzeil,Rechthoek,Overig,Bloemen,Raved","https://media.s-bol.com/JB6KqY54VAzJ/y8W5kvP/1200x1200.jpg, https://media.s-bol.com/yjPAr6YVVXKE/y8W5kvP/550x486.jpg, https://media.s-bol.com/3N1r2j5pE2pA/y8W5kvP/550x550.jpg, https://media.s-bol.com/7JjN1WJDz9Ej/X7Dk6m/550x550.jpg, https://media.s-bol.com/v12xoYAYl04n/y8W5kvP/550x550.jpg, https://media.s-bol.com/PLNKZM4PZo31/y8W5kvP/550x178.jpg",,Raved,,Size,"140 x 50 cm, 140 x 100 cm, 140 x 140 cm, 140 x 160 cm, 140 x 180 cm, 140 x 200 cm, 140 x 220 cm, 140 x 230 cm, 140 x 240 cm, 140 x 250 cm, 140 x 260 cm, 140 x 270 cm, 140 x 280 cm, 140 x 300 cm, 140 x 310 cm, 140 x 320 cm, 140 x 350 cm",0,0,140 x 50 cm,,,,,
variation,9502553786437,Raved Tafelzeil - 140 cm x 50 cm - Paardenbloem - Groen PVC Afwasbaar,1,,visible,,,1,999,,,,,23.95,37.99,Tafellaken,,https://media.s-bol.com/JB6KqY54VAzJ/y8W5kvP/1200x1200.jpg,RAV-RAVEDTAFEL-9300000145692848,Raved,0,Size,140 x 50 cm,,0,,,,,,
variation,9502264541622,Raved Tafelzeil - 140 cm x 100 cm - Paardenbloem - Groen PVC Afwasbaar,1,,visible,,,1,999,,,,,23.95,37.99,Tafellaken,,https://media.s-bol.com/3N1r2jAL9MkO/oYWKJl3/1200x1200.jpg,RAV-RAVEDTAFEL-9300000145692848,Raved,1,Size,140 x 100 cm,,0,,,,,,
variation,9508539959383,Raved Tafelzeil - 140 cm x 140 cm - Paardenbloem - Groen PVC Afwasbaar,1,,visible,,,1,999,,,,,23.95,37.99,Tafellaken,,https://media.s-bol.com/7R3yLnP3KgAy/wj65gwM/1200x1200.jpg,RAV-RAVEDTAFEL-9300000145692848,Raved,2,Size,140 x 140 cm,,0,,,,,,
variation,9509245751490,Raved Tafelzeil - 140 cm x 160 cm - Paardenbloem - Groen PVC Afwasbaar,1,,visible,,,1,999,,,,,23.95,37.99,Tafellaken,,https://media.s-bol.com/PLNKZMvNrNW6/AnEoOYP/1200x1200.jpg,RAV-RAVEDTAFEL-9300000145692848,Raved,3,Size,140 x 160 cm,,0,,,,,,
variation,9504171735613,Raved Tafelzeil - 140 cm x 180 cm - Paardenbloem - Groen PVC Afwasbaar,1,,visible,,,1,999,,,,,23.95,37.99,Tafellaken,,https://media.s-bol.com/BqBXL84ww6kk/mwW6Xjr/1200x1200.jpg,RAV-RAVEDTAFEL-9300000145692848,Raved,4,Size,140 x 180 cm,,0,,,,,,
variation,9501549567432,Raved Tafelzeil - 140 cm x 200 cm - Paardenbloem - Groen PVC Afwasbaar,1,,visible,,,1,999,,,,,23.95,37.99,Tafellaken,,https://media.s-bol.com/q1xpYV3qpZn0/g5WKXE3/1200x1200.jpg,RAV-RAVEDTAFEL-9300000145692848,Raved,5,Size,140 x 200 cm,,0,,,,,,
variation,9507513791162,Raved Tafelzeil - 140 cm x 220 cm - Paardenbloem - Groen PVC Afwasbaar,1,,visible,,,1,999,,,,,23.95,37.99,Tafellaken,,https://media.s-bol.com/MG8KQE4MQl4O/qjW58nG/1200x1200.jpg,RAV-RAVEDTAFEL-9300000145692848,Raved,6,Size,140 x 220 cm,,0,,,,,,
variation,9505781134186,Raved Tafelzeil - 140 cm x 230 cm - Paardenbloem - Groen PVC Afwasbaar,1,,visible,,,1,999,,,,,23.95,37.99,Tafellaken,,https://media.s-bol.com/PLNKZMvJBZpW/nZWXJkE/1200x1200.jpg,RAV-RAVEDTAFEL-9300000145692848,Raved,7,Size,140 x 230 cm,,0,,,,,,
variation,9503862343588,Raved Tafelzeil - 140 cm x 240 cm - Paardenbloem - Groen PVC Afwasbaar,1,,visible,,,1,999,,,,,23.95,37.99,Tafellaken,,https://media.s-bol.com/NJkK9Eq1z9np/pgWKVmN/1200x1200.jpg,RAV-RAVEDTAFEL-9300000145692848,Raved,8,Size,140 x 240 cm,,0,,,,,,
variation,9509181194184,Raved Tafelzeil - 140 cm x 250 cm - Paardenbloem - Groen PVC Afwasbaar,1,,visible,,,1,999,,,,,23.95,37.99,Tafellaken,,https://media.s-bol.com/EwRX9Z4zzqwk/xGW5jrq/1200x1200.jpg,RAV-RAVEDTAFEL-9300000145692848,Raved,9,Size,140 x 250 cm,,0,,,,,,
variation,9509223567655,Raved Tafelzeil - 140 cm x 260 cm - Paardenbloem - Groen PVC Afwasbaar,1,,visible,,,1,999,,,,,23.95,37.99,Tafellaken,,https://media.s-bol.com/ApDXPQVywWRj/BgGpEYN/1200x1200.jpg,RAV-RAVEDTAFEL-9300000145692848,Raved,10,Size,140 x 260 cm,,0,,,,,,
variation,9509532874550,Raved Tafelzeil - 140 cm x 270 cm - Paardenbloem - Groen PVC Afwasbaar,1,,visible,,,1,999,,,,,23.95,37.99,Tafellaken,,https://media.s-bol.com/JB6KqY54VKPo/DRKrEVq/1200x1200.jpg,RAV-RAVEDTAFEL-9300000145692848,Raved,11,Size,140 x 270 cm,,0,,,,,,
variation,9505169289170,Raved Tafelzeil - 140 cm x 280 cm - Paardenbloem - Groen PVC Afwasbaar,1,,visible,,,1,999,,,,,23.95,37.99,Tafellaken,,https://media.s-bol.com/NJkK9E4lZK8z/j2WMJKl/1200x1200.jpg,RAV-RAVEDTAFEL-9300000145692848,Raved,12,Size,140 x 280 cm,,0,,,,,,
variation,9508135697856,Raved Tafelzeil - 140 cm x 300 cm - Paardenbloem - Groen PVC Afwasbaar,1,,visible,,,1,999,,,,,23.95,37.99,Tafellaken,,https://media.s-bol.com/BqBXL84VKpOk/ElLvQV0/1200x1200.jpg,RAV-RAVEDTAFEL-9300000145692848,Raved,13,Size,140 x 300 cm,,0,,,,,,
variation,9507485625656,Raved Tafelzeil - 140 cm x 310 cm - Paardenbloem - Groen PVC Afwasbaar,1,,visible,,,1,999,,,,,23.95,37.99,Tafellaken,,https://media.s-bol.com/g0JDLx3wV8wG/lOWL6gr/1200x1200.jpg,RAV-RAVEDTAFEL-9300000145692848,Raved,14,Size,140 x 310 cm,,0,,,,,,
variation,9502598369343,Raved Tafelzeil - 140 cm x 320 cm - Paardenbloem - Groen PVC Afwasbaar,1,,visible,,,1,999,,,,,23.95,37.99,Tafellaken,,https://media.s-bol.com/zkp4KBZWWXLZ/k5WKMLE/1200x1200.jpg,RAV-RAVEDTAFEL-9300000145692848,Raved,15,Size,140 x 320 cm,,0,,,,,,
variation,9504665786473,Raved Tafelzeil - 140 cm x 350 cm - Paardenbloem - Groen PVC Afwasbaar,1,,visible,,,1,999,,,,,23.95,37.99,Tafellaken,,https://media.s-bol.com/yjPAr63R07qR/vg65JvX/1200x1200.jpg,RAV-RAVEDTAFEL-9300000145692848,Raved,16,Size,140 x 350 cm,,0,,,,,,
variable,RAV-RAVEDTAFEL-9300000175965561,Raved Tafelzeil Jungle 140 140 - PVC - Afwasbaar,1,,visible,,"<p>Breng sfeer en gemak in huis met het <strong>Raved tafelzeil Jungle roze 140x240 cm</strong>. Gemaakt van <strong>duurzaam PVC</strong> en <strong>100% afwasbaar</strong>, zodat je tafel altijd schoon en beschermd blijft. Ideaal voor dagelijks gebruik, feestjes of buiten in de tuin.</p> <p>Een tafel is vaak het middelpunt van je huis – hier wordt gegeten, gewerkt, gelachen en geleefd. Juist daarom wil je een tafelzeil dat niet alleen beschermt, maar ook bijdraagt aan de uitstraling van je interieur. Met het <strong>Raved tafelzeil Jungle</strong> kies je voor een combinatie van stijl en praktisch gemak.</p> <h3>Waarom kiezen voor dit tafelzeil?</h3> <p>Het <strong>tafelzeil van PVC</strong> is ontworpen om je tafel optimaal te beschermen tegen vlekken, kringen en krassen. Dankzij de <strong>afwasbare laag</strong> veeg je vuil eenvoudig weg met een vochtige doek – ideaal na een drukke maaltijd of een feestje. Zo blijft je tafel langer mooi en hoef je nooit meer te stressen over hardnekkige vlekken.</p> <h3>Stijlvol design voor elke ruimte</h3> <p>De trendy <strong>jungleprint in zacht roze tinten</strong> brengt direct sfeer in je interieur. Perfect voor een gezellige eetkamer, maar ook een eyecatcher in de tuin. Of je nu een etentje organiseert of gewoon samen met je gezin dineert: dit tafelzeil maakt van ieder moment een stijlvolle gelegenheid.</p> <h3>Veelzijdig in gebruik</h3> <ul> <li> <p>Geschikt voor <strong>binnen én buiten</strong></p> </li> <li> <p>Ideaal voor gezinnen met kinderen</p> </li> <li> <p>Handig tijdens verjaardagen en feestjes</p> </li> <li> <p>Past perfect op tafels van 6 tot 8 personen</p> </li> </ul> <h3>Duurzaamheid en gemak</h3> <p>Het <strong>stevige PVC-materiaal</strong> zorgt ervoor dat het zeil lang meegaat en tegen een stootje kan. Bovendien is het licht van gewicht, waardoor je het eenvoudig kunt opbergen of meenemen naar buiten.</p> <h3>Onderhoudsvriendelijk</h3> <p>Geen gedoe met wassen of strijken – een simpele veeg is genoeg. Zo hou je meer tijd over voor de dingen die er écht toe doen.</p> <p>Met het <strong>Raved tafelzeil Jungle roze</strong> geniet je van een combinatie van gemak, stijl en bescherming. Bescherm je tafel, voeg sfeer toe aan je interieur en maak van elke maaltijd een mooi moment.</p> <p><strong>Bestel nu en ontdek hoe makkelijk én sfeervol jouw tafel kan zijn.</strong></p>",1,999,,,,,,,Tafellaken,"Tafellaken,PVC,Tafelzeil,Rechthoek,Gebloemd,Jungle,Raved","https://media.s-bol.com/XWDXDJNy1Gmo/xGW5jm3/1200x1200.jpg, https://media.s-bol.com/JB6K6ov03KRv/xGW5jm3/550x550.jpg, https://media.s-bol.com/KDr7rpwg0x1r/xGW5jm3/550x494.jpg, https://media.s-bol.com/LzZ6k5zM03WX/J6y5lQK/550x500.jpg, https://media.s-bol.com/OKYXYwAmOBMg/xGW5jm3/550x178.jpg, https://media.s-bol.com/PLNKNxBnPD7z/xGW5jm3/550x550.jpg, https://media.s-bol.com/PLNKNxBnPw22/xGW5jm3/550x550.jpg",,Raved,,Size,"140 x 50 cm, 140 x 100 cm, 140 x 140 cm, 140 x 160 cm, 140 x 180 cm, 140 x 200 cm, 140 x 220 cm, 140 x 230 cm, 140 x 240 cm, 140 x 250 cm, 140 x 260 cm, 140 x 270 cm, 140 x 280 cm, 140 x 290 cm, 140 x 300 cm, 140 x 310 cm, 140 x 320 cm, 140 x 350 cm",0,0,140 x 50 cm,,,,,
variation,9505745458433,Raved Tafelzeil 140x50 cm - Jungle Roze - PVC - Afwasbaar - Binnen/Buiten,1,,visible,,,1,999,,,,,23.95,37.99,Tafellaken,,https://media.s-bol.com/r1kqk3LD3gBL/O7pk9zY/1200x1200.jpg,RAV-RAVEDTAFEL-9300000175965561,Raved,0,Size,140 x 50 cm,,0,,,,,,
variation,9509455416448,Raved Tafelzeil 140x100 cm - Jungle Roze - PVC - Afwasbaar - Binnen/Buiten,1,,visible,,,1,999,,,,,23.95,37.99,Tafellaken,,https://media.s-bol.com/o12n25Gz57KN/GZNxKEL/1200x1200.jpg,RAV-RAVEDTAFEL-9300000175965561,Raved,1,Size,140 x 100 cm,,0,,,,,,
variation,9509581889284,Raved Tafelzeil 140x140 cm - Jungle Roze - PVC - Afwasbaar - Binnen/Buiten,1,,visible,,,1,999,,,,,23.95,37.99,Tafellaken,,https://media.s-bol.com/MG8K8rykMzwQ/KOlBERM/1200x1200.jpg,RAV-RAVEDTAFEL-9300000175965561,Raved,2,Size,140 x 140 cm,,0,,,,,,
variation,9505574641822,Raved Tafelzeil 140x160 cm - Jungle Roze - PVC - Afwasbaar - Binnen/Buiten,1,,visible,,,1,999,,,,,23.95,37.99,Tafellaken,,https://media.s-bol.com/MG8K8rLkV04P/y8W5knE/1200x1200.jpg,RAV-RAVEDTAFEL-9300000175965561,Raved,3,Size,140 x 160 cm,,0,,,,,,
variation,9502878586347,Raved Tafelzeil 140x180 cm - Jungle Roze - PVC - Afwasbaar - Binnen/Buiten,1,,visible,,,1,999,,,,,23.95,37.99,Tafellaken,,https://media.s-bol.com/XWDXDJNy1Gmo/xGW5jm3/1200x1200.jpg,RAV-RAVEDTAFEL-9300000175965561,Raved,4,Size,140 x 180 cm,,0,,,,,,
variation,9506238718423,Raved Tafelzeil 140x200 cm - Jungle Roze - PVC - Afwasbaar - Binnen/Buiten,1,,visible,,,1,999,,,,,23.95,37.99,Tafellaken,,https://media.s-bol.com/1LwpwyX52AY0/P1qlJA1/1200x1200.jpg,RAV-RAVEDTAFEL-9300000175965561,Raved,5,Size,140 x 200 cm,,0,,,,,,
variation,9506342644212,Raved Tafelzeil 140x220 cm - Jungle Roze - PVC - Afwasbaar - Binnen/Buiten,1,,visible,,,1,999,,,,,23.95,37.99,Tafellaken,,https://media.s-bol.com/RN6K6zQZAPPV/LgmDBRX/1200x1200.jpg,RAV-RAVEDTAFEL-9300000175965561,Raved,6,Size,140 x 220 cm,,0,,,,,,
variation,9501567451638,Raved Tafelzeil 140x230 cm - Jungle Roze - PVC - Afwasbaar - Binnen/Buiten,1,,visible,,,1,999,,,,,23.95,37.99,Tafellaken,,https://media.s-bol.com/n15m53Ey38XD/AnEoOx3/1200x1200.jpg,RAV-RAVEDTAFEL-9300000175965561,Raved,7,Size,140 x 230 cm,,0,,,,,,
variation,9506878974272,Raved Tafelzeil 140x240 cm - Jungle Roze - PVC - Afwasbaar - Binnen/Buiten,1,,visible,,,1,999,,,,,23.95,37.99,Tafellaken,,https://media.s-bol.com/m5Z0Z3DZpZDn/Nxoj1yD/1200x1200.jpg,RAV-RAVEDTAFEL-9300000175965561,Raved,8,Size,140 x 240 cm,,0,,,,,,
variation,9501468843297,Raved Tafelzeil 140x250 cm - Jungle Roze - PVC - Afwasbaar - Binnen/Buiten,1,,visible,,,1,999,,,,,23.95,37.99,Tafellaken,,https://media.s-bol.com/gEpYO95g2m4G/yPoYMX6/1200x600.jpg,RAV-RAVEDTAFEL-9300000175965561,Raved,9,Size,140 x 250 cm,,0,,,,,,
variation,9501932679537,Raved Tafelzeil 140x260 cm - Jungle Roze - PVC - Afwasbaar - Binnen/Buiten,1,,visible,,,1,999,,,,,23.95,37.99,Tafellaken,,https://media.s-bol.com/RJlYq5J2kxMR/xknX91l/1200x600.jpg,RAV-RAVEDTAFEL-9300000175965561,Raved,10,Size,140 x 260 cm,,0,,,,,,
variation,9501842491823,Raved Tafelzeil 140x270 cm - Jungle Roze - PVC - Afwasbaar - Binnen/Buiten,1,,visible,,,1,999,,,,,23.95,37.99,Tafellaken,,https://media.s-bol.com/QGkJp5GZjwNY/L974nJD/1200x600.jpg,RAV-RAVEDTAFEL-9300000175965561,Raved,11,Size,140 x 270 cm,,0,,,,,,
variation,9509631475771,Raved Tafelzeil 140x280 cm - Jungle Roze - PVC - Afwasbaar - Binnen/Buiten,1,,visible,,,1,999,,,,,23.95,37.99,Tafellaken,,https://media.s-bol.com/xgkzkNxoWyjE/BgGpEyk/1200x1200.jpg,RAV-RAVEDTAFEL-9300000175965561,Raved,12,Size,140 x 280 cm,,0,,,,,,
variation,9503444524510,Raved Tafelzeil 140x290 cm - Jungle Roze - PVC - Afwasbaar - Binnen/Buiten,1,,visible,,,1,999,,,,,23.95,37.99,Tafellaken,,https://media.s-bol.com/NBODm5BQX31D/PN74rQA/1200x600.jpg,RAV-RAVEDTAFEL-9300000175965561,Raved,13,Size,140 x 290 cm,,0,,,,,,
variation,9501594934340,Raved Tafelzeil 140x300 cm - Jungle Roze - PVC - Afwasbaar - Binnen/Buiten,1,,visible,,,1,999,,,,,23.95,37.99,Tafellaken,,https://media.s-bol.com/RN6K6zQR3nzz/vg65Jk0/1200x1200.jpg,RAV-RAVEDTAFEL-9300000175965561,Raved,14,Size,140 x 300 cm,,0,,,,,,
variation,9508891629887,Raved Tafelzeil 140x310 cm - Jungle Roze - PVC - Afwasbaar - Binnen/Buiten,1,,visible,,,1,999,,,,,23.95,37.99,Tafellaken,,https://media.s-bol.com/PLNKNxOnV0DA/DRKrEAy/1200x1200.jpg,RAV-RAVEDTAFEL-9300000175965561,Raved,15,Size,140 x 310 cm,,0,,,,,,
variation,9502437359399,Raved Tafelzeil 140x320 cm - Jungle Roze - PVC - Afwasbaar - Binnen/Buiten,1,,visible,,,1,999,,,,,23.95,37.99,Tafellaken,,https://media.s-bol.com/j1RgR3z2lL64/wj65gl1/1200x1200.jpg,RAV-RAVEDTAFEL-9300000175965561,Raved,16,Size,140 x 320 cm,,0,,,,,,
variation,9509175613363,Raved Tafelzeil 140x350 cm - Jungle Roze - PVC - Afwasbaar - Binnen/Buiten,1,,visible,,,1,999,,,,,23.95,37.99,Tafellaken,,https://media.s-bol.com/n15m53E3M185/Q1rmLB0/1200x1200.jpg,RAV-RAVEDTAFEL-9300000175965561,Raved,17,Size,140 x 350 cm,,0,,,,,,
simple,9502182264498,Raved Badkamermat 75 45 - Zacht - Uitwasbaar - Waterabsorberend,1,,visible,,"<p>Breng direct meer veiligheid en comfort in je badkamer met deze <strong>Raved badmat</strong> van <strong>donkergrijs</strong> – dankzij de <strong>antislip onderlaag</strong>, <strong>waterabsorberende toplaag</strong> en <strong>uitwasbaar materiaal</strong> heb je een stijlvolle én onderhoudsvriendelijke oplossing.</p> <p>Ontdek de nieuwe standaard voor badkamervloeren met de <strong>Raved badkamermat</strong> in <strong>donkergrijs</strong>, maat 75 × 45 cm. Deze mat is ontworpen voor wie stijl, veiligheid en gemak in één zoekt. Dankzij de <strong>antislip-onderlaag</strong> kun je direct uit de douche of bad stappen zonder uitglijden, terwijl de <strong>waterabsorberende toplaag</strong> ervoor zorgt dat je vloer sneller droog is en onaangename plassen voorkomen worden.</p> <h3>Elegant & functioneel ontwerp</h3> <p>Het tijdloze donkergrijs past moeiteloos in elke badkamerstijl — van modern minimalistisch tot warm en natuurlijk. De rechthoekige maat 75 × 45 cm is een gangbare keuze naast badkuip of douchezone, ideaal voor gezinnen, stellen of alleenstaanden die waarde hechten aan een verzorgde look én praktische oplossing.</p> <h3>Veiligheid en comfort</h3> <p>Met de antisliplaag onderop, speciaal ontworpen voor natte vloeren, stap je met zekerheid op de mat. Geen glibberige tegels meer of onstabiel gevoel: deze badmat biedt grip en rust voor jou en je gezin. Bovendien voelt de toplaag fijn aan— zacht voor je voeten, en toch sterk in vochtopname. Dankzij de <strong>waterabsorberende werking</strong> drogen natte voeten en vloer sneller, wat ook bijdraagt aan hygiëne en minder kalkplekken.</p> <h3>Onderhoud zonder gedoe</h3> <p>Wie wil er nu een badmat die moeilijk te reinigen is? De Raved badmat is <strong>uitwasbaar</strong> — eenvoudig in de wasmachine te plaatsen en weer fris terug in je badkamer. Zo blijft ‘ie jarenlang mooi, zelfs bij intensief gebruik. Voor huishoudens met kinderen of gasten is dat een groot voordeel: stijlvol blijven, zonder concessies aan gebruiksgemak.</p> <h3>Technische specificaties in het kort</h3> <ul> <li> <p>Maat: 75 × 45 cm</p> </li> <li> <p>Kleur: donkergrijs</p> </li> <li> <p>Materiaal: hoogwaardige polyester en antislip bodemplaat (volgens productdetails) </p> </li> <li> <p>Eigenschappen: antislip, waterabsorberend, uitwasbaar </p> </li> <li> <p>Geschikt voor: naast badkuip, douche of wastafelzone; ideaal voorgezinnen, senioren of iedereen die comfort en veiligheid wil.</p> </li> </ul> <h3>Waarom kiezen voor deze badmat?</h3> <p>Omdat je een upgrade wilt van alleen “een mat op de vloer” naar een slimme investering in comfort en veiligheid. Door <strong>een natte vloer</strong> kunnen ongelukken ontstaan en tegelzones kunnen er minder fris uitzien door vocht. Met deze badmat verminder je dat direct. Tegelijkertijd kies je voor een accessoire die bijdraagt aan de uitstraling van je badkamer — in plaats van iets wat snel vervangen moet worden.</p> <p><strong>Wacht niet langer</strong> — voeg de Raved badmat toe aan je winkelwagen, ervaar direct het verschil in comfort, veiligheid en stijl, en geniet van een badkamer die écht af voelt.</p>",1,999,,,,,26.95,26.95,Badkamermat,"Badkamermat,Polyester,Rechthoek,Effen,Raved",https://media.s-bol.com/mWAOkoQ1RyYE/Nk1wNMK/1200x635.jpg,,Raved,,,,,,,,,,,
variable,RAV-RAVEDTAFEL-9300000088017924,Raved Tafelzeil Design 140 140 - PVC - Afwasbaar,1,,visible,,"<p>Breng zonnige vrolijkheid aan je tafel met dit <strong>duurzame PVC-tafelzeil met vrolijke Zonnebloem-print</strong>. Dankzij de <strong>afwasbare</strong> en makkelijk te onderhouden afwerking heb je nooit meer stress over vlekken of slijtage. Perfect voor een stijlvolle en praktische eetomgeving.</p> <p>Geef je tafel direct een frisse en zonnige make-over met het <strong>primair zoekwoord “tafelzeil”</strong>: dit prachtige model van Raved combineert stijl én functionaliteit. Het is uitgevoerd in <strong>PVC</strong> en voorzien van een vrolijke <strong>zonnebloem-print in Geel</strong> — een combinatie die sfeer creëert in zowel keuken als tuin. Door de afmeting van <strong>140 cm breed</strong> past het ideaal op de meeste tafels of als stijlvolle tafelloper op langere modellen.</p> <h3>Waarom dit tafelzeil jouw beste keuze is</h3> <ul> <li> <p><strong>Gebruiksgemak & onderhoud:</strong> Dankzij het afwasbare oppervlak trek je in een handomdraai vlekken zoals koffie, tomatensaus of kinderkringen uit het tafelzeil — ideaal voor gezinnen of als je graag gasten ontvangt.</p> </li> <li> <p><strong>Duurzaam & stevig materiaal:</strong> Het PVC-materiaal is slijtvast, gemakkelijk schoon te maken én behoudt zijn kleur, zelfs bij regelmatig gebruik. Hierdoor voorkom je dat je tafel snel gedateerd oogt of vervang moet worden. </p> </li> <li> <p><strong>Sfeervol design:</strong> De print met zonnebloemen en het warme geel zorgen voor een vakantiegevoel in je interieur of op je terras. Dat maakt deze aankoop niet alleen praktisch, maar ook emotioneel aantrekkelijk.</p> </li> <li> <p><strong>Veelzijdig binnen & buiten:</strong> Of je nu een eettafel in huis hebt of een tuintafel op het terras — dit tafelzeil is geschikt voor beide locaties. Let erop dat je het bij langdurig buitengebruik af en toe beschermt tegen extreme weersinvloeden. </p> </li> </ul> <h3>Specificaties in één oogopslag</h3> <ul> <li> <p>Merk: Raved</p> </li> <li> <p>Materiaal: PVC (afwasbaar)</p> </li> <li> <p>Kleur/patroon: Geel – Zonnebloemprint</p> </li> <li> <p>Gebruik: Binnen en buiten</p> </li> <li> <p>Onderhoud: Afnemen met een vochtige doek</p> </li> </ul> <h3>Voor wie is dit ideaal?</h3> <p>Als jij waarde hecht aan een huis dat er verzorgd uitziet, en tegelijk houdt van praktische oplossingen — dan is dit tafelzeil perfect. Geen gedoe meer met vlekken of snel slijtagegevoelige tafelkleden. In plaats daarvan een stijlvolle, duurzame tafeloplossing waar je met plezier aan plaatsneemt.</p> <h3>Waar wacht je nog op?</h3> <p>Transformeer je tafel vandaag nog en geniet van een vrolijke, gepimpte eetomgeving zonder concessies aan onderhoud of kwaliteit. Voeg dit tafelzeil toe aan je winkelwagen en ervaar zelf het verschil!</p>",1,999,,,,,,,Tafellaken,"Tafellaken,PVC,Tafelzeil,Rechthoek,Gebloemd,Planten en bladeren,Raved","https://media.s-bol.com/3N1JERxwRqmp/Vmzr5QX/1200x1200.jpg, https://media.s-bol.com/yjPk7l50nyKE/Vmzr5QX/550x550.jpg, https://media.s-bol.com/m5ZX8RVVlzR3/Vmzr5QX/550x495.jpg, https://media.s-bol.com/44gjjWkv1Lpn/REVBQz/550x550.jpg, https://media.s-bol.com/7R3JY8V82qVA/Vmzr5QX/550x550.jpg, https://media.s-bol.com/q1x86RWMQK2p/Vmzr5QX/550x178.jpg, https://media.s-bol.com/Y8EXrp95pAL9/Vmzr5QX/550x550.jpg",,Raved,,Size,"140 x 50 cm, 140 x 100 cm, 140 x 140 cm, 140 x 160 cm, 140 x 180 cm, 140 x 200 cm, 140 x 220 cm, 140 x 230 cm, 140 x 240 cm, 140 x 250 cm, 140 x 260 cm, 140 x 270 cm, 140 x 280 cm, 140 x 290 cm, 140 x 300 cm, 140 x 310 cm, 140 x 320 cm, 140 x 350 cm",0,0,140 x 50 cm,,,,,
variation,9504599611766,Raved Tafelzeil – 140 cm x 50 cm – Zonnebloem Geel – PVC – Afwasbaar,1,,visible,,,1,999,,,,,23.95,37.99,Tafellaken,,https://media.s-bol.com/r1k7BZ5J6WKL/8qrAo93/1200x1200.jpg,RAV-RAVEDTAFEL-9300000088017924,Raved,0,Size,140 x 50 cm,,0,,,,,,
variation,9502383354592,Raved Tafelzeil – 140 cm x 100 cm – Zonnebloem Geel – PVC – Afwasbaar,1,,visible,,,1,999,,,,,23.95,37.99,Tafellaken,,https://media.s-bol.com/O2Mzv9jDXXlY/6PAV7O/1200x1022.jpg,RAV-RAVEDTAFEL-9300000088017924,Raved,1,Size,140 x 100 cm,,0,,,,,,
variation,9506881218226,Raved Tafelzeil – 140 cm x 140 cm – Zonnebloem Geel – PVC – Afwasbaar,1,,visible,,,1,999,,,,,23.95,37.99,Tafellaken,,https://media.s-bol.com/7R3JY87M596B/66pym0R/1200x1200.jpg,RAV-RAVEDTAFEL-9300000088017924,Raved,2,Size,140 x 140 cm,,0,,,,,,
variation,9509996819722,Raved Tafelzeil – 140 cm x 160 cm – Zonnebloem Geel – PVC – Afwasbaar,1,,visible,,,1,999,,,,,23.95,37.99,Tafellaken,,https://media.s-bol.com/WV6BpORYqk7v/1jkqY4m/1200x1200.jpg,RAV-RAVEDTAFEL-9300000088017924,Raved,3,Size,140 x 160 cm,,0,,,,,,
variation,9503763145977,Raved Tafelzeil – 140 cm x 180 cm – Zonnebloem Geel – PVC – Afwasbaar,1,,visible,,,1,999,,,,,23.95,37.99,Tafellaken,,https://media.s-bol.com/RN6BwqBKJ9zz/WnAvwqx/1200x1200.jpg,RAV-RAVEDTAFEL-9300000088017924,Raved,4,Size,140 x 180 cm,,0,,,,,,
variation,9503454874124,Raved Tafelzeil – 140 cm x 200 cm – Zonnebloem Geel – PVC – Afwasbaar,1,,visible,,,1,999,,,,,23.95,37.99,Tafellaken,,https://media.s-bol.com/7R3JY8z1KjkQ/RgvnM1E/1200x1200.jpg,RAV-RAVEDTAFEL-9300000088017924,Raved,5,Size,140 x 200 cm,,0,,,,,,
variation,9507843281555,Raved Tafelzeil – 140 cm x 220 cm – Zonnebloem Geel – PVC – Afwasbaar,1,,visible,,,1,999,,,,,23.95,37.99,Tafellaken,,https://media.s-bol.com/RN6BkYrgo9Bw/2RlrgWz/1200x1200.jpg,RAV-RAVEDTAFEL-9300000088017924,Raved,6,Size,140 x 220 cm,,0,,,,,,
variation,9503896772736,Raved Tafelzeil – 140 cm x 230 cm – Zonnebloem Geel – PVC – Afwasbaar,1,,visible,,,1,999,,,,,23.95,37.99,Tafellaken,,https://media.s-bol.com/JB6XzDAG0z1y/76qznA1/1200x1200.jpg,RAV-RAVEDTAFEL-9300000088017924,Raved,7,Size,140 x 230 cm,,0,,,,,,
variation,9502971651546,Raved Tafelzeil – 140 cm x 240 cm – Zonnebloem Geel – PVC – Afwasbaar,1,,visible,,,1,999,,,,,23.95,37.99,Tafellaken,,https://media.s-bol.com/3N1JERxwRqmp/Vmzr5QX/1200x1200.jpg,RAV-RAVEDTAFEL-9300000088017924,Raved,8,Size,140 x 240 cm,,0,,,,,,
variation,9509296517946,Raved Tafelzeil – 140 cm x 250 cm – Zonnebloem Geel – PVC – Afwasbaar,1,,visible,,,1,999,,,,,23.95,37.99,Tafellaken,,https://media.s-bol.com/OKY9Ll0M48wG/O7pkE8r/1200x1200.jpg,RAV-RAVEDTAFEL-9300000088017924,Raved,9,Size,140 x 250 cm,,0,,,,,,
variation,9503155164296,Raved Tafelzeil – 140 cm x 260 cm – Zonnebloem Geel – PVC – Afwasbaar,1,,visible,,,1,999,,,,,23.95,37.99,Tafellaken,,https://media.s-bol.com/m5ZX8Rgljxp0/0gjp29L/1200x1200.jpg,RAV-RAVEDTAFEL-9300000088017924,Raved,10,Size,140 x 260 cm,,0,,,,,,
variation,9506658616637,Raved Tafelzeil – 140 cm x 270 cm – Zonnebloem Geel – PVC – Afwasbaar,1,,visible,,,1,999,,,,,23.95,37.99,Tafellaken,,https://media.s-bol.com/zkplQP508L52/mwW62EG/1200x1200.jpg,RAV-RAVEDTAFEL-9300000088017924,Raved,11,Size,140 x 270 cm,,0,,,,,,
variation,9507528538493,Raved Tafelzeil – 140 cm x 280 cm – Zonnebloem Geel – PVC – Afwasbaar,1,,visible,,,1,999,,,,,23.95,37.99,Tafellaken,,https://media.s-bol.com/7R3JY8w8x47r/Y6DxQ52/1200x1200.jpg,RAV-RAVEDTAFEL-9300000088017924,Raved,12,Size,140 x 280 cm,,0,,,,,,
variation,9509362646891,Raved Tafelzeil – 140 cm x 290 cm – Zonnebloem Geel – PVC – Afwasbaar,1,,visible,,,1,999,,,,,23.95,37.99,Tafellaken,,https://media.s-bol.com/BqBEOopzM4Ok/58oxlW8/1200x1200.jpg,RAV-RAVEDTAFEL-9300000088017924,Raved,13,Size,140 x 290 cm,,0,,,,,,
variation,9501717313496,Raved Tafelzeil – 140 cm x 300 cm – Zonnebloem Geel – PVC – Afwasbaar,1,,visible,,,1,999,,,,,23.95,37.99,Tafellaken,,https://media.s-bol.com/3N1JER0l2AYO/3lmvj9R/1200x1200.jpg,RAV-RAVEDTAFEL-9300000088017924,Raved,14,Size,140 x 300 cm,,0,,,,,,
variation,9507646833586,Raved Tafelzeil – 140 cm x 310 cm – Zonnebloem Geel – PVC – Afwasbaar,1,,visible,,,1,999,,,,,23.95,37.99,Tafellaken,,https://media.s-bol.com/7R3JY871VnAy/Z4Eyw05/1200x1200.jpg,RAV-RAVEDTAFEL-9300000088017924,Raved,15,Size,140 x 310 cm,,0,,,,,,
variation,9505416743790,Raved Tafelzeil – 140 cm x 320 cm – Zonnebloem Geel – PVC – Afwasbaar,1,,visible,,,1,999,,,,,23.95,37.99,Tafellaken,,https://media.s-bol.com/v12JRq5Nk6On/48nwk9x/1200x1200.jpg,RAV-RAVEDTAFEL-9300000088017924,Raved,16,Size,140 x 320 cm,,0,,,,,,
variation,9504449251166,Raved Tafelzeil – 140 cm x 350 cm – Zonnebloem Geel – PVC – Afwasbaar,1,,visible,,,1,999,,,,,23.95,37.99,Tafellaken,,https://media.s-bol.com/g0JX8YVyg5vG/P1qlMQ4/1200x1200.jpg,RAV-RAVEDTAFEL-9300000088017924,Raved,17,Size,140 x 350 cm,,0,,,,,,
variable,RAV-RAVEDTAFEL-9300000116894423,Raved Tafelzeil Boerenbont ruit Donker Blauw 140 140 - PVC - Afwasbaar,1,,visible,,"<p>Geef je tafel direct sfeer én gemak met dit <strong>premium PVC-tafelzeil</strong> van Raved in een <strong>boerenbont ruit donkerblauw</strong> design: <strong>afwasbaar</strong>, geschikt voor binnen én buiten – stijlvol, praktisch, zorgeloos.</p> <p><strong>Productbeschrijving</strong><br />Ontdek het <strong>boerenbont ruit donkerblauw tafelzeil</strong> van Raved — een stijlvolle blend van nostalgie en modern gebruiksgemak. Dit <strong>tafelzeil</strong> is vervaardigd met een <strong>bovenlaag van PVC</strong>, wat zorgt voor een glad, water- en vlekbestendig oppervlak, en een robuuste onderlaag (non-woven vlies/polyester) die garant staat voor stabiliteit en comfort. Dankzij het klassieke boerenbont-ruit patroon in donkerblauw verandert je tafel in een warme uitnodiging voor elke maaltijd, van gezellige familiediners tot ontspannen buitenlunches.</p> <h3>Sfeer en stijl</h3> <p>Met het kenmerkende boerenbont-ruit ontwerp kies je bewust voor een tijdloos interieuraccent. De kleur <strong>donkerblauw</strong> geeft je tafelblad een elegante, rustgevende uitstraling en combineert moeiteloos met zowel natuurlijke houttinten als moderne metalen en glas. Of je nu binnen aan de eettafel zit of buiten op het terras, dit tafelzeil brengt direct karakter en een huiselijke sfeer.</p> <h3>Praktisch gemak – onderhoud zonder zorgen</h3> <p>Dankzij het duurzame <strong>PVC-materiaal</strong> is dit tafelzeil <strong>afwasbaar</strong>, wat betekent dat gemorste dranken, etensresten of vette vingers eenvoudig met een vochtige doek te verwijderen zijn. Geen wasmachine nodig — simpel en snel schoon voor dagelijks gebruik. Bovendien is het geschikt voor binnen én buitengebruik, waardoor je met één product meerdere tafels in huis of tuin kunt aankleden. </p> <h3>Bescherming én duurzaamheid</h3> <p>Dit Raved tafelzeil fungeert niet alleen als decoratie, maar beschermt ook je tafel tegen krassen, hitte van pannen, knoeien door kinderen of gasten, en UV-verlies wanneer je buiten zit. Hierdoor voelt elke maaltijd als een zorgeloze ervaring. </p> <h3>Specificaties & voordelen in één oogopslag</h3> <ul> <li> <p><strong>Patroon</strong>: klassieke boerenbont-ruit</p> </li> <li> <p><strong>Kleur</strong>: donkerblauw</p> </li> <li> <p><strong>Materiaal</strong>: PVC bovenlaag + non-woven/vlies onderlaag</p> </li> <li> <p><strong>Gebruik</strong>: binnen & buiten</p> </li> <li> <p><strong>Onderhoud</strong>: afwasbaar, eenvoudig schoon te maken</p> </li> <li> <p><strong>Sfeer</strong>: tijdloos, gezellig, uitnodigend</p> </li> <li> <p><strong>Praktisch</strong>: beschermt tafel, geschikt voor dagelijks gebruik</p> </li> </ul> <h3>Waarom kiezen voor deze variant?</h3> <p>Als je zoekt naar een tafelzeil dat net even anders is — stijlvol én slim — dan biedt deze boerenbont-ruit variant in donkerblauw precies dat. Geen concessies tussen uitstraling en functionaliteit. Met dit tafelzeil maak je snel indruk op je gasten, en kun je zonder extra inspanning genieten van je tafelsetting. Verspil geen tijd meer aan was­ of vervangingen, én geef je interieur een warme upgrade.</p> <h3>Call-to-action</h3> <p>Breng vandaag nog sfeer in huis of op het terras met dit stijlvolle en praktisch onderhoudsvriendelijke tafelzeil. Klik op bestellen en geef je tafel direct die klassieke én slimme uitstraling die je verdient!</p>",1,999,,,,,,,Tafellaken,"Tafellaken,PVC,Tafelzeil,Rechthoek,Geruit,Vierkantjes,Raved","https://media.s-bol.com/7wnpRMJkvvDj/xJA1vn/1200x598.jpg, https://media.s-bol.com/YnWNAoyKZW7O/jo9gVY/550x467.jpg, https://media.s-bol.com/3pQPnByA3lRA/jo9gVY/550x550.jpg, https://media.s-bol.com/xmz7QVpvDx8B/QQnxoZ/550x488.jpg, https://media.s-bol.com/7w12rNp52OkQ/jo9gVY/550x500.jpg, https://media.s-bol.com/4qQPoEz7PGrg/jo9gVY/550x399.jpg, https://media.s-bol.com/klpvp8Xon1ZX/EY9yzm/550x550.jpg",,Raved,,Size,"140 x 50 cm, 140 x 100 cm, 140 x 140 cm, 140 x 160 cm, 140 x 180 cm, 140 x 200 cm, 140 x 220 cm, 140 x 230 cm, 140 x 240 cm, 140 x 250 cm, 140 x 260 cm, 140 x 270 cm, 140 x 280 cm, 140 x 290 cm, 140 x 300 cm, 140 x 310 cm, 140 x 320 cm, 140 x 350 cm",0,0,140 x 50 cm,,,,,
variation,9501725691272,Raved Tafelzeil – 140 cm x 50 cm – Boerenbont Ruit Donker Blauw – PVC – Afwasbaar,1,,visible,,,1,999,,,,,23.95,43.89,Tafellaken,,https://media.s-bol.com/D2YQvZDV7m05/lql7Ol/1200x598.jpg,RAV-RAVEDTAFEL-9300000116894423,Raved,0,Size,140 x 50 cm,,0,,,,,,
variation,9506994315287,Raved Tafelzeil – 140 cm x 100 cm – Boerenbont Ruit Donker Blauw – PVC – Afwasbaar,1,,visible,,,1,999,,,,,23.95,43.89,Tafellaken,,https://media.s-bol.com/jkv01gWvPGvP/4NjLR0/1200x598.jpg,RAV-RAVEDTAFEL-9300000116894423,Raved,1,Size,140 x 100 cm,,0,,,,,,
variation,9501413449185,Raved Tafelzeil – 140 cm x 140 cm – Boerenbont Ruit Donker Blauw – PVC – Afwasbaar,1,,visible,,,1,999,,,,,23.95,43.89,Tafellaken,,https://media.s-bol.com/B28PqXG0J1wN/kpk7ZY/1200x598.jpg,RAV-RAVEDTAFEL-9300000116894423,Raved,2,Size,140 x 140 cm,,0,,,,,,
variation,9509384691947,Raved Tafelzeil – 140 cm x 160 cm – Boerenbont Ruit Donker Blauw – PVC – Afwasbaar,1,,visible,,,1,999,,,,,23.95,43.89,Tafellaken,,https://media.s-bol.com/rvEm1qD1Epw2/kpk75x/1200x598.jpg,RAV-RAVEDTAFEL-9300000116894423,Raved,3,Size,140 x 160 cm,,0,,,,,,
variation,9503925742341,Raved Tafelzeil – 140 cm x 180 cm – Boerenbont Ruit Donker Blauw – PVC – Afwasbaar,1,,visible,,,1,999,,,,,23.95,43.89,Tafellaken,,https://media.s-bol.com/7wnpRMJkvvDj/xJA1vn/1200x598.jpg,RAV-RAVEDTAFEL-9300000116894423,Raved,4,Size,140 x 180 cm,,0,,,,,,
variation,9508557661862,Raved Tafelzeil – 140 cm x 200 cm – Boerenbont Ruit Donker Blauw – PVC – Afwasbaar,1,,visible,,,1,999,,,,,23.95,43.89,Tafellaken,,https://media.s-bol.com/K2YLDGoQWKl8/GpJ85Q/1200x598.jpg,RAV-RAVEDTAFEL-9300000116894423,Raved,5,Size,140 x 200 cm,,0,,,,,,
variation,9502497167514,Raved Tafelzeil – 140 cm x 220 cm – Boerenbont Ruit Donker Blauw – PVC – Afwasbaar,1,,visible,,,1,999,,,,,23.95,43.89,Tafellaken,,https://media.s-bol.com/2og7MXl4Qvmv/xJA16z/1200x598.jpg,RAV-RAVEDTAFEL-9300000116894423,Raved,6,Size,140 x 220 cm,,0,,,,,,
variation,9501473762637,Raved Tafelzeil – 140 cm x 230 cm – Boerenbont Ruit Donker Blauw – PVC – Afwasbaar,1,,visible,,,1,999,,,,,23.95,43.89,Tafellaken,,https://media.s-bol.com/o0vj1mgPRQWj/glO259/1200x598.jpg,RAV-RAVEDTAFEL-9300000116894423,Raved,7,Size,140 x 230 cm,,0,,,,,,
variation,9502519233616,Raved Tafelzeil – 140 cm x 240 cm – Boerenbont Ruit Donker Blauw – PVC – Afwasbaar,1,,visible,,,1,999,,,,,23.95,43.89,Tafellaken,,https://media.s-bol.com/YnQy8ZgzLBNM/wGzr0g/1200x598.jpg,RAV-RAVEDTAFEL-9300000116894423,Raved,8,Size,140 x 240 cm,,0,,,,,,
variation,9506363655563,Raved Tafelzeil – 140 cm x 250 cm – Boerenbont Ruit Donker Blauw – PVC – Afwasbaar,1,,visible,,,1,999,,,,,23.95,43.89,Tafellaken,,https://media.s-bol.com/mn2Y5kDM114r/PBkQjy/1200x598.jpg,RAV-RAVEDTAFEL-9300000116894423,Raved,9,Size,140 x 250 cm,,0,,,,,,
variation,9505824456916,Raved Tafelzeil – 140 cm x 260 cm – Boerenbont Ruit Donker Blauw – PVC – Afwasbaar,1,,visible,,,1,999,,,,,23.95,43.89,Tafellaken,,https://media.s-bol.com/K2YLDGxEJnRR/owoyVN/1200x598.jpg,RAV-RAVEDTAFEL-9300000116894423,Raved,10,Size,140 x 260 cm,,0,,,,,,
variation,9502513666625,Raved Tafelzeil – 140 cm x 270 cm – Boerenbont Ruit Donker Blauw – PVC – Afwasbaar,1,,visible,,,1,999,,,,,23.95,43.89,Tafellaken,,https://media.s-bol.com/gGxn0yz12VEj/mrmywA/1200x598.jpg,RAV-RAVEDTAFEL-9300000116894423,Raved,11,Size,140 x 270 cm,,0,,,,,,
variation,9506488557933,Raved Tafelzeil – 140 cm x 280 cm – Boerenbont Ruit Donker Blauw – PVC – Afwasbaar,1,,visible,,,1,999,,,,,23.95,43.89,Tafellaken,,https://media.s-bol.com/P9MzLGxVOvn2/8RnE15/1200x598.jpg,RAV-RAVEDTAFEL-9300000116894423,Raved,12,Size,140 x 280 cm,,0,,,,,,
variation,9508126523676,Raved Tafelzeil – 140 cm x 290 cm – Boerenbont Ruit Donker Blauw – PVC – Afwasbaar,1,,visible,,,1,999,,,,,23.95,43.89,Tafellaken,,https://media.s-bol.com/xBV2gyKGx2ZP/qyqZYR/1200x598.jpg,RAV-RAVEDTAFEL-9300000116894423,Raved,13,Size,140 x 290 cm,,0,,,,,,
variation,9502925598521,Raved Tafelzeil – 140 cm x 300 cm – Boerenbont Ruit Donker Blauw – PVC – Afwasbaar,1,,visible,,,1,999,,,,,23.95,43.89,Tafellaken,,https://media.s-bol.com/O2EPKk00LA5B/vEyZog/1200x598.jpg,RAV-RAVEDTAFEL-9300000116894423,Raved,14,Size,140 x 300 cm,,0,,,,,,
variation,9509527691537,Raved Tafelzeil – 140 cm x 310 cm – Boerenbont Ruit Donker Blauw – PVC – Afwasbaar,1,,visible,,,1,999,,,,,23.95,43.89,Tafellaken,,https://media.s-bol.com/3pjyNvG8BQpr/rzr92k/1200x598.jpg,RAV-RAVEDTAFEL-9300000116894423,Raved,15,Size,140 x 310 cm,,0,,,,,,
variation,9503232165345,Raved Tafelzeil – 140 cm x 320 cm – Boerenbont Ruit Donker Blauw – PVC – Afwasbaar,1,,visible,,,1,999,,,,,23.95,43.89,Tafellaken,,https://media.s-bol.com/noYg1XqgxJ3l/2LPWvP/1200x598.jpg,RAV-RAVEDTAFEL-9300000116894423,Raved,16,Size,140 x 320 cm,,0,,,,,,
variation,9504179587825,Raved Tafelzeil – 140 cm x 350 cm – Boerenbont Ruit Donker Blauw – PVC – Afwasbaar,1,,visible,,,1,999,,,,,23.95,43.89,Tafellaken,,https://media.s-bol.com/N2EYJjgQKNMz/WMrq7X/1200x598.jpg,RAV-RAVEDTAFEL-9300000116894423,Raved,17,Size,140 x 350 cm,,0,,,,,,
variable,RAV-RAVEDTAFEL-9300000179023901,Raved Tafelzeil Macarons 140 140 - Roze - PVC - Afwasbaar,1,,visible,,"<p>Maak van elke maaltijd een stijl­moment met dit <strong>afwasbare PVC tafelzeil</strong> in een vrolijke <strong>roze macarons-print</strong> – eenvoudig schoon te maken en direct sfeer aan tafel.</p> <p>**Maak indruk met het <strong>Raved Tafelzeil in roze macarons-design</strong>, de slimme keuze voor wie een tafelsetting wil die zowel mooi als functioneel is. Dit <strong>tafelzeil</strong> biedt <strong>bescherming én stijl</strong>: heeft een <strong>duurzaam PVC-materiaal</strong>, is <strong>afwasbaar</strong> met een vochtige doek en zorgt ervoor dat jouw tafel er elke dag fris uitziet.</p> <h3>Bescherming en styling in één</h3> <p>Met dit tafelzeil combineer je direct twee behoeften: bescherming van je tafel tegen kringen, knoeien, vlekken en slijtage, én een vrolijk design dat je eet- of tuintafel transformeert. De zachte roze achtergrond met speelse macarons zorgt voor een uitnodigende sfeer — perfect voor gezinsmaaltijden, gezellige borrels buiten, of als subtiel accent op je interieur.</p> <h3>Materiaal en onderhoud</h3> <p>Het tafelzeil is vervaardigd van hoogwaardig <strong>PVC</strong>, waardoor het flexibel, water- en vlekbestendig is. Dankzij de handige afneembare eigenschap (met een vochtige doek) houd je het simpel en snel schoon. Let erop dat bij langdurig gebruik buiten, het motief en de kleur het best behouden blijven als je het tafelzeil beschermt tegen extreme weersinvloeden.</p> <h3>Toepassingsmogelijkheden</h3> <p>Of je nu binnen eet of buiten op het terras aanschuift — dit tafelzeil is geschikt voor meerdere situaties: van een spontane kop koffie tot een uitgebreide barbecue met vrienden. Het maakt je tafel direct sfeervoller én praktischer. Dankzij de standaardmaat past het op de meeste tafels (controleer jouw afmetingen). Het vrolijke design haalt ook het beste in je servies en tafeldecor naar boven.</p> <h3>Waarom kiezen voor dit tafelzeil?</h3> <ul> <li> <p>**Veelzijdig gebruik **: geschikt voor zowel binnen als buiten.</p> </li> <li> <p>**Onderhoudsgemak **: eenvoudig schoon te maken, geen ingewikkeld wasprogramma.</p> </li> <li> <p>**Stijlvol motief **: macarons-print voegt direct karakter toe in plaats van een standaard effen doek.</p> </li> <li> <p><strong>Hoge kwaliteit</strong> dankzij het PVC-materiaal: bestand tegen dagelijkse gebruik.</p> </li> </ul> <h3>Let op</h3> <p>Hoewel het tafelzeil buiten gebruikt kan worden, streven we naar optimale duurzaamheid door het te beschermen tegen langdurig zon- of weergebruik.<br />Verzeker je ervan dat jouw tafelvlak schoon en droog is voordat je het tafelzeil legt voor het beste resultaat.</p> <h3>Call-to-action</h3> <p>Kies nu voor bescherming én stijl aan tafel – geef jouw eet- of tuintafel direct een upgrade met het <strong>Raved tafelzeil in roze macarons-print</strong>. Bestel vandaag nog en maak van elk moment aan tafel iets bijzonders!</p>",1,999,,,,,,,Tafellaken,"Tafellaken,PVC,Tafelzeil,Rechthoek,Gebloemd,Jungle,Raved",https://media.s-bol.com/m5ZGMyV4rknR/X6BPpoA/1200x1200.jpg,,Raved,,Size,"140 x 50 cm, 140 x 100 cm, 140 x 140 cm, 140 x 160 cm, 140 x 180 cm, 140 x 200 cm, 140 x 220 cm, 140 x 230 cm, 140 x 240 cm, 140 x 250 cm, 140 x 260 cm, 140 x 270 cm, 140 x 280 cm, 140 x 290 cm, 140 x 300 cm, 140 x 310 cm, 140 x 320 cm, 140 x 350 cm",0,0,140 x 50 cm,,,,,
variation,9507746685696,Raved Tafelzeil 140 cm x 50 cm - Macarons Roze - PVC - Afwasbaar,1,,visible,,,1,999,,,,,,,Tafellaken,,https://media.s-bol.com/7R3OWX27PJZj/Z4EgrVR/1200x1200.jpg,RAV-RAVEDTAFEL-9300000179023901,Raved,0,Size,140 x 50 cm,,0,,,,,,
variation,9508946424412,Raved Tafelzeil 140 cm x 100 cm - Macarons Roze - PVC - Afwasbaar,1,,visible,,,1,999,,,,,,,Tafellaken,,https://media.s-bol.com/q1xDMZmV3ZDR/76qMVLr/1200x1200.jpg,RAV-RAVEDTAFEL-9300000179023901,Raved,1,Size,140 x 100 cm,,0,,,,,,
variation,9503122128450,Raved Tafelzeil 140 cm x 140 cm - Macarons Roze - PVC - Afwasbaar,1,,visible,,,1,999,,,,,,,Tafellaken,,https://media.s-bol.com/8V2OBX1BDMJ5/VmzWnPW/1200x1200.jpg,RAV-RAVEDTAFEL-9300000179023901,Raved,2,Size,140 x 140 cm,,0,,,,,,
variation,9503771925387,Raved Tafelzeil 140 cm x 160 cm - Macarons Roze - PVC - Afwasbaar,1,,visible,,,1,999,,,,,,,Tafellaken,,https://media.s-bol.com/xgk971BLPxK9/Q1rXg0L/1200x1200.jpg,RAV-RAVEDTAFEL-9300000179023901,Raved,3,Size,140 x 160 cm,,0,,,,,,
variation,9507789692958,Raved Tafelzeil 140 cm x 180 cm - Macarons Roze - PVC - Afwasbaar,1,,visible,,,1,999,,,,,,,Tafellaken,,https://media.s-bol.com/7R3OWXw0Ek51/3lm3V2x/1200x1200.jpg,RAV-RAVEDTAFEL-9300000179023901,Raved,4,Size,140 x 180 cm,,0,,,,,,
variation,9507994577750,Raved Tafelzeil 140 cm x 200 cm - Macarons Roze - PVC - Afwasbaar,1,,visible,,,1,999,,,,,,,Tafellaken,,https://media.s-bol.com/m5ZGMyn7VpRR/1jkM3rP/1200x1200.jpg,RAV-RAVEDTAFEL-9300000179023901,Raved,5,Size,140 x 200 cm,,0,,,,,,
variation,9503435869521,Raved Tafelzeil 140 cm x 220 cm - Macarons Roze - PVC - Afwasbaar,1,,visible,,,1,999,,,,,,,Tafellaken,,https://media.s-bol.com/DvkPJ8l69zmx/LgmGW8A/1200x1200.jpg,RAV-RAVEDTAFEL-9300000179023901,Raved,6,Size,140 x 220 cm,,0,,,,,,
variation,9508483686342,Raved Tafelzeil 140 cm x 230 cm - Macarons Roze - PVC - Afwasbaar,1,,visible,,,1,999,,,,,,,Tafellaken,,https://media.s-bol.com/k1RDO7PLN3Xx/98vjYQZ/1200x1200.jpg,RAV-RAVEDTAFEL-9300000179023901,Raved,7,Size,140 x 230 cm,,0,,,,,,
variation,9509232995319,Raved Tafelzeil 140 cm x 240 cm - Macarons Roze - PVC - Afwasbaar,1,,visible,,,1,999,,,,,,,Tafellaken,,https://media.s-bol.com/m5ZGMyV4rknR/X6BPpoA/1200x1200.jpg,RAV-RAVEDTAFEL-9300000179023901,Raved,8,Size,140 x 240 cm,,0,,,,,,
variation,9503958889297,Raved Tafelzeil 140 cm x 250 cm - Macarons Roze - PVC - Afwasbaar,1,,visible,,,1,999,,,,,,,Tafellaken,,https://media.s-bol.com/m5ZGMyV4rknR/X6BPpoA/1200x1200.jpg,RAV-RAVEDTAFEL-9300000179023901,Raved,9,Size,140 x 250 cm,,0,,,,,,
variation,9502345254243,Raved Tafelzeil 140 cm x 260 cm - Macarons Roze - PVC - Afwasbaar,1,,visible,,,1,999,,,,,,,Tafellaken,,https://media.s-bol.com/r1kXM9vgNWjK/MjnXWQ5/1200x1200.jpg,RAV-RAVEDTAFEL-9300000179023901,Raved,10,Size,140 x 260 cm,,0,,,,,,
variation,9502675578941,Raved Tafelzeil 140 cm x 270 cm - Macarons Roze - PVC - Afwasbaar,1,,visible,,,1,999,,,,,,,Tafellaken,,https://media.s-bol.com/q1xDMZ55w1Pk/RgvXjoK/1200x1200.jpg,RAV-RAVEDTAFEL-9300000179023901,Raved,11,Size,140 x 270 cm,,0,,,,,,
variation,9509416126577,Raved Tafelzeil 140 cm x 280 cm - Macarons Roze - PVC - Afwasbaar,1,,visible,,,1,999,,,,,,,Tafellaken,,https://media.s-bol.com/m5ZG7DB34PnR/58oMK9v/1200x1200.jpg,RAV-RAVEDTAFEL-9300000179023901,Raved,12,Size,140 x 280 cm,,0,,,,,,
variation,9505658541697,Raved Tafelzeil 140 cm x 290 cm - Macarons Roze - PVC - Afwasbaar,1,,visible,,,1,999,,,,,,,Tafellaken,,https://media.s-bol.com/g0J6Q2GxMyNr/WnA1o7v/1200x1200.jpg,RAV-RAVEDTAFEL-9300000179023901,Raved,13,Size,140 x 290 cm,,0,,,,,,
variation,9505471776924,Raved Tafelzeil 140 cm x 300 cm - Macarons Roze - PVC - Afwasbaar,1,,visible,,,1,999,,,,,,,Tafellaken,,https://media.s-bol.com/PLNr5Q91wPEW/KOlG9ZY/1200x1200.jpg,RAV-RAVEDTAFEL-9300000179023901,Raved,14,Size,140 x 300 cm,,0,,,,,,
variation,9503746495228,Raved Tafelzeil 140 cm x 310 cm - Macarons Roze - PVC - Afwasbaar,1,,visible,,,1,999,,,,,,,Tafellaken,,https://media.s-bol.com/j1RLO8kO9ogR/P1qGWZW/1200x1200.jpg,RAV-RAVEDTAFEL-9300000179023901,Raved,15,Size,140 x 310 cm,,0,,,,,,
variation,9507146155157,Raved Tafelzeil 140 cm x 320 cm - Macarons Roze - PVC - Afwasbaar,1,,visible,,,1,999,,,,,,,Tafellaken,,https://media.s-bol.com/p1Y7X2PW0XnN/0gjMDVK/1200x1200.jpg,RAV-RAVEDTAFEL-9300000179023901,Raved,16,Size,140 x 320 cm,,0,,,,,,
variation,9505563475933,Raved Tafelzeil 140 cm x 350 cm - Macarons Roze - PVC - Afwasbaar,1,,visible,,,1,999,,,,,,,Tafellaken,,https://media.s-bol.com/m5ZGMyg232kO/NxoGW9p/1200x1200.jpg,RAV-RAVEDTAFEL-9300000179023901,Raved,17,Size,140 x 350 cm,,0,,,,,,
variable,RAV-RAVEDTAFEL-9300000079087955,Raved Tafelzeil Beige 140 140 - PVC - Afwasbaar,1,,visible,,"<p>Breng direct sfeer aan tafel met dit <strong>stijlvolle en praktisch afneembare</strong> tafelzeil van met authentiek <strong>Delfts Tegels-motief</strong>. Dankzij het <strong>hoogwaardige PVC-materiaal</strong> en de <strong>afwasbare kwaliteit</strong> is jouw tafel beschermd én mooi, zowel binnen als buiten.</p> <p>Maak van iedere maaltijd of bijeenkomst een moment om naar uit te kijken met het <strong>premium tafelzeil</strong> van Raved met <strong>Delfts Tegels-design</strong>. Dit tafelzeil combineert <strong>stijlvol Hollands motief</strong>, functioneel materiaalgebruik en slimme onderhoudsvriendelijkheid – precies wat je zoekt wanneer je tafel er zowel mooi uit moet zien als praktisch in gebruik moet zijn.</p> <h3>Waarom kiezen voor dit tafelzeil?</h3> <p>Met het <strong>primair zoekwoord “tafelzeil”</strong> in gedachten: dit model is ideaal voor wie een tafel al voldoende aandacht geeft en zoekt naar een oplossing voor knoeien, hitteplekken of verkleuring. Het klassieke <strong>Delfts Tegels-patroon</strong> in beige/­blauw voegt direct landelijke charme toe aan je eetkamer, serre of buitenruimte. Omdat het van <strong>materiaal PVC</strong> is gemaakt, zit je nooit met stof of vervelende stof‐nesten: vlekken neem je eenvoudig af met een vochtige doek – geen gedoe meer met grote wasbeurten of vervangingen.</p> <h3>Specificaties & toepassingen</h3> <ul> <li> <p><strong>Materiaal</strong>: sterk PVC – waterafstotend en bestand tegen knoeien, kringen en algemene slijtage.</p> </li> <li> <p><strong>Kleur/Design</strong>: beige basis met blauw Delfts Tegels-motief – passend bij zowel een landelijk interieur als een frisse buitenlook.</p> </li> <li> <p><strong>Gebruik</strong>: voor binnen en buiten – let op: bij regen of langdurig buitengebruik liever binnen opbergen om verkleuring of slijtage te voorkomen. </p> </li> <li> <p><strong>Onderhoud</strong>: eenvoudig afnemen i.p.v. wassen – zo blijft je tafel altijd uitnodigend en netjes.</p> </li> </ul> <h3>Voordelen voor jou</h3> <ul> <li> <p>Beschermt je tafel tegen hitte, vocht en kringen – zodat je je tafel behoudt in nieuwstaat.</p> </li> <li> <p>Creëert direct een sfeervol tafelbeeld – je hoeft nauwelijks extra styling toe te voegen.</p> </li> <li> <p>Gemakkelijk in gebruik – ideaal voor gezinnen, buitengebruik of als je weinig tijd hebt voor onderhoud.</p> </li> <li> <p>Duurzaam en stijlvol – het ontwerp is tijdloos genoeg om seizoen na seizoen te blijven passen.</p> </li> </ul> <h3>Verlies-aversie & sociale bewijskracht</h3> <p>Stel je voor: je kinderen spelen aan tafel, gasten schuiven aan … en binnen een minuut is er geknoeid. Met dit tafelzeil hoef jij je geen zorgen te maken. Twee tevreden klanten geven een gemiddelde score van 5,0 sterren – “Mooi design, soepel materiaal” en “Heel mooi tafelkleed en een fantastische service”. <br />Waarom wachten tot je tafel beschadigd is?</p> <h3>Call-to-action</h3> <p>Maak indruk én werk efficiënt: kies voor dit <strong>Raved tafelzeil met Delfts Tegels-print</strong> en geef je tafel direct de bescherming én uitstraling die het verdient. Voeg ‘m vandaag nog toe aan je winkelwagen – jouw tafel zal je dankbaar zijn!</p>",1,999,,,,,,,Tafellaken,"Tafellaken,PVC,Tafelzeil,Rechthoek,Geruit,Ruitjes,Raved",https://media.s-bol.com/7R3Jz2MvY4zA/P1ql6W4/1200x1200.jpg,,Raved,,Size,"140 x 100 cm, 140 x 140 cm, 140 x 160 cm, 140 x 180 cm, 140 x 200 cm, 140 x 220 cm, 140 x 230 cm, 140 x 240 cm, 140 x 250 cm, 140 x 260 cm, 140 x 270 cm, 140 x 280 cm, 140 x 290 cm, 140 x 300 cm, 140 x 310 cm, 140 x 320 cm, 140 x 350 cm",0,0,140 x 100 cm,,,,,
variation,9504563361734,Raved Tafelzeil 140×100 cm – Delfts Tegels – Beige/Blauw – PVC – Afwasbaar,1,,visible,,,1,999,,,,,,,Tafellaken,,https://media.s-bol.com/RN6BnDnVgkVK/Mjng7WG/1200x1200.jpg,RAV-RAVEDTAFEL-9300000079087955,Raved,0,Size,140 x 100 cm,,0,,,,,,
variation,9507714352186,Raved Tafelzeil 140×140 cm – Delfts Tegels – Beige/Blauw – PVC – Afwasbaar,1,,visible,,,1,999,,,,,,,Tafellaken,,https://media.s-bol.com/BqBEpjp7GOjx/98vB3XD/1200x1200.jpg,RAV-RAVEDTAFEL-9300000079087955,Raved,1,Size,140 x 140 cm,,0,,,,,,
variation,9506338449968,Raved Tafelzeil 140×160 cm – Delfts Tegels – Beige/Blauw – PVC – Afwasbaar,1,,visible,,,1,999,,,,,,,Tafellaken,,https://media.s-bol.com/j1RJMNMLzxlP/3lmvYJR/1200x1200.jpg,RAV-RAVEDTAFEL-9300000079087955,Raved,2,Size,140 x 160 cm,,0,,,,,,
variation,9507129233582,Raved Tafelzeil 140×180 cm – Delfts Tegels – Beige/Blauw – PVC – Afwasbaar,1,,visible,,,1,999,,,,,,,Tafellaken,,https://media.s-bol.com/Y8EXxNAW31g9/1jkqV3m/1200x1200.jpg,RAV-RAVEDTAFEL-9300000079087955,Raved,3,Size,140 x 180 cm,,0,,,,,,
variation,9504472753651,Raved Tafelzeil 140×200 cm – Delfts Tegels – Beige/Blauw – PVC – Afwasbaar,1,,visible,,,1,999,,,,,,,Tafellaken,,https://media.s-bol.com/NJk1jBkz43qz/Rgvn8jE/1200x1200.jpg,RAV-RAVEDTAFEL-9300000079087955,Raved,4,Size,140 x 200 cm,,0,,,,,,
variation,9505576399486,Raved Tafelzeil 140×220 cm – Delfts Tegels – Beige/Blauw – PVC – Afwasbaar,1,,visible,,,1,999,,,,,,,Tafellaken,,https://media.s-bol.com/m5ZX6ggrwML9/Q1rmAg9/1200x1200.jpg,RAV-RAVEDTAFEL-9300000079087955,Raved,5,Size,140 x 220 cm,,0,,,,,,
variation,9504542418220,Raved Tafelzeil 140×230 cm – Delfts Tegels – Beige/Blauw – PVC – Afwasbaar,1,,visible,,,1,999,,,,,,,Tafellaken,,https://media.s-bol.com/JB6XAYB765AP/KOlBA9x/1200x1200.jpg,RAV-RAVEDTAFEL-9300000079087955,Raved,6,Size,140 x 230 cm,,0,,,,,,
variation,9505951182764,Raved Tafelzeil 140×240 cm – Delfts Tegels – Beige/Blauw – PVC – Afwasbaar,1,,visible,,,1,999,,,,,,,Tafellaken,,https://media.s-bol.com/BqBEpjvkqJrk/X6BwYpg/1200x1200.jpg,RAV-RAVEDTAFEL-9300000079087955,Raved,7,Size,140 x 240 cm,,0,,,,,,
variation,9507693323412,Raved Tafelzeil 140×250 cm – Delfts Tegels – Beige/Blauw – PVC – Afwasbaar,1,,visible,,,1,999,,,,,,,Tafellaken,,https://media.s-bol.com/m5ZX6g6GDAo9/8qrAXY3/1200x1200.jpg,RAV-RAVEDTAFEL-9300000079087955,Raved,8,Size,140 x 250 cm,,0,,,,,,
variation,9505494462668,Raved Tafelzeil 140×260 cm – Delfts Tegels – Beige/Blauw – PVC – Afwasbaar,1,,visible,,,1,999,,,,,,,Tafellaken,,https://media.s-bol.com/q1x85mmNJYEk/Y6DxVq2/1200x1200.jpg,RAV-RAVEDTAFEL-9300000079087955,Raved,9,Size,140 x 260 cm,,0,,,,,,
variation,9504717288825,Raved Tafelzeil 140×270 cm – Delfts Tegels – Beige/Blauw – PVC – Afwasbaar,1,,visible,,,1,999,,,,,,,Tafellaken,,https://media.s-bol.com/OKY9kzk85wXY/VmzrJnX/1200x1200.jpg,RAV-RAVEDTAFEL-9300000079087955,Raved,10,Size,140 x 270 cm,,0,,,,,,
variation,9509253364521,Raved Tafelzeil 140×280 cm – Delfts Tegels – Beige/Blauw – PVC – Afwasbaar,1,,visible,,,1,999,,,,,,,Tafellaken,,https://media.s-bol.com/yjPk5xAnz1BP/g5WK7Xk/1200x1200.jpg,RAV-RAVEDTAFEL-9300000079087955,Raved,11,Size,140 x 280 cm,,0,,,,,,
variation,9504378145413,Raved Tafelzeil 140×290 cm – Delfts Tegels – Beige/Blauw – PVC – Afwasbaar,1,,visible,,,1,999,,,,,,,Tafellaken,,https://media.s-bol.com/7R3Jz2MvY4zA/P1ql6W4/1200x1200.jpg,RAV-RAVEDTAFEL-9300000079087955,Raved,12,Size,140 x 290 cm,,0,,,,,,
variation,9502597786448,Raved Tafelzeil 140×300 cm – Delfts Tegels – Beige/Blauw – PVC – Afwasbaar,1,,visible,,,1,999,,,,,,,Tafellaken,,https://media.s-bol.com/BqBEpjp5o8vN/Z4EyZr5/1200x1200.jpg,RAV-RAVEDTAFEL-9300000079087955,Raved,13,Size,140 x 300 cm,,0,,,,,,
variation,9509718314542,Raved Tafelzeil 140×310 cm – Delfts Tegels – Beige/Blauw – PVC – Afwasbaar,1,,visible,,,1,999,,,,,,,Tafellaken,,https://media.s-bol.com/Y8EXxNAYpMnY/2RlrGDz/1200x1200.jpg,RAV-RAVEDTAFEL-9300000079087955,Raved,14,Size,140 x 310 cm,,0,,,,,,
variation,9507379184184,Raved Tafelzeil 140×320 cm – Delfts Tegels – Beige/Blauw – PVC – Afwasbaar,1,,visible,,,1,999,,,,,,,Tafellaken,,https://media.s-bol.com/BqBEpjJQJmPn/76qzDJ1/1200x1200.jpg,RAV-RAVEDTAFEL-9300000079087955,Raved,15,Size,140 x 320 cm,,0,,,,,,
variation,9509323578629,Raved Tafelzeil 140×350 cm – Delfts Tegels – Beige/Blauw – PVC – Afwasbaar,1,,visible,,,1,999,,,,,,,Tafellaken,,https://media.s-bol.com/o12JKkK7G3rK/66pyYVR/1200x1200.jpg,RAV-RAVEDTAFEL-9300000079087955,Raved,16,Size,140 x 350 cm,,0,,,,,,
variable,RAV-RAVEDTAFEL-9300000167169634,Raved Kerst Tafelzeil - Kersthulst 140 140 - Beige - PVC - Afwasbaar,1,,visible,,"<p>Breng <strong>direct kerstsfeer</strong> op tafel met dit <strong>praktische en stijlvolle tafelzeil</strong> van PVC dat eenvoudig schoon te maken is. Het elegante <strong>hulst-motief in warm beige</strong> geeft uw eettafel een feestelijke uitstraling zonder zorgen — <strong>beschermt tegen knoeien, vlekken en brandplekken</strong>.</p> <p>Met het <strong>primair zoekwoord</strong> <strong>tafelzeil kersthulst</strong> stel ik onderstaande tekst op.</p> <p>Maak van uw eettafel dé sfeerpunt tijdens de feestdagen met dit prachtige <strong>tafelzeil kersthulst</strong> van <strong>Raved</strong>. Het subtiele beige ontwerp met sfeervolle hulstprint past perfect in een warme kerstatmosfeer én is vervaardigd van <strong>PVC</strong>, wat betekent dat u zich geen zorgen hoeft te maken over knoeien tijdens het diner of de borrel.<br />Het <strong>materiaal</strong> is duurzaam, slijtvast en dankzij de <strong>afwasbare afwerking</strong> veegt u een glas rode wijn of een gemorst dessert eenvoudig weg met een doek — geen stress, alleen genieten.</p> <h3>Waarom dit tafelzeil?</h3> <ul> <li> <p><strong>Bescherming én decoratie</strong>: dit tafelzeil biedt bescherming tegen vlekken, kringen en zelfs brandplekken door warme pannen, en zorgt tegelijk voor een stijlvolle uitstraling van uw tafel.</p> </li> <li> <p><strong>Feestelijke uitstraling</strong>: het classic hulst-motief brengt het kerstgevoel direct naar binnen, of het nu gaat om een avondje met familie, een kerstontbijt of een gezellige borrel.</p> </li> <li> <p><strong>Eenvoudig in onderhoud</strong>: dankzij het PVC-materiaal en afwasbare laag is schoonmaken kinderspel, wat rust geeft tijdens drukke dagen.</p> </li> <li> <p><strong>Flexibel gebruik</strong>: geschikt voor zowel dagelijks gebruik in de winterperiode als voor het hoogtepunt van de kerstdagen.</p> </li> </ul> <h3>Specificaties & praktische details</h3> <ul> <li> <p>Merk: Raved</p> </li> <li> <p>Materiaal: <strong>PVC</strong> — stevig, slijtvast en makkelijk te reinigen</p> </li> <li> <p>Kleur: <strong>Beige</strong> met hulst-print (groen/rood accenten)</p> </li> <li> <p>Gebruik: binnen én buiten (op veranda of tuinfeest), perfect voor tafels tijdens feestelijke momenten</p> </li> <li> <p>Onderhoud: eenvoudig afnemen met vochtige doek; geen machinewas vereist</p> </li> </ul> <h3>Voor wie?</h3> <p>Of u nu een feestelijk diner organiseert met vrienden of ervoor wilt zorgen dat het kerstontbijt voor de kinderen zo soepel mogelijk verloopt: dit tafelzeil is ideaal. Het combineert stijl, gemak en functionaliteit — een zeldzame combinatie die indruk maakt én ontzorgt.</p> <h3>Letselvrij en zorgeloos genieten</h3> <p>Wacht niet tot er een vlek is gemorst of een brandplekje is ontstaan — met dit tafelzeil neemt u de stress weg vóórdat het begint. Een kleine investering in uw kerstsfeer levert veel ontspanning op tijdens het diner.</p> <p><strong>Call-to-action</strong>: Maak uw tafel feestklaar en bestel dit stijlvolle tafelzeil vandaag nog zodat u met een gerust hart aan de kerstdagen begint!</p>",1,999,,,,,,,Tafellaken,"Tafellaken,PVC,Tafelzeil,Rechthoek,Overig,Print,Raved","https://media.s-bol.com/NJkKOY1ODnZ6/76qzJZw/1200x1200.jpg, https://media.s-bol.com/WV6KPQBqWk6x/76qzJZw/550x550.jpg, https://media.s-bol.com/RN6KlPBPlArq/76qzJZw/550x503.jpg, https://media.s-bol.com/3N1r6yJwY44M/76qzJZw/550x178.jpg, https://media.s-bol.com/kjmKpjAmmo66/WK1k6v/550x550.jpg, https://media.s-bol.com/Y8EY7yX5V22K/76qzJZw/550x550.jpg, https://media.s-bol.com/OKYXgP9Pgw0r/76qzJZw/550x550.jpg",,Raved,,Size,"140 x 50 cm, 140 x 100 cm, 140 x 140 cm, 140 x 160 cm, 140 x 180 cm, 140 x 200 cm, 140 x 220 cm, 140 x 230 cm, 140 x 240 cm, 140 x 250 cm, 140 x 260 cm, 140 x 270 cm, 140 x 280 cm, 140 x 290 cm, 140 x 300 cm, 140 x 310 cm, 140 x 320 cm, 140 x 330 cm",0,0,140 x 50 cm,,,,,
variation,9501629813183,Raved Tafelzeil – 140 cm x 50 cm – Kersthulst Beige – PVC – Afwasbaar,1,,visible,,,1,999,,,,,23.95,43.89,Tafellaken,,https://media.s-bol.com/v12xQ8JwLQJ0/2RlrJZJ/1200x1200.jpg,RAV-RAVEDTAFEL-9300000167169634,Raved,0,Size,140 x 50 cm,,0,,,,,,
variation,9505583732719,Raved Tafelzeil – 140 cm x 100 cm – Kersthulst Beige – PVC – Afwasbaar,1,,visible,,,1,999,,,,,23.95,43.89,Tafellaken,,https://media.s-bol.com/xgkz62j5NjJ3/j2WMJrW/1200x1200.jpg,RAV-RAVEDTAFEL-9300000167169634,Raved,1,Size,140 x 100 cm,,0,,,,,,
variation,9502161951982,Raved Tafelzeil – 140 cm x 140 cm – Kersthulst Beige – PVC – Afwasbaar,1,,visible,,,1,999,,,,,23.95,43.89,Tafellaken,,https://media.s-bol.com/WV6KPQBQPJzJ/8qrAYZl/1200x1200.jpg,RAV-RAVEDTAFEL-9300000167169634,Raved,2,Size,140 x 140 cm,,0,,,,,,
variation,9505853332731,Raved Tafelzeil – 140 cm x 160 cm – Kersthulst Beige – PVC – Afwasbaar,1,,visible,,,1,999,,,,,23.95,43.89,Tafellaken,,https://media.s-bol.com/gGZN40KQYpvl/zLw4o2/1200x1019.jpg,RAV-RAVEDTAFEL-9300000167169634,Raved,3,Size,140 x 160 cm,,0,,,,,,
variation,9507928447579,Raved Tafelzeil – 140 cm x 180 cm – Kersthulst Beige – PVC – Afwasbaar,1,,visible,,,1,999,,,,,23.95,43.89,Tafellaken,,https://media.s-bol.com/xgkz62LDj679/3lmvJ8r/1200x1200.jpg,RAV-RAVEDTAFEL-9300000167169634,Raved,4,Size,140 x 180 cm,,0,,,,,,
variation,9505158632758,Raved Tafelzeil – 140 cm x 200 cm – Kersthulst Beige – PVC – Afwasbaar,1,,visible,,,1,999,,,,,23.95,43.89,Tafellaken,,https://media.s-bol.com/3N1r6y3QE1Jn/VmzrZG5/1200x1200.jpg,RAV-RAVEDTAFEL-9300000167169634,Raved,5,Size,140 x 200 cm,,0,,,,,,
variation,9501949522154,Raved Tafelzeil – 140 cm x 220 cm – Kersthulst Beige – PVC – Afwasbaar,1,,visible,,,1,999,,,,,23.95,43.89,Tafellaken,,https://media.s-bol.com/Z16G8zGzkwxv/nZWXJy4/1200x1200.jpg,RAV-RAVEDTAFEL-9300000167169634,Raved,6,Size,140 x 220 cm,,0,,,,,,
variation,9507858486518,Raved Tafelzeil – 140 cm x 230 cm – Kersthulst Beige – PVC – Afwasbaar,1,,visible,,,1,999,,,,,23.95,43.89,Tafellaken,,https://media.s-bol.com/VRO2v72740EW/lOWL6wl/1200x1200.jpg,RAV-RAVEDTAFEL-9300000167169634,Raved,7,Size,140 x 230 cm,,0,,,,,,
variation,9502833478854,Raved Tafelzeil – 140 cm x 240 cm – Kersthulst Beige – PVC – Afwasbaar,1,,visible,,,1,999,,,,,23.95,43.89,Tafellaken,,https://media.s-bol.com/j1RgY0JJqmBP/k5WKMvx/1200x1200.jpg,RAV-RAVEDTAFEL-9300000167169634,Raved,8,Size,140 x 240 cm,,0,,,,,,
variation,9503155328384,Raved Tafelzeil – 140 cm x 250 cm – Kersthulst Beige – PVC – Afwasbaar,1,,visible,,,1,999,,,,,23.95,43.89,Tafellaken,,https://media.s-bol.com/3N1r6yJjGpRR/98vBXZP/1200x1200.jpg,RAV-RAVEDTAFEL-9300000167169634,Raved,9,Size,140 x 250 cm,,0,,,,,,
variation,9506547468514,Raved Tafelzeil – 140 cm x 260 cm – Kersthulst Beige – PVC – Afwasbaar,1,,visible,,,1,999,,,,,23.95,43.89,Tafellaken,,https://media.s-bol.com/w1py0KgZQ07R/66pyV17/1200x1200.jpg,RAV-RAVEDTAFEL-9300000167169634,Raved,10,Size,140 x 260 cm,,0,,,,,,
variation,9503444596524,Raved Tafelzeil – 140 cm x 270 cm – Kersthulst Beige – PVC – Afwasbaar,1,,visible,,,1,999,,,,,23.95,43.89,Tafellaken,,https://media.s-bol.com/VRO2v7Z7vGyM/mwW6Xxp/1200x1200.jpg,RAV-RAVEDTAFEL-9300000167169634,Raved,11,Size,140 x 270 cm,,0,,,,,,
variation,9502588776311,Raved Tafelzeil – 140 cm x 280 cm – Kersthulst Beige – PVC – Afwasbaar,1,,visible,,,1,999,,,,,23.95,43.89,Tafellaken,,https://media.s-bol.com/0KRo80M8pXJG/0gjp3Z7/1200x1200.jpg,RAV-RAVEDTAFEL-9300000167169634,Raved,12,Size,140 x 280 cm,,0,,,,,,
variation,9507462976627,Raved Tafelzeil – 140 cm x 290 cm – Kersthulst Beige – PVC – Afwasbaar,1,,visible,,,1,999,,,,,23.95,43.89,Tafellaken,,https://media.s-bol.com/j1RgY0B0KN5z/g5WKXo9/1200x1200.jpg,RAV-RAVEDTAFEL-9300000167169634,Raved,13,Size,140 x 290 cm,,0,,,,,,
variation,9504388347289,Raved Tafelzeil – 140 cm x 300 cm – Kersthulst Beige – PVC – Afwasbaar,1,,visible,,,1,999,,,,,23.95,43.89,Tafellaken,,https://media.s-bol.com/NJkKOY1ODnZ6/76qzJZw/1200x1200.jpg,RAV-RAVEDTAFEL-9300000167169634,Raved,14,Size,140 x 300 cm,,0,,,,,,
variation,9506336188340,Raved Tafelzeil – 140 cm x 310 cm – Kersthulst Beige – PVC – Afwasbaar,1,,visible,,,1,999,,,,,23.95,43.89,Tafellaken,,https://media.s-bol.com/9WrA9Dj9BGnx/xGW5jMJ/1200x1200.jpg,RAV-RAVEDTAFEL-9300000167169634,Raved,15,Size,140 x 310 cm,,0,,,,,,
variation,9508386457377,Raved Tafelzeil – 140 cm x 320 cm – Kersthulst Beige – PVC – Afwasbaar,1,,visible,,,1,999,,,,,23.95,43.89,Tafellaken,,https://media.s-bol.com/RN6KOxO4PApV/Z4EyXMv/1200x1200.jpg,RAV-RAVEDTAFEL-9300000167169634,Raved,16,Size,140 x 320 cm,,0,,,,,,
variation,9501399614713,Raved Tafelzeil – 140 cm x 350 cm – Kersthulst Beige – PVC – Afwasbaar,1,,visible,,,1,999,,,,,23.95,43.89,Tafellaken,,https://media.s-bol.com/OKYXgPqQW56Q/P1qlJyz/1200x1200.jpg,RAV-RAVEDTAFEL-9300000167169634,Raved,17,Size,140 x 330 cm,,0,,,,,,
variable,RAV-RAVEDTAFEL-9300000179181220,Raved Tafelzeil 140 140 - PVC - Afwasbaar,1,,visible,,"<p>Til je eetplek naar een tropisch niveau met dit <strong>jungle-patroon tafelzeil in paars</strong> van <strong>PVC</strong> dat direct bescherming biedt én stijl toevoegt. Dankzij de <strong>afwasbare coating</strong> maak je hem in een handomdraai schoon – ideaal voor gezellig binnen én ontspannen buiten.</p> <p><strong>Transformeer je tafel in een stijlvolle oase met het <strong>primair zoekwoord</strong>: tafelzeil</strong>.<br />Welkom in jouw nieuwe favoriete tafelkleed: het <strong>Raved Tafelzeil Jungle</strong> is gedrukt met een levendig jungle-motief op een diepe paarse achtergrond en vervaardigd uit duurzaam <strong>PVC</strong>. Dit tafelzeil combineert <strong>bescherming</strong>, <strong>stijl</strong> en <strong>practiciteit</strong> in één.</p> <h3>Bescherming die je ziet én voelt</h3> <p>Dagelijks gebruik, etentjes met vrienden of een relaxte middag buiten — jouw tafel krijgt heel wat te verduren. Dit tafelzeil pakt die uitdaging stevig aan: het PVC-materiaal is <strong>afwasbaar</strong>, waardoor gemorste dranken, vlekken of kringen verleden tijd worden. Zo blijft jouw tafel fris, mooi en uitnodigend.</p> <h3>Design met karakter</h3> <p>Met de jungle-print krijgt je eetplek direct een karaktervolle draai: tropische bladeren, grafische patronen en de warme paarse kleur maken van een simpele tafel een sfeervol middelpunt. Of je ’m gebruikt in de woonkamer, keuken of op het terras — het is een statement stuk dat zowel binnen als buiten tot z’n recht komt (controleer bij blootstelling aan zon).</p> <h3>Praktisch in gebruik</h3> <ul> <li> <p>Materiaal: stevig PVC, geschikt voor intensief gebruik.</p> </li> <li> <p>Kleuren: paars met jungle-motief — een frisse variant die niet in het interieur verdwijnt.</p> </li> <li> <p>Onderhoud: afvegen met vochtige doek, geen gedoe met wassen of strijken.</p> </li> </ul> <h3>Waarom kiezen voor deze versie?</h3> <ul> <li> <p><strong>USP 1</strong>: Afwasbaar PVC — direct resultaat, geen vlekkenstress.</p> </li> <li> <p><strong>USP 2</strong>: Jungle-design in paars — onderscheidend, stijlvol en vrolijk.</p> </li> <li> <p><strong>USP 3</strong>: Geschikt voor dagelijks gebruik én bijzondere gelegenheden.<br />Stel je voor: je serveert koffie met vrienden, de kinderen kleuren aan tafel, buiten schijnt de zon — en je tafel ziet er perfect uit zonder dat je je zorgen hoeft te maken.</p> </li> </ul> <h3>Eenvoudig combineren</h3> <p>Dankzij de unieke paars-jungle print combineert dit tafelzeil makkelijk met andere accessoires: neutrale stoelen, houten tafelblad, planten in de omgeving. Het versterkt een moderne of bohemian stijl, maar past ook bij buiten meubels.</p> <h3>Call-to-action</h3> <p>Wacht niet langer: geef je eet- of tuintafel de bescherming én uitstraling die hij verdient. Klik op “In winkelwagen” en kies bewust voor stijl én gemak met dit afwasbare tafelzeil.</p>",1,999,,,,,,,Tafellaken,"Tafellaken,PVC,Tafelzeil,Rechthoek,Gebloemd,citroen,Raved","https://media.s-bol.com/Jxmpx3g4z4gK/G6M1pWK/1200x590.jpg, https://media.s-bol.com/705Z0PrJl96B/G6M1pWK/550x467.jpg, https://media.s-bol.com/Kynqy3jYYjOM/G6M1pWK/550x550.jpg, https://media.s-bol.com/Bm5Zm3J88Zno/G6M1pWK/550x550.jpg, https://media.s-bol.com/NBqwB3mlXzBp/G6M1pWK/550x500.jpg, https://media.s-bol.com/Lzorz3kYYkgX/G6M1pWK/550x488.jpg, https://media.s-bol.com/nkpykwqlZ7XW/G6M1pWK/550x399.jpg",,Raved,,Size,"140 x 50 cm, 140 x 100 cm, 140 x 140 cm, 140 x 160 cm, 140 x 180 cm, 140 x 200 cm, 140 x 220 cm, 140 x 230 cm, 140 x 240 cm, 140 x 250 cm, 140 x 260 cm, 140 x 270 cm, 140 x 280 cm, 140 x 290 cm, 140 x 300 cm, 140 x 310 cm, 140 x 320 cm, 140 x 350 cm",0,0,140 x 50 cm,,,,,
variation,9508289557624,Raved Tafelzeil 140×50 cm – Citroentjes geel/groen – PVC – afwasbaar,1,,visible,,,1,999,,,,,23.95,43.89,Tafellaken,,https://media.s-bol.com/KDO2MY2WOPpG/xGWAoNq/1200x1030.jpg,RAV-RAVEDTAFEL-9300000179181220,Raved,0,Size,140 x 50 cm,,0,,,,,,
variation,9505597888761,Raved Tafelzeil 140×100 cm – Citroentjes geel/groen – PVC – afwasbaar,1,,visible,,,1,999,,,,,23.95,43.89,Tafellaken,,https://media.s-bol.com/Z14o5wR3EkPJ/y8WBpOP/1200x1030.jpg,RAV-RAVEDTAFEL-9300000179181220,Raved,1,Size,140 x 100 cm,,0,,,,,,
variation,9505443994882,Raved Tafelzeil 140×140 cm – Citroentjes geel/groen – PVC – afwasbaar,1,,visible,,,1,999,,,,,23.95,43.89,Tafellaken,,https://media.s-bol.com/m5wnB2Po1jQG/wj6zn51/1200x1030.jpg,RAV-RAVEDTAFEL-9300000179181220,Raved,2,Size,140 x 140 cm,,0,,,,,,
variation,9504185447380,Raved Tafelzeil 140×160 cm – Citroentjes geel/groen – PVC – afwasbaar,1,,visible,,,1,999,,,,,23.95,43.89,Tafellaken,,https://media.s-bol.com/7R6wlYg1kWpA/lOWl8Lg/1200x1030.jpg,RAV-RAVEDTAFEL-9300000179181220,Raved,3,Size,140 x 160 cm,,0,,,,,,
variation,9502974773146,Raved Tafelzeil 140×180 cm – Citroentjes geel/groen – PVC – afwasbaar,1,,visible,,,1,999,,,,,23.95,43.89,Tafellaken,,https://media.s-bol.com/Z14o5wDJo1w8/pgWp9Kp/1200x1030.jpg,RAV-RAVEDTAFEL-9300000179181220,Raved,4,Size,140 x 180 cm,,0,,,,,,
variation,9508278711457,Raved Tafelzeil 140×200 cm – Citroentjes geel/groen – PVC – afwasbaar,1,,visible,,,1,999,,,,,23.95,43.89,Tafellaken,,https://media.s-bol.com/JBZ2LY2JLMNP/qjWqA5G/1200x1030.jpg,RAV-RAVEDTAFEL-9300000179181220,Raved,5,Size,140 x 200 cm,,0,,,,,,
variation,9502861576560,Raved Tafelzeil 140×220 cm – Citroentjes geel/groen – PVC – afwasbaar,1,,visible,,,1,999,,,,,23.95,43.89,Tafellaken,,https://media.s-bol.com/l1OmAvmVwxYg/vg6ym50/1200x1030.jpg,RAV-RAVEDTAFEL-9300000179181220,Raved,6,Size,140 x 220 cm,,0,,,,,,
variation,9504167248752,Raved Tafelzeil 140×230 cm – Citroentjes geel/groen – PVC – afwasbaar,1,,visible,,,1,999,,,,,23.95,43.89,Tafellaken,,https://media.s-bol.com/3Nlp7j05pDQR/g5WO7K3/1200x1030.jpg,RAV-RAVEDTAFEL-9300000179181220,Raved,7,Size,140 x 230 cm,,0,,,,,,
variation,9503983254534,Raved Tafelzeil 140×240 cm – Citroentjes geel/groen – PVC – afwasbaar,1,,visible,,,1,999,,,,,23.95,43.89,Tafellaken,,https://media.s-bol.com/8VqxmWj1lBMo/nZW0GXE/1200x1030.jpg,RAV-RAVEDTAFEL-9300000179181220,Raved,8,Size,140 x 240 cm,,0,,,,,,
variation,9507879314562,Raved Tafelzeil 140×250 cm – Citroentjes geel/groen – PVC – afwasbaar,1,,visible,,,1,999,,,,,23.95,43.89,Tafellaken,,https://media.s-bol.com/Y86n4QnZBPMY/wj6zn5M/1200x1030.jpg,RAV-RAVEDTAFEL-9300000179181220,Raved,9,Size,140 x 250 cm,,0,,,,,,
variation,9506581666266,Raved Tafelzeil 140×260 cm – Citroentjes geel/groen – PVC – afwasbaar,1,,visible,,,1,999,,,,,23.95,43.89,Tafellaken,,https://media.s-bol.com/r10vKBLm14yB/vg6ym5X/1200x1030.jpg,RAV-RAVEDTAFEL-9300000179181220,Raved,10,Size,140 x 260 cm,,0,,,,,,
variation,9506887176872,Raved Tafelzeil 140×270 cm – Citroentjes geel/groen – PVC – afwasbaar,1,,visible,,,1,999,,,,,23.95,43.89,Tafellaken,,https://media.s-bol.com/XW6037R1B33g/oYWoAK3/1200x1030.jpg,RAV-RAVEDTAFEL-9300000179181220,Raved,11,Size,140 x 270 cm,,0,,,,,,
variation,9506229386624,Raved Tafelzeil 140×280 cm – Citroentjes geel/groen – PVC – afwasbaar,1,,visible,,,1,999,,,,,23.95,43.89,Tafellaken,,https://media.s-bol.com/yyENklJ0DkDE/zp7rLn5/1200x590.jpg,RAV-RAVEDTAFEL-9300000179181220,Raved,12,Size,140 x 280 cm,,0,,,,,,
variation,9508977272839,Raved Tafelzeil 140×290 cm – Citroentjes geel/groen – PVC – afwasbaar,1,,visible,,,1,999,,,,,23.95,43.89,Tafellaken,,https://media.s-bol.com/n1ZoB2v4zmk7/pgWp9KN/1200x1030.jpg,RAV-RAVEDTAFEL-9300000179181220,Raved,13,Size,140 x 290 cm,,0,,,,,,
variation,9509438933443,Raved Tafelzeil 140×300 cm – Citroentjes geel/groen – PVC – afwasbaar,1,,visible,,,1,999,,,,,23.95,43.89,Tafellaken,,https://media.s-bol.com/q1jrJV9Nwvkp/BgGA17N/1200x1030.jpg,RAV-RAVEDTAFEL-9300000179181220,Raved,14,Size,140 x 300 cm,,0,,,,,,
variation,9504755672730,Raved Tafelzeil 140×310 cm – Citroentjes geel/groen – PVC – afwasbaar,1,,visible,,,1,999,,,,,23.95,43.89,Tafellaken,,https://media.s-bol.com/m5wnB8DqzVgE/mwWm76r/1200x1030.jpg,RAV-RAVEDTAFEL-9300000179181220,Raved,15,Size,140 x 310 cm,,0,,,,,,
variation,9505988313452,Raved Tafelzeil 140×320 cm – Citroentjes geel/groen – PVC – afwasbaar,1,,visible,,,1,999,,,,,23.95,43.89,Tafellaken,,https://media.s-bol.com/JBZ2LzvVOZoo/r0Wrg54/1200x1030.jpg,RAV-RAVEDTAFEL-9300000179181220,Raved,16,Size,140 x 320 cm,,0,,,,,,
variation,9505953376840,Raved Tafelzeil 140×350 cm – Citroentjes geel/groen – PVC – afwasbaar,1,,visible,,,1,999,,,,,23.95,43.89,Tafellaken,,https://media.s-bol.com/q1jrJV9vgrP2/oYWoAKB/1200x1030.jpg,RAV-RAVEDTAFEL-9300000179181220,Raved,17,Size,140 x 350 cm,,0,,,,,,
simple,9504536994464,Raved Rond Tafelzeil - 140 cm ø - Lente Bloemen Grijs - PVC - Afwasbaar,1,,visible,,"<p>Breng stijl en bescherming samen met dit <strong>afwasbare PVC tafelzeil</strong>, ideaal voor zowel binnen als buiten – het frisse bloemenmotief in grijs geeft direct sfeer en de maat Ø 140 cm zorgt voor perfecte dekking.</p> <p><strong>Kies nu voor een fris en praktisch statement aan tafel met het <strong>primair zoekwoord</strong> <strong>rond tafelzeil</strong> van <strong>merk</strong> Raved. Dit tafelzeil combineert <strong>materiaal PVC</strong>, het stijlvolle <strong>kleur grijs</strong>, een sfeervolle bloemenprint (“Lente Bloemen”) en een perfecte maat van Ø 140 cm – alles wat je nodig hebt voor een tafel die er goed uitziet én bestand is tegen dagelijks gebruik.</strong></p> <h3>Waarom dit tafelzeil?</h3> <p>Je tafel is het hart van je huis: samen eten, werken, knutselen of genieten op het terras. Met dit tafelzeil zorg je voor optimale bescherming én stijl. Dankzij het duurzame PVC-materiaal is de laag eenvoudig schoon te maken – vlekken, knoeien of resten van knutselwerk zijn geen probleem meer. Zo haal je het beste uit élke tafelmoment. Bovendien is het ontwerp met bloemen op een grijze achtergrond subtiel en modern: perfect voor binnen én buiten, of je nu gezellig met het gezin aan tafel zit of vrienden ontvangt op het terras.</p> <h3>Voordelen in één oogopslag</h3> <ul> <li> <p><strong>Bescherming tegen vlekken en beschadigingen</strong>: het tafelzeil dekt volledig af en voorkomt blijvende schade aan je tafel.</p> </li> <li> <p><strong>Onderhoudsgemak</strong>: het afwasbare PVC maakt schoonepen eenvoudig – een vochtige doek is voldoende.</p> </li> <li> <p><strong>Stijlvol design</strong>: de bloemenprint in grijs-wit zorgt voor een frisse sfeer die past bij veel woonstijlen.</p> </li> <li> <p><strong>Veelzijdig gebruik</strong>: geschikt voor zowel binnen als buitengebruik – ideaal voor eettafel, tuintafel of kinderen aan tafel.</p> </li> <li> <p><strong>Perfecte maat Ø 140 cm</strong> voor ronde tafels – zorgt voor een nette dekking zonder overdaad.</p> </li> </ul> <h3>Toepassing & onderhoud</h3> <p>Leg het tafelzeil op je ronde tafel en geef de rand de gewenste overhang. Wanneer je buiten bent en er aanhoudende regen is, haal het tafelzeil binnen om verkleuring of verwering te voorkomen – zo gaat het langer mee. Voor schoonmaak veeg je het eenvoudig af met een licht vochtige doek. Vermijd agressieve schoonmaakmiddelen en straal geen heet strijkijzer op het oppervlak – het PVC is stevig maar geen vervanging voor textiel.</p> <h3>Let op</h3> <p>Hoewel geschikt voor buiten, is het bij langdurige blootstelling aan de elementen verstandig het zeil droog op te bergen wanneer je het niet gebruikt – zo behoud je kleur en kwaliteit. Door te kiezen voor dit tafeldek kies je voor zekerheid: bescherming én stijl in één.</p> <p><strong>Maak je tafel uitnodigend en bestand tegen dagelijks gebruik – klik op ‘Toevoegen aan winkelwagen’ en geef je interieur of terras direct de upgrade die het verdient!</strong></p>",1,999,,,,,,27.95,Tafellaken,"Tafellaken,PVC,Tafelzeil,Rechthoek,Gebloemd,Bloemen,Raved","https://media.s-bol.com/3XEwg2v8PzOr/316E7QA/1200x1200.jpg, https://media.s-bol.com/70YXmDvmDA9Q/316E7QA/550x550.jpg, https://media.s-bol.com/70YXmpxV1Mgw/316E7QA/550x426.jpg, https://media.s-bol.com/JxzQ9Gnkq81y/316E7QA/550x550.jpg",,Raved,,,,,,,,,,,
variable,RAV-RAVEDTAFEL-9300000193285940,Raved Tafelzeil 140 140 - PVC - Afwasbaar,1,,visible,,"<p>Geef je eettafel direct een stijlvolle upgrade met dit <strong>afwasbare PVC-tafelzeil</strong> in een prachtige <strong>linnenlook groen</strong>. Combineer <strong>bescherming tegen vlekken en krassen</strong> met een sfeervolle uitstraling — ideaal voor een ontspannen tafelmoment zonder stress.</p> <h3>Bescherming en stijl in één</h3> <p>Met dit hoogwaardige <strong>tafelzeil</strong> van het merk <strong>Raved</strong> kies je voor een slimme oplossing die zowel mooi oogt als functioneel is. Het tafelzeil is gemaakt van <strong>PVC</strong>, waardoor het eenvoudig schoon te maken is en bestand tegen dagelijkse gebruikssporen. De <strong>linnenlook in groen</strong> geeft jouw tafel een natuurlijke uitstraling — alsof je een luxe tafelkleed hebt, maar dan zonder het gedoe.<br />Je beschermt je tafel tegen vlekken, krassen of hete pannen; zo kun je met een gerust hart genieten van het gezins­ of vriendendiner.</p> <h3>Waarom kiezen voor dit tafelzeil?</h3> <ul> <li> <p><strong>Afwasbaar oppervlak</strong>: dankzij het PVC-materiaal veeg je simpelweg met een vochtige doek schoon — geen wassen of strijken nodig. </p> </li> <li> <p><strong>Linnenlook design</strong>: de rustige, stijlvolle groen tint past zowel in een modern interieur als in een landelijke of buiten-setting.</p> </li> <li> <p><strong>Duurzaam en veelzijdig</strong>: geschikt voor binnen én buitengebruik — ideaal voor gebruik op het balkon, terras of binnen thuis. </p> </li> <li> <p><strong>Bescherming van je tafel</strong>: het tafelzeil fungeert als barrière tegen gemorste vloeistoffen, krassen of hitteplekken — zo blijft je tafel langer mooi.</p> </li> </ul> <h3>Toepassing en onderhoud</h3> <p>Leg het tafelzeil gemakkelijk op je eet- of tuintafel. De gestructureerde linnenlook zorgt voor een elegante textuur, terwijl het gladde PVC-oppervlak praktisch is in gebruik. Na het eten veeg je simpelweg schoon met een zachte doek. Vermijd de wasmachine of droger; handmatig reinigen is voldoende en verlengt de levensduur. <br />Dankzij de afmeting (maat varieert) past het op veel standaard tafels — let op: kies de juiste variant voor jouw tafel.</p> <h3>Voor wie is dit product?</h3> <p>Voor gezinnen met kinderen die regelmatig aan tafel zitten, voor mensen die genieten van gezellige maaltijden maar geen gedoe willen, voor wie een stijlvol interieur wil zonder in te leveren op gemak.<br />Stel je voor: kinderen knoeien, maar jij drinkt je koffie in alle rust, want je tafel is beschermd. Gasten over de vloer? Je tafel ziet er direct verzorgd uit dankzij de linnenlook groen.</p> <h3>Call-to-action</h3> <p>Wacht niet langer met het geven van een nieuwe look aan jouw tafel — bestel vandaag nog dit praktische én stijlvolle tafelzeil en ervaar hoe gemakkelijk sfeervol tafelen kan zijn!</p>",1,999,,,,,,,Tafellaken,"Tafellaken,PVC,Tafelzeil,Rechthoek,Overig,Print,Raved","https://media.s-bol.com/v12DV2OxgGmM/LgmG2PD/1200x1200.jpg, https://media.s-bol.com/j1RLDRyg2lYP/LgmG2PD/550x550.jpg, https://media.s-bol.com/m5ZGJZB68GE3/LgmG2PD/550x495.jpg, https://media.s-bol.com/WV6m46205vRQ/LgmG2PD/550x178.jpg, https://media.s-bol.com/j1RLDRyBnR14/LgmG2PD/550x550.jpg, https://media.s-bol.com/xgk9XkQBxD2P/LgmG2PD/550x550.jpg",,Raved,,Size,"140 x 50 cm, 140 x 100 cm, 140 x 140 cm, 140 x 160 cm, 140 x 180 cm, 140 x 200 cm, 140 x 220 cm, 140 x 230 cm, 140 x 240 cm, 140 x 250 cm, 140 x 260 cm, 140 x 270 cm, 140 x 280 cm, 140 x 290 cm, 140 x 300 cm, 140 x 310 cm, 140 x 320 cm, 140 x 350 cm",0,0,140 x 50 cm,,,,,
variation,9508882193212,Raved Tafelzeil – 140 cm x 50 cm – Linnenlook Groen – PVC – Afwasbaar,1,,visible,,,1,999,,,,,23.95,49.89,Tafellaken,,https://media.s-bol.com/Y8E0gE4J749Y/Q1rX2OG/1200x1200.jpg,RAV-RAVEDTAFEL-9300000193285940,Raved,0,Size,140 x 50 cm,,0,,,,,,
variation,9504858117749,Raved Tafelzeil – 140 cm x 100 cm – Linnenlook Groen – PVC – Afwasbaar,1,,visible,,,1,999,,,,,23.95,49.89,Tafellaken,,https://media.s-bol.com/7R3O43lryz2B/Z4EgoWQ/1200x1200.jpg,RAV-RAVEDTAFEL-9300000193285940,Raved,1,Size,140 x 100 cm,,0,,,,,,
variation,9502387114925,Raved Tafelzeil – 140 cm x 140 cm – Linnenlook Groen – PVC – Afwasbaar,1,,visible,,,1,999,,,,,23.95,49.89,Tafellaken,,https://media.s-bol.com/Jk4WvGk8JEBl/J6XxJK9/1200x590.jpg,RAV-RAVEDTAFEL-9300000193285940,Raved,2,Size,140 x 140 cm,,0,,,,,,
variation,9502299396327,Raved Tafelzeil – 140 cm x 160 cm – Linnenlook Groen – PVC – Afwasbaar,1,,visible,,,1,999,,,,,23.95,49.89,Tafellaken,,https://media.s-bol.com/q1xDNxJpjzAk/NxoG282/1200x1200.jpg,RAV-RAVEDTAFEL-9300000193285940,Raved,3,Size,140 x 160 cm,,0,,,,,,
variation,9506834616642,Raved Tafelzeil – 140 cm x 180 cm – Linnenlook Groen – PVC – Afwasbaar,1,,visible,,,1,999,,,,,23.95,49.89,Tafellaken,,https://media.s-bol.com/6Q82Z8knAOGN/58oMrWY/1200x1200.jpg,RAV-RAVEDTAFEL-9300000193285940,Raved,4,Size,140 x 180 cm,,0,,,,,,
variation,9507822395341,Raved Tafelzeil – 140 cm x 200 cm – Linnenlook Groen – PVC – Afwasbaar,1,,visible,,,1,999,,,,,23.95,49.89,Tafellaken,,https://media.s-bol.com/Z16pj65EOBlw/RgvX0LV/1200x1200.jpg,RAV-RAVEDTAFEL-9300000193285940,Raved,5,Size,140 x 200 cm,,0,,,,,,
variation,9502761413354,Raved Tafelzeil – 140 cm x 220 cm – Linnenlook Groen – PVC – Afwasbaar,1,,visible,,,1,999,,,,,23.95,49.89,Tafellaken,,https://media.s-bol.com/r1kXOkKDGL74/GZNA29K/1200x1200.jpg,RAV-RAVEDTAFEL-9300000193285940,Raved,6,Size,140 x 220 cm,,0,,,,,,
variation,9505959789378,Raved Tafelzeil – 140 cm x 230 cm – Linnenlook Groen – PVC – Afwasbaar,1,,visible,,,1,999,,,,,23.95,49.89,Tafellaken,,https://media.s-bol.com/n158K5DlOnAW/VmzWkNz/1200x1200.jpg,RAV-RAVEDTAFEL-9300000193285940,Raved,7,Size,140 x 230 cm,,0,,,,,,
variation,9508181413448,Raved Tafelzeil – 140 cm x 240 cm – Linnenlook Groen – PVC – Afwasbaar,1,,visible,,,1,999,,,,,23.95,49.89,Tafellaken,,https://media.s-bol.com/v12DV2OxgGmM/LgmG2PD/1200x1200.jpg,RAV-RAVEDTAFEL-9300000193285940,Raved,8,Size,140 x 240 cm,,0,,,,,,
variation,9507398485514,Raved Tafelzeil – 140 cm x 250 cm – Linnenlook Groen – PVC – Afwasbaar,1,,visible,,,1,999,,,,,23.95,49.89,Tafellaken,,https://media.s-bol.com/RN6w96WQjjBw/WnA1l8E/1200x1200.jpg,RAV-RAVEDTAFEL-9300000193285940,Raved,9,Size,140 x 250 cm,,0,,,,,,
variation,9502431641858,Raved Tafelzeil – 140 cm x 260 cm – Linnenlook Groen – PVC – Afwasbaar,1,,visible,,,1,999,,,,,23.95,49.89,Tafellaken,,https://media.s-bol.com/YDzq3LZ0BJy9/31JX4r4/1200x590.jpg,RAV-RAVEDTAFEL-9300000193285940,Raved,10,Size,140 x 260 cm,,0,,,,,,
variation,9504792291314,Raved Tafelzeil – 140 cm x 270 cm – Linnenlook Groen – PVC – Afwasbaar,1,,visible,,,1,999,,,,,23.95,49.89,Tafellaken,,https://media.s-bol.com/yjPMYPRj3rKE/1jkMn9Z/1200x1200.jpg,RAV-RAVEDTAFEL-9300000193285940,Raved,11,Size,140 x 270 cm,,0,,,,,,
variation,9504655685885,Raved Tafelzeil – 140 cm x 280 cm – Linnenlook Groen – PVC – Afwasbaar,1,,visible,,,1,999,,,,,23.95,49.89,Tafellaken,,https://media.s-bol.com/v12DV2OxgGmM/LgmG2PD/1200x1200.jpg,RAV-RAVEDTAFEL-9300000193285940,Raved,12,Size,140 x 280 cm,,0,,,,,,
variation,9509922273963,Raved Tafelzeil – 140 cm x 290 cm – Linnenlook Groen – PVC – Afwasbaar,1,,visible,,,1,999,,,,,23.95,49.89,Tafellaken,,https://media.s-bol.com/NJkpqvGO90y8/O7pG2ZR/1200x1200.jpg,RAV-RAVEDTAFEL-9300000193285940,Raved,13,Size,140 x 290 cm,,0,,,,,,
variation,9504761572598,Raved Tafelzeil – 140 cm x 300 cm – Linnenlook Groen – PVC – Afwasbaar,1,,visible,,,1,999,,,,,23.95,49.89,Tafellaken,,https://media.s-bol.com/8V2O42mvzA0r/ElLy2PW/1200x1200.jpg,RAV-RAVEDTAFEL-9300000193285940,Raved,14,Size,140 x 300 cm,,0,,,,,,
variation,9504114341444,Raved Tafelzeil – 140 cm x 310 cm – Linnenlook Groen – PVC – Afwasbaar,1,,visible,,,1,999,,,,,23.95,49.89,Tafellaken,,https://media.s-bol.com/m5ZGJZBkylz9/48n2q97/1200x1200.jpg,RAV-RAVEDTAFEL-9300000193285940,Raved,15,Size,140 x 310 cm,,0,,,,,,
variation,9509764939683,Raved Tafelzeil – 140 cm x 320 cm – Linnenlook Groen – PVC – Afwasbaar,1,,visible,,,1,999,,,,,23.95,49.89,Tafellaken,,https://media.s-bol.com/mW1NJxkXjj79/jRJKxYl/1200x590.jpg,RAV-RAVEDTAFEL-9300000193285940,Raved,16,Size,140 x 320 cm,,0,,,,,,
variation,9506587326249,Raved Tafelzeil – 140 cm x 350 cm – Linnenlook Groen – PVC – Afwasbaar,1,,visible,,,1,999,,,,,23.95,49.89,Tafellaken,,https://media.s-bol.com/NJkp4kPzE9l8/Y6DZnMA/1200x1200.jpg,RAV-RAVEDTAFEL-9300000193285940,Raved,17,Size,140 x 350 cm,,0,,,,,,
variable,RAV-RAVEDTAFEL-9300000072594743,Raved Tafelzeil 140 140 - PVC - Afwasbaar,1,,visible,,"<p>Ontdek het <strong>praktische & stijlvolle</strong> tafelzeil dat uw tafel direct in een warme houtlook stijl giet. Deze <strong>afwasbare PVC-toplaag</strong> beschermt uw tafel tegen knoeien, vlekken en brandplekken — ideaal voor zowel binnen als buiten. Met de houtplanken-print in bruin creëert u moeiteloos een gezellige, sfeervolle tafelsetting.</p> <p>Geef uw tafel een stijlvolle upgrade met het <strong>primair zoekwoord “tafelzeil”</strong>: dit is het ontworpen voor wie gemak én uitstraling wil combineren.</p> <h3>Stilvolle houtlook & direct sfeer</h3> <p>Met de houtplanken-print in warme bruine tinten valt dit tafelzeil direct op — alsof u een tafelblad van echt hout hebt, zonder de nadelen ervan. Dankzij de print in planken-look geeft het tafeldesign een natuurlijke, rustieke ambiance die past in zowel woonkamer, keuken als op het terras.</p> <h3>Bescherming & onderhoudsgemak</h3> <p>Het tafelzeil is vervaardigd uit <strong>materiaal: hoogwaardig PVC</strong>, afwasbaar en vlekbestendig — een slimme keuze voor dagelijks gebruik. Hete pannen, gemorste koffie of buitendruppels? Geen stress: veeg het simpel schoon. Ook brandplekken of krassen behoren tot het verleden; het zeil beschermt uw tafelblad effectief.</p> <h3>Maat & toepassing</h3> <p>Met de afmeting past dit tafelzeil prima op standaard rechthoekige tafels; u creëert eenvoudig ruimte voor 4-6 personen. Omdat het ook voor buitengebruik geschikt is, brengt u de mogelijkheid tot buiten dineren of loungen met stijl én gemak binnen handbereik.</p> <h3>Veelzijdige inzet</h3> <p>Of u nu binnen eet of buiten op het balkon of terras, dit tafelzeil is geschikt voor beide. Het ontwerp is strak genoeg voor elke gelegenheid — van een ontspannen brunch tot een gezellige barbecueavond. Dankzij de bruine kleur combineert het goed met houten stoelen, rotan meubels of moderne buitenmeubelen.</p> <h3>Waarom kiezen voor dit tafelzeil?</h3> <ul> <li> <p><strong>Twee-prime USP’s:</strong> afwasbaar PVC en houtplanken-print zorgen voor stijl én comfort.</p> </li> <li> <p>U bespaart tijd én zorgen: geen natte doeken, geen nieuwe tafelkleden elk seizoen.</p> </li> <li> <p>U beschermt uw tafel tegen slijtage, vlekken en brandplekken.</p> </li> <li> <p>U verhoogt de sfeer in huis of buitenruimte, waardoor het dagelijkse maaltijden uitnodigender worden.</p> </li> </ul> <h3>Let op voordat u bestelt</h3> <p>Controleer de maat van uw tafel — voor dekking van is dit tafelzeil ideaal. Wil u een langere lengte, dan biedt het merk ook varianten aan. Zorg verder dat het zeil glad ligt en geen scherpe voorwerpen onder het oppervlak zitten voor de beste bescherming.</p> <p><strong>Klaar om uw tafel een upgrade te geven?</strong> Klik op “In winkelwagen” en ervaar direct het verschil dat dit tafelzeil maakt — uw tafel verdient het.</p>",1,999,,,,,,,Tafellaken,"Tafellaken,PVC,Tafelzeil,Rechthoek,Gestreept,Hout,Raved","https://media.s-bol.com/Y8EXYJkkKOGn/ElLvZrN/1200x1200.jpg, https://media.s-bol.com/3N1JrxALjPPx/ElLvZrN/550x550.jpg, https://media.s-bol.com/Y8EXYK9GVRWp/ElLvZrN/550x477.jpg, https://media.s-bol.com/BqBEXZvQ9vJW/ElLvZrN/550x550.jpg, https://media.s-bol.com/BQzAAR0kjZMx/WM91mv/550x550.jpg, https://media.s-bol.com/JB6XKjQ9Y4EJ/ElLvZrN/550x550.jpg, https://media.s-bol.com/JB6XK2AYZgEP/ElLvZrN/550x178.jpg",,Raved,,Size,"140 x 50 cm, 140 x 100 cm, 140 x 140 cm, 140 x 160 cm, 140 x 180 cm, 140 x 200 cm, 140 x 220 cm, 140 x 230 cm, 140 x 240 cm, 140 x 250 cm, 140 x 260 cm, 140 x 270 cm, 140 x 280 cm, 140 x 290 cm, 140 x 300 cm, 140 x 310 cm, 140 x 320 cm, 140 x 350 cm",0,0,140 x 50 cm,,,,,
variation,9506263819942,Raved Tafelzeil 140×50 cm – Planken houtprint bruin – PVC – afwasbaar tafelkleed,1,,visible,,,1,999,,,,,23.95,37.99,Tafellaken,,https://media.s-bol.com/n15JmBLJYmO7/Vmzr581/1200x1200.jpg,RAV-RAVEDTAFEL-9300000072594743,Raved,0,Size,140 x 50 cm,,0,,,,,,
variation,9505337686862,Raved Tafelzeil 140×100 cm – Planken houtprint bruin – PVC – afwasbaar tafelkleed,1,,visible,,,1,999,,,,,23.95,37.99,Tafellaken,,https://media.s-bol.com/BqBEXx3KXZpn/P1qlM2n/1200x1200.jpg,RAV-RAVEDTAFEL-9300000072594743,Raved,1,Size,140 x 100 cm,,0,,,,,,
variation,9502381212429,Raved Tafelzeil 140×140 cm – Planken houtprint bruin – PVC – afwasbaar tafelkleed,1,,visible,,,1,999,,,,,23.95,37.99,Tafellaken,,https://media.s-bol.com/q1x8pGOpLE0p/KOlBAXr/1200x1200.jpg,RAV-RAVEDTAFEL-9300000072594743,Raved,2,Size,140 x 140 cm,,0,,,,,,
variation,9507273418286,Raved Tafelzeil 140×160 cm – Planken houtprint bruin – PVC – afwasbaar tafelkleed,1,,visible,,,1,999,,,,,23.95,37.99,Tafellaken,,https://media.s-bol.com/DvkEZzmMNp15/Q1rmAJ7/1200x1200.jpg,RAV-RAVEDTAFEL-9300000072594743,Raved,3,Size,140 x 160 cm,,0,,,,,,
variation,9506325653484,Raved Tafelzeil 140×180 cm – Planken houtprint bruin – PVC – afwasbaar tafelkleed,1,,visible,,,1,999,,,,,23.95,37.99,Tafellaken,,https://media.s-bol.com/BqBEXxV8KDLQ/zmg5BVr/1200x1200.jpg,RAV-RAVEDTAFEL-9300000072594743,Raved,4,Size,140 x 180 cm,,0,,,,,,
variation,9507548112215,Raved Tafelzeil 140×200 cm – Planken houtprint bruin – PVC – afwasbaar tafelkleed,1,,visible,,,1,999,,,,,23.95,37.99,Tafellaken,,https://media.s-bol.com/BqBEXxkKolNW/X6BwYxk/1200x1200.jpg,RAV-RAVEDTAFEL-9300000072594743,Raved,5,Size,140 x 200 cm,,0,,,,,,
variation,9506888945262,Raved Tafelzeil 140×220 cm – Planken houtprint bruin – PVC – afwasbaar tafelkleed,1,,visible,,,1,999,,,,,23.95,37.99,Tafellaken,,https://media.s-bol.com/o12JnDMnXrqk/LgmDA6g/1200x1200.jpg,RAV-RAVEDTAFEL-9300000072594743,Raved,6,Size,140 x 220 cm,,0,,,,,,
variation,9509947263345,Raved Tafelzeil 140×230 cm – Planken houtprint bruin – PVC – afwasbaar tafelkleed,1,,visible,,,1,999,,,,,23.95,37.99,Tafellaken,,https://media.s-bol.com/yjPkA0ZDLvvE/2RlrG4J/1200x1200.jpg,RAV-RAVEDTAFEL-9300000072594743,Raved,7,Size,140 x 230 cm,,0,,,,,,
variation,9506783566678,Raved Tafelzeil 140×240 cm – Planken houtprint bruin – PVC – afwasbaar tafelkleed,1,,visible,,,1,999,,,,,23.95,37.99,Tafellaken,,https://media.s-bol.com/g0JXDrAJzNKk/P1ql6mz/1200x1200.jpg,RAV-RAVEDTAFEL-9300000072594743,Raved,8,Size,140 x 240 cm,,0,,,,,,
variation,9507366964416,Raved Tafelzeil 140×250 cm – Planken houtprint bruin – PVC – afwasbaar tafelkleed,1,,visible,,,1,999,,,,,23.95,37.99,Tafellaken,,https://media.s-bol.com/BqBEvggjYqWX/WnAvWOW/1200x1200.jpg,RAV-RAVEDTAFEL-9300000072594743,Raved,9,Size,140 x 250 cm,,0,,,,,,
variation,9509743338995,Raved Tafelzeil 140×260 cm – Planken houtprint bruin – PVC – afwasbaar tafelkleed,1,,visible,,,1,999,,,,,23.95,37.99,Tafellaken,,https://media.s-bol.com/g0JXDrAyVwpG/Rgvn8YL/1200x1200.jpg,RAV-RAVEDTAFEL-9300000072594743,Raved,10,Size,140 x 260 cm,,0,,,,,,
variation,9504695343394,Raved Tafelzeil 140×270 cm – Planken houtprint bruin – PVC – afwasbaar tafelkleed,1,,visible,,,1,999,,,,,23.95,37.99,Tafellaken,,https://media.s-bol.com/Y8EXYJkkKOGn/ElLvZrN/1200x1200.jpg,RAV-RAVEDTAFEL-9300000072594743,Raved,11,Size,140 x 270 cm,,0,,,,,,
variation,9506659134840,Raved Tafelzeil 140×280 cm – Planken houtprint bruin – PVC – afwasbaar tafelkleed,1,,visible,,,1,999,,,,,23.95,37.99,Tafellaken,,https://media.s-bol.com/DvkEZzmpQJjB/Q1rmN3Y/1200x1200.jpg,RAV-RAVEDTAFEL-9300000072594743,Raved,12,Size,140 x 280 cm,,0,,,,,,
variation,9506187154921,Raved Tafelzeil 140×290 cm – Planken houtprint bruin – PVC – afwasbaar tafelkleed,1,,visible,,,1,999,,,,,23.95,37.99,Tafellaken,,https://media.s-bol.com/j1RJgxXMxzRY/Nxoj7DL/1200x1200.jpg,RAV-RAVEDTAFEL-9300000072594743,Raved,13,Size,140 x 290 cm,,0,,,,,,
variation,9506614297146,Raved Tafelzeil 140×300 cm – Planken houtprint bruin – PVC – afwasbaar tafelkleed,1,,visible,,,1,999,,,,,23.95,37.99,Tafellaken,,https://media.s-bol.com/Y8EXY2jz8YVM/X6Bw7jm/1200x1200.jpg,RAV-RAVEDTAFEL-9300000072594743,Raved,14,Size,140 x 300 cm,,0,,,,,,
variation,9507622932197,Raved Tafelzeil 140×310 cm – Planken houtprint bruin – PVC – afwasbaar tafelkleed,1,,visible,,,1,999,,,,,23.95,37.99,Tafellaken,,https://media.s-bol.com/n15JmBLm6qpP/48nwWm2/1200x1200.jpg,RAV-RAVEDTAFEL-9300000072594743,Raved,15,Size,140 x 310 cm,,0,,,,,,
variation,9507891126280,Raved Tafelzeil 140×320 cm – Planken houtprint bruin – PVC – afwasbaar tafelkleed,1,,visible,,,1,999,,,,,23.95,37.99,Tafellaken,,https://media.s-bol.com/NJk1KNV8RPpv/Z4EyZOv/1200x1200.jpg,RAV-RAVEDTAFEL-9300000072594743,Raved,16,Size,140 x 320 cm,,0,,,,,,
variation,9506791386329,Raved Tafelzeil 140×350 cm – Planken houtprint bruin – PVC – afwasbaar tafelkleed,1,,visible,,,1,999,,,,,23.95,37.99,Tafellaken,,https://media.s-bol.com/Y8EXY2jjOAOY/58oxlJR/1200x1200.jpg,RAV-RAVEDTAFEL-9300000072594743,Raved,17,Size,140 x 350 cm,,0,,,,,,
variable,RAV-RAVEDTAFEL-9300000093332472,Raved Tafelzeil Zwart 140 140 - Gecoat - uitwasbaar,1,,visible,,"<p>Geef je tafel direct een stijlvolle upgrade met dit <strong>uitwasbare en waterafstotende tafelzeil</strong> van Raved in strak zwart. Perfect voor zowel gezellige etentjes binnen als zonnige momenten buiten — eenvoud in onderhoud, stijl en bescherming in één.</p> <p><strong>Belangrijk primair zoekwoord: tafelzeil</strong><br />Met het stijlvolle en functionele <strong>tafelzeil</strong> van het merk Raved geef je jouw tafel de bescherming én uitstraling die hij verdient. Dankzij het <strong>materiaal</strong> van hoge kwaliteit – inclusief een waterafstotende coating – is dit tafelzeil niet alleen stijlvol, maar ook ongelooflijk praktisch. Het strak zwarte ontwerp past moeiteloos in een modern interieur en maakt bovendien een nette indruk bij etentjes of alledaags gebruik.</p> <h3>Bescherm je tafel, omarm gemak</h3> <p>Of je nu met het gezin aan tafel schuift of vrienden over de vloer hebt: knoeien, spetters of een hete pan op tafel kunnen zorgen voor schade. Dit tafelzeil biedt een betrouwbare oplossing dankzij zijn <strong>waterafstotende</strong> oppervlakte en het feit dat het <strong>uitwasbaar</strong> is. Daardoor kun je met een vochtige doek eenvoudig schoonmaken, zonder gedoe of stress. Verliesaversie: voorkom dure reparaties of een beschadigde tafel door nu te investeren in slimme bescherming.</p> <h3>Voor binnen én buiten</h3> <p>Dit Raved tafelzeil is ontworpen voor veelzijdig gebruik. Binnen zorgt het voor een elegante, afneembare bescherming; buiten kun je het onder de veranda of op het terras gebruiken – zolang je het bij regen naar binnen haalt om verkleuring en verwering te beperken. Zo kun je genieten van je maaltijd in de frisse lucht zonder angst voor vlekken of weersinvloeden.</p> <h3>Specificaties & praktische details</h3> <ul> <li> <p>Merk: Raved</p> </li> <li> <p>Kleur: zwart</p> </li> <li> <p>Vorm: vierkant (maat weggelaten)</p> </li> <li> <p>Materiaal: katoen met waterafstotende coating (volgens productbeschrijving) </p> </li> <li> <p>Onderhoud: eenvoudig afnemen met een vochtige doek; geschikt voor veelvuldig gebruik</p> </li> <li> <p>Geschikt voor zowel binnen als buiten</p> </li> </ul> <h3>Waarom kiezen voor Raved?</h3> <p>Raved staat voor kwaliteit, stijl en functionele producten binnen de huis- en tafeltextielbranche. Deze combinatie van aantrekkelijk design en slim gebruiksgemak maakt dat dit tafelzeil een uitstekende keuze is voor wie stijl én comfort hoog in het vaandel heeft staan. Sociale bewijskracht: klanten geven aan dat de kwaliteit hoog is en het design goed past bij hun interieur. </p> <h3>Conclusie & oproep tot actie</h3> <p>Laat vlekken, brandplekken of weer en wind <strong>niet langer jouw tafel bepalen</strong>. Met dit zwarte vierkante Raved tafelzeil combineer je stijlvolle elegantie met zorgeloos gebruik – een investering die je tafel en jouw gemoedsrust dubbel waard is. <strong>Bestel vandaag nog</strong> en geef je tafel direct de upgrade die hij verdient.</p>",1,999,,,,,,,Tafellaken,"Tafellaken,Katoen,Tafelzeil,Rechthoek,Effen,Raved","https://media.s-bol.com/q1x8kZXrpLDp/Z4EymjE/1200x1200.jpg, https://media.s-bol.com/q1x8kZ5OvY3p/Z4EymjE/550x550.jpg, https://media.s-bol.com/k1RM07PvAXWN/Z4EymjE/550x486.jpg, https://media.s-bol.com/YrnzJlXGoJ0Y/DmVxq6/550x550.jpg, https://media.s-bol.com/g0JX92P43J16/Z4EymjE/550x550.jpg, https://media.s-bol.com/NJk160Ro5Y8D/Z4EymjE/550x178.jpg, https://media.s-bol.com/l1Y697PwBEWg/Z4EymjE/550x550.jpg",,Raved,,Size,"140 x 50 cm, 140 x 100 cm, 140 x 140 cm, 140 x 160 cm, 140 x 180 cm, 140 x 200 cm, 140 x 220 cm, 140 x 230 cm, 140 x 240 cm, 140 x 250 cm, 140 x 260 cm, 140 x 270 cm, 140 x 280 cm, 140 x 290 cm, 140 x 300 cm, 140 x 310 cm, 140 x 320 cm, 140 x 350 cm",0,0,140 x 50 cm,,,,,
variation,9506434293564,Raved Tafelzeil – 140 cm x 50 cm – Zwart – Uitwasbaar & Waterdicht,1,,visible,,,1,999,,,,,23.95,75.06,Tafellaken,,https://media.s-bol.com/n15JkgOKj8L7/Y6DxlNM/1200x1200.jpg,RAV-RAVEDTAFEL-9300000093332472,Raved,0,Size,140 x 50 cm,,0,,,,,,
variation,9503827131311,Raved Tafelzeil – 140 cm x 310 cm – Zwart – Uitwasbaar & Waterdicht,1,,visible,,,1,999,,,,,23.95,75.06,Tafellaken,,https://media.s-bol.com/8Ownxqm9JYKm/VLVWK9/1200x723.jpg,RAV-RAVEDTAFEL-9300000093332472,Raved,1,Size,140 x 100 cm,,0,,,,,,
variation,9504239733926,Raved Tafelzeil – 140 cm x 200 cm – Zwart – Uitwasbaar & Waterdicht,1,,visible,,,1,999,,,,,23.95,75.06,Tafellaken,,https://media.s-bol.com/Qv3lq3B8pM0L/5OzM1K/1200x723.jpg,RAV-RAVEDTAFEL-9300000093332472,Raved,2,Size,140 x 140 cm,,0,,,,,,
variation,9502116778480,Raved Tafelzeil – 140 cm x 250 cm – Zwart – Uitwasbaar & Waterdicht,1,,visible,,,1,999,,,,,23.95,75.06,Tafellaken,,https://media.s-bol.com/0OlNyl8QVPK3/DmVxpB/1200x723.jpg,RAV-RAVEDTAFEL-9300000093332472,Raved,3,Size,140 x 160 cm,,0,,,,,,
variation,9506685357268,Raved Tafelzeil – 140 cm x 220 cm – Zwart – Uitwasbaar & Waterdicht,1,,visible,,,1,999,,,,,23.95,75.06,Tafellaken,,https://media.s-bol.com/p7Op6OZN518y/wGqg3J/1200x723.jpg,RAV-RAVEDTAFEL-9300000093332472,Raved,4,Size,140 x 180 cm,,0,,,,,,
variation,9508761618195,Raved Tafelzeil – 140 cm x 260 cm – Zwart – Uitwasbaar & Waterdicht,1,,visible,,,1,999,,,,,23.95,75.06,Tafellaken,,https://media.s-bol.com/kDJkVJMvNgnE/WM91jQ/1200x723.jpg,RAV-RAVEDTAFEL-9300000093332472,Raved,5,Size,140 x 200 cm,,0,,,,,,
variation,9505294973340,Raved Tafelzeil – 140 cm x 270 cm – Zwart – Uitwasbaar & Waterdicht,1,,visible,,,1,999,,,,,23.95,75.06,Tafellaken,,https://media.s-bol.com/p7Op6OPgpD5N/jo9MRz/1200x723.jpg,RAV-RAVEDTAFEL-9300000093332472,Raved,6,Size,140 x 220 cm,,0,,,,,,
variation,9507684458536,Raved Tafelzeil – 140 cm x 230 cm – Zwart – Uitwasbaar & Waterdicht,1,,visible,,,1,999,,,,,23.95,75.06,Tafellaken,,https://media.s-bol.com/n8M0VMW2R085/ZP9X5g/1200x723.jpg,RAV-RAVEDTAFEL-9300000093332472,Raved,7,Size,140 x 230 cm,,0,,,,,,
variation,9506358284853,Raved Tafelzeil – 140 cm x 140 cm – Zwart – Uitwasbaar & Waterdicht,1,,visible,,,1,999,,,,,23.95,75.06,Tafellaken,,https://media.s-bol.com/o7No9NZM41VL/wGqyL1/1200x723.jpg,RAV-RAVEDTAFEL-9300000093332472,Raved,8,Size,140 x 240 cm,,0,,,,,,
variation,9507839561555,Raved Tafelzeil – 140 cm x 240 cm – Zwart – Uitwasbaar & Waterdicht,1,,visible,,,1,999,,,,,23.95,75.06,Tafellaken,,https://media.s-bol.com/9WrXNDgKL0nD/Rgvn5DO/1200x1200.jpg,RAV-RAVEDTAFEL-9300000093332472,Raved,9,Size,140 x 250 cm,,0,,,,,,
variation,9504386635180,Raved Tafelzeil – 140 cm x 290 cm – Zwart – Uitwasbaar & Waterdicht,1,,visible,,,1,999,,,,,23.95,75.06,Tafellaken,,https://media.s-bol.com/3Oog0o3GoKm9/PBVG2n/1200x723.jpg,RAV-RAVEDTAFEL-9300000093332472,Raved,10,Size,140 x 260 cm,,0,,,,,,
variation,9507179763275,Raved Tafelzeil – 140 cm x 180 cm – Zwart – Uitwasbaar & Waterdicht,1,,visible,,,1,999,,,,,23.95,75.06,Tafellaken,,https://media.s-bol.com/7Ovm7v129xGG/mr9knp/1200x723.jpg,RAV-RAVEDTAFEL-9300000093332472,Raved,11,Size,140 x 270 cm,,0,,,,,,
variation,9503476635291,"Raved Tafelzeil – 140 cm x 280 cm – Vierkant – Zwart – Waterafstotend, Uitwasbaar",1,,visible,,,1,999,,,,,23.95,75.06,Tafellaken,,https://media.s-bol.com/r1k7l9NY01Zp/66pyzZQ/1200x1200.jpg,RAV-RAVEDTAFEL-9300000093332472,Raved,12,Size,140 x 280 cm,,0,,,,,,
variation,9506959571369,Raved Tafelzeil – 140 cm x 100 cm – Zwart – Uitwasbaar & Waterdicht,1,,visible,,,1,999,,,,,23.95,75.06,Tafellaken,,https://media.s-bol.com/Y0kwBk5Xn0x2/yKvzw6/1200x723.jpg,RAV-RAVEDTAFEL-9300000093332472,Raved,13,Size,140 x 290 cm,,0,,,,,,
variation,9502977243585,Raved Tafelzeil – 140 cm x 160 cm – Zwart – Uitwasbaar & Waterdicht,1,,visible,,,1,999,,,,,23.95,75.06,Tafellaken,,https://media.s-bol.com/o7No9NPYoB43/7QBy0B/1200x723.jpg,RAV-RAVEDTAFEL-9300000093332472,Raved,14,Size,140 x 300 cm,,0,,,,,,
variation,9504736626363,Raved Tafelzeil – 140 cm x 300 cm – Zwart – Uitwasbaar & Waterdicht,1,,visible,,,1,999,,,,,23.95,75.06,Tafellaken,,https://media.s-bol.com/44pjDpLKqWV1/6PAVMN/1200x723.jpg,RAV-RAVEDTAFEL-9300000093332472,Raved,15,Size,140 x 310 cm,,0,,,,,,
variation,9504392662194,"Raved Tafelzeil – 140 cm x 320 cm – Vierkant – Zwart – Waterafstotend, Uitwasbaar",1,,visible,,,1,999,,,,,23.95,75.06,Tafellaken,,https://media.s-bol.com/7R3JBXz53rgQ/lOWLMGJ/1200x1200.jpg,RAV-RAVEDTAFEL-9300000093332472,Raved,16,Size,140 x 320 cm,,0,,,,,,
variation,9503522823948,"Raved Tafelzeil – 140 cm x 350 cm – Vierkant – Zwart – Waterafstotend, Uitwasbaar",1,,visible,,,1,999,,,,,23.95,75.06,Tafellaken,,https://media.s-bol.com/8V2YDE73ROEW/0gjpXQG/1200x1200.jpg,RAV-RAVEDTAFEL-9300000093332472,Raved,17,Size,140 x 350 cm,,0,,,,,,
variable,RAV-RAVEDTAFEL-9300000177265114,Raved Tafelzeil 140 140 - PVC - Afwasbaar,1,,visible,,"<p>Verwen je tafel met dit stijlvolle <strong>afwasbare tafelzeil</strong> van <strong>PVC</strong> met een elegant <strong>vierkantjes-motief</strong> in bruin — perfect voor zowel binnen als buiten. <strong>Bescherm</strong> je tafel tegen knoeien en slijtage, terwijl je <strong>een luxe uitstraling</strong> creëert zonder gedoe.</p> <p>Maak van je eettafel of tuintafel een plek waar je iedere dag met plezier aan gaat zitten. Het <strong>primair zoekwoord “tafelzeil”</strong> komt hier niet alleen functioneel terug, maar is ook direct gekoppeld aan een sterke beleving. Het merk <strong>Raved</strong> staat voor kwaliteit en gemak — dit tafelzeil combineert <strong>materiaal PVC</strong>, een warme <strong>kleur bruin</strong>, een stijlvol <strong>vierkantjes-motief</strong> en de belangrijke eigenschappen <strong>afwasbaar</strong> en <strong>geschikt voor binnen & buiten</strong>.</p> <h3>Stijlvolle bescherming</h3> <p>Met dit tafelzeil kies je voor een oplossing die je tafel beschermt tegen vlekken, krassen en slijtage — denk aan kinderen die knoeien, buitengebruik of warme pannen die net iets te lang blijven staan. Omdat het tafelzeil <strong>afwasbaar</strong> is, veeg je eenvoudig gemorste drank of saus weg met een vochtige doek, zonder direct een nieuw kleed te hoeven kopen.</p> <h3>Praktisch en veelzijdig</h3> <p>Of je nu een lunch hebt met vrienden, een familiediner op de tuinset of gewoon de dagelijkse maaltijd — dit tafelzeil doet nooit onder voor een ‘gewoon’ tafellinnen wat betreft uitstraling, maar overtreft het op onderhoudsgemak. Het is <strong>geschikt voor binnen en buiten</strong>, wat betekent dat je het zowel op je eettafel als op je tuintafel of glazen veranda-tafel kunt gebruiken. Het warme bruin met vierkantjes-motief geeft een rustgevende en stijlvolle basis voor jouw tafelsetting.</p> <h3>Specificaties & aandachtspunten</h3> <ul> <li> <p>Materiaal: <strong>PVC</strong> — stevig, waterafstotend, makkelijk schoon te maken.</p> </li> <li> <p>Kleur: <strong>bruin</strong> met een subtiel <strong>vierkantjes-motief</strong> — past bij veel interieurstijlen.</p> </li> <li> <p>Gebruik: voor <strong>binnen & buiten</strong> — ideaal voor dagelijks gebruik en bijzondere gelegenheden.</p> </li> <li> <p>Onderhoud: eenvoudig afnemen met een vochtige doek. Let op: scherpe voorwerpen of extreme hittes kunnen het tafelzeil beschadigen; langdurig in de volle zon kan de kleur beïnvloeden. </p> </li> </ul> <h3>Waarom kiezen voor dit tafelzeil?</h3> <ul> <li> <p><strong>Bescherming + stijl in één:</strong> Je hoeft niet langer te kiezen tussen een mooi kleed of een praktische oplossing — hier krijg je beide.</p> </li> <li> <p><strong>Klaar voor gebruik:</strong> Geen strijken, geen gedoe met tafellinnen die telkens moet gewassen worden — gewoon leggen en genieten.</p> </li> <li> <p><strong>Langdurige kwaliteit:</strong> Zoals recensies bevestigen, voelt het materiaal degelijk aan en ziet het er goed uit. </p> </li> <li> <p><strong>Probleemloos instappen:</strong> Heb je kinderen, huisdieren of gebruik je de tafel buiten? Dan geeft dit tafelzeil je gemoedsrust.</p> </li> </ul> <h3>Call-to-action</h3> <p>Kies vandaag nog voor gemak én elegantie — leg dit tafelzeil van Raved op je tafel en geniet van een beschermde én stijlvolle eetomgeving. <strong>Voeg toe aan winkelwagen</strong> en ervaar direct het verschil!</p>",1,999,,,,,,,Tafellaken,"Tafellaken,PVC,Tafelzeil,Rechthoek,Gebloemd,Bloemen,Raved","https://media.s-bol.com/3N1OnVAQWxDQ/wj6x5YX/1200x1200.jpg, https://media.s-bol.com/q1xD0LNynxJy/wj6x5YX/550x550.jpg, https://media.s-bol.com/PLNroW4qWDz2/wj6x5YX/550x500.jpg, https://media.s-bol.com/vvwJ0R565xgX/rk24AXW/550x399.jpg, https://media.s-bol.com/xgk9ELXJwOJ3/wj6x5YX/550x550.jpg, https://media.s-bol.com/3N1OnVWn8rq9/wj6x5YX/550x178.jpg, https://media.s-bol.com/m5ZGpNonOEwA/wj6x5YX/550x550.jpg",,Raved,,Size,"140 x 50 cm, 140 x 100 cm, 140 x 140 cm, 140 x 160 cm, 140 x 180 cm, 140 x 200 cm, 140 x 220 cm, 140 x 230 cm, 140 x 240 cm, 140 x 250 cm, 140 x 260 cm, 140 x 270 cm, 140 x 280 cm, 140 x 290 cm, 140 x 300 cm, 140 x 310 cm, 140 x 320 cm, 140 x 350 cm",0,0,140 x 50 cm,,,,,
variation,9507274939667,Raved Tafelzeil – 140 cm x 50 cm – Vierkantjes Bruin – PVC – Afwasbaar,1,,visible,,,1,999,,,,,23.95,43.89,Tafellaken,,https://media.s-bol.com/RN6wqjxkKNow/JZk1AGy/1200x1200.jpg,RAV-RAVEDTAFEL-9300000177265114,Raved,0,Size,140 x 50 cm,,0,,,,,,
variation,9504124164880,Raved Tafelzeil – 140 cm x 100 cm – Vierkantjes Bruin – PVC – Afwasbaar,1,,visible,,,1,999,,,,,23.95,43.89,Tafellaken,,https://media.s-bol.com/Z16pBr17XM36/ElLyvrl/1200x1200.jpg,RAV-RAVEDTAFEL-9300000177265114,Raved,1,Size,140 x 100 cm,,0,,,,,,
variation,9501449321677,Raved Tafelzeil – 140 cm x 140 cm – Vierkantjes Bruin – PVC – Afwasbaar,1,,visible,,,1,999,,,,,23.95,43.89,Tafellaken,,https://media.s-bol.com/mjkX4k8JWL33/823LQOW/1200x591.jpg,RAV-RAVEDTAFEL-9300000177265114,Raved,2,Size,140 x 140 cm,,0,,,,,,
variation,9508639686578,Raved Tafelzeil – 140 cm x 160 cm – Vierkantjes Bruin – PVC – Afwasbaar,1,,visible,,,1,999,,,,,23.95,43.89,Tafellaken,,https://media.s-bol.com/xgk9ELMEOQVJ/58oMxJX/1200x1200.jpg,RAV-RAVEDTAFEL-9300000177265114,Raved,3,Size,140 x 160 cm,,0,,,,,,
variation,9507162468590,Raved Tafelzeil – 140 cm x 180 cm – Vierkantjes Bruin – PVC – Afwasbaar,1,,visible,,,1,999,,,,,23.95,43.89,Tafellaken,,https://media.s-bol.com/JB6lgW54m25J/3lm3vBp/1200x1200.jpg,RAV-RAVEDTAFEL-9300000177265114,Raved,4,Size,140 x 180 cm,,0,,,,,,
variation,9502183549396,Raved Tafelzeil – 140 cm x 200 cm – Vierkantjes Bruin – PVC – Afwasbaar,1,,visible,,,1,999,,,,,23.95,43.89,Tafellaken,,https://media.s-bol.com/Y8E0Aq83XL2p/zmgA522/1200x1200.jpg,RAV-RAVEDTAFEL-9300000177265114,Raved,5,Size,140 x 200 cm,,0,,,,,,
variation,9503623722881,Raved Tafelzeil – 140 cm x 220 cm – Vierkantjes Bruin – PVC – Afwasbaar,1,,visible,,,1,999,,,,,23.95,43.89,Tafellaken,,https://media.s-bol.com/xxyjM8yk2Xg9/5y7GN3A/1200x591.jpg,RAV-RAVEDTAFEL-9300000177265114,Raved,6,Size,140 x 220 cm,,0,,,,,,
variation,9507992362679,Raved Tafelzeil – 140 cm x 230 cm – Vierkantjes Bruin – PVC – Afwasbaar,1,,visible,,,1,999,,,,,23.95,43.89,Tafellaken,,https://media.s-bol.com/BqBQJ94yKDMY/RgvXn2w/1200x1200.jpg,RAV-RAVEDTAFEL-9300000177265114,Raved,7,Size,140 x 230 cm,,0,,,,,,
variation,9506811584254,Raved Tafelzeil – 140 cm x 240 cm – Vierkantjes Bruin – PVC – Afwasbaar,1,,visible,,,1,999,,,,,23.95,43.89,Tafellaken,,https://media.s-bol.com/3N1OnVAQWxDQ/wj6x5YX/1200x1200.jpg,RAV-RAVEDTAFEL-9300000177265114,Raved,8,Size,140 x 240 cm,,0,,,,,,
variation,9501976584521,Raved Tafelzeil – 140 cm x 250 cm – Vierkantjes Bruin – PVC – Afwasbaar,1,,visible,,,1,999,,,,,23.95,43.89,Tafellaken,,https://media.s-bol.com/8V2OvKJ140D2/WnA1vko/1200x1200.jpg,RAV-RAVEDTAFEL-9300000177265114,Raved,9,Size,140 x 250 cm,,0,,,,,,
variation,9504418224849,Raved Tafelzeil – 140 cm x 260 cm – Vierkantjes Bruin – PVC – Afwasbaar,1,,visible,,,1,999,,,,,23.95,43.89,Tafellaken,,https://media.s-bol.com/RJXBAkXPx6ME/n5R4w8P/1200x591.jpg,RAV-RAVEDTAFEL-9300000177265114,Raved,10,Size,140 x 260 cm,,0,,,,,,
variation,9509184757843,Raved Tafelzeil – 140 cm x 270 cm – Vierkantjes Bruin – PVC – Afwasbaar,1,,visible,,,1,999,,,,,23.95,43.89,Tafellaken,,https://media.s-bol.com/Y8E0Aq8gVxrO/1jkMqxq/1200x1200.jpg,RAV-RAVEDTAFEL-9300000177265114,Raved,11,Size,140 x 270 cm,,0,,,,,,
variation,9503773527435,Raved Tafelzeil – 140 cm x 280 cm – Vierkantjes Bruin – PVC – Afwasbaar,1,,visible,,,1,999,,,,,23.95,43.89,Tafellaken,,https://media.s-bol.com/3N1OnVA2DOl4/O7pGkVE/1200x1200.jpg,RAV-RAVEDTAFEL-9300000177265114,Raved,12,Size,140 x 280 cm,,0,,,,,,
variation,9501825757823,Raved Tafelzeil – 140 cm x 290 cm – Vierkantjes Bruin – PVC – Afwasbaar,1,,visible,,,1,999,,,,,23.95,43.89,Tafellaken,,https://media.s-bol.com/VROlxn6znqOX/GZNAxy5/1200x1200.jpg,RAV-RAVEDTAFEL-9300000177265114,Raved,13,Size,140 x 290 cm,,0,,,,,,
variation,9504744423190,Raved Tafelzeil – 140 cm x 300 cm – Vierkantjes Bruin – PVC – Afwasbaar,1,,visible,,,1,999,,,,,23.95,43.89,Tafellaken,,https://media.s-bol.com/3N1OnVAQWxDQ/wj6x5YX/1200x1200.jpg,RAV-RAVEDTAFEL-9300000177265114,Raved,14,Size,140 x 300 cm,,0,,,,,,
variation,9509323828786,Raved Tafelzeil – 140 cm x 310 cm – Vierkantjes Bruin – PVC – Afwasbaar,1,,visible,,,1,999,,,,,23.95,43.89,Tafellaken,,https://media.s-bol.com/xxyjM85W58QJ/4x60M4k/1200x591.jpg,RAV-RAVEDTAFEL-9300000177265114,Raved,15,Size,140 x 310 cm,,0,,,,,,
variation,9501618686217,Raved Tafelzeil – 140 cm x 320 cm – Vierkantjes Bruin – PVC – Afwasbaar,1,,visible,,,1,999,,,,,23.95,43.89,Tafellaken,,https://media.s-bol.com/1LwQl3LJ7Z2j/AnEroJj/1200x1200.jpg,RAV-RAVEDTAFEL-9300000177265114,Raved,16,Size,140 x 320 cm,,0,,,,,,
variation,9504774167460,Raved Tafelzeil – 140 cm x 350 cm – Vierkantjes Bruin – PVC – Afwasbaar,1,,visible,,,1,999,,,,,23.95,43.89,Tafellaken,,https://media.s-bol.com/2NXJZ2rM4QJJ/mZq4vGn/1200x591.jpg,RAV-RAVEDTAFEL-9300000177265114,Raved,17,Size,140 x 350 cm,,0,,,,,,
